title,authors,year,doi,url,abstract,database,search_id
Mitigating megaquake disaster risks and aftermath outcomes by disruptive technologies,Hanson G.,2018,,https://www.scopus.com/pages/publications/85085527704?origin=resultslist,"Lessons learned from recent earthquakes, post-earthquake assessment and response to U.S. infrastructure deficits (both static & mobile) greatly inhibit future catastrophic earthquake (Mw 7 or Mw 8, respectively) response, relief, recovery & restoration (4R) capabilities, however a convergence of emerging technologies and the integration of new best management practices (BMP's) can mitigate these catastrophic earthquake disaster risks, costs and the aftermath outcomes. The current state of U.S. earthquake disaster preparedness for post-event 4R capabilities are inadequate; but could be vastly improved through the urgent investment in presently available technologies and the convergence of those technologies with ongoing static and mobile infrastructure retrofits, disaster planning, emergency response policies & future operational BMP's' Furthermore, public / private partnership (3P) models involving federal, state and local bodies working in close coordination with the expertise and innovative developments sourced from the private sector could achieve breakthrough results. These efforts will be needed in order to expedite the availability and mobilization of the required new technological assets, enhance disaster planning & policies and to provide greater societal resiliency & improved sustainability by solving “weakest-link” problems within the various built systems that must be in place before any such 'new' U.S. very large earthquake events occur. Several regions of the U.S. are susceptible to a catastrophic earthquakes, with a variety of historical reoccurrence timelines - the West Coast, Alaska and a large portion of Middle America - with the geological event infrequency within modern built environments contributing to the increased risk of catastrophic disaster outcomes and aftermaths; due to both the general public and government leadership losing their sense of urgency regarding preparation for any such catastrophic events and the array of possible, if not probable, 'cascading failures' of inter-dependent modern societies that rely upon the linkages of transportation systems, electrical systems, water & sanitation systems, food, and fuel distribution and logistics, communications, law enforcement, fire suppression of built infrastructure and wildland scenarios, etc. Disruptive new technologies have been developed that will greatly enhance early site access, response times, firefighting capabilities and establishment of early temporary housing. © 2018 11th National Conference on Earthquake Engineering 2018, NCEE 2018: Integrating Science, Engineering, and Policy. All rights reserved.",Scopus,SEARCH_028
Decentralisation as a tool in improving water governance in Kenya,Mwihaki N.J.,2018,10.2166/wp.2018.102,https://www.scopus.com/pages/publications/85046667661?origin=resultslist,"Water governance remains barely understood in Kenya, despite the fact that water scarcity is endemic in the country. This study focuses on the role of decentralisation in water and sanitation services delivery in two sub-counties: Kiambu and Thika. The study uses primary data from a survey involving 766 respondents and secondary evidence from water agencies’ records. Findings point to the need to adopt decentralisation particularly in stakeholder participation on water issues, power and role distribution in the Kenyan water sector. Decentralisation trends have been shown to enhance accountability, acceptance of pluralistic trends, and efficient and effective service delivery. Water policy revisions, enforcement and the proactive nature of water users are also prerequisites to better water and sanitation services delivery, if sustainable water management will be realised in the near future. © IWA Publishing 2018.",Scopus,SEARCH_028
Sustainable energy-water management for residential houses with optimal integrated grey and rain water recycling,Wanjiru E.; Xia X.,2018,10.1016/j.jclepro.2017.09.212,https://www.scopus.com/pages/publications/85031941399?origin=resultslist,"South Africa is a semi-arid developing country facing water and energy insecurity. There are colossal challenges in reliably providing these resources amid growing population, increased urbanization and improved living standards causing increased demand for these resources. Development of new supply centralized systems comes at an exorbitant cost, whereas decentralized systems are touted as an attractive alternative. Grey water recycling and rain water harvesting at buildings level is such an alternative that can provide water for non-potable uses. However, there are technological challenges of optimally operating such systems while ensuring efficient use of associated energy. This paper introduces two control strategies; open loop optimal control and closed-loop model predictive control (MPC) strategies aimed at ensuring safe and reliable operation of the grey water recycling and rain water harvesting system while efficiently using associated energy. From the case study, the proposed system with either control strategy can save the cost of water and waste water by up to 32.3% and 29.5% respectively, while leading to 35.7% in energy cost savings and 31.5% in total operational cost savings in a month. Adoption of these systems would have a huge environmental effect in reducing demand for sewerage services, conservation of water hence reducing demand for potable water as well as increasing the energy efficiency. Furthermore, the system would increase the reliability and security of water supply. Despite the benefits, the system does not pay within its lifetime and therefore, government intervention is required so as to make it economically attractive. High cost of implementation coupled with low potable and waste water tariffs harbour adoption of these systems. Appropriate regulations, policies, incentives and public education are necessary to support such novel technologies in ensuring resource conservation, efficiency and security are achieved. © 2017 Elsevier Ltd",Scopus,SEARCH_028
The Use of System Dynamics Model to Enhance Integrated Resources Planning Implementation,Gastelum J.R.; Krishnamurthy G.; Ochoa N.; Sibbett S.; Armstrong M.; Kalaria P.,2018,10.1007/s11269-018-1926-4,https://www.scopus.com/pages/publications/85045140692?origin=resultslist,"Elsinore Valley Municipal Water District (EVMWD), like many other water agencies in southern California, relies heavily on imported water supply. The uncertainty associated with reliable imported water supplies due to drought conditions and climate change, and the increasing cost of imported water are areas of concern for EVMWD. Considering these conditions, EVMWD, which serves one of the fastest growing regions within Riverside County, embarked upon the development of its first Integrated Resources Plan (IRP) – a long term strategy for providing reliable water supplies to its growing customer base. The IRP’s evaluation methodology consists of three steps: Identification of potential water supply projects, project evaluation, and recommendation of a water supply portfolio comprised of the specific projects. A System Dynamics (SD) Water Resources Decision Support System (WRDSS) was used to evaluate different scenarios and examine EVMWD’s vulnerability to risks such as water supply shortage, and changes to water quality and/or water demand projections. Even though SD has been extensively applied to many water resources planning modeling efforts, based on our literature review, there is not a documented case of SD modeling applied to an IRP project. The recommended water supply portfolio represents the most cost effective option. It meets the forecasted long term deficit and provides the best reliability while providing good quality water supplies to EVMWD’s customers. The recommended water supply portfolio will be implemented using an adaptive management approach to adjust to changing conditions, coupled with long-range resource management policies that optimize water supply and storage assets in times of both drought and surplus. © 2018, Springer Science+Business Media B.V., part of Springer Nature.",Scopus,SEARCH_028
"Role of panchayat (Local self-government) in managing disaster in terms of reconstruction, crop protection, livestock management and health and sanitation measures",Mondal D.; Chowdhury S.; Basu D.,2018,10.1007/s11069-018-3393-x,https://www.scopus.com/pages/publications/85048773698?origin=resultslist,"The Panchayati Raj Institution is a statutory body elected by the local people through a well defined democratic process with specific responsibilities and duties. It is the most appropriate institution from village to the district level. The role of Panchayats (local self governing institutions) is important in view of their proximity to the local community, universal coverage and enlisting people’s participation on an institutionalized basis. Panchayat and municipalities are local governing institutions in countries like India, have a constitutional mandate under the 73rd and 74th constitutional amendments Act. Apart from the proper implementation of different ongoing developmental programmes, the panchayat system has to play pivotal roles in respect of natural as well as man-made disaster management. In India, Particularly in West Bengal the village level Disaster Management Committee is headed by ward members of gram panchayat. The Panchayati Raj Institutions provide adequate space to the weaker section of the communities at its three levels, i.e. village, block and district. Good governance can be an instrumental feature in poverty reduction. This study was undertaken in cyclone affected areas in West Bengal to assess the role of panchayat in disaster management. The empirical study revealed that main role performed by the panchayat in respect of disaster was reconstruction of damaged houses, crop protection measures, livestock management, health and sanitation measures. Besides these broad aspects, the panchayats officials also organized health camp, involved in rescue operation, arranging temporary shelters and so on as disaster management operation. Total 60 gram panchayat officials and 150 villagers were selected randomly as respondents for the present investigation. The data were analysed into mean score, rank position and spearman correlation coefficient to achieve the objectives. The findings of the study indicated that significant differences were observed on the opinion of the villagers and officials on reconstruction of houses and health and sanitation measures. The roles performed by the local self-government in disaster management were very poor. There was absolutely lack of involvement of people’s representative. Therefore, adequate supports are suggested on these aspects from the representatives in association with higher authorities. © 2018, Springer Nature B.V.",Scopus,SEARCH_028
"'When helpers hurt': Women's and midwives' stories of obstetric violence in state health institutions, Colombo district, Sri Lanka",Perera D.; Lund R.; Swahnberg K.; Schei B.; Infanti J.J.; Darj E.; Lukasse M.; Bjørngaard J.H.; Joshi S.K.; Rishal P.; Koju R.; Pun K.D.; Wijewardena K.; Muzrif M.M.; Campbell J.C.,2018,10.1186/s12884-018-1869-z,https://www.scopus.com/pages/publications/85048293786?origin=resultslist,"Background: The paper explores how age, social position or class, and linguistic and cultural background intersect and place women in varying positions of control and vulnerability to obstetric violence in state health institutions in Colombo district, Sri Lanka. Obstetric violence occurs during pregnancy, childbirth and the immediate postpartum period; hence, it is violence that directly affects women. The authors aim to break the traditional culture of silence around obstetric violence and bring attention to the resulting implications for quality of care and patient trust in obstetric care facilities or providers. Methods: Five focus group discussions were held with 28 public health midwives who had prior experience working in labor rooms. Six focus group discussions were held with 38 pregnant women with previous childbirth experience. Additionally, 10 of the 38 women, whom felt they had experienced excessive pain, fear, humiliation, and/or loss of dignity as patients in labor, participated in individual in-depth interviews. An intersectional framework was used to group the qualitative data into categories and themes for analysis. Results: Obstetric violence appears to intersect with systems of power and oppression linked to structural gender, social, linguistic and cultural inequities in Sri Lanka. In our dataset, younger women, poorer women, and women who did not speak Sinhala seemed to experience more obstetric violence than those with relevant social connections and better economic positions. The women in our study rarely reported obstetric violence to legal or institutional authorities, nor within their informal social support networks. Instead, they sought obstetric care, particularly for childbirth, in other state hospitals in subsequent pregnancies. Conclusions: The quality of obstetric care in Sri Lanka needs improvement. Amongst other initiatives, policies and practices are required to sensitize health providers about the existence of obstetric violence, and repercussions are required for abusive or discriminatory practices. The ethics of care should be further reinforced in the professional training of obstetric health providers. © 2018 The Author(s).",Scopus,SEARCH_028
The Sabar Shouchagar Project (toilets for everyone): making Nadia District the first open-defecation-free district in India,Vijay D.; Ghosh D.,2018,10.1108/EEMCS-03-2017-0061,https://www.scopus.com/pages/publications/85062863951?origin=resultslist,"Subject area: Public Sector Management. Study level/applicability: MBA or postgraduate program courses in public policy and management. MBA or postgraduate program courses on social innovation, social entrepreneurship and public or collective entrepreneurship. Management development programs for public policy professionals, non-governmental organizations and social enterprises. Case overview: Despite several country-wide campaigns to improve sanitation levels, India continues to be the country with the highest number of people, over 600 million, practicing open defecation. This case outlines the Sabar Shouchagar Project (Toilets for Everyone) undertaken by the District Administration of Nadia District in West Bengal that transformed the region into the first open-defecation-free district in India. The case begins with providing the context of the problem of open defecation, why it has been hard to eliminate and how undertaking a project to eliminate open-defecation-free practices has myriad institutional and economic challenges. The case then details the conceptualization and execution of the complex Sabar Shouchagar Project which involved a loose coalition of various state programs and civil society organizations. The case ends with questions on the continuity of this project beyond the tenure of the current District Magistrate and on the replicability of such an ambitious project in other parts of the country. The setting of this case, a government agency, is different than most cases and provides an opportunity for students to talk about a state agency and its interstices with civil society. This case explores how to create change through large government machinery and allows the student to explore aspects of social mobilization, social change and social innovation. If taught within a postgraduate or MBA program, the case would serve well to dispel stereotypes and biases about government bureaucracies (such as slow timelines, limited efficacy of projects and so on). Expected learning outcomes: After discussion and analysis of the case, students will be able to: appreciate how administrators within a large government bureaucracy address an ambitious and complex public health issue in a developing world context. Understand the on-the-ground challenges that arise when a change agent pursues a worthwhile goal. There are difficulties such as getting resources beyond what a government office has access to, getting alignments between different key actors within the local community and forging coalitions. Understand initiatives for social transformation within a developing country context. Specifically, the case unpacks the cultural, political, economic contexts that determine how social innovations may be pursued. Understand capacity-building and change management. Evaluate efforts required to sustain social change efforts and the challenges and pathways with respect to replication of successful social change projects in other geographies. Appreciate the design of civic engagement practices in public policy implementation. Supplementary materials: Teaching Notes are available for educators only. Please contact your library to gain login details or email www.support@emeraldinsight.com to request teaching notes. Subject Code: CSS: 10: Public Sector management. © 2018, Emerald Publishing Limited.",Scopus,SEARCH_028
Toilet revolution in China,Cheng S.; Li Z.; Uddin S.M.N.; Mang H.-P.; Zhou X.; Zhang J.; Zheng L.; Zhang L.,2018,10.1016/j.jenvman.2017.09.043,https://www.scopus.com/pages/publications/85029635538?origin=resultslist,"The wide-spread prevalence of unimproved sanitation technologies has been a major cause of concern for the environment and public health, and China is no exception to this. Towards the sanitation issue, toilet revolution has become a buzzword in China recently. This paper elaborates the backgrounds, connotations, and actions of the toilet revolution in China. The toilet revolution aims to create sanitation infrastructure and public services that work for everyone and that turn waste into value. Opportunities for implementing the toilet revolution include: fulfilling Millennium Development Goals and new Sustainable Development Goals; government support at all levels for popularizing sanitary toilet; environmental protection to alleviate wastewater pollution; resource recovery from human waste and disease prevention for health and wellbeing improvement. Meanwhile, the challenges faced are: insufficient funding and policy support, regional imbalance and lagging approval processes, weak sanitary awareness and low acceptance of new toilets, lack of R&D and service system. The toilet revolution requires a concerted effort from many governmental departments. It needs to address not only technology implementation, but also social acceptance, economic affordability, maintenance issues and, increasingly, gender considerations. Aligned with the ecological sanitation principles, it calls for understanding issues across the entire sanitation service chain. Public-private partnership is also recommended to absorb private capital to make up the lack of funds, as well as arouse the enthusiasm of the public. © 2017 The Authors",Scopus,SEARCH_028
"Sociodemographic of two municipalities towards coastal waters and solid waste management: The case of Macajalar Bay, Philippines",Felisilda M.J.B.; Asequia S.J.C.; Encarguez J.R.P.; Galarpe V.R.K.R.,2018,10.14456/ea.2018.47,https://www.scopus.com/pages/publications/85070113346?origin=resultslist,"Dumping of solid waste and unstable coastal water quality has become a rising issue in the Philippines coastal zones. Thus, this study was conducted to investigate two coastal municipalities’ (Opol and Jasaan) perception towards coastal waters (CW) and solid waste management (SWM) along Macajalar bay, Philippines. Sociodemographic indicators of the 180 residents and how this influenced their level of knowledge-awareness-practices (KAP) towards CW and SWM were determined using modified survey questionnaire. Purposive sampling was employed to communities residing adjacent to coastal waters. Both quantitative (One-Way ANOVA and T-test for unequal variances at α-0.05) and qualitative analyses were utilized to extrapolate conclusions. Present findings revealed varying sociodemographic indicators influencing KAP. Opol coastal residents level of knowledge and practices were influenced by gender (K:p-0.0314; P:p-0.0155) and age (p-0.0404), whereas level of awareness was influenced by age (p-0.0160), length of residency (p-0.0029), and educational attainment (p-0.0089). Distinctively, Jasaan coastal residents’ gender influenced the level of knowledge (p-0.0223) and practices (p-0.0172), whereas awareness was influenced by educational attainment (p-0.0383). Overall, sociodemographic response revealed higher level of knowledge and awareness towards preservation of CW. However, low levels of practices in both municipalities towards SWM were determined as evidenced by anthropogenic inputs to coastal water (dumping of solid waste, animal waste and domestic wastewater). In return this exerts pressure to Macajalar Bay. Present study can support policy enforcement in identifying opportunities for building positive connections of the social and biophysicochemical aspects in the bay. © 2018, Thai Society of Higher Eduation Institutes on Environment. All rights reserved.",Scopus,SEARCH_028
The effects of environmental globalization on water resources: In search of the human right to water,Zaragoza-Martí M.F.,2018,10.2495/UG180031,https://www.scopus.com/pages/publications/85057184970?origin=resultslist,"The logic started with the Industrial Revolution, which has reached its maximum expression with market globalization, is implacable on a global scale. We coexist with climate change, with the ozone layer hole, with biodiversity loss and a dwindling of energy resources, with difficulties to match social cycles to economic ones, with new pathologies associated with lifestyle and with the progressive decline in the urban environment. One of the sectors where more damaging effects take place is water resources, as this turning into a source of war, political and legal conflicts, since they are scarce, especially in those countries where access to water is not guaranteed. Thus, thanks to an eminently legal methodology and from the perspective of the new water culture, the main objective of such a study is to know the regulatory status of the right to water and to sanitation at an international level, as a driver for ecodevelopment and sustainable economy in cities. In light of the results, no legal and State-binding regulation may currently be found that guarantees universal access to water and sanitation on an equal footing and with no discrimination. As such, the moment has come to recognize the right to water as a basic human right for individual and social development and for urban economics, as an essential precondition for the development of other human rights. This is to be done with an international, cooperative and legally-binding action that will answer to wake-up call regarding the global effects of the modern economic growth on the environment in general, but especially on natural resources. © 2018 WIT Press.",Scopus,SEARCH_028
Urban Slums: A Supportive Ecosystem for Typhoidal Salmonellae,Luby S.P.,2018,10.1093/infdis/jiy324,https://www.scopus.com/pages/publications/85056349529?origin=resultslist,"The typhoidal Salmonellae were controlled in cities in North America and Europe in the late 19th and early 20th century by development of centralized water treatment systems. In the early 21st century, large urban centers where drinking water routinely mixes with human feces have the highest burden of typhoid fever. Although improving municipal drinking water quality is the most robust approach to reduce enteric fever burden, the high costs and managerial capacity that such systems require and decreasing per capita water availability requires new approaches to reach the highest risk communities. The spread of antimicrobial resistance threatens to increase the burden of enteric fever much sooner than the extension of safe reliable water service delivery can be implemented. Thus, vaccination is an important interim measure. © The Author(s) 2018. Published by Oxford University Press for the Infectious Diseases Society of America.",Scopus,SEARCH_028
Analysis of Fire Control Hotel in Palembang City,Tiarlina J.; Novrikasari N.; Sitorus R.J.,2018,10.1051/e3sconf/20186803001,https://www.scopus.com/pages/publications/85058273099?origin=resultslist,"The Regulation of the Minister of Public Works Number: 26 / PRT / M / 2008 about technical requirements of fire protection in buildings and environments has not been implemented optimally in hotels. The purpose of this research is to analyze the fire prevention system of hotel building in Palembang City. The research design was Cross Sectional, sampling technique used Stratified Random Sampling with 31 hotels as the sample. Data analysis used Chi Square test. The result of this research shows that from 31 hotels, 74.2% have good fire prevention system, 58.06% of fire officer access is eligible, 93.55% of water supply is eligible, 83.87% of the tools of rescue is eligible,74.19% of active protection system is eligible, 74.19% of knowledge of fire manager is eligible. The result of statistical analysis showed that there is no correlation between access of fire fighter, water supply and active protection system with the fire prevention system at hotel. The related factors were the tools of rescue; passive protection system; the knowledge of fire safety manager. The conclusions of this research is the related factors that has relation with fire prevention facilities at hotels in Palembang City is the tools of rescue, passive protection system and knowledge of fire safety manager. The writer suggests to improve the fire prevention knowledge for all hotel staff, to inform visitors about the way route of escape, the improvement of routine maintenance and coaching from managerial and the existence of further research on fire prevention system. © The Authors, published by EDP Sciences, 2018.",Scopus,SEARCH_028
A new low-cost installation scheme of PATs for pico-hydropower to recover energy in residential areas,Carravetta A.; Fecarotta O.; Ramos H.M.,2018,10.1016/j.renene.2018.02.132,https://www.scopus.com/pages/publications/85046012348?origin=resultslist,"A limiting factor in the use of hydropower plants in water supply networks consists in the cost of the electromechanical production device and the equipment necessary for the plant regulation. Pumps as Turbines (PATs) are electromechanical devices that have already been used in many mini and micro hydropower plants. Due to their low cost and reliability, PATs are an optimal solution for pico-hydropower plants, whose regulation has been widely analysed in literature, for power installations of only a few kW. A new power plant for small residential areas is presented herein. The new low-cost plant is provided with two PATs, that can work as single, series or parallel (SSP) turbines, and three on/off valves, whose synchronous operations regulate the flows and the head loss. The proposed design method is based on the maximization of the effectiveness of the system. Experimental data on a PAT are used to simulate the plant in several hydraulic conditions, with the application of the turbomachinery affinity law. The simple plant operations and the resulting interactions with the network confirm the viability of the proposed scheme. An economic assessment shows the feasibility of the new plant in different hydraulic situations. © 2018 Elsevier Ltd",Scopus,SEARCH_028
Wastewater management through aquaculture,Jana B.B.; Mandal R.N.; Jayasankar P.,2018,10.1007/978-981-10-7248-2,https://www.scopus.com/pages/publications/85046153172?origin=resultslist,"This volume provides state-of-the-art information on soil-water interactions in wastewater systems, characterization of wastewater, modes of treatment, safety of wastewater use, water conservation technologies involved in recycling of sewage in fish culture, biogeochemical cycling bacteria and nutrient dynamics, ecosystem resilient driven wastewater reclamation, bioremediation, aquaponics, ecological integrity, culture practices of fish farming, microbial food web phenomena, fish diseases, environmental economics of wastewater, environmental risk assessment, environmental law and regulations. Given its breadth of coverage, the book will be useful to researchers, teachers, students, administrators, planners, farmers and entrepreneurs interested in the profitable use of wastewater in the wastes-into-wealth framework of for the benefit of humanity, and in achieving the targets for sanitation and safe wastewater reuse by 2030, specified in the United Nations' Sustainable Development Goals. Concerns are growing about the quality and quantity of fresh water, as severe crises are expected in the near future. Climate change has further worsened the strain on inland water resources, with its major impacts on ecosystems and human life. It is most urgent to protect and conserve inland water resources to maintain vital ecosystem functions. Despite the immense nutrient potentials of wastewater in terms of phosphorus, nitrogen and potassium and increasingly high rates of urbanization-based wastewater generation, wastewater has traditionally been overlooked as a resource. This produces a threefold loss - environmental degradation, monetary losses from fertilizers, and water. As a result, municipal wastewater offers a win-win strategy for water conservation and environmental protection, while also turning waste into wealth in the form of fish biomass and allied cash crops. Wastewater-fed aquaculture refers to a unique, integrated biosystem in which the wastes generated by the first system are used by the next subsystem. In wastewater-fed aquaculture biosystems, the organic wastes are recycled into fish biomass mediated through a complex microbial/autotrophic/heterotrophic food web mechanism. © Springer Nature Singapore Pte Ltd. 2018. All Rights Reserved.",Scopus,SEARCH_028
Potential of regulation slum area in the village Meranti Pandak Pekanbaru City,Putri L.D.; Harsini; Nasution S.R.,2018,10.14419/ijet.v7i2.11248,https://www.scopus.com/pages/publications/85045085987?origin=resultslist,"The slum area of Meranti Pandak is one of seven slum areas in Pekanbaru City according to Mayor's Decree No. 151/2016, is on the edge of the vulnerable Siak River with overflow due to ups and downs . This study aims to produce a draft slum area design direction as one of the references for related parties to create Pekanbaru free from slum. The research method used is quantitative research method using secondary data as well as primary data with data collection techniques through observation and filling questionnaire . Result of require-ment analysis of structuring slums are the three aspects structuring approach settlement infrastructure; improvements to environmental road accessibility, drinking water services, sanitation access fulfillment,wastewater management and waste management and fire hazard security, enhanced oversight of the development of settlement development from internal parties; LKM, TIPP, POKJA and internal re-source team as well as from external parties; college, consult's, government and private sectors as well as community empowerment methods; counseling, mentoring and technical assistance. © 2016 Authors.",Scopus,SEARCH_028
Source of Water and Potential Sanitizers and Biological Antimicrobials for Alternative Poultry Processing Food Safety Applications,Micciche A.C.; Rubinelli P.M.; Ricke S.C.,2018,10.3389/fsufs.2018.00082,https://www.scopus.com/pages/publications/85068230661?origin=resultslist,"The landscape of commercial poultry production is changing due to increasing trends in consumer preference for organic sources of poultry products. This is in part due to perceptions regarding food safety and environmental issues, along with concerns for livestock animal welfare. Consequently, alternative poultry production systems such as small-scale farming and mobile poultry processing units (MPPUs) have achieved a certain level of popularity. However, these alternative production systems, like conventional poultry processing systems, face food safety concerns, due to potential of Campylobacter and Salmonella prevalence. Unlike stationary processing systems, MPPUs may have limited access to sanitation products as they often attempt to comply with organic processing regulations. They may also have limited access to a consistent, high quality water supply which may pose additional food safety and microbial contamination concerns. Due to these food safety concerns and potential limitations on traditional sanitizers, botanicals, organic acids, dry acids, bacteriocins, and phages may offer alternative potential solutions to ensure poultry product safety. The objective of this review is to discuss food safety concerns within alternative poultry processing systems, particularly MPPUs, and describe potential sanitizer strategies. © Copyright © 2018 Micciche, Rubinelli and Ricke.",Scopus,SEARCH_028
Seasonal evaporation cycle in oxbow lakes formed along the Tisza River in Hungary for flood control,Babka B.; Futó I.; Szabó S.,2018,10.1002/hyp.13126,https://www.scopus.com/pages/publications/85048958882?origin=resultslist,"As a result of water regulation, dykes (i.e., embankments against floods) were constructed along the Tisza River and meanders were cut to control the floods in the region. These cut-off meanders resulted in oxbow lakes that are important locations for nature conservation. We collected water samples over 5 years in 7 campaigns to measure the δ18O (‰) and δ2H (‰) ratios in 45 oxbow lakes from the Upper Tisza Region (NE-Hungary). We applied Random Forest Regression involving climatic data to reveal the connection with the stable isotopes. We determined that isotope ratios changed as a function of time, due to evaporation and a varying water supply (precipitation and groundwater). The average difference in the isotopic ratios for the river and oxbows increased from spring to winter, but decreased between the oxbows on both sides of the dyke. We found that isotope ratios were determined by the maximum monthly temperature in the case of oxbows in the active floodplain, whereas in case of oxbows on the reclaimed side, this was also influenced by the maximum monthly temperature, and the cumulative evaporation. As direct measurement of evaporation is difficult to evaluate, stable isotope measurements provided an effective quantitative alternative to estimate evaporation. Measuring the seasonality of the δ18O and δ2H is important to interpret the results and these data are useful to water management experts to identify the lakes at risk of running dry. Copyright © 2018 John Wiley & Sons, Ltd.",Scopus,SEARCH_028
Integration of environmental aspects in modelling and optimisation of water supply chains,Koleva M.N.; Calderón A.J.; Zhang D.; Styan C.A.; Papageorgiou L.G.,2018,10.1016/j.scitotenv.2018.03.358,https://www.scopus.com/pages/publications/85047095193?origin=resultslist,"Climate change becomes increasingly more relevant in the context of water systems planning. Tools are necessary to provide the most economic investment option considering the reliability of the infrastructure from technical and environmental perspectives. Accordingly, in this work, an optimisation approach, formulated as a spatially-explicit multi-period Mixed Integer Linear Programming (MILP) model, is proposed for the design of water supply chains at regional and national scales. The optimisation framework encompasses decisions such as installation of new purification plants, capacity expansion, and raw water trading schemes. The objective is to minimise the total cost incurring from capital and operating expenditures. Assessment of available resources for withdrawal is performed based on hydrological balances, governmental rules and sustainable limits. In the light of the increasing importance of reliability of water supply, a second objective, seeking to maximise the reliability of the supply chains, is introduced. The epsilon-constraint method is used as a solution procedure for the multi-objective formulation. Nash bargaining approach is applied to investigate the fair trade-offs between the two objectives and find the Pareto optimality. The models' capability is addressed through a case study based on Australia. The impact of variability in key input parameters is tackled through the implementation of a rigorous global sensitivity analysis (GSA). The findings suggest that variations in water demand can be more disruptive for the water supply chain than scenarios in which rainfalls are reduced. The frameworks can facilitate governmental multi-aspect decision making processes for the adequate and strategic investments of regional water supply infrastructure. © 2018",Scopus,SEARCH_028
An International Perspective on the Tools and Concepts for Effluent Toxicity Assessments in the Context of Animal Alternatives: Reduction in Vertebrate Use,Norberg-King T.J.; Embry M.R.; Belanger S.E.; Braunbeck T.; Butler J.D.; Dorn P.B.; Farr B.; Guiney P.D.; Hughes S.A.; Jeffries M.; Journel R.; Lèonard M.; McMaster M.; Oris J.T.; Ryder K.; Segner H.; Senac T.; Van Der Kraak G.; Whale G.; Wilson P.,2018,10.1002/etc.4259,https://www.scopus.com/pages/publications/85055428127?origin=resultslist,"Since the 1940s, effluent toxicity testing has been used to assess potential ecological impacts of effluents and help determine necessary treatment options for environmental protection prior to release. Strategic combinations of toxicity tests, analytical tools, and biological monitoring have been developed. Because the number of vertebrates utilized in effluent testing is thought to be much greater than that used for individual chemical testing, there is a new need to develop strategies to reduce the numbers of vertebrates (i.e., fish) used. This need will become more critical as developing nations begin to use vertebrates in toxicity tests to assess effluent quality. A workshop was held to 1) assess the state of science in effluent toxicity testing globally; 2) determine current practices of regulators, industry, private laboratories, and academia; and 3) explore alternatives to vertebrate (fish) testing options and the inclusion of modified/new methods and approaches in the regulatory environment. No single approach was identified, because of a range of factors including regulatory concerns, validity criteria, and wider acceptability of alternatives. However, a suite of strategies in a weight-of-evidence approach would provide the flexibility to meet the needs of the environment, regulators, and the regulated community; and this “toolbox” approach would also support reduced reliance on in vivo fish tests. The present Focus article provides a brief overview of wastewater regulation and effluent testing approaches. Alternative methodologies under development and some of the limitations and barriers to regulatory approaches that can be selected to suit individual country and regional requirements are described and discussed. Environ Toxicol Chem 2018;37:2745–2757. © 2018 The Authors. Environmental Toxicology and Chemistry published by Wiley Periodicals, Inc. on behalf of SETAC. © 2018 The Authors. Environmental Toxicology and Chemistry Published by Wiley Periodicals, Inc.",Scopus,SEARCH_028
Fog water collection: Challenges beyond technology,Qadir M.; Jiménez G.C.; Farnum R.L.; Dodson L.L.; Smakhtin V.,2018,10.3390/w10040372,https://www.scopus.com/pages/publications/85044384984?origin=resultslist,"The Sustainable Development Goal (SDG) 6, calling for access to safe water and sanitation for all by the year 2030 supports the efforts in water-scarce countries and regions to go beyond conventional resources and tap unconventional water supplies to narrow the water demand-supply gap. Among the unconventional water resources, the potential to collect water from the air, such as fog harvesting, is by far the most under-explored. Fog water collection is a passive, low maintenance, and sustainable option that can supply fresh drinking water to communities where fog events are common. Because of the relatively simple design of fog collection systems, their operation and maintenance are minimal and the associated cost likewise; although, in certain cases, some financially constrained communities would need initial subsidies. Despite technology development and demonstrated benefits, there are certain challenges to fog harvesting, including lack of supportive policies, limited functional local institutions, inexpert communities, gender inequality, and perceived high costs without undertaking comprehensive economic analyses. By addressing such challenges, there is an opportunity to provide potable water in areas where fog intensity and duration are sufficient, and where the competition for clean water is intensifying because water resources are at a far distance or provided by expensive sources. © 2018 by the authors.",Scopus,SEARCH_028
Evaluation of water security in Kathmandu Valley before and after water transfer from another basin,Thapa B.R.; Ishidaira H.; Pandey V.P.; Bhandari T.M.; Shakya N.M.,2018,10.3390/w10020224,https://www.scopus.com/pages/publications/85042456817?origin=resultslist,"Kathmandu Upatyaka Khanepani Limited (KUKL) has planned to harness water from outside the valley from Melamchi as an inter-basin project to supply water inside the ring road (core valley area) of the Kathmandu Valley (KV). The project, called the ""Melamchi Water Supply Project (MWSP)"", is expected to have its first phase completed by the end of September 2018 and its second phase completed by the end of 2023 to supply 170 MLD (million liters a day) through the first phase and an additional 340 MLD through the second phase. The area has recently faced a severe water deficit and KUKL's existing infrastructure has had a limited capability, supplying only 19% of the water that is demanded in its service areas during the dry season and 31% during the wet season. In this context, this study aims to assess the temporal trends and spatial distribution of household water security index (WSI), defined as a ratio of supply to demand for domestic water use for basic human water requirements (50 L per capita per day (lpcd)) and economic growth (135 lpcd) as demand in preand post-MWSP scenarios. For this purpose, data on water demand and supply with infrastructure were used to map the spatial distribution of WSI and per capita water supply using ArcMap. Results show a severe water insecurity condition in the year 2017 in all KUKL service areas (SAs), which is likely to improve after completion of the MWSP. It is likely that recent distribution network and strategies may lead to inequality in water distribution within the SAs. This can possibly be addressed by expanding existing distribution networks and redistributing potable water, which can serve an additional 1.21 million people in the area. Service providers may have to develop strategies to strengthen a set of measures including improving water supply infrastructures, optimizing water loss, harnessing additional water from hills, and managing water within and outside the KUKL SAs in the long run to cover the entire KV. © 2018 by the authors.",Scopus,SEARCH_028
Towards a new paradigm in water management: Cochabamba’s water agenda from an ethical approach,Bellaubi F.; Bustamante R.,2018,10.3390/geosciences8050177,https://www.scopus.com/pages/publications/85047739441?origin=resultslist,"The Cochabamba Water War (2000) is well renowned for being a part of the civil society versus water service delivery debate. From a situation of service privatization, limited access, and an inexistent institutional framework in 2000, the current situation in the Cochabamba Valley faces increasing water scarcity within a weak institutional set up. To alleviate the situation, the government of Evo Morales has been actively funding projects considering an Integrated Water Resources Management (IWRM) but confronting customary water rights in rural communities and thus increasing the level of conflict between water uses. Amid these two water management practices appears the Agenda del Agua Cochabamba (AdA)—the Cochabamba Water Agenda—claiming water as part of the commons and not a resource. This paper explains the paradigm’s values behind the conflicting IWRM and water rights’ water management practices and analyses the AdA under a governability framework identifying the barriers and drivers for its implementation. © 2018 by the authors. Licensee MDPI, Basel, Switzerland.",Scopus,SEARCH_028
"Multi-layered water resources, management, and uses under the impacts of global changes in a southern coastal metropolis: When will it be already too late? Crossed analysis in Recife, NE Brazil",Petelet-Giraud E.; Cary L.; Cary P.; Bertrand G.; Giglio-Jacquemot A.; Hirata R.; Aquilina L.; Alves L.M.; Martins V.; Melo A.M.; Montenegro S.; Chatton E.; Franzen M.; Aurouet A.,2018,10.1016/j.scitotenv.2017.07.228,https://www.scopus.com/pages/publications/85031752818?origin=resultslist,"Coastal water resources are a worldwide key socio-environmental issue considering the increasing concentration of population in these areas. Here, we propose an integrative transdisciplinary approach of water resource, water management and water access in Recife (NE Brazil). The present-day water situation is conceptualized as an imbricated multi-layered system: a multi-layered water resource, managed by a multi-layered governance system and used by a multi-layered social population. This allows identifying processes of quantitative, qualitative, and sanitary conflicts between governance and population strategies regarding water supply, as well as the institutional and individual denials of these conflicts. Based on this model, we anticipate future water-related problematic fates. Concerning the water resource system, the rapid groundwater level decrease due to unsustainable water predatory strategies, and the very low recharge rate have drastically modified the aquifer system functioning, inducing hydraulic connection between shallow groundwater (contaminated and locally salty) and deep ones (mostly fresh, with local inherited salinity), threatening the deep strategic water resource. Concerning the water governance system, the investments to increase the capacity storage of surface water, the water regulation agencies and the public/private partnership should shortly improve the water supply and wastewater issue. Nevertheless, the water situation will remain highly fragile due to the expected water demand increase, the precipitation decrease and the sea-level increase. Concerning the water access system, the population variably perceives these current and further effects and the possible mitigation policies, and develops alternative individual strategies. Authorities, policymakers and water managers will have to implement a well-balanced water governance, taking into account the specificities of the PPP, public and private groundwater users, and with a strong political willingness for a sustainable water management to ensure water supply for all the population. In other words, an anticipatory and integrated vision is necessary to reduce the discrepancies in this complex system. © 2017 Elsevier B.V.",Scopus,SEARCH_028
Public accommodation laws and gender panic in clinical settings,Boskey E.; Taghinia A.; Ganor O.,2018,10.1001/amajethics.2018.1067,https://www.scopus.com/pages/publications/85057555625?origin=resultslist,"Public accommodation laws (PALs) are used to address discrimination against minorities. There is broad discussion about using such laws to either protect or prohibit access to sex-segregated spaces for transgender people. Health care facilities are subject to PALs, which affect rooming assignments and access to sex-segregated environments. Around the time that a Massachusetts transgender PAL went into effect in October 2016, the first author (EB) facilitated 18 professional trainings at 5 health care facilities in greater Boston. During these trainings, staff repeatedly brought up 2 areas of moral concern reflecting public conversations about transgender rights: risk posed by the presence of transwomen in sex-segregated spaces and feelings of unpreparedness for dealing with anti-trans bias. This article discusses the role of education in responding to gender panic in inpatient settings. Copyright © 2018 American Medical Association. All rights reserved.",Scopus,SEARCH_028
Identifying hotspots in land use land cover change and the drivers in a semi-arid region of India,Duraisamy V.; Bendapudi R.; Jadhav A.,2018,10.1007/s10661-018-6919-5,https://www.scopus.com/pages/publications/85051712396?origin=resultslist,"The study examines long-term land use/land cover change (LUCC) at a finer scale in a semi-arid region of India. The objectives were to study and quantify the spatiotemporal LUCC and uncover the major drivers causing the change in the Mula Pravara river basin, which is located in a semi-arid region of Maharashtra state, India. Advanced very high-resolution radiometer (AVHRR)-Normalized Difference Vegetation Index (NDVI) 3g data for the years 1982–2015 were used to identify the ‘hotspot’ with significant positive and negative LUCC. Multi-temporal Landsat imagery was used to produce finer scale land use maps. From 1991 to 2016, the agricultural land area increased by approximately 98% due to the conversion of uncultivable and fallow lands to agriculture. The built-up area increased by 195%, and in recent years, an urban expansion has occurred in agricultural lands close to the urban fringe areas. There has been a shift from food crops to commercial crops, as observed from the steep increase in the amount of land under horticultural plantations, by 1601% from 2001 to 2016. In addition, the area under forest canopy was reduced in the protected regions. Institutional factors that improved access to water resources were the major drivers of change in hotspots, especially in the context of agriculture. Technological and economic factors were the other supporting factors that contributed to the change. This study demonstrates the advantages of using satellite remote sensing techniques to monitor the LUCC, which is useful for predicting future land changes and aids in planning adaptation strategies. © 2018, The Author(s).",Scopus,SEARCH_028
Performance assessment of a water supply system under the impact of climate change and droughts: Case study of the Washington Metropolitan Area,Bhatkoti R.; Triantis K.; Moglen G.E.; Sabounchi N.S.,2018,10.1061/(ASCE)IS.1943-555X.0000435,https://www.scopus.com/pages/publications/85049649166?origin=resultslist,"Fresh water demand is rising due to factors such as population growth, economic development, and land use changes. At the same time, climate change is rendering the water supply even more uncertain for the future. Due to recurring water restrictions and increasing water-related fees triggered by droughts and water shortages, there is a widespread, growing discomfort with respect to future water availability. Among key stakeholders and local policy makers, this has led to an increased interest in modeling the availability of water resources, with the aim of developing and implementing the appropriate water resource infrastructure and management strategies. This paper examines the Washington metropolitan area (WMA) water supply system and uses a system dynamics approach as a planning tool to make an exploratory assessment of the adequacy of the study area's water supply system to meet future water demand under the influence of substantial droughts and climate change. This assessment finds that the study area is self-sufficient under normal climate conditions during the entire planning horizon but that it will be strained under moderately severe droughts. On the basis of the temperature, streamflow and precipitation projections made by climate change models specific to the WMA region, climate change is expected to improve the water supply reliability. However, climate change has uncertainty associated with it. One of the four climate models for the Potomac River basin projects a decrease in the precipitation and streamflow, which may result in a reduction in the water supply and the system's reliability. Regulating the price and the system losses are valuable tools that can be leveraged. But these policy interventions require stakeholder participation (price regulation) and capital investments (reduction of distribution losses). Finally, system reliability can also be improved by increasing water supplies. © 2018 American Society of Civil Engineers.",Scopus,SEARCH_028
"Pan in the Van: an innovative women-centric approach for inclusive water, sanitation, and hygiene services",Saxena S.; Saxena A.K.,2018,10.1007/s40899-017-0161-0,https://www.scopus.com/pages/publications/85087952427?origin=resultslist,"The prevailing approaches of awareness generation and capacity building for improving water, sanitation, and hygiene (WASH) services are monotonous and lack continuity. They often inadequately address the strategic needs of women, i.e., key roles in planning, management, and monitoring process focussing on limited aspects such as triggering, hand washing, toilet construction, etc., and do not offer a complete solution for WASH covering all key components such as menstrual hygiene, location, supply, and governance in a coordinated manner. Pan in Van is an innovative on-site women-centric capacity building approach for inclusive WASH. The aim of this particular campaign approach is to accelerate the elimination of open defecation by addressing the gaps prevailing in capacity building and behavior change communication efforts. The approach is based on on-site principles with a format for women-centric processes. It creates space for women’s participation, thereby empowering them to take leadership roles. A four-step approach for a complete package for achieving and sustaining cost-effective sanitation is offered. © 2017, Springer International Publishing AG.",Scopus,SEARCH_028
Socioeconomic and environmental proxies for comparing freshwater ecosystem service threats across international sites: A diagnostic approach,Harmon T.C.; Smyth R.L.; Chandra S.; Conde D.; Dhungel R.; Escobar J.; Hoyos N.; Lozoya J.P.; Nin M.; Perillo G.M.E.; Pincetl S.; Piccolo M.C.; Reid B.; Rusak J.A.; Scordo F.; Velez M.I.; Villamizar S.R.; Wemple B.; Zilio M.I.,2018,10.3390/w10111578,https://www.scopus.com/pages/publications/85055983152?origin=resultslist,"In this work, we develop and test proxy-based diagnostic tools for comparing freshwater ecosystem services (FWES) risks across an international array of freshwater ecosystems. FWES threats are increasing rapidly under pressure from population, climate change, pollution, land use change, and other factors. We identified spatially explicit FWES threats estimates (referred to as threat benchmarks) and extracted watershed-specific values for an array of aquatic ecosystems in the Western Hemisphere (Ramsar sites). We compared these benchmark values to values extracted for sites associated with an international FWES threat investigation. The resulting benchmark threats appeared to provide a meaningful context for the diagnostic assessment of study site selection by revealing gaps in coverage of the underlying socio-environmental problem. In an effort to simplify the method, we tested regularly updated environmental and socioeconomic metrics as potential proxies for the benchmark threats using regression analysis. Three category proxies, aggregated from (i) external (global to regional, climate-related), (ii) internal (watershed management-related), and (iii) socioeconomic and governance related proxies produced strong relationships with water supply threat benchmarks, but only weak relationships with biodiversity-related and nutrient regulation benchmark threats. Our results demonstrate the utility of advancing global FWES status and threat benchmarks for organizing coordinated research efforts and prioritizing decisions with regard to international socio-environmental problems. © 2018 by the authors.",Scopus,SEARCH_028
THE ENVIRONMENTAL DIMENSIONS OF UNIVERSAL ACCESS TO SAFE WATER,Calow R.; Macdonald A.; Le Sève M.D.,2018,10.4324/9781315471532-6,https://www.scopus.com/pages/publications/85070264096?origin=resultslist,"Achieving universal and sustainable access to water and sanitation services will require significant investment in the management and protection of water resources. This is because of the greater demand for water and the assimilative capacity of water bodies implied by more ambitious Sustainable Development Goals targets and, more importantly, because of changes in resource conditions and demands arising from environmental and socioeconomic change. As the global population heads for almost 10 billion by 2050, the world is becoming more urbanised and wealthier. Water demands for energy, industry and irrigation are increasing, outstripping population growth in transforming economies. And greater climate variability increases the risks of flooding and drought - extreme events that threaten water and sanitation infrastructure and services. This combination of pressures, in a context of weak water management, has the potential to undermine existing gains in access to water and sanitation and threaten future progress, particularly for those with a stake but no voice or formal rights in water allocation. This chapter begins by looking at the global availability and quality of water resources, highlighting the uneven distribution of water between areas and over time. The importance of groundwater is discussed in view of the growing role groundwater bodies will play in providing potable supplies and in assimilating waste, particularly in sub-Saharan Africa. While the global conversation on water tends to fixate on scarcity and over-exploitation, the more insidious problem of pollution is also highlighted. The authors then review the pressures on water systems, and describe how growing competition for the services water bodies provide, and changes in resource conditions, could affect access to safe water in the coming decades. Finally, the authors argue that water accounting and allocation systems in most countries are ill equipped to deal with the stresses of demographic, environmental and economic change, and call for a concerted effort to build the institutional plumbing of water resources management needed to safeguard poor people’s access to services. © 2018 selection and editorial matter, Oliver Cumming and Tom Slaymaker. individual chapters, the contributors",Scopus,SEARCH_028
"Communal latrine utilization and associated factors in addis ababa, Ethiopia: A community-based cross-sectional study",Kefeni E.G.; Yallew W.W.,2018,10.2166/washdev.2018.098,https://www.scopus.com/pages/publications/85048227464?origin=resultslist,"Despite the quick urban population growth increased volume of wastes, including human excreta, which demands an expanded need of infrastructure, solid institutional setup and communities’ engagement for management of safe disposal of excreta, arrangement of such basic social services has not developed as per the rate of population growth. Mostly, communal latrines are inclined towards an absence of cleanliness, as they accommodate many people beyond their capacity, filling up septic tanks quickly. A community-based cross-sectional study conducted in 817 randomly selected communal latrine user households, five focus group discussions and four key informant interviews were analysed. Bivariate and multivariate logistic regression analysis was performed to discover the impact of different factors on the use of communal latrines. The findings revealed that the rate of communal latrine use in Addis Ababa was about 79.8%. Unhygienic conditions, latrine emptying challenges, extreme smell, number of family units sharing the same squats, and latrine designs for the aged and children were identified as barriers to latrine utilization. This study suggests that, in parallel with the continued investments to increase access to sanitary facilities in the city, the management and behavioural change part has likewise to be stressed for better use and sustainability. © IWA Publishing 2018.",Scopus,SEARCH_028
Water-driven Palestinian agricultural frontiers: The global ramifications of transforming local irrigation,Trottier J.; Perrier J.,2018,10.2458/v25i1.22759,https://www.scopus.com/pages/publications/85062275453?origin=resultslist,"In agricultural transformations, small scale farmer driven processes interact with globally driven processes. Donor-led or foreign investor-led irrigation development systematically interacts with local, farmer-led irrigation development. This article harnesses Kopytoff's concept of 'interstitial frontier' to study such interactions. It discusses the shape an agricultural frontier may have and its interactions with local forms of water and land tenure. It discusses the manner in which changing access to water may spur the development of agricultural pioneer fronts. It distinguishes surface water driven, groundwater driven and wastewater driven agricultural frontiers. It then explores the manner such frontiers are transforming water tenure in the West Bank. This is an important aspect of the globalization of Palestinian society. The method this article develops is applicable elsewhere. Within interstitial frontiers, investors, whether local farmers or outsiders, enroll a globally maintained scientific discourse of efficient water use to secure donor funding. Meanwhile, they try developing clientelist ties with the authorities to secure their new access to water. The impacts on neighbouring, peasant-run irrigated systems, food security, housing security and many other mechanisms that sustain a society, are important and too often neglected. © 2018 Journal of Political Ecology.; Lors d'une transformation agricole, des processus impulsés par les petits agriculteurs interagissent avec des processus impulsés à l'échelle globale. Le développement de l'irrigation mené par un bailleur ou par un investisseur étranger interagit systématiquement avec le développement de l'irrigation mené par les agriculteurs locaux. Cet article utilise le concept de front pionnier interstitiel, développé par Kopytoff, afin d'étudier ce type d'interactions. Il discute de la forme que peut prendre un front pionnier agricole et de ses interactions avec les formes locales de tenure de l'eau et de tenure foncière. Il explore la façon dont la transformation de l'accès à l'eau peut mener au développement de fronts pionniers agricoles. Il distingue les fronts pionniers impulsés par l'eau de surface, de ceux impulsés par l'eau souterraine et de ceux impulsés par l'eau usée traitée. Il se penche sur la façon dont ces fronts pionniers transforment aujourd'hui la tenure de l'eau en Cisjordanie. Ceci constitue un aspect important de la globalisation de la société palestinienne. La méthode développée ici peut s'appliquer ailleurs. Au sein de fronts pionniers interstitiels, les investisseurs, qu'il s'agisse d'agriculteurs locaux ou d'étrangers, déploient un discours scientifique, construit et entretenu à l'échelle globale, concernant l'efficacité de la gestion et de l'utilisation de l'eau, afin d'obtenir le soutien des bailleurs. Ils tentent simultanément de développer des liens clientélistes avec les autorités pour sécuriser leur nouvel accès à l'eau. L'impact sur les systèmes d'irrigation paysans voisins, sur la sécurité alimentaire, la sécurité d'habitat et bien d'autres mécanismes fondamentaux au sein d'une société, est immense et trop souvent négligé. © 2018 Journal of Political Ecology.; En las transformaciones agrícolas, los procesos a pequeña escala orientados a agricultores, interactúan con los procesos a escala global. El desarrollo de irrigación por parte de donantes o inversionistas foràneos, interactúa sistemáticamente con el desarrollo local de irrigación de los agricultores. Este artículo emplea el concepto de ""frontera intersticial"" de Kopytoff para estudiar dichas interacciones. Se discute la forma que puede tener una frontera agrícola, así como sus interacciones con formas locales de la tenencia del agua y de la tierra. También se aborda la manera en que el cambiante acceso al agua puede estimular el desarrollo de nuevos frentes agrícolas. Se hace una distinción entre fronteras agrícolas determinadas por superficies de agua, por agua subterránea y por aguas residuales. Posteriormente se explora la manera en que tales fronteras están transformando la tenencia del agua en la Ribera Occidental. Todo esto es un importante aspecto de la globalización de la sociedad palestina. El método que desarrolla este artículo puede aplicarse en cualquier otro sitio. Dentro de las fronteras intersticiales, los inversionistas, sean agricultores locales o foràneos, se inscriben en un discurso científico de uso eficiente del agua para así asegurar financiamiento de donantes. Mientras tanto, ellos procuran desarrollar vínculos clientelares con las autoridades para asegurar un nuevo acceso al agua. Los impactos por la colindancia, sistemas de irrigación manejados por campesinos, seguridad alimentaria, seguridad de vivienda y muchos otros mecanismos que sostienen una sociedad son importantes y frecuentemente desatendidos. © 2018 Journal of Political Ecology.",Scopus,SEARCH_028
"Rapid decline of snow and ice in the tropical Andes – Impacts, uncertainties and challenges ahead",Vuille M.; Carey M.; Huggel C.; Buytaert W.; Rabatel A.; Jacobsen D.; Soruco A.; Villacis M.; Yarleque C.; Elison Timm O.; Condom T.; Salzmann N.; Sicart J.-E.,2018,10.1016/j.earscirev.2017.09.019,https://www.scopus.com/pages/publications/85033593436?origin=resultslist,"Glaciers in the tropical Andes have been retreating for the past several decades, leading to a temporary increase in dry season water supply downstream. Projected future glacier shrinkage, however, will lead to a long-term reduction in dry season river discharge from glacierized catchments. This glacier retreat is closely related to the observed increase in high-elevation, surface air temperature in the region. Future projections using a simple freezing level height- equilibrium-line altitude scaling approach suggest that glaciers in the inner tropics, such as Antizana in Ecuador, may be most vulnerable to future warming while glaciers in the more arid outer tropics, such as Zongo in Bolivia, may persist, albeit in a smaller size, throughout the 21st century regardless of emission scenario. Nonetheless many uncertainties persist, most notably problems with accurate snowfall measurements in the glacier accumulation zone, uncertainties in establishing accurate thickness measurements on glaciers, unknown future changes associated with local-scale circulation and cloud cover affecting glacier energy balance, the role of aerosols and in particular black carbon deposition on Andean glaciers, and the role of groundwater and aquifers interacting with glacier meltwater. The reduction in water supply for export-oriented agriculture, mining, hydropower production and human consumption are the most commonly discussed concerns associated with glacier retreat, but many other aspects including glacial hazards, tourism and recreation, and ecosystem integrity are also affected by glacier retreat. Social and political problems surrounding water allocation for subsistence farming have led to conflicts due to lack of adequate water governance. Local water management practices in many regions reflect cultural belief systems, perceptions and spiritual values and glacier retreat in some places is seen as a threat to these local livelihoods. Comprehensive adaptation strategies, if they are to be successful, therefore need to consider science, policy, culture and practice, and involve local populations. Planning needs to be based not only on future scenarios derived from physically-based numerical models, but must also consider societal needs, economic agendas, political conflicts, socioeconomic inequality and cultural values. This review elaborates on the need for adaptation as well as the challenges and constraints many adaptation projects are faced with, and lays out future directions where opportunities exist to develop successful, culturally acceptable and sustainable adaptation strategies. © 2017 Elsevier B.V.",Scopus,SEARCH_028
Soil Water Balance Model CRITERIA-ID in SWAMP Project: Proof of Concept,Villani G.; Castaldi P.; Toscano A.; Stanghellini C.; Cinotti T.S.; Maia R.F.; Tomei F.; Taumberger M.; Zanetti P.; Panizzi S.,2018,10.23919/FRUCT.2018.8588079,https://www.scopus.com/pages/publications/85061039590?origin=resultslist,"The aim of this work is to present the first results obtained by means of the new validation of the water balance and crop development model CRITERIA-ID, specifically set up for the SWAMP (Smart Water Management Platform) platform on one of the pilots, in the framework of the SWAMP project, aimed at providing support for precision irrigation in agriculture. The platform consists of an IoT solution for monitoring the farming and irrigation systems combined with data analytic solution to assess the irrigation need of plants, and support for irrigation planning and water distribution both at farm and district level. CRITERIA-ID has been tested on two test cases for the Italian pilot, located in the land reclamation and irrigation consortium of Emilia Centrale (North Italy). The comparison of crop irrigation water needs computed by CRITERIA-ID with actual irrigation performed by farmers has been carried out, together with a comparison of crop water stress. The analysis has shown that for both the test cases the two data series are comparable, but some differences have been highlighted: in some cases the farmer irrigation is not decided on the basis of the actual water needs of the crops but on farm management decisions. In addition, if the total annual volumes of irrigation of the two series are comparable, the scheduling is different, where the observed irrigation data bring the crop to too high (or too low) level of water stress. Thus, the present work has shown that the application of CRITERIA-ID simulation model is a valid tool to support irrigation management because it allows an optimal use of the resource avoiding crop yield losses with a rational irrigation scheduling. The reliability of these outcomes sets the conditions for further exploitation of the model in the future, firstly for its integration into the SWAMP platform. © 2018 FRUCT Oy.",Scopus,SEARCH_028
Reuse of treated wastewater,Galkina E.; Vasyutina O.,2018,10.1088/1757-899X/365/2/022047,https://www.scopus.com/pages/publications/85049472014?origin=resultslist,"Reuse of wastewater after its treatment may be a good alternative for regions, which suffer from lack of pure water or have limited access to water resources. Reuse technologies may be applied for municipal and industrial wastewater. Reuse of wastewater is only possible if sanitary and environmental safety is provided with no hazard for current ecosystem. That fact requires strict fulfilment of laws and regulation. Wastewater to be reused has to follow a certain sequence of treatment procedures to reduce concentration of pollutants in it. That might be traditional methods (waste separation, sedimentation), methods of removal of certain components (nitrogen and phosphorus), disinfection. © Published under licence by IOP Publishing Ltd.",Scopus,SEARCH_028
A LOOK INTO THE GOVERNANCE OF RISKS AND URBAN RESILIENCE IN LATIN AMERICA AND THE CARIBBEAN: INFORMAL SETTLEMENTS IN THE NEW URBAN AGENDA; [UNA MIRADA SOBRE LA GOBERNANZA DEL RIESGO Y LA RESILIENCIA URBANA EN AMÉRICA LATINA Y EL CARIBE: LOS ASENTAMIENTOS INFORMALES EN LA NUEVA AGENDA URBANA],Sandoval V.; Sarmiento J.P.,2018,10.55467/reder.v2i1.10,https://www.scopus.com/pages/publications/85062540745?origin=resultslist,"This work offers a revised and critical view of disaster risk reduction in informal settlements in Latin America and the Caribbean, and explores trends on how risk governance and urban resilience is being considered by selected countries. We analyzed the data provided in the national reports issued during the preparatory process toward Habitat III by 17 countries: Argentina, Barbados, Bolivia, Brazil, Chile, Colombia, Costa Rica, Cuba, Dominican Republic, Ecuador, Guatemala, Honduras, Jamaica, Mexico, Paraguay, Peru, and Uruguay. We analyzed quantitative variables such as access to drinking water and sewerage, and performed qualitative content analysis for references to the Sendai Framework and public policies for informal settlements. The results show a significant va-riation in the percentage of urban population living in unsafe conditions across selected countries. In terms of risk governance, countries tend to recognize the importance of an ‘enabling environ-ment’ for urban development that build vertical and horizontal arrangements among different ac-tors. Despite this realization, evidence shows that these countries’ commitment is currently limited to the vertical articulation of public actors. © 2018, Corporation for the Management and Reduction of Disaster Risk in Chile (GRID-Chile). All rights reserved.",Scopus,SEARCH_028
Seismograph instrumentation for dam safety monitoring,Li Z.,2018,,https://www.scopus.com/pages/publications/85085500248?origin=resultslist,"Seismographs advance our knowledge of dam earthquake response and thus are an important element of dam safety. In this paper, seismograph instrumentation on East Bay Municipal Utility District (EBMUD) dams for monitoring earthquake strong ground motions and dam safety during earthquakes is discussed. EBMUD is a public agency providing water service to 1.4 million people on the east side of San Francisco Bay. Most of EBMUD's dams are located in seismically active regions, and the dams in the service area are close to Hayward Fault, whose large magnitude seismic activity is long overdue. To ensure the safety of the infrastructure lifelines, EBMUD, in collaboration with California Geological Survey (CGS) and United States Geological Survey (USGS), installed seismograph systems on EBMUD's critical dams to advance our mission of monitoring earthquake strong motions. At a particular dam site, typically five seismographs are installed at different locations of the dam, such as the dam crest, abutment, mid-slope, toe, and the free field. Seismograms recorded on the seismographs are transmitted to USGS and CGS networks in real time to provide the engineering community with strong motion data to conduct research on the response of the dam to earthquake motions. A graphical user interface (GUI) was developed using MATLAB for easy access to strong motion data recorded on EBMUD's dams, and to facilitate engineering application to assist EBMUD's dam safety program and emergency response program. © 2018 11th National Conference on Earthquake Engineering 2018, NCEE 2018: Integrating Science, Engineering, and Policy. All rights reserved.",Scopus,SEARCH_028
Boosting the vegetable sector in Africa,Wopereis M.C.S.,2018,10.17660/ActaHortic.2018.1225.2,https://www.scopus.com/pages/publications/85060298297?origin=resultslist,"Malnutrition is a leading cause of health problems in Africa. Vegetables add nutrients and diversity to diets, can be grown on small areas, and produce high profit margins. However, production techniques are generally far from optimal, yields are low, and significant postharvest losses occur due to poor packaging, storage and transport. Microbial contamination and intensive pesticide use may pose health risks to farmers and consumers. Promotion of school and home gardens linked to awareness raising about the importance of nutrition, clean water, sanitation and hygiene will help achieve food safety and security at the household level. Boosting the vegetable sector in Africa requires technical, organizational and institutional innovations as well as market interventions. Technical options (‘good agricultural practices’, GAP) include climate-smart cultivars – resistant to pests and diseases and tolerant to abiotic stresses such as heat, with long shelf-life and high germination rates – and adoption of better management methods, in particular limiting the use of pesticides. Protected cultivation increases yield, reduces pesticide use, facilitates adoption of GAP standards and enables off-season or year-round vegetable production. Farmers need incentives to follow GAP standards, which will ultimately be driven by well-informed consumers who demand quality products in the market. Women are the custodians of vegetable value chains, especially in sub-Saharan Africa (SSA), and novel incentives need to be devised to encourage their participation in market-oriented farmer groups, link those groups to markets, and ensure access to microfinance. The challenge in the organization of vegetable value chains is to simultaneously address supply, demand and quality. Africa’s growing cities increasingly seek safe and reliable sources of quality vegetables. A vibrant agri-food sector in rural and peri-urban areas can tap into this demand to provide wholesome and affordable food for city dwellers – and in the process, fight malnutrition, create employment, and reduce poverty on-farm. © 2018 International Society for Horticultural Science. All rights reserved.",Scopus,SEARCH_028
Community water organizations in the state of veracruz. Analysis in light of the Latin American experience; [Las organizaciones comunitarias del agua en el estado de Veracruz. Análisis a la luz de la experiencia latinoamericana],Serrano J.D.; Pérez E.C.,2018,10.24201/edu.v33i2.1756,https://www.scopus.com/pages/publications/85050824340?origin=resultslist,"Mexico shares with the Latin American region the experience of more than fifty years of community-water management; in other words, there are organizations that have been created for the self-supply of water in rural and peri-urban areas, although they have not been strengthened as they have in other countries. This article presents an analysis conducted in Veracruz, the stale with the highest number of rural localities in the country- and one of those that lag furthest behind in drinking water, drainage and sewage coverage. In Latin America, community organizations for water and sanitation services (OCSAS) have employed various strategies to improve their functioning. Associativity is a key point for the suslainability of water systems in rural areas, which is not observed in Mexico due to the lack of institutional conditions to strengthen this type of social organization, which would make it possible to enforce the human right to water in rural areas where the Stale is not present. © 201S. Estudios Demográficos v Urbanos.",Scopus,SEARCH_028
Service-level benchmarking: Some emerging global lessons for Indian water governance,Singh R.S.; Roy D.,2018,10.4324/9780429455766,https://www.scopus.com/pages/publications/85059358613?origin=resultslist,"Accessibility to water is traditionally subjected to multi-level social exclusions in the name of social (caste) and economic (class) identities in India. Paradoxically, the Global Water Partnership (GWP 1996) regime is overwhelmingly vociferous over issues of efficiency, and particularly silent on questions of equity in water accessibility. The recently introduced Service-Level Bench Marking (SLBM) program by the Ministry of Urban Development for the urban water supply and sanitation (WSS) sector is a flagship drive towards GWP. It has two key components, namely, full cost recovery and loss minimisation in terms of unaccounted water. Here, the definition of efficiency is understood only in monetary terms and the parameters of access-equity are hardly given any consideration. There is a strong possibility that such biased measurement of efficiency would further add to the hardships of the already excluded communities. To support this prediction, a few debatable features of SLBM have been discussed in this chapter with the help of a number of secondary data sources. In this vein, rationalities of the much-hyped link between increasing private sector participation and efficiency enhancements have been analysed. An attempt has also been made to analyse the weak aspects of SLBM and outline some suggestive measures to ameliorate the situation. © 2019 selection and editorial matter, Manish K. Verma.",Scopus,SEARCH_028
Sermo reservoir capability to perform its function,Wulandari D.A.; Suharyanto; Rahmawah F.A.; Damayanti I.S.,2018,,https://www.scopus.com/pages/publications/85064006810?origin=resultslist,"The function of Sermo Reservoir is fulfilling drinking water, river maintenance and irrigation demand as an additional supply on irrigation area of Pengasih, Pekik Jamal, and Clereng. The Irrigation area is part of the Kalibawang Irrigation System that gets water supply from Progo River. Based on the research that has been done the supply of Progo River has been reduced. Thereby the supply of Sermo Reservoir is very necessary to meet the needs of irrigation. However, irrigation water from the Sermo Reservoir is planned only for additional supply, so it is impossible to meet all the irrigation water demand. Especially with a condition of the reservoir effective storage that has been reduced due to sedimentation. In order to avoid conflicts in serving the needs of irrigation water, it must be clearly known how large the area of irrigation area can be served from the Sermo Reservoir. In this research was being simulated operation of a reservoir with a various scenario of cropping pattern, planting area and the initial condition of reservoir storage. The aim is to obtain the area of irrigation that can be irrigated by Sermo Reservoir which the distribution of irrigation water supply in each planting season are stable. The results obtained 100% reliability in all planting seasons and various initial conditions of reservoir storage when used CPP2 planting pattern and the irrigated area is Pengasih with a service area of 0.51% (1,038 ha). © Proceeding of the 21st LAHR-APD Congress 2018. All rights reserved.",Scopus,SEARCH_028
Changes and driving forces of thewater-sediment relationship in the middle reaches of the Hanjiang River,Lu X.; Wang X.; Yang C.; Liu X.; Yang Q.,2018,10.3390/w10070887,https://www.scopus.com/pages/publications/85049615484?origin=resultslist,"Riverine sediment transport plays an important role in the global geochemical cycle. With a growing interest in global riverine environmental changes, a better understanding of water-sediment relationship dynamics and their driving forces is crucial for basin management, which is particularly associated with cascade dam construction. In this contribution, a simple and effective sediment load reduction factor analysis is used to attribute the changes in river sediment load to different drivers. The Mann-Kendall (MK) trend test and the double-mass curve (DMC) method were combined to reveal the trends and causes of change in the water-sediment relationship from 1965 to 2015 in the middle reaches of the Hanjiang River. We found that sediment load trend decreased significantly, which was caused by a decrease in water yield (5.05%), and the relative contributions of precipitation decrease (1.66%). Furthermore, only one mutation could be identified in 1974 at Huangzhuang station. Evapotranspiration and vegetation coverage had slight decreasing effects on sediment load. The impact of human activities on the water-sediment relationship has intensified over the past 15 years. We therefore propose the establishment of an integrated basin-wide ecosystem and optimized reservoir operation rule for sustainable water use and sediment regulation. © 2018 by the authors.",Scopus,SEARCH_028
"A case study of 24 × 7 water supply facility of Haraorou village, Imphal east, Manipur",Hanjabam S.S.,2018,10.25175/jrd/2018/v37/i1/122694,https://www.scopus.com/pages/publications/85047994764?origin=resultslist,"Manipur including the capital city of Imphal is facing water crisis. The government is able to provide only 70 million litres per day (MLD) against the required 101.9MLD. Quite contrary to thesituation, a village in Imphal East district of Manipur namely Haraorou village avails of uninterrupted supply of potable water through the plant located in the village. The source of the water supply plant is groundwater. Besides, reforestation of the hill range, the villager water and sanitation committee in consultation with the PHED developed an artificial recharge structure to make the source sustainable. By virtue of it, villagers havepotablewaterthroughthepublichydrantaswellasdomesticconnections at a reasonable cost of Rs40 per household for public hydrant and Rs 150 for domestic connection. Water tax remains unchanged so far. The water supply plant is now a model for rural water supply scheme in Manipur. This paper examines the model cited herein and also tries to understand why it could not be replicated in other villages. © 2018 National Institute of Rural Development. All rights reserved.",Scopus,SEARCH_028
Evaluation of management models of rural projects of drinking water and basic sanitation implemented in the llanos de Colombia; [Evaluación de los modelos de gestión de proyectos rurales de agua potable y saneamiento básico implementados en los llanos de Colombia],Rivera-Contreras Á.L.,2018,10.15446/dyna.v85n204.67539,https://www.scopus.com/pages/publications/85047391092?origin=resultslist,"This research evaluated the management models of rural drinking water and basic sanitation projects. 200 projects were collected from the governorate, mayor and regional environmental authority. 42 projects formulated and executed were selected, they were used as input to carry out an integral qualitative analysis of 14 variables. According to the results, they did not take into account variables such as technological changes, sectorization and type of communities. Variables such as geographic information systems, socioeconomic evaluation, citizen participation and coverage were partially taken into account and variables that were taken into account were technological appropriation, technical regulation of the potable water sector and basic sanitation 2000, governability. The projects evaluated tend to partially comply with the minimum requirements established by law and do not comply with parameters that, although not mandatory, are important to meet the changing needs of communities in basic sanitation and potable water. © The author; licensee Universidad Nacional de Colombia.",Scopus,SEARCH_028
Developing an integrated framework to build a decision support tool for urban water management,Goharian E.; Burian S.J.,2018,10.2166/hydro.2018.088,https://www.scopus.com/pages/publications/85048837319?origin=resultslist,"This paper presents an integrated, computer-based generic framework to couple urban water related models into a decision support tool (DST) for urban-water management. The DST, built on a participatory modelling approach, enables stakeholders to analyze impacts of climate variation, population growth, and alternative management solutions ranging from centralized to distributed options. The coupling of external models, building of the DST, and execution of simulation processes is achieved by employing GoldSim, which is linked to a database management tool and a shared library. A post-processing package generates outcomes for decision makers in the form of a new criterion, the Water System Performance Index (WSPI). The application of DST is demonstrated for the water service area of the Salt Lake City Department of Public Utilities (SLCDPU). Results show that a decentralized alternative increases the reliability of the system without changing the system's vulnerability. Centralized alternative improves the overall performance of the system based on WSPI results, but decrease in performance is still noticeable under the hot and dry climate condition. Overall, the system is very sensitive to changes in climatic conditions. Results show that during droughts, supply management is not the sole solution and compulsory demand-management practices should be instigated. © IWA Publishing 2018.",Scopus,SEARCH_028
A novel wall water system for cardiopulmonary bypass may reduce the risk of aerosolized infection,Matte G.S.; Sandora T.J.; Howe R.J.; Regan W.L.; Potter-Bynoe G.; Neal J.R.; del Nido P.J.,2018,10.1016/j.jtcvs.2018.02.077,https://www.scopus.com/pages/publications/85044598827?origin=resultslist,"Objective: Oxygenators for cardiopulmonary bypass require water flow for their integral heat exchanger. Heater-cooler units are nearly universally used for this requirement. Heater-cooler units pose the risk of aerosolized infection. The Centers for Disease Control and Prevention recommended discontinuing use of Stöckert 3T heater-cooler units (LivaNova PLC, London, United Kingdom) in October 2016 because of this risk. We aimed to reduce the risk of aerosolized infection posed by heater-cooler units by eliminating those devices from our operating rooms. Methods: The cardiac surgery division collaborated with in-house specialties to engineer a novel wall water system. The design called for service to 4 operating rooms with the actual water mixing valve in an operating room closet. Remote temperature control was mounted next to the heart-lung machine. Primary safety systems built into the water system include 5 μm filtration, pressure regulating and relief valves, flow quantifiers, limits to the hot and chilled input temperatures, and a novel bridge near the heart-lung machine that allows the perfusionist to test the system before patient use and to quickly disconnect the patient in case of system malfunction. In addition, all water line connections can be made with the tubing drained and never under pressure. Results: This novel wall water system has successfully provided heat exchanger water flow on 625 patients undergoing congenital heart surgery requiring cardiopulmonary bypass during its first 9 months of use. Conclusions: Wall water systems are an option for oxygenator heat exchangers that allow for improved heat exchange performance while reducing the risk of heater-cooler unit–associated infection during cardiac surgery. © 2018 The American Association for Thoracic Surgery",Scopus,SEARCH_028
Fine tuning a PAT hydropower plant in a water supply network to improve system effectiveness,Fecarotta O.; Ramos H.M.; Derakhshan S.; Del Giudice G.; Carravetta A.,2018,10.1061/(ASCE)WR.1943-5452.0000961,https://www.scopus.com/pages/publications/85046035010?origin=resultslist,"The installation of hydropower plants equipped with pumps as turbines (PATs) in water supply systems has been demonstrated to be suitable and advantageous in order to both reduce pressure and recover energy. However, certain technical difficulties have delayed the widespread adoption of this innovative approach. The design of a hydropower plant within a water network should address three main problems, i.e., (1) the scarcity of information about PAT behavior; (2) the large and stochastic variability in the working conditions that can influence the efficiency and the reliability of the plant; and (3) the need to guarantee the correct operation of the water supply system. This paper presents a new regulation procedure based on the maximization of an upgraded version of the plant effectiveness, which takes into account the plant efficiency, reliability, and sustainability. Four plant regulation schemes are presented. A stochastic model is used to simulate the fluctuations of the hydraulic characteristics, while the PAT behavior has been calculated with a recently developed model that revises the turbomachinery affinity equations. A case study demonstrates the application of the new procedure with reference to a pressure reducing station in southern Italy and a semiaxial PAT. © 2018 American Society of Civil Engineers.",Scopus,SEARCH_028
Sanitation justice? The multiple dimensions of urban sanitation inequalities,Rusca M.; Alda-Vidal C.; Kooy M.,2018,10.1017/9781316831847.014,https://www.scopus.com/pages/publications/85048161670?origin=resultslist,"Introduction The launch of the Water and Sanitation Decade (1980-90) marked the first attempt to place urban sanitation within national governments and international organizations’ development agendas. Since then, inclusion of sanitation within the Millennium Development Goals (MDGs), the Sustainable Development Goals (SDGs), and global campaigns such as the UN Sanitation Year (2008), the End of Open Defecation Campaign, and World Toilet Day have institutionalized sanitation as one of the core development goals until 2030 and beyond. However, the results of many of these sanitation development initiatives have been disappointing. Regional statistics show alarming results for Sub-Saharan Africa, where urban population growth has outpaced gains in sanitation coverage since the 1990s; 14 out of 46 countries declined in sanitation coverage (UNICEF/WHO, 2015: 17). The MDGs were unable to eliminate inequalities in access to sanitation between rich and poor urban dwellers in most countries (UNICEF/WHO 2015). Depressing as this is, the MDGs have focused only on distributive outcomes (access to infrastructure), overlooking other dimensions of sanitation inequality. Failing to address these dimensions hampers development interventions which aim to reduce these inequalities: sub-surface flows of untreated wastewaters contaminate urban poor settlements’ shallow groundwater sources, displacing health risks onto the poorest, and reducing developmental opportunities for children and adults who themselves may already be using “improved” sanitation services (Graham and Polizzotto, 2013); building onsite sanitation infrastructure and improved access to latrines without provision for emptying or sludge removal services compromises long-term health benefits from “improved” sanitation (Jenkins et al., 2015; Tsinda et al., 2013). Finally, dimensions of access must include consideration of safety and comfort plus any particular needs of urban poor residents who are marginalized by age, disabilities, gender, or other social relations, so they can use the infrastructure provided (Hulland et al., 2015; Wilbur and Jones, 2014). Ignoring these dimensions of environmental and social inequalities can reverse any positive gains in terms of increased distribution of infrastructure. In this chapter, we develop the concept of sanitation justice to capture these dimensions of inequalities and their relations, which are often overlooked in debates on development targets for sanitation. In Section 2 we briefly review analyses of inequalities in relation to sanitation already present in the ecological justice literature, specifically urban political ecology and environmental justice. We draw from this literature to define three dimensions of sanitation justice: distributive, procedural, and recognitional justice. © Cambridge University Press 2018.",Scopus,SEARCH_028
Connectors and coordinators in natural resource governance: Insights from swiss water supply,Angst M.; Widmer A.; Fischer M.; Ingold K.,2018,10.5751/ES-10030-230201,https://www.scopus.com/pages/publications/85049623641?origin=resultslist,"Fragmentation across scales in natural resource governance can impede coordinated action and decrease innovation capacity. Bridging actors who connect others within governance networks helps to overcome this challenge. We analyze two bridging positions for actors in governance networks. First, periphery connectors integrate otherwise unconnected actors and provide access to new knowledge. Second, central coordinators efficiently connect actors at the center of the network and thus facilitate coordinated action. We propose a way to identify periphery connectors and central coordinators within governance networks and formulate expectations about types of actors that are likely to occupy these positions. An analysis of three actor networks in the water supply sector in Switzerland suggests that periphery coordinator positions are more likely to be occupied by organizations at higher jurisdictional levels. Central coordinator positions are more likely to be occupied by governmental actors as compared to nongovernmental actors. Thus, in addressing challenges of fragmentation, higher level governmental actors continue to play an important role, even when they delegate responsibilities to lower level and private actors. © 2018 by the author(s).",Scopus,SEARCH_028
"Mapping water availability, cost and projected consumptive use in the eastern United States with comparisons to the west",Tidwell V.C.; Moreland B.D.; Shaneyfelt C.R.; Kobos P.,2018,10.1088/1748-9326/aa9907,https://www.scopus.com/pages/publications/85041119944?origin=resultslist,"The availability of freshwater supplies to meet future demand is a growing concern. Water availability metrics are needed to inform future water development decisions. With the help of water managers, water availability was mapped for over 1300 watersheds throughout the 31 contiguous states in the eastern US complimenting a prior study of the west. The compiled set of water availability data is unique in that it considers multiple sources of water (fresh surface and groundwater, wastewater and brackish groundwater); accommodates institutional controls placed on water use; is accompanied by cost estimates to access, treat and convey each unique source of water; and is compared to projected future growth in consumptive water use to 2030. Although few administrative limits have been set on water availability in the east, water managers have identified 315 fresh surface water and 398 fresh groundwater basins (with 151 overlapping basins) as areas of concern (AOCs) where water supply challenges exist due to drought related concerns, environmental flows, groundwater overdraft, or salt water intrusion. This highlights a difference in management where AOCs are identified in the east which simply require additional permitting, while in the west strict administrative limits are established. Although the east is generally considered 'water rich' roughly a quarter of the basins were identified as AOCs; however, this is still in strong contrast to the west where 78% of the surface water basins are operating at or near their administrative limit. Little effort was noted on the part of eastern or western water managers to quantify non-fresh water resources. © 2018 The Author(s). Published by IOP Publishing Ltd.",Scopus,SEARCH_028
"Negotiating states of water: Producing illegibility, bureaucratic arbitrariness, and distributive injustices in Delhi",Truelove Y.,2018,10.1177/0263775818759967,https://www.scopus.com/pages/publications/85043372684?origin=resultslist,"State quantifications of Delhi’s water supply proclaim some of the highest levels of access in urban South Asia. However, accompanying such representations are a number of discrepancies and ambiguities, suggesting an appearance of legibility is produced in the absence of data and key calculations. This paper examines the co-production of both knowledge and ignorance with regard to the city’s water, showing how their entanglement serves to powerfully shape both urban biopolitics and diffuse modalities of state power. First, I demonstrate that the appearance of legibility is maintained through fragmented measurement and bureaucratic practices that build material ambiguity into the system. Secondly, I examine the political, discursive and material effects of such illegibility, which include outcomes that are both arbitrary in nature (inadvertently allotting more water to one area versus another) and well as more deliberate (attributing blame for water wastage and loss to the very populations and urban spaces most excluded from the grid). Rather than a lack of intelligibility diminishing the powers of the state, the material ambiguity of Delhi’s waters furthers an everyday water politics of diffuse state power by which water is politicized at the local level while larger (infra)structural fixes are left off the table. © The Author(s) 2018.",Scopus,SEARCH_028
Analysis of current and futurewater demands in the Upper Indus Basin under IPCC climate and socio-economic scenarios using a hydro-economic WEAP Model,Amin A.; Iqbal J.; Asghar A.; Ribbe L.,2018,10.3390/w10050537,https://www.scopus.com/pages/publications/85046687731?origin=resultslist,"Pakistan is currently facing physical and economic water scarcity issues that are further complicated by the rapid increase in its population and by climate change. Many studies have focused on the physical water scarcity using hydrological modeling and the measurement of the impact of climate change on water resources in the Upper Indus Basin (UIB). However, few studies have concentrated on the importance of the economic water scarcity, that is, the water management issue under the looming impacts of climate change and the population explosion of Pakistan. The purpose of this study is to develop a management strategy which helps to achieve water security and sustainability in the Upper Indus Basin (UIB) with the help of different socio-economic and climate change scenarios using WEAP (Water Evaluation and Planning) modeling. The streamflow data of five sub-basins (Gilgit, Hunza, Shigar, Shyok, and Astore) and the entire Upper Indus Basin (UIB) were calibrated (2006-2010) and validated (2011-2014) in the WEAP model. The coefficient of determination and Nash Sutcliffe values for the calibration period ranged from 0.81-0.96. The coefficient of determination and the Nash Sutcliffe values for the validation period ranged from 0.85-0.94. After the development of the WEAP model, the analysis of the unmet water demand and percent coverage of the water demand for the period of 2006-2050 was computed. Different scenarios were generated for external driving factors (population growth, urbanization, and living standards) and the impact of climate change to evaluate their effect on the current water supply system. The results indicated that the future unmet water demand is likely to reach 134 million cubic meters (mcm) by the year 2050 and that the external driving factors are putting more pressure on the supply service. This study further explores the importance of proposed dams (likely to be built until 2025) by WAPDA (Water and Power Development Authority). These dams will decrease the unmet water demand by 60% in the catchment. The water demands under four scenarios (the reference, moderate future-1, moderate future-2, and management scenarios) were compared. The management scenario analysis revealed that 80% of the water demand coverage could be achieved by the year 2023, which could help in developing sustainable water governance for the catchment. © 2018 by the authors.",Scopus,SEARCH_028
Analysing piped water service provider performance based on consumer perceptions,Roekmi R.A.K.; Chua L.H.; Baskaran K.,2018,10.1016/j.jup.2018.09.011,https://www.scopus.com/pages/publications/85054185454?origin=resultslist,"A consumer perception survey was conducted across 13 WSPs in Cikarang, Indonesia, to evaluate WSP performance around water continuity, supply pressure, water quality, and tariff affordability. The results showed that: (1) most respondents place water continuity as the most important indicator and expect uninterrupted supply; (2) significant differences exist between respondent expectations and perceptions, where most respondents perceive WSP performance as lower than what they expect; (3) consumer perceptions of performance were better for privately owned WSPs than government WSP. In the absence of performance monitoring and water surveillance, consumer perception can provide accurate initial assessments on performance, especially in identifying WSPs that perform poorly. © 2018 Elsevier Ltd",Scopus,SEARCH_028
Vaccination in newly arrived immigrants to the European Union,Prymula R.; Shaw J.; Chlibek R.; Urbancikova I.; Prymulova K.,2018,10.1016/j.vaccine.2017.05.079,https://www.scopus.com/pages/publications/85020240025?origin=resultslist,"The challenge of assimilating millions of immigrants in the European region each year presents significant socioeconomic issues. Among them is the threat of vaccine preventable diseases (VPDs) disease transmission within immigrant groups and the broader population given the permeability of nation state borders. A total of 3.8 million people immigrated to the European Union (EU) in 2014, among those were 1.6 million non-EU nationals. While vaccines have markedly reduced the transmission of disease, clusters of under-vaccinated individuals potentiate the rapid transmission of once-eradicated or controlled diseases. Immigrants pose a special challenge to host country public health vaccination programmes. Wars in their native countries may have interrupted vaccination programmes, documentation may be unavailable or unreliable, and refugees may present with health issues due to poor sanitation and food during transit. Further, immigrants are often reticent to access health care in the destination country, or may face financial or language barriers. Thus, preventive health care needs may go unaddressed and the first contact with a clinician is for an emergency. Equitable access to acute and preventive health care and services, including immunizations irrespective of individual's immigration status, should be a priority for European region countries. Ensuring appropriate and timely vaccination for immigrants could be accomplished with a universal European region immunization schedule. Priority should be given to highly communicable VPDs such as measles, mumps, rubella, pertussis, diphtheria, varicella and polio. © 2017",Scopus,SEARCH_028
South Africa's water crisis - An interdisciplinary approach; [Suid-Afrika se waterkrisis -'N Interdissiplinêre benadering],Viljoen G.; Van Der Walt K.,2018,10.17159/2224-7912/2018/v58n3a3,https://www.scopus.com/pages/publications/85054002048?origin=resultslist,"Water is an essential but scarce resource. Worldwide, an estimated 663 million people do not have access to sufficient and safe water for domestic use, and the demand is on the increase. It is estimated that the world will have to cope with a 40 per cent water supply shortfall by 2030, which will unavoidably affect the availability of drinking water, sanitation and food production. South Africa faces a particularly gloomy water reality. Not only is South Africa plagued by severe drought conditions, but it also has a poor record of water conservation, outdated and inadequate water treatment infrastructure, and lingering concerns about the quality and degradation of the already limited volume of available water. South Africa's political history, characterised by a reality of unequal access to water, adds additional and unique challenges as far as water resource regulation is concerned. Following the advent of the constitutional era, a novel legal framework for water resources regulation was developed in South Africa. The National Water Act 36 of 1998 (NWA) was promulgated with the primary aim of reforming the law relating to water resources. The NWA broke new ground by inter alia introducing the concept of public trusteeship into the South African water law. Section 3 of the NWA provides that all water use rights fall under the centralised control of the state, or public trustee, to improve the distribution, management, use, conservation and equitability of access to this scarce resource. Although the concept of public trusteeship entered the South African legal realm without much fanfare, it fundamentally changed the foundation and regulatory practices of the South African water law dispensation. The water regulatory framework changed from one that linked access to water to land ownership and differentiated between private and public water, to a framework that applies to “all water” in South Africa and that acknowledges that the country's water “belongs to all people”. Accordingly, the old system that provided for exclusive water use rights, and that was generally to the detriment of the majority of South Africans, has been replaced by a system that provides for water allowances granted at the discretion of government. The introduction of the notion of public trusteeship therefore denotes a major transformation in which existing property rights are re-defined. With this new system of the NWA, the South African government has effectively nationalised all of the nation's water resources. It has been almost 20 years since the transformation of South Africa's water regulatory framework, but the reality is that, despite the transformation brought about by the NWA, studies show a decline in the quantity and quality of South Africa's water resources. Adding to the problem that South Africa is a water scarce country, the demand for water is on the increase. Severe pollution such as the fact that approximately 4 billion litres of raw or partially purified sewage are discharged daily into South Africa's dams and rivers, as well as the widespread destruction of wetlands by mining and agricultural activities continue to impact negatively on the quality of the scarce water resource. One of the consequences of this is the growing presence of toxic blue-green algae in the water resources of South Africa, with an estimated 62 per cent of aquatic bodies already contaminated with cyanobacteria - the highest incidence in the world. In light of this water crisis, some may argue that the new regulatory framework, with its statutory objectives and strategies, is flawed. In order to determine whether the new regulatory framework for South Africa's water resources is indeed flawed, or whether the NWA is rather a beacon of hope amid the country's water crisis, this article analyses the novel water regulatory framework with specific reference to the concept of public trusteeship. In the second part, the article scientifically describes the state of South Africa's water resources. The third and last part of the article provides a legal response to the growing pressure on South Africa's water resources. It considers how the public trusteeship paradigm can be used to ensure that water is protected, used, developed, conserved, managed and controlled in a sustainable manner, for the benefit of all persons. The article confirms that the public trust regulatory regime is sufficient for water regulation in South Africa, and particularly relevant to a solution to the country's water crisis, as it offers the necessary mechanisms to achieve lasting protection for water resources, and ultimately to enhance sustainable water resource management. © 2018 Tydskrif vir Geesteswetenskappe. All Rights Reserved.",Scopus,SEARCH_028
"Techno-institutional models for managing water quality in rural areas: case studies from Andhra Pradesh, India",Reddy V.R.,2018,10.1080/07900627.2016.1218755,https://www.scopus.com/pages/publications/84984674331?origin=resultslist,"This article examines the rationale, technologies, economics and institutional modalities in water quality management operations to draw lessons for designing policies for sustainable service delivery at scale. While the rationale for providing potable drinking water at affordable prices is clear, their economic viability is weak given their present scale of operations. There is a need for institutional safeguards for selection of deserving villages and water quality monitoring. It is argued that public–private–community partnerships are economically viable and sustainable. Adopting appropriate technologies could help with addressing the water quality issues in a more comprehensive manner. © 2016 Informa UK Limited, trading as Taylor & Francis Group.",Scopus,SEARCH_028
"Readying community water fluoridation advocates through training, surveillance, and empowerment",Veschusio C.; Jones M.K.; Mercer J.; Martin A.B.,2018,10.1922/CDH_4021Veschusio04,https://www.scopus.com/pages/publications/85050767693?origin=resultslist,"This paper describes the Community Water Fluoridation Advocacy Training Project that was designed to develop networks of community water fluoridation advocates in rural communities. The South Carolina (SC) Department of Health and Environmental Control Division of Oral Health staff and the SC Dental Association were responsible for developing and facilitating the training sessions for key policy influencers, which included medical and dental providers, early childhood educators, and water system operators and managers. Findings from the post-training survey indicate that participants increased their knowledge and skills to discuss the impact of water fluoridation on the dental health of community residents. Participants identified a need for online access to water fluoridation education and advocacy materials. Dental public health competencies illustrated: communication and collaboration with groups and individuals to advocate, implement and evaluate public health policy, legislation and regulations. © BASCD 2018.",Scopus,SEARCH_028
"Improvements in essential newborn care and newborn resuscitation services following a capacity building and quality improvement program in three districts of Uttar Pradesh, India",Das M.; Chaudhary C.; Mohapatra S.; Srivastava V.; Khalique N.; Kaushal S.; Khanna R.; Chatterji S.,2018,10.4103/ijcm.IJCM_132_17,https://www.scopus.com/pages/publications/85047322068?origin=resultslist,"Background: Neonatal death remains a global challenge contributing to 45% of underfive deaths. With rising institutional delivery, to accelerate decline in neonatal mortality rate (NMR) improvement in the quality of perinatal care requires attention. Objectives: This implementation research targeted improving service delivery readiness for quality of newborn care at public health facilities in three districts of Uttar Pradesh, India, with high NMR. Materials and Methods: This before-after study assessed the facility readiness and quality of newborn services at 42 health facilities. The changes in 26 signal functions for routine and emergency obstetric and newborn care were tracked. Results: There was marked improvement in newborn service availability: skilled birth attendants (51%), resuscitation (30%), and kangaroo mother care (27%) at these facilities. A multifold rise in newborn resuscitation efforts and documentation (n = 4431 vs. n = 144 in preintervention period) with high success rate (98.6%) was observed. There was also improvement in obstetric care services including partograph use (31%) and active management of third stage of labor (46%). However, several infrastructural indicators (electricity, water supply, toilets, and sanitation) remained unchanged. Conclusion: Overall improvements were observed in the majority of the signal functions for perinatal care and newborn resuscitation efforts. There was a limited impact on the infrastructural and supervision components. © 2018 Indian Journal of Community Medicine.",Scopus,SEARCH_028
Assessing carbon pollution standards: Electric power generation pathways and their water impacts,Lim-Wavde K.; Zhai H.; Kauffman R.J.; Rubin E.S.,2018,10.1016/j.enpol.2018.05.067,https://www.scopus.com/pages/publications/85048964278?origin=resultslist,"This study evaluates transition pathways in electricity generation and their future water impacts. Scenarios that do or do not comply with the carbon pollution standards – based on the U.S. New Source Performance Standards and Clean Power Plan – are evaluated. Using the Electric Reliability Council of Texas region as an illustration, the scenarios with carbon regulations are shown to have lower CO2 emissions and water use from the power sector than the continuation of the status quo with more electricity generation from coal than natural gas. The benefits are due to increases in electricity generation from renewable sources and natural gas combined cycle (NGCC) plants plus retirements of existing coal-fired plants, which depend on natural gas and CO2 allowance prices. When CO2 is captured and sold for enhanced oil recovery with a price higher than $15 per short ton, water consumption is elevated because of more electricity generation from existing NGCC plants retrofitted with carbon capture and storage (CCS) technology. A stringent constraint on water withdrawals decreases electricity generation from existing power plants with once-through cooling, but increases overall water consumption because of an elevated share of plants with wet recirculating cooling systems in the fleet. © 2018 Elsevier Ltd",Scopus,SEARCH_028
Time-Continuous Phosphorus Flows in the Indian Agri-Food Sector: Long-Term Drivers and Management Options,Keil L.; Folberth C.; Jedelhauser M.; Binder C.R.,2018,10.1111/jiec.12560,https://www.scopus.com/pages/publications/85014194982?origin=resultslist,"Phosphorus (P) is a major agricultural nutrient and, in its mineable form, a potentially scarce resource. Countries with limited physical access to P should hence develop an effective national P governance. This requires analyses of trends and variations in P flows and stocks over time. Here, we present a long-term P flow analysis for the Indian agri-food sector from 1988 to 2011. Major P flows are imports of mineral P, fertilizer application, and uptake of animal fodder. The mineral P import dependency ratio is constant at around 93%. On average, 20% of P inputs to soils are lost through erosion. Key drivers of changes in P flows include population growth, dietary change, and agricultural intensification. To reduce its P fertilizer import dependence, India could, for example, substitute up to 19% of the presently applied mineral P if manure used as a household fuel were recycled, and up to 21% if P was fully recovered from wastewater and household waste. Comparing selected indicators for P use in agriculture with China and the European Union (EU) reveals that there are structural similarities, such as increasing fertilizer application rates and P accumulation in soils, with the first but large differences compared to the latter. The analyses highlight that in contrast to static indicators, the time-continuous tracking of P flows provides substantial advantages, such as the identification of long-term trends, drivers, and intervention options for sustainable P management, given that it allows for the interpretation of present indicators in the context of past trends and legacies. © 2017 by Yale University",Scopus,SEARCH_028
MM SpA: Integrated water service investments and financing strategy for the city of Milan,Cetti S.,2018,10.1007/978-3-319-71336-6_19,https://www.scopus.com/pages/publications/85045735301?origin=resultslist,"In such a peculiar territory as the City of Milan, endowed with high anthropization levels and high infrastructural density, the definition of a long-term investment strategy for the Integrated Water Service represents a very significant challenge. MM S.p.A., the multiservice company of the Municipality of Milan who is in charge of the IWS management, has developed an integrated strategic approach for entirely covering both the Uses and Sources pillars with reference to the investment included in the current ATO Plan, which will last until 2037. On the Uses side, the articulation of planned interventions has been defined, paying attention to innovation and environmental and social impact mitigation, also considering soft skills and factors that enable investment. On the Sources side, MM has implemented a long-term diversified financial strategy to obtain total coverage for investments up to 2037, avoiding refinancing risk and implementing innovative financial instruments for the Italian water sector, such as long-term amortizing notes listed on a regulated market and an EIB financing based on the EFSI (Juncker Plan) scheme, thus being the first signed EFSI project in Italy solely dedicated to water investments. These actions have also been made possible thanks to the length of its concession scheme and to the evolution of water industry regulation, which has been appreciated by institutional investors. © Springer International Publishing AG 2018.",Scopus,SEARCH_028
Identification of spatial-settling status of rural areas of southern Poland a case study,Prus B.; Bacior S.; Dudzinska M.,2018,10.22616/ERDev2018.17.N020,https://www.scopus.com/pages/publications/85048963866?origin=resultslist,"A spatial range of urbanisation is visible in the size of geographic space used “in an urban way”. In rural areas, spatial changes are mainly related to modifications to land use. The area of lands used agriculturally decreases in favour of built-up and urbanised areas including tourist and recreational lands, storage areas as well as commercial and service areas. Visible changes include the visual aspect and morphology of buildings due to the decreasing number of farm buildings and to the changing way of arrangement and density of buildings in rural areas. Modernisation of technical infrastructure takes place, including the development of transport network and its accompanying buildings as well as progress of the network of technical utility infrastructure (water distribution and sewage systems). An increase in the density of buildings and the floor area ratio, both vertical and horizontal, occurs in rural areas. There are some research questions, which factors most of all affect those urbanisation modifications? The aim of the paper is to assess the spatial-settling status of selected rural settlement units of southern Poland. Above all, the dependence between the density of buildings and the degree of coverage of the built-up and urbanised areas with housing developments in relation to the distance from an urban settlement was considered. Classification of the analysed objects by the spatial taxonomy method was performed to determine the similarity of settlement units in the spatial-settling aspect in the analysed area, which is important from the scientific point of view. The research was conducted in selected rural settlements in an area of Małopolskie Voivodeship in southern Poland. © 2018 Latvia University of Agriculture. All rights reserved.",Scopus,SEARCH_028
"Land-grabbing, land-use transformation and social differentiation: Deconstructing “small-scale” in Ghana's recent gold rush",Hausermann H.; Ferring D.; Atosona B.; Mentz G.; Amankwah R.; Chang A.; Hartfield K.; Effah E.; Asuamah G.Y.; Mansell C.; Sastri N.,2018,10.1016/j.worlddev.2018.03.014,https://www.scopus.com/pages/publications/85044928412?origin=resultslist,"Gold prices hit historic highs following the 2008 financial crisis, catalyzing an international gold rush. Along Ghana's Offin River, recent mining activities have irreversibly transformed the landscape and lives of local people. Cocoa farms, subsistence crops, forest, and other land-uses have been cleared, with significant implications for livelihoods and food security. Rivers and streams were rerouted into mining sites to wash sediment, impacting hydrology, including water quality. Abandoned pits now stretch for kilometers and pose everyday hazards to community members. While minerals law reserves “small-scale” mining as a right for Ghanaian citizens, both foreigners and Ghanaians control and mine concessions, reflecting complicated land-grabbing processes in the sector. Combining geospatial, ethnographic and quantitative methodological approaches with long-term international collaboration, this article examines the spatial and socio-environmental dimensions of “small-scale” gold mining. We employed remote sensing techniques, underutilized in land-grabbing research, to assess mining-mediated land-use changes along a portion of the Offin River. The total extent of mining increased 2,772.6 percent to 998.23 hectares between 2008 and 2013; “mine water” increased by 13,000 percent to cover 200 hectares. We argue these extensive land-use conversions are enabled through Ghana's contradictory and gendered land tenure systems. While scholars often characterize land deals as occurring through theft and dispossession, we found miners' access land through ad hoc negotiations before mining, compensation following crop destruction and outright dispossession. We detail the diverse actors and practices mediating informal land markets, and the uneven implications for people positioned within social and structural hierarchies, particularly women and “strangers.” Our research troubles “small-scale” categorizations and discursive representations of mining, and urges land-grabbing researchers to examine prolific smaller deals alongside transactions involving thousands of hectares. © 2018 Elsevier Ltd",Scopus,SEARCH_028
Public-Private Partnerships in Kenya’s Water Sector Management,Obosi J.O.,2018,10.1007/978-3-319-20928-9_3356,https://www.scopus.com/pages/publications/105008680406?origin=resultslist,"Public-private partnerships is a form of management in which the government teams up with a private sector to deliver public goods and services. The partnerships may be in terms of shared responsibility, outsourced, joint-venture, leases, or even shared contributions as either jointly agreed or as per the terms of contract. The provision of clean and safe water is both a human right and means to reducing poverty. Access to clean and safe water was one of the eight Millennium Development Goals (MDG) intended to facilitate reduction of poverty by 2015. The World Bank (Botting et al. 2010) observed that poor access to water supply often resulted from poor policies and management practices. As a means to enhancing access to safe water, Kenya introduced various management reforms in the water sector. Public-private partnership (PPP) became one of the outcomes of the reforms in the management of water sector. G…. © Springer International Publishing AG, part of Springer Nature 2018.",Scopus,SEARCH_028
Organization and Community Management of Water for Domestic Use in a Rural Community in Nicaragua,Zavala-Figueroa J.M.; Velázquez-Zapata J.A.,2018,10.1007/978-3-319-70560-6_16,https://www.scopus.com/pages/publications/85071570051?origin=resultslist,"This work aims to analyze the experience of a Nicaraguan rural community in the management of water for domestic use through the conformation of community committees, and the relationships that such committees have with the government and other relevant organizations. The research is conducted through the qualitative paradigm of social sciences; hence, the methodology is based on a case study where empirical data were collected through semi-structured interviews, focus group discussions and participant observation. The community organization for local management has emerged in order to meet a specific need; in this case, the water supply for domestic use. According to the collective action theory, this work demonstrates that the internal rules and regulations have favored the economic sustainability, the empowerment and the active participation of the community organization in order to obtain autonomy in the management of its resources. This research is important for it shows that the state’s recognition of the community organizations has favored the cooperative effort between communities, government and non-governmental organizations, facilitating the management process and the access to financial, technical and training resources. © 2018, Springer International Publishing AG.",Scopus,SEARCH_028
Tying the knot: An interdisciplinary approach to understanding the human right to adequate nutrition,Fanzo J.; Cordes K.Y.; Fox E.; Bulman A.,2018,,https://www.scopus.com/pages/publications/85061512681?origin=resultslist,"Malnutrition is alarmingly prevalent, affecting one in three people worldwide. In this Article, we argue that a key reason the global community has been unsuccessful in combatting malnutrition is a lack of clarity outside the field of nutrition regarding the true meaning of ""nutrition. "" In particular, this has limited the effectiveness of international human rights law as a mechanism for addressing malnutrition. In this interdisciplinary Article, which draws from both the legal and nutrition fields, we unpack the meaning of nutrition and demonstrate that a standalone right to adequate nutrition does indeed exist in international human rights law as a sum of other rights. This right to nutrition is, essentially, the sum of the human rights to food, health, education, water and sanitation, a healthy environment, information, political participation, and social security, along with rights ensuring adequate protection of and nondiscrimination against specific groups, such as women, children, and indigenous peoples. Having located the right to nutrition within international human rights law, we argue that it is important to package adequate nutrition as a standalone human right, and we propose the following definition: ""The right to adequate nutrition is realized when all people have access to (i) a diverse, adequate, quality, and safe diet that meets their basic nutritional needs, (ii) the biological means, conditions, and resources needed to support a health status that effectively manages or is absent of illness and disease, and (iii) the underlying resources that influence the contextual factors that affect a person's nutrition and health status, such as water, sanitation, hygiene, information, education, skills, income, physical and social capital, economic and natural resources, social protection, and political participation."" We then provide a diagnostic tool for using a human rights-based approach to address malnutrition, and conclude with practical recommendations for improving nutrition policy and governance in light of nutrition 's status as a standalone human right. © 2018 EBSCO Information Services. All rights reserved.",Scopus,SEARCH_028
Defining the risk to water and natural capital in cities with risk component analysis tool (DAPSET): Case study Łódź,Krauze K.; Włodarczyk-Marciniak R.,2018,10.1016/j.jenvman.2018.08.081,https://www.scopus.com/pages/publications/85053077190?origin=resultslist,"Management of water resources poses a particular challenge in cities, due to the extensive degradation of the urban ecosystem and its limited self-regulatory capacity as compared to natural systems. Effective management requires an in-depth understanding of the sources (drivers) giving rise to such risk. This paper reports on a participatory identification of such factors driving the risk to urban water resources in the city of Łódź Poland, carried out with the aim of testing a simple risk analysis tool (DAPSET - Drivers and Pressures - Strength Evaluation Tool), intended to yield the kind of complex data able to help assist city managers in decision-making processes. In the first part of the study, a number of selected public officials, students, researchers and NGO representatives were asked to rank the key socioeconomic drivers of water resources in the city. The four drivers identified as key (a low degree of environmental awareness among citizens, low law-enforcement efficiency, the city's low economic potential and land use changes) were then scrutinized in the second part of the study, which included a self-administered questionnaire designed to create a risk profile of drivers based on the DAPSET. Each of the four key drivers were analyzed with reference to eleven features. DAPSET revealed that all the key drivers share certain common features: they affect a large spatial scale, the damage they cause is persistent, and they involve either medium-high damage potential or probability of damage. The major differences between them stem from the dynamic features of the risk: societal attraction, invisibility, and availability of information. Analysis of the risk profiles so created against risk types pointed to the desirable directions of management and a need to go beyond standard actions. © 2018",Scopus,SEARCH_028
From herding to farming under adaptation interventions in southern Kenya: A critical perspective,Weesie R.; García A.K.,2018,10.3390/su10124386,https://www.scopus.com/pages/publications/85057241251?origin=resultslist,"Improving water supply for irrigable farming and livestock purposes in communities in Africa is an increasingly popular approach for community-based adaptation interventions. A widespread intervention is the construction of agro-pastoral dams and irrigation schemes in traditionally pastoral communities that face a drying climate. Taking the Maji Moto Maasai community in southern Kenya as a case study, this article demonstrates that water access inequality can lead to a breakdown of pre-existing social capital and former pastoral cooperative structures within a community. When such interventions trigger new water uses, such as farming in former pastoral landscapes, there are no traditional customary institutional structures in place to manage the new water resource. The resulting easily corruptible local water management institutions are a main consolidator of water access inequalities for intervention beneficiaries, where socio-economic standing often determines benefits from interventions. Ultimately, technological adaptation interventions such as agro-pastoral dams may result in tensions and a high fragmentation of adaptive capacity within target communities. © 2018 by the authors.",Scopus,SEARCH_028
Tracking user satisfaction of rural water services in northern ghana,Kumasi T.C.; Agbemor B.D.,2018,10.2166/washdev.2018.140,https://www.scopus.com/pages/publications/85048229858?origin=resultslist,"The article discusses the level of user satisfaction with actual handpump service levels and performance of service providers. In this paper, we outline some contradiction between actual service levels, performance of service providers and perception of water users. The findings suggest that users appeared satisfied with quantity and reliability of water facilities. In contrast, they were not satisfied with the time it takes them to access water, especially when the quantity of water diminishes. The sad irony is that tariffs are perceived affordable yet users are unwilling to pay for water. Their responses paint a picture of a payment system that is geared at reactive maintenance over preventative maintenance regime. It is worth noting here that this phenomenon raises questions on the sustainability of water systems when sound financial management is key to sustaining services. Service providers were perceived to perform better than they actually did. Perhaps this was due to lack of information and ignorance on the roles of service providers. In this regard it is imperative that the Community Water and Sanitation Agency (CWSA), implementing partners, the district assemblies and Water and Sanitation Management Teams (WSMTs) take steps to address the technical, social, financial and institutional factors during the planning, implementation and post-construction support which invariably affect sustainability. © IWA Publishing 2018.",Scopus,SEARCH_028
Water price optimization after the Melamchi Water Supply Project: Ensuring affordability and equitability for consumer's water use and sustainability for utilities,Ojha R.; Thapa B.R.; Shrestha S.; Shindo J.; Ishidaira H.; Kazama F.,2018,10.3390/w10030249,https://www.scopus.com/pages/publications/85042739517?origin=resultslist,"Sustainability of water supply services has been central to the main water supply agenda globally. In order to promote affordable, equitable, and sustainable water supply, this paper proposed a method to set the piped water price inside Kathmandu Valley, Nepal. The Melamchi Water Supply Project (MWSP) is currently under construction inside the valley to tide over the water deficit. Domestic water use and expenditure data were obtained from a household survey of 1500 households. Post-MWSP were developed based upon per capita water use and water price. Equity and affordability were evaluated by comparing the ratio of water expenditure to total expenditure of households (expenditure ratio: ER) in each service area. The expenditure for piped water service and alternate water sources was taken into account to calculate the total water expenditure. Sustainability was measured as the ratio of operation and maintenance cost to the total revenue of the utility (Working ratio: WR). The results show that an increase in water price by approximately 54% over the current price is necessary to meet operation and maintenance costs, assuming the WR to be 0.7. Approximately 30% increase in water use (a minimum of 80 LPCD) can be maintained post MWSP. However, water use of 135 LPCD increased the ER by more than 1%, which was the threshold of water affordability and may cause ground water stress. © 2018 by the authors.",Scopus,SEARCH_028
NGOs fostering transitions towards sustainable urban sanitation in low-income countries: Insights from Transition Management and Development Studies,van Welie M.J.; Romijn H.A.,2018,10.1016/j.envsci.2017.08.011,https://www.scopus.com/pages/publications/85028382693?origin=resultslist,"Globally, 756 million people in urban areas have no access to improved sanitation, while the urban population is increasing rapidly. Providing toilets has often not been a sustainable solution because of failure to link them to the necessary service infrastructure. Resolving urban sanitation problems in low-income countries requires innovations in approaches covering infrastructure, technology, social embedding, financial mechanisms and cost recovery. This paper explores the potential challenges and contribution of NGOs in facilitating new, integrated solutions to urban sanitation problems that address the entire sanitation chain, promising better social, financial and environmental sustainability. A case study of a sanitation project initiated by a large Dutch NGO is presented, using reconstruction of project documentation and interviews with project stakeholders. The analytical framework combines elements from Transition Management (TM) with insights from process approaches to development projects and community development. The choice of the TM concept is motivated by the notion that the new NGO approaches could be conceived as efforts to initiate a sustainability transition process in urban sanitation, whereas its complementation with insights from the development studies domain answers to the need to attune a TM-based framework to participation in the socio-institutional context in low-income countries, to understand the progress of governing transition processes in informal, low-income settings. This context requires special attention for capacity-building and creation of organizational structures in poor local communities. The case study shows that this entailed specialised groundwork, with which the NGO laid a crucial foundation that enabled transition frontrunners to act. Simultaneously, this focus on bottom-up empowerment created challenges for the NGO in effectively involving the right frontrunner actors who could put pressure on incumbent societal structures and institutions. We conclude that transitions in low-income contexts require extra attention to local empowerment and institution building to lay the required foundations for a locally rooted transition process. Development NGOs like the one in our case study have the skills to do this, but need to learn how to combine these with additional necessary competences to facilitate systemic change. © 2017 The Author(s)",Scopus,SEARCH_028
Automated System of Frequency Control for Drive of Cascade Pump Station of Random Configuration,Makarov A.; Kukhtik M.,2018,10.1109/URALCON.2018.8544349,https://www.scopus.com/pages/publications/85059801459?origin=resultslist,"The automated frequency control system of a cascade pump station has been developed. The mathematical modeling of a developed system has been carried out. The parameters of the control system transfer function have been calculated. The system simulation modeling without and with perturbation actions and with the use of the proportional-plus-integral control law has been implemented. The universal functional unit has been developed in the control program. This unit will allow controlling the pumps of a random number and with random power circuit. The use of this control system allows enhancing reliability of the water supply network, improving output characteristics of the system for the consumer, reducing the deterioration of pumping equipment and electric energy consumption. © 2018 IEEE.",Scopus,SEARCH_028
"Adapting to urban challenges in the Amazon: flood risk and infrastructure deficiencies in Belém, Brazil",Mansur A.V.; Brondizio E.S.; Roy S.; de Miranda Araújo Soares P.P.; Newton A.,2018,10.1007/s10113-017-1269-3,https://www.scopus.com/pages/publications/85039072287?origin=resultslist,"Sustainable urban infrastructure transition is perhaps the biggest challenge confronting cities in the global south in a time of climate change. Fast-growing cities are increasingly faced with deficiencies in the provisioning of public infrastructures, such as delivering water and sewage treatment and mitigating the risk of flooding to large segments of the population. Problems such as flooding encapsulate both structural and individual dimensions of adaptation. In this paper, we present a conceptual framework to analyze urban adaptation to increasing flood risk in the capital city of Belem in the Brazilian Amazon. Our analysis focuses on two domains of adaptive capacity to floods: generic capacity (provisioning of basic infrastructure and services) and specific capacity (effective flooding response, proactive strategies for risk reduction). We combined data from census sector and household semi-structured interviews, focus group discussions, observational and archival data, and photo documentation to analyze both capacities in the city of Belém. Our findings indicated deficiency and intra-urban variability of both generic (water supply, sanitation, waste management, and adequate storm drainage) and specific capacities (specific individual and community and political actions for flood mitigation). However, significant inequalities exist across sectors of the population. Poorest urban sectors present higher deficits of generic adaptive capacity related to infrastructure. The expansion of vast areas of informal settlements, lack of basic infrastructure, and failed projects to reduce flood risk also challenge the specific adaptive capacity of households. A perception of corruption associated with public projects and high levels of violence also prevent cooperation and collective action among residents affected by flooding. © 2017, Springer-Verlag GmbH Germany, part of Springer Nature.",Scopus,SEARCH_028
Sustainable food waste-to-energy systems,Trabold T.A.; Babbitt C.W.,2018,10.1016/C2016-0-00715-5,https://www.scopus.com/pages/publications/85070875431?origin=resultslist,"Sustainable Food Waste-to-Energy Systems assesses the utilization of food waste in sustainable energy conversion systems. It explores all sources of waste generated in the food supply chain (downstream from agriculture), with coverage of industrial, commercial, institutional and residential sources. It provides a detailed analysis of the conventional pathways for food waste disposal and utilization, including composting, incineration, landfilling and wastewater treatment. Next, users will find valuable sections on the chemical, biochemical and thermochemical waste-to-energy conversion processes applicable for food waste and an assessment of commercially available sustainable food waste-to-energy conversion technologies. Sustainability aspects, including consideration of environmental, economic and social impacts are also explored. The book concludes with an analysis of how deploying waste-to-energy systems is dependent on cross-cutting research methods, including geographical information systems and big data. It is a useful resource for professionals working in waste-to-energy technologies, as well as those in the food industry and food waste management sector planning and implementing these systems, but is also ideal for researchers, graduate students, energy policymakers and energy analysts interested in the most recent advances in the field. © 2018 Elsevier Inc. All rights reserved.",Scopus,SEARCH_028
Assessment of nitrate in wells and springs in the North Central Ethiopian Highlands,Akale A.T.; Moges M.A.; Dagnew D.C.; Tilahun S.A.; Steenhuis T.S.,2018,10.3390/w10040476,https://www.scopus.com/pages/publications/85045434668?origin=resultslist,"Under the auspices of the UN Millennium Development Goals, access to safe drinking water in the developing world, including the Ethiopian highlands, has improved greatly. However, in many cases, it is not known how safe the water is. With the intensification of agriculture and increasing applications of fertilizers, high levels of nitrate are a concern. The objective of this study is to assess the nitrate levels in drinking water supply systems. To assess nitrate levels, we sampled 213 water supply points in a 4880 km2 area in the northwest Ethiopian highlands. The results show that the average concentration was below the World Health Organization (WHO) health standard of 10 mg N-NO3/L. The average concentration in wells was 3.3 mg N-NO3/L and in springs was 1.8 mg N-NO3/L. Only in three wells, that were in agricultural cropped areas, was the WHO standard exceeded. Wells in the agricultural fields had an average nitrate concentration of 3.6 mg N-NO3/L, which was almost twice that on grazing land and four times that in upland wells. Spatially, the groundwater nitrate concentrations were greater in the moderately sloped parts of the study area where agriculture was intensive and denitrification limited. Thus, although current nitrate levels are safe, in the future, the nitrate concentration could exceed the WHO health standard when fertilizer use increases. © 2018 by the authors.",Scopus,SEARCH_028
"A qualitative assessment of disability friendly water and sanitation facilities in primary schools, Rumphi, Malawi",Zaunda H.; H. Holm R.; Itimu-Phiri A.; Malota M.; White S.,2018,10.1080/0376835X.2018.1461610,https://www.scopus.com/pages/publications/85045474724?origin=resultslist,"Students with disabilities commonly face barriers when accessing water and using sanitation and hygiene facilities at school. International frameworks have prompted governments to enact local policies that enshrine these rights, guarantee equitable access to education and mandate inclusive infrastructure. This research was designed to explore whether Malawi has translated good policies into practice. Data were gathered in Rumphi district, Malawi, through structured field observations in ten schools and interviews with students with a disability (n = 23), teachers (n = 11) and government stakeholders (n = 2). No school had facilities that fully meet the needs of students with disabilities, and private schools were not necessarily better. The cost of bringing existing infrastructure up to standard was on average MK54 000 (US$78). However, proactive consultation with children with a disability is likely to generate alternative low-cost short-term solutions. Increased government support, budgeting and enforcement is necessary to ensure international standards and national policies are met. © 2018, © 2018 Government Technical Advisory Centre (GTAC).",Scopus,SEARCH_028
Malaysian Entrepreneurship through 'Building Back Better' (BBB) Agenda in the Redevelopment of Banda Aceh,Takim R.; Mohammad M.F.; Nawawi A.H.,2018,10.1016/j.proeng.2018.01.042,https://www.scopus.com/pages/publications/85043389006?origin=resultslist,"The massive disaster earthquake has triggered Tsunami on 26 December 2004 and shattered capital city of Banda Aceh. The utmost affected components are infrastructure and services which require further redevelopment initiatives for 'Build Back Better' (BBB) agenda. These initiatives provide an opportunity for Malaysian entrepreneurs to invest for redevelopment projects of Banda Aceh. Inspired by the Construction Industry Transformation Programme (CITP), capitalising on potential market abroad; the aim of the research is to establish business potentials for Malaysian entrepreneurs in Banda Aceh. In order to achieve the aim, the objective of this paper is to identify the critical needs of Acehnese from various sectors (i.e., social economics; amenities, infrastructure and facilities; Legal and Political; and Technology). A-three-month of data collection was conducted in the form of literature search and document analysis from Banda Aceh Master Plan for Rehabilitation and Reconstruction. To underpin the findings, a one-day workshop with expert panels from the Indonesian Central Statistics Agency; government officials from Badan Penanggulangan Bencana Aceh (BPBA) and researchers from Universitas Syiah Kuala, Aceh were employed. The findings revealed four critical business potentials for Malaysian entrepreneurs in Banda Aceh. These are water supply improvement; upgrading sanitation system; energy generation and improvement fisheries services. Collective incentives by Governments of Malaysia, Indonesia and Aceh to assist Malaysian entrepreneurs in terms of law and regulations; tax exemptions and access to financing are required to be more strategic in the transformation of political relations, community recovery, rehabilitation and redevelopment of post-disaster agenda. © 2018 The Authors. Published by Elsevier Ltd.",Scopus,SEARCH_028
"Integrated Water Resources Management, Institutions and Livelihoods under Stress: Bottom-Up Perspectives from Zimbabwe",Mabiza C.C.,2018,10.1201/b14881,https://www.scopus.com/pages/publications/85141094357?origin=resultslist,"Most of southern Africa is semi-arid. Parts of the region, such as the Limpopo river basin, are characterised by low rainfall totals. More than half of the region’s population has limited access to water. High dependence on rainfed agriculture to a large extent accounts for food insecurity and high incidence of poverty in the Limpopo river basin. These factors make improved water resources management a critical need as it can potentially contribute towards raising the standards of human welfare and socio-economic development. As part of efforts towards improving water resources management most countries riparian to the basin have adopted Integrated Water Resources Management (IWRM) as a framework within which water is managed. Early adopters of IWRM, such as Zimbabwe, have already gone past the first decade of implementing IWRM. Given the time that has passed since the adoption of IWRM, it is important that an analysis be made on whether, and how, IWRM has improved practices in water resources management and contributed towards improved livelihoods within the river basin. This is critical, either for the improvement of IWRM as it is being implemented, or for the development of new water management frameworks. Using a bottom-up approach, this study analyses water management practices and livelihoods at the local level. The context of the study is a river basin under stress, both in terms of the agro-ecological (natural) conditions, and in terms of socio-politico-economic conditions. The purpose of the study is to try and understand what are the practices in water resources management at the local level, and what are the drivers of those practices? Water resources management, among other things, is supposed to improve livelihoods, and this need to understand livelihoods explains why a bottom-up approach was chosen for this study. The study also opts for a multi-foci approach to broaden understanding of practices in water resources management in different livelihood contexts. In literature it is common to find analyses that fragment livelihood issues, such as focusing on access to water for domestic uses only, or on water for productive uses only. This gives an incomplete picture of how water resources are managed at the local level. The study adopts a case study approach, and analyses five cases on: practices in access to water for domestic and productive uses, efforts at sustaining livelihoods and the environment, water management for agriculture, contestations over urban water services and river basin planning. In all cases an understanding of what actually drives practices in water resources management was sought. The study made a review of IWRM as a water management framework. The review analysed IWRM from a conceptual perspective and from a practical standpoint in terms of implementing the framework. At the conceptual level a critical observation made was that IWRM appears not to directly target improving livelihoods. This to a large extent explains why the development of physical infrastructure, which can improve people’s access to water, is often not considered in IWRM programmes. Furthermore, it was observed that IWRM is not clear on what needs to be integrated. On the aspect of integration IWRM was found to be under criticism on two fronts. On the one hand IWRM is accused of not being realistic about what can be integrated. It is considered tobe bringing too many issues under the umbrella of water resources management. On the other hand it is attacked for not being integrative enough. Critics argue that a lot of important issues are left out of the framework. However, challenges encountered in the implementation of IWRM have led to calls for ‘Light IWRM’ to be substituted for full IWRM. The first empirical case presented in this study tried to answer the question, what drives practices in water resources management at the local level? Practices of water users were analysed at different sources of water and water infrastructure, specifically a borehole, a wetland and a wind-powered water infrastructure. The concepts of practice, interaction and institutional bricolage were used to investigate local water resources management. Focus group discussions, interviews and participant observer methods were used to gather data for the chapter. The study found out that, although in Zimbabwe IWRM has been in place for about a decade, practices in water resources management at the local level were still taking place outside the framework. Catchment and subcatchment councils were found to be absent at the local level, and therefore not influencing practices in water resources management. The chapter found that practices in water resources management at the local level were mainly influenced by the socioeconomic and physical context in which water exists and is managed. At some waterpoints it was found that the semi-arid conditions in the catchment, combined with dysfunctional technology, heightened perceptions of an impending water scarcity. This to an extent account for why rules put in place by local committees were often broken by water users. An important finding was that at waterpoints where water was used for productive uses, infrastructure tended to be better maintained than where it was used only for domestic uses. This suggests that within the IWRM framework more effort should be made to ensure that vulnerable groups in society have increased access to water for productive uses. The chapter concluded that the approach of forming new institutions in response to water resources management challenges needs to be questioned. There is potential that water resources management can be improved by addressing livelihood concerns, such as through providing water for productive uses. An investigation into how local actors try to ‘sustain’ livelihoods and the environment (catchment management) was also made, as the second case of the thesis. The context in which the analysis was made was characterised by an adverse socio-economic and physical environment. Analysis centred on two cases, one on gold panning and another on a gully reclamation project, both activities which have a bearing on water resources. It was found that actors at the local level were being driven by the socio-economic and semi-arid environment to exploit the physical and the institutional resources at their disposal. Actors were found to adopt contradictory practices, on the one hand engaging in environmentally-friendly projects, and on the other hand creating environmental hazards in the same catchment. Taking part in environmental reclamation projects implemented by non-state actors as Food For Work (FFW) projects enabled local actors to access food hand-outs. However, when non-state actors stopped handing out food actors dropped out of the environmental management project. This supports the view that although FFW try to address livelihood challenges, the reality is that the majority of the world’s vulnerable population are affected by chronic hunger which cannot be solved through piecemeal andshort-term efforts. Furthermore, treating water as an economic good as currently formulated in the fourth Dublin Principle can potentially worsen environmental management by reducing access to water by the poor. An improvement of that particular Dublin Principle is therefore necessary. Another aspect of local water management investigated was that of agricultural water management at the field-level, focusing on rain-fed farming, which made the third case. Narratives of different actors were used to analyse how field level water management techniques are being promoted as conservation agriculture among smallholder farmers. It was found that the main tenets of conservation agriculture being promoted include minimum tillage, nutrient management and mulching. This package of practices was found to be beyond the capacity of smallholders, the major complaint being that the labour demands of the practices are too high. However, smallholder farmers were found to be adopting conservation agriculture because of offers of free seed and other inputs from non-state actors. A conclusion reached in the chapter was that smallholders were aligning themselves to non-state actors promoting conservation agriculture for livelihood purposes, and not necessarily because of the potential of conservation agriculture to increase yields. The fourth case made an analysis of how context accounts for the contestations over the control of urban water services. The case was based on the proposal by central government for the national water authority to take-over the city of Bulawayo’s water services. This resulted in contestation over the city’s water services between the local authority and the city’s residents on one side, and central government on the other. It was found that central government advanced reasons of efficiency to justify the proposed takeover. However, at the heart of the contestation was the symbolic meaning of water. To the city residents water services represented defiance, to nature as the city is in a semi-arid environment, and to central government as the city had built its own dams over the years. To the government capturing the water services would allow it to more directly control the urban authority. A conclusion reached was that, contrary to prescriptions of international financial institutions, economic efficiency alone cannot explain why certain water resources management models are accepted while others are rejected. In some cases water resources management models are accepted or rejected based on the social value attached to water. This finding suggests that the manner in which IWRM has to date been promoted and subsequently been accepted or rejected in the developing world could possibly be linked to governance in general rather than to water specific issues. The last empirical chapter analysed processes in river basin planning, and whether or not their outcomes match the livelihood realities of water users. This was done by analysing processes through which the draft catchment outline plan for the Mzingwane catchment was made. It was found that the making of the draft plan involved minimal participation by stakeholders as the strategies for collecting data for the plan failed to garner the support of stakeholders. The socio-economic context in which the draft plan was made was a major hindrance to the involvement of stakeholders. Thus although guidelines and the law provided for consultations, these could not be effectively held. The limitedparticipation of stakeholders explains why the draft plan failed to address livelihood challenges, such as those of access to water for both domestic and productive uses. An overall conclusion which the study makes is that, although the adoption of IWRM assumes that water resources management can be improved through internationally acclaimed frameworks, local socio-politico-economic and physical factors to a large extent drive the water resources management practice. Thus improving water resources management cannot be tackled in isolation from improving livelihoods. © 2013 by Taylor & Francis Group, LLC.",Scopus,SEARCH_028
Achieving Stormwater Resource Management in Californian Communities in the Sierra Nevada,Sun Y.-H.; Abelson J.E.; Marquez M.F.; Guo R.; Payne K.; Hamilton S.,2018,10.1061/9780784481431.011,https://www.scopus.com/pages/publications/85048966686?origin=resultslist,"Stormwater has become recognized as a resource that should be managed within integrated water management to balance socioeconomic development and environmental protection. California recently adjusted policies, regulations, and guidelines to support stormwater as a resource, and to consider investments that promote stormwater monitoring, capture, treatment and reuse, green infrastructure, groundwater augmentation, and low impact development. This paper summarizes the development of a comprehensive strategy to manage stormwater as a resource in the west slope of El Dorado County, which has unique constraints given its foothill location, urban, rural, and agricultural land uses. The resulting plan is a multipronged approach customized for its foothill setting which considers its regional reservoirs, watershed management, and integration of stormwater management. The plan incorporates prioritized actions, affordability considerations, and nexus to other related resource planning and implementation efforts to support efficient and responsible implementation. © 2018 American Society of Civil Engineers.",Scopus,SEARCH_028
"Topology, robustness, and structural controllability of the Brazilian Federal Police criminal intelligence network",da Cunha B.R.; Gonçalves S.,2018,10.1007/s41109-018-0092-1,https://www.scopus.com/pages/publications/85058509485?origin=resultslist,"Law enforcement and intelligence agencies worldwide struggle to find effective ways to fight organized crime and reduce criminality. However, illegal networks operate outside the law and much of the data collected is classified. Therefore, little is known about the structure, topological weaknesses, and control of criminal networks. We fill this gap by presenting a unique criminal intelligence network built directly by the Brazilian Federal Police for intelligence and investigative purposes. We study its structure, its response to different attack strategies, and its structural controllability. Surprisingly, the network composed of individuals involved in multiple crimes of federal jurisdiction in Brazil has a giant component enclosing more than half of all its edges. We focus on the largest connected cluster of this network and show it has many social network features, such as small-worldness and heavy-tail degree distribution. However, it is less dense and less efficient than typical social networks. The giant component also shows a high degree cutoff that is associated with the lack of trust among individuals belonging to clandestine networks. The giant component of the network is also highly modular (Q=0.96) and thence fragile to module-based attacks. The targets in such attacks, i.e. the nodes connecting distinct communities, may be interpreted as individuals with bridging clandestine activities such as accountants, lawyers, or money changers. The network can be disrupted by the removal of approximately 2% of either its nodes or edges, the negligible difference between both approaches being due to low graph density. Finally, we show that 20% of driver nodes can control dynamic variables acting on the whole network, suggesting that non-repressive strategies such as access to basic education or sanitation can be effective in reducing criminality by changing the perception of driver individuals to norm compliance. © 2018, The Author(s).",Scopus,SEARCH_028
Data of thematic analysis of farmer׳s use behavior of recycled industrial wastewater,Aljerf L.,2018,10.1016/j.dib.2018.09.125,https://www.scopus.com/pages/publications/85054627394?origin=resultslist,"Farmers are concerned in the chemical supply chain (manufacturers, vendors, workers, and consumers) of the agricultural products through their understandings of the safety information (i.e. reading labels such as skull and crossbones symbols, volatile organic compound logo or the fish and tree symbol) and the factors influence misuse of irrigation and disposal behavior. Having recognized a methodological gap, this contribution was intended to investigate qualitatively (textural analysis) the determinants of the use behavior (UB) of farmers irrigating their lands by the recycled industrial wastewater (RIWW) (Aljerf, 2018) [1] using the exploratory investigation based on the single embedded case design. Such combined analytical methods enabled us to achieve both detailed insights into perceptions, behaviors, and an objective understanding of the prevailing opinions that occurred within and between the focus farmers group׳ discussions related around awareness, trust, access and disposal actions within the supply chain. Using the snowball sampling approach, verbal data were collected from 55 Syrian farmers. 5 × 11,000 US gallons (43,900 L) of the RIWW were delivered to each farmer upon request between May and October 2017. After a month of each distribution, the participant farmer was interviewed. To increase the validity of the data, method triangulation was implemented which encompassed participant observation, group debates, and unstructured interviews. The hermeneutic units were analyzed using the pattern-matching method in the Atlas.ti software (version 6.0.15) and the grounded concepts (determinants) were investigated to establish the hypothetical framework at three levels: intrapersonal, interpersonal, and institutional. © 2018 The Authors",Scopus,SEARCH_028
Social acceptance for reclaimed water use: A case study in Bengaluru,Ravishankar C.; Nautiyal S.; Seshaiah M.,2018,10.3390/recycling3010004,https://www.scopus.com/pages/publications/85060401345?origin=resultslist,"The main source of water to the peri-urban areas of Bengaluru is groundwater. Access to groundwater is through tankers, private borewells, Bruhat Bengaluru MahanagaraPalike (Urban Local Body) borewells, and public stand posts. All modes other than tankers provide water to the community free of charge. Reclaimed water from sewage treatment plants (STPs) is in use by industries and some gated communities and multistoried apartments for toilet flushing and landscaping. For individual households in peri-urban areas of Bengaluru, it could be an additional water source replacing expensive water supply through tankers; reducing demand for groundwater (a finite resource); improving the sanitation system by providing drainage systems and preventing groundwater contamination from black and grey water. Consequently, this research paper investigates the willingness of residents in peri-urban areas of Bengaluru to use reclaimed water for non-potable end uses. To investigate residents’ willingness and key motivations for the use of reclaimed water, a survey of residents in the peri-urban ward of Bellandur was conducted. In this region, the sewerage board had prepared a media advertisement to create awareness of—and to sell—reclaimed water to other users, including local residents. This advertisement was shown to respondents, asking if they were willing to accept and buy the reclaimed water at 15 Indian Rupees (INR) per kiloliter. Sixty-seven percent of residents who were household owners were willing to buy reclaimed water, 20% were concerned about hygiene, and 33% of respondents lacked trust in the public agency with respect to water quality standards. The study concludes that public awareness from key stakeholders is essential for the reuse of reclaimed water. It also recommends stringent regulation by levying fees for groundwater extraction in addition to making reclaimed water readily available and supplied free of charge to the consumers. In addition, the quality of reclaimed water should meet international standards to gain the confidence of the people. © 2018 by the authors. Licensee MDPI, Basel, Switzerland.",Scopus,SEARCH_028
Profiling the airway in the macaque model of tuberculosis reveals variable microbial dysbiosis and alteration of community structure,Cadena A.M.; Ma Y.; Ding T.; Bryant M.; Maiello P.; Geber A.; Lin P.L.; Flynn J.L.; Ghedin E.,2018,10.1186/s40168-018-0560-y,https://www.scopus.com/pages/publications/85054771831?origin=resultslist,"Background: The specific interactions of Mycobacterium tuberculosis (Mtb), the causative agent of tuberculosis (TB), and the lung microbiota in infection are entirely unexplored. Studies in cancer and other infectious diseases suggest that there are important exchanges occurring between host and microbiota that influence the immunological landscape. This can result in alterations in immune regulation and inflammation both locally and systemically. To assess whether Mtb infection modifies the lung microbiome, and identify changes in microbial abundance and diversity as a function of pulmonary inflammation, we compared infected and uninfected lung lobe washes collected serially from 26 macaques by bronchoalveolar lavage over the course of infection. Results: We found that Mtb induced an initial increase in lung microbial diversity at 1 month post infection that normalized by 5 months of infection across all macaques. Several core genera showed global shifts from baseline and throughout infection. Moreover, we identified several specific taxa normally associated with the oral microbiome that increased in relative abundance in the lung following Mtb infection, including SR1, Aggregatibacter, Leptotrichia, Prevotella, and Campylobacter. On an individual macaque level, we found significant heterogeneity in both the magnitude and duration of change within the lung microbial community that was unrelated to lung inflammation and lobe involvement as seen by positron emission tomography/computed tomography (PET/CT) imaging. By comparing microbial interaction networks pre- and post-infection using the predictive algorithm SPIEC-EASI, we observe that extra connections are gained by Actinomycetales, the order containing Mtb, in spite of an overall reduction in the number of interactions of the whole community post-infection, implicating Mtb-driven ecological reorganization within the lung. Conclusions: This study is the first to probe the dynamic interplay between Mtb and host microbiota longitudinally and in the macaque lung. Our findings suggest that Mtb can alter the microbial landscape of infected lung lobes and that these interactions induce dysbiosis that can disrupt oral-airway boundaries, shift overall lung diversity, and modulate specific microbial relationships. We also provide evidence that this effect is heterogeneous across different macaques. Overall, however, the changes to the airway microbiota after Mtb infection were surprisingly modest, despite a range of Mtb-induced pulmonary inflammation in this cohort of macaques. © 2018 The Author(s).",Scopus,SEARCH_028
Parasitic zoonoses as a global and local problem of sanitation and hygiene over the world and in the Russian Federation,Bittirov A.M.,2018,10.18821/0016-9900-2018-97-3-208-212,https://www.scopus.com/pages/publications/85049576732?origin=resultslist,"This article is devoted to the analysis of parasitic zoonoses as a global and local problem of sanitation and hygiene over the world and in the Russian Federation. Parasitic zoonoses in the world and in the Russian Federation are a complex multilevel biologically protected in terms of ecosystem, epidemiologically significant and sanitary and hygienic problem of modern medicine and veterinary medicine, which includes a number of widespread human invasions, caused by representatives of 17 species of the Protozoa class; 20 species of the Trematoda class; 12 species of the Cestoda class; 29 species of the Nematoda class; 64 species of the Acantocephalus class; 6 species of the Pentastoma class and others (total more than 500 species). To forecast in connection with climate warming, in the future it will be possible to consider the probable expansion of the area and the gain in the incidence of human and many animal species (more than 100 macro and micromammal species) with parasitic zoonoses on a global scale, where the main argument is the incomplete scale of special antiparasitic measures, poor hygienic culture of the population and the implementation of pedagogical technologies in the field of sanitary and hygienic education. As a sanitary and hygienic problem, parasitic zoonoses with complex cycles and invasion transfer mechanisms that actively circulate between various vertebrate animals and humans directly and indirectly through eggs and larvae of pathogens with the tendency of total contamination of the habitat of animals and humans are presented in frameworks of the global and local scale. Violations and non-compliance with sanitary and hygienic requirements and regulations (to the point without the countries of the world with irreproachably developed by the medical and veterinary services of the world and WHO at the UN) cause a 3-6 level biological protection of parasitic systems of bio- and geogelmintoses, protozoans of zoonotic nature (parasites of this type, Diphyllobothriidae, Opisthorchidae, Anisakidae, Trichinella, etc., Ascaris, Toxocara, Trichostrongylus, Trichocephalus, Fasciola, Dicrocoelium, Echinococcus, Dracunculus, Fasciolopsis, Moniliformis, Toxoplasma, Entamoeba and many others), which postponed their devaluation even in the regional scale. Therefore, health education should take an important place in the politics of each state, and it must be globally comprehensive. All medical and veterinary requirements to the quality of meat, fish, and plants must be strictly observed, which reduces the risk of parasitoses of the population and animals. © 2018 Izdatel'stvo Meditsina. All rights reserved.",Scopus,SEARCH_028
Urban Water Management,Molinos-Senante M.,2018,10.1007/978-3-319-76702-4_9,https://www.scopus.com/pages/publications/85060683944?origin=resultslist,"Over the last 30 years, the Chilean water industry has carried out significant legal and institutional reforms to improve water and sanitation services (WSS), becoming a success example from the point of view of coverage and service quality. One of the most important reforms was the privatization of the urban WWS, so currently fully private and concessionary water companies provide WSS to 95.8% of urban customers. The reform also involved a change in the regulatory model followed to set water tariffs. It is based on the definition of a hypothetical efficient company. However, the Chilean water industry presents important challenges to address in coming years. The average percentage of non-revenue water is larger than the established for the efficient model. It reveals a problem of asymmetric information in the process to set water tariffs among the regulator and water companies. In addition, water tariffs do not integrate effectively the scarcity value of water. Further improvement of wastewater treatment systems is also a challenging issue for the Chilean water companies. As in many areas, climate change has increased the probabilities of droughts, floods and extreme turbidity events which require several adaptation strategies to be managed properly. © 2018, Springer International Publishing AG, part of Springer Nature.",Scopus,SEARCH_028
Update on microbiological quality assurance meat and meat products in Morocco; [Mise au point sur l'assurance de la qualité microbiologique des viandes et des produits à base de viande au Maroc],Rachidi H.; Latrache H.,2018,10.1016/j.respe.2017.11.010,https://www.scopus.com/pages/publications/85043455477?origin=resultslist,"Background: Food safety has become an absolute necessity in all countries. As a result, Morocco has taken several measures and actions to develop food safety and food-borne disease control. Objective: This study aimed to highlight the level of improvement in the quality assurance of meat and meat products in Morocco. Method: It is based on a non-exhaustive review of the regulatory texts governing food safety in the country, as well as a statistical study on establishments of meat and meat products adopting a self-checking system and approved by the National Office of Sanitary Safety of Food. Results: Morocco has introduced several laws and regulations requiring sanitary control of food products. Also, the number of establishments of meat and meat products adopting a system of self-control and approved by the National Office of Sanitary Safety of Food has improved significantly. It has increased from 58 in 2007 to 273 in 2016. Conclusion: The adoption of self-monitoring systems allows better access to international markets, improved quality of food products and a considerable reduction in microbial contamination. © 2018 Elsevier Masson SAS",Scopus,SEARCH_028
Analysis of Implementation Green Infrastructure of Bregas Regional Water Supply System,Anom G.; Sudarno S.,2018,10.1051/e3sconf/20187307014,https://www.scopus.com/pages/publications/85059652986?origin=resultslist,"The eco-friendly drinking water supply system (Green WSS) is an important issue in Indonesia's development related to the low implementation of Green WSS in existing water supply building. While the current water supply system development criteria should have more efficient and eco-friendly infrastructure. This study aims to assess the implementation of Green WSS on Bregas Regional Water Supply System. Regional Water Supply System service areas of Bregas include Brebes Regency, Tegal City, and Tegal Regency with total discharge of 650 L/sec will be able to serve 52.000 connection house or some 260.000 people. Analysis method that used in this research is scoring analysis of Green WSS indicator and SWOT analysis, data collection obtained by interview, observation, and document study related to planning phase, construction phase, and operational and maintenance phase. According to the results of scoring analysis Green WSS indicator, Bregas Regional Water Supply System has a score of 264 out of 285 (green category) and based on SWOT analysis, it is in quadrant II, meaning the implementation of Green WSS shows the average condition. From those condition have been formulated 13 management strategies of Bregas Regional Water Supply System. © The Authors, published by EDP Sciences, 2018.",Scopus,SEARCH_028
"The challenges of institutionalizing community-level social accountability mechanisms for health and nutrition: A qualitative study in Odisha, India",Feruglio F.; Nisbett N.,2018,10.1186/s12913-018-3600-1,https://www.scopus.com/pages/publications/85055077829?origin=resultslist,"Background: India has been at the forefront of innovations around social accountability mechanisms in improving the delivery of public services, including health and nutrition. Yet little is known about how such initiatives are faring now that they are incorporated formally into government programmes and implemented at scale. This brings greater impetus to understand their effectiveness. This formative qualitative study focuses on how such mechanisms have sought to strengthen community-level nutrition and health services (the Integrated Child Development Services and the National Rural Health Mission) in the state of Odisha. It fills a gap in the literature on considering how such initiatives are running when institutionalised at scale. The primary research questions were 'what kinds of community level mechanisms are functioning in randomly selected villages in 3 districts of state of Odisha' and 'how are they perceived to function by their members and frontline workers'. Methods: The study is based on focus group discussions with pregnant women and mothers of children below the age of 2 (n = 12) and with women's self-help groups (n = 12); interviews with frontline health workers (n = 24) and with members of community committees (n = 36). Interviews were analysed thematically using a priori coding derived from wider literature on key accountability themes. Results: Four main types of community-based mechanisms were examined - Mothers committees, Jaanch committees, Village Health and Sanitation Committees and Self-Help Groups. The degree of their effectiveness varied depending on their ability to offer meaningful avenues for participation of their members and empower women for autonomous action. Notably, in most of these mechanisms community participation is very weak, with committees largely controlled by the frontline workers who are supposed to be held to account. However, self-help groups showed real levels of autonomy and collective power. Despite not having an explicit accountability role, these groups were nevertheless effective in advocating for better service delivery and the broader needs of their members to a level not seen in institutional committees. Conclusions: The study points to the need for community-level mechanisms in India to adequately address issues of participation and empowerment of community members to be successful in contributing to service improvements in health and nutrition. © 2018 The Author(s).",Scopus,SEARCH_028
Introduction: Exclusion and struggles for co-decision,Vos J.; Perreault T.; Boelens R.,2018,10.1017/9781316831847.012,https://www.scopus.com/pages/publications/85048202703?origin=resultslist,"Water justice is often sought in “good water governance.” Yet, what “good governance” means is not something that can be straightforwardly decided or linearly implemented: different stakeholders hold different power positions, have conflicting interests and deploy different valuation languages regarding water, land and livelihoods. Deliberative policy-making processes, including local communities’ participation in decision-making, are often presented as the tool to help craft inclusive, democratic water governance arrangements. However, here, a fundamental but commonly neglected or actively suppressed question is, “who participates in whose project”? Although water governance is about institutional configurations, regulations and policy-making and implementation, it is also about capabilities, powers and social struggle over access to resources, setting the agenda and discursively framing problems. Water justice, then, is not something that can easily be crafted through tinkering with governance arrangements, but requires struggles and continuous renegotiation as part of larger battles for justice and democracy. Water injustices often imply exclusion of vulnerable groups from access to clean water and affordable services, but also from representation in water-control decision-making. This exclusion can be based on gender, race, caste, class, ethnicity, religion, or political affiliation. Maria Rusca, Cecilia Alda-Vidal, and Michelle Kooy (Chapter 11) provide clear examples of this in their chapter on drinking water in Kampala. Joyeeta Gupta (Chapter 14) contends that privatizing irrigation water services may often exclude smallholders. Climate Justice Climate change also causes major distributive injustices. Droughts and floods tend to affect the poor more severely than the relatively rich (Adger, 2001; Ikeme, 2003; IPCC 2014; Ribot, 2010; Schneider and Lane, 2006). Skewed vulnerabilities in relation to effects of climate change lead to asymmetrical impacts (Gardiner and Hartzell-Nichols, 2012). This is even more unfair and imbalanced considering that the poor’s share in emission of greenhouse gases is much less than the gigantic emissions by the rich. A report commissioned by the World Bank (2008) estimates the impacted populations killed or left homeless per region by seven common chronic and sudden disasters that are increasingly related to climate change: droughts, extreme temperatures, floods, landslides, tidal surges and wind storms. Already millions of people are affected by floods in Southern and Eastern Asia and droughts in South America, South Asia and East Africa. Likewise, health effects of climate change affect the poor disproportionally (Costello et al., 2009). © Cambridge University Press 2018.",Scopus,SEARCH_028
Sensory politics: The tug-of-war between potability and palatability in municipal water production,Spackman C.; Burlingame G.A.,2018,10.1177/0306312718778358,https://www.scopus.com/pages/publications/85048038963?origin=resultslist,"Sensory information signaled the acceptability of water for consumption for lay and professional people into the early twentieth century. Yet as the twentieth century progressed, professional efforts to standardize water-testing methods have increasingly excluded aesthetic information, preferring to rely on the objectivity of analytic information. Despite some highly publicized exceptions, consumer complaints remain peripheral to the making and regulating of drinking water. This exclusion is often attributed to the unreliability of the human senses in detecting danger. However, technical discussions among water professionals during the twentieth century suggest that this exclusion is actually due to sensory politics, the institutional and regulatory practices of inclusion or exclusion of sensory knowledge from systems of action. Water workers developed and turned to standardized analytical methods for detecting chemical and microbiological contaminants, and more recently sensory contaminants, a process that attempted to mitigate the unevenness of human sensing. In so doing, they created regimes of perception that categorized consumer sensory knowledge as aesthetic. By siloing consumers’ sensory knowledge about water quality into the realm of the aesthetic instead of accommodating it in the analytic, the regimes of perception implemented during the twentieth century to preserve health have marginalized subjective experiences. Discounting the human experience with municipal water as irrelevant to its quality, control and regulation is out of touch with its intended use as an ingestible, and calls for new practices that engage consumers as valuable participants. © 2018, The Author(s) 2018.",Scopus,SEARCH_028
Growth acceleration program in the state of Bahia and its contribution to face the basic sanitation universalization challenges; [O programa de aceleração do crescimento no estado da Bahia e os desafios da universalização do saneamento básico],Cunha M.A.; Borja P.C.,2018,10.1590/2175-3369.010.SUPL1.AO09,https://www.scopus.com/pages/publications/85062713496?origin=resultslist,"The universalization of basic sanitation in Brazil is a challenge given deficits and inequality of access. Starting from the beginning of the 2000s, there was a change in the national scenario, with an increase in resources, improvements in institutional capabilities and a definition of legal conditions. However, there was no evaluation of the measures, principally of the Sanitation PAC. The present study analyzes this Program in Bahia in the light of the challenges of universalization. The methodology involved documentary research and analysis of secondary data. No clear logic was found regarding the determination of the investments of the Program, with prioritization of structural measures, especially in water and sewage, to the detriment of structuring initiatives, essential to the sustainability of the measures. The conception of the Program did not dialogue with the context of the deficits in the services. Despite the increase in investments, the logic of the program was sustained in ‘neo-developmentalism’, with the implementation of mega-developments and stimulation of public-private partnerships. The success of sanitation programs implies municipal involvement, in the universalization, integration, adoption of appropriate technology, intersectionality, and in social participation and oversight, principals which the program did not incorporate to any great extent. The development of democracy and the implementation of policies aligned with human and social rights will allow overcoming the deficit in services in Brazil. © 2018 Editora CHAMPAGNAT. All Rights Reserved.",Scopus,SEARCH_028
The water-energy-food-ecosystems (WEFE) nexus,Bidoglio G.; Vanham D.; Bouraoui F.; Barchiesi S.,2018,10.1016/B978-0-12-409548-9.11036-X,https://www.scopus.com/pages/publications/85075763330?origin=resultslist,"Demand for water, energy and food, driven by a rising global population, rapid urbanization, changing diets, economic growth and climate change is increasing. A failure to balance water supply and water demand from competing sectors can trigger dangerous disparities in access to natural resources for billions of people and generate substantial economic costs. The Water-Energy-Food-Ecosystems (WEFE) Nexus is the repurposed realization that acting from the perspective of individual sectors cannot suffice to tackle the challenges facing our sustainable and secure futures. Reducing disparities and enhancing access to water services as well as energy and food is a multigoal optimization process accounting for the sectoral integration of these three key natural resources and their association to health, poverty, education and equity. Adding ecosystem services as fourth pillar of the Nexus reconciles the interests of decision makers, people and nature because it can maximize the net social benefits from the use of water ecosystems by the different economic sectors. The ultimate objective of the WEFE Nexus approach is to develop practical guidance to allow the identification of a portfolio of measures accounting for synergies and tradeoffs that are needed for the integrated achievement of the Agenda 2030 Sustainable Development Goals (SDGs). Achieving this objective calls for engaging a broad range of societal actors, improving institutional arrangements, implementing alternative technologies, and developing smart indicators for monitoring progress. © 2019 Elsevier B.V. All rights reserved.",Scopus,SEARCH_028
Portrait of a successful small-town water service provider in Nepal's changing landscape,Rautanen S.-L.; White P.,2018,10.2166/wp.2018.006,https://www.scopus.com/pages/publications/85044176869?origin=resultslist,"This study was made in Nepal's Tarai plains, where rapid population growth over the past decade has transformed a large number of rural bazaars and roadside hubs into vibrant small towns. This study draws a portrait of a distinctly successful small-town water supply scheme and its service provider, the Murgia Water Users and Sanitation Association. Exploring this particular case with regards to social, technological, financial and organisational systems, and by comparing the performance of this case against 63 other water service providers in Nepal, the study asks: how could there be more of this type of successful water service provider? This scheme was constructed during the bilateral Rural Water Supply and Sanitation Support Programme Phase III, Nepal-Finland cooperation (1999-2005), using the typical rural approach, namely community management, with strong capacity building. Since then the service modality in this study case has evolved towards a professional community-managed service delivery. The success is rooted in good water governance principles: participation, responsiveness, financial transparency, accountability and overall strong commitment and vision, as well as strong technical assistance. They have resulted in re-investment in both the capital maintenance expenditure and into new infrastructure, even into an entirely new water supply scheme. © 2018 IWA Publishing.",Scopus,SEARCH_028
The vital minimum amount of drinking water required in Ecuador,Moscoso A.M.; Feijó V.G.A.; Silva T.V.,2018,10.3390/resources7010015,https://www.scopus.com/pages/publications/85044110873?origin=resultslist,"In 2017, the government of Ecuador established the minimum quantity of water required to be provided for free by drinking water utilities. Ecuador recognized the access to water as a fundamental human right because it guarantees the good living, known as ""Sumak kawsay"", an indigenous Andean concept, in the Ecuadorian Constitution. This represents a novel approach to water rights in the world, as it is the first attempt to establish a minimum quantity of water under a constitutional guarantee by legislation, rather than regulation or judicial decision. However, this novel legislative approach raises the question of how this minimum amount of free water will impact the most vulnerable members of the Ecuadorian community. This paper provides the results of the first comprehensive research of the minimum required water provision in Ecuador. In order to measure the impact on the income of households, we built a methodology integrating: doctrinaire analyses, normative studies, and economic analyses. According to the Ecuadorian legislation, over-consumption of raw water generates additional costs that must be paid by water companies to the central government. In that regard, there is an inevitable relationship between the efficiency of the service and those additional costs. Efficiency, on this case, is the capacity of water companies (public or private) to provide water services at an adequate price, observing the following parameters: quantity, quality and sufficiency. Our research found that with this legislation in three Ecuadorian local governments (Cuenca, Gualaceo and Suscal), the most vulnerable households (i.e., low-income and/or indigenous households) will be affected the most. This means that and those families will spend the most part of their income on water services otherwise they would have to reduce their water consumption. © 2018 by the authors.",Scopus,SEARCH_028
"Farmers' perception of water quality and risks in the Mashavera River Basin, Georgia: Analyzing the vulnerability of the social-ecological system through community perceptions",Withanachchi S.S.; Kunchulia I.; Ghambashidze G.; Al Sidawi R.; Urushadze T.; Ploeger A.,2018,10.3390/su10093062,https://www.scopus.com/pages/publications/85052529352?origin=resultslist,"Competing natural resources usage that leads to dramatic land use changes can threaten the balance of a social-ecological system. When this is the case, communities are directly exposed to the negative consequences of those land use changes. The Mashavera River Basin is considered one of the hotspots of environmental pollution in Georgia. This is of importance for public health because the food production from this basin meets a substantial proportion of the country's food demand. The farmers' perception of the water quality and their perceived risks to the economy, health, and lifestyle reflect the status of the environmental and social conditions. The inclusion of farmers' risk perceptions is an important stage of water quality governance that could enable active civic participation. The approach of this research study was the convergence model in the triangular design of the mixed method approach. As part of the social data, the research study was conducted with a survey of 177 households, for which agriculture was either a main or partial source of income. A few focus group discussions were also conducted. A binary logistic regression analysis was employed as the main method for the analysis. The results from the pollution load index (PLI) were used as the supportive data to verify some geospatial hypotheses. We found that aesthetic attributes (i.e., color changes observed in the river) and the source of the water contamination (i.e., mining sites) were the main predictor variables for a perceived risk to water quality, health, and livelihoods. The people who work in agriculture as the main income source had more concern about their ability to sell their agricultural products as a result of water contamination in the river, compared with people for whom agriculture is a secondary source of income or for self-consumption. Age, amount of land, years of agricultural experience, and the source of water supply for agriculture did not have a significant effect on any of the risk perception or water quality perception models. The results indicate that the health risk is perceived more strongly in areas with more heavily contaminated water compared to less polluted areas. We propose that conducting a public risk perception assessment is an ideal means to detect people's concerns regarding water quality governance for future risk analysis in Georgia. Another recommendation of this study is an integrated model of risk assessment that combines the results from a public risk perception assessment and a technical assessment. The benefits of such an integrated assessment include finding new hazard-sensitive areas for further analysis, the possibility to cross-check data for verification, communal communication of hazardous conditions by utilizing local knowledge, and the direct participation of the community in monitoring risks. © 2018 by the author.",Scopus,SEARCH_028
Effect-based and chemical analytical methods to monitor estrogens under the European Water Framework Directive,Könemann S.; Kase R.; Simon E.; Swart K.; Buchinger S.; Schlüsener M.; Hollert H.; Escher B.I.; Werner I.; Aït-Aïssa S.; Vermeirssen E.; Dulio V.; Valsecchi S.; Polesello S.; Behnisch P.; Javurkova B.; Perceval O.; Di Paolo C.; Olbrich D.; Sychrova E.; Schlichting R.; Leborgne L.; Clara M.; Scheffknecht C.; Marneffe Y.; Chalon C.; Tušil P.; Soldàn P.; von Danwitz B.; Schwaiger J.; San Martín Becares M.I.; Bersani F.; Hilscherová K.; Reifferscheid G.; Ternes T.; Carere M.,2018,10.1016/j.trac.2018.02.008,https://www.scopus.com/pages/publications/85045795829?origin=resultslist,"The European Decision EU 2015/495 included three steroidal estrogens, estrone, 17β-estradiol and 17α-ethinyl estradiol, in the “watch-list” of the Water Framework Directive (WFD). As consequence, these substances have to be chemically monitored at the level of their environmental quality standards, which can be challenging. This project aimed to identify reliable effect-based methods (EBMs) for screening of endocrine disrupting compounds, to harmonise monitoring and data interpretation methods, and to contribute to the current WFD review process. Water and wastewater samples were collected across Europe and analysed using chemical analyses and EBMs. The results showed that 17β-estradiol equivalents were comparable among methods, while results can vary between methods based on the relative potencies for individual substances. Further, derived 17β-estradiol equivalents were highly correlated with LC-MS/MS analyses. This study shows that the inclusion of effect-based screening methods into monitoring programmes for estrogens in surface waterbodies would be a valuable complement to chemical analysis. © 2018 Elsevier B.V.",Scopus,SEARCH_028
Indigenous peoples and water governance in Canada: Regulatory injustice and prospects for reform,Bakker K.; Simms R.; Joe N.; Harris L.,2018,10.1017/9781316831847.013,https://www.scopus.com/pages/publications/85043321826?origin=resultslist,"Introduction This chapter explores two interrelated examples of injustice in access to water for Indigenous peoples in Canada. Injustice, from our perspective, has two main dimensions: limited access to safe water (water security); and exclusion from water governance and management. In Canada, the roots of this injustice run deep. Indigenous peoples in Canada have historically been excluded from water governance by the colonial settler state. To date, the question of whether water is included within Aboriginal title (legal land rights) has not yet been settled by the Canadian courts (Laidlaw and Passelac-Ross, 2010; Phare, 2009). As a result, Indigenous water rights in Canada, with few exceptions, have been treated implicitly within land-focused legal claims. Moreover, historical inequalities have often constrained Indigenous communities’ access to water and exercise of Indigenous rights (Phare, 2009; Simms, 2014; Von der Porton, 2012; Von der Porten and De Loë, 2013a, 2013b). High-risk water systems - systems with major deficiencies, which pose a high risk to water quality - pose a threat to the health of one-third of First Nations people living on reserves (McLaren, 2016; Neegan Burnside Ltd., 2011). In short, stark injustices exist with respect to water for Indigenous communities in Canada. To some degree, this situation is a direct result of Canada’s fragmented system of governance: municipal, provincial and federal governments hold responsibility for different aspects of water management. Provincial governments are largely responsible for fresh water (and delegate drinking water to municipalities), whereas federal responsibilities include a range of issues related to water rights for Indigenous communities. Competing jurisdictional priorities, lack of clarity on roles and responsibilities, and a failure to cooperate have resulted in systemic governance gaps leading to increased risk in water supply systems and widespread underfunding, which some scholars have characterized as institutionalized racism (Mascarenhas, 2007; Murdocca, 2010). These issues are particularly acute in Canada’s westernmost province of British Columbia (BC). In most of the province, formal treaties were never signed between the Crown and Indigenous communities. This is a significant issue for many reasons, not least of which is the fact that the potential for legal recognition of water rights creates the possibility for extensive Indigenous control of water governance. This, however, is currently far from the reality in practice. © Cambridge University Press 2018.",Scopus,SEARCH_028
Performance improvement strategies for public sanitation infrastructure in Haridwar: A case of public toilets,Dahiya R.; Singh G.; Yadav N.,2018,,https://www.scopus.com/pages/publications/85054736042?origin=resultslist,"Prime Minister Narendra Modi under Swaach Bharat Mission has rightfully urged people to ""Built toilets first and temples later"" laying a strong emphasis on dire need of improved sanitation facility in India. Defecation is an essential need of citizens and the provision of public toilets are often considered as a matter of general neglect by urban local bodies. After some initial under attention, the successive policies began to largely address the issue of provision and improving access to sanitation by providing public toilets in low income areas but failed to visualize public toilets as one of the city's important infrastructure. Public toilets in public places received little or no attention for decades and negligence towards the fact that open defecation is a city wide problem by policymakers further strangled it. India leds in open defecation accounting up to 600 million people defecating in open (World Bank, 2013). There is lack of toilet facilities not only at household level but also in public spaces making people to relieve themselves either in open, on the pavements along the streets and on the walls where public intend to walk but cannot walk. This case paper brings into light the condition, operation, maintenance and financial structure of public toilets in Haridwar, Uttarakhand. Inorder to achieve Swaach Bharat Abhiyan's motto of ""completely clean city"" in Haridwar, holistic approach of locational and user demand, detailed investigation of existing scenario, ideal policy, infrastructure and institutional framework were proposed. © IAEME.",Scopus,SEARCH_028
Early epigenetic markers for precision medicine,Dumitrescu R.G.,2018,10.1007/978-1-4939-8751-1_1,https://www.scopus.com/pages/publications/85052870180?origin=resultslist,"Over the last years, epigenetic changes, including DNA methylation and histone modifications detected in early tumorigenesis and cancer progression, have been proposed as biomarkers for cancer detection, tumor prognosis, and prediction to treatment response. Importantly for the clinical use of DNA methylation biomarkers, specific methylation signatures can be detected in many body fluids including serum/plasma samples. Several of these potential epigenetic biomarkers detected in women’s cancers, colorectal cancers, prostate, pancreatic, gastric, and lung cancers are discussed. Studies conducted in breast cancer, for example, found that aberrant methylation detection of several genes in serum DNA and genome-wide epigenetic change could be used for early breast cancer diagnosis and prediction of breast cancer risk. In colorectal cancers, numerous studies have been conducted to identify specific methylation markers important for CRC detection and in fact clinical assays evaluating the methylation status of SEPT19 gene and vimentin, became commercially available. Furthermore, some epigenetic changes detected in gastric washes have been suggested as potential circulating noninvasive biomarkers for the early detection of gastric cancers. For the early detection of prostate cancer, few epigenetic markers have shown a better sensitivity and specificity than serum PSA, indicating that the inclusion of these markers together with current screening tools, could improve early diagnosis and may reduce unnecessary repeat biopsies. Similarly, in pancreatic cancers, abnormal DNA methylation of several genes including NPTX2, have been suggested as a diagnostic biomarker. Epigenetic dysregulation was also observed in several tumor suppressor genes and miRNAs in lung cancer patients, suggesting the important role of these changes in cancer initiation and progression. In conclusion, epigenetic changes detected in biological fluids could play an essential role in the early detection of several cancer types and this may have a great impact for the cancer precision medicine field. © 2018, Springer Science+Business Media, LLC, part of Springer Nature.",Scopus,SEARCH_028
Public services for distribution of drinking water and liquid sanitation in urban zones in Morocco Relevance of introduction the performance indicators for preservation water resources.,Habib A.; Abdelhamid B.; Said H.,2018,10.1051/e3sconf/20183701010,https://www.scopus.com/pages/publications/85048341819?origin=resultslist,"Because of the absence of regulations and specific national norms, the unilaterally applied indicators for performance evaluation of water distribution management services are insufficient. This does not pave the way for a clear visibility of water resources. The indicators are also so heterogeneous that they are not in equilibrium with the applied management patterns. In fact: 1- The performance (yield and Linear loss index) of drinking water networks presents a discrepancy between operators and lack of homogeneity in terms of parameters put in its equation. Hence, It these indicators lose efficiency and reliability; 2- Liquid sanitation service has to go beyond the quantitative evaluation target in order to consider the qualitative aspects of water. To reach this aim, a reasonable enlargement of performance indicators is of paramount importance in order to better manage water resource which is becoming scarce and insufficient. © The Authors, published by EDP Sciences, 2018.",Scopus,SEARCH_028
Community level antibiotic utilization in India and its comparison vis-à-vis European countries: Evidence from pharmaceutical sales data,Farooqui H.H.; Selvaraj S.; Mehta A.; Heymann D.L.,2018,10.1371/journal.pone.0204805,https://www.scopus.com/pages/publications/85055077918?origin=resultslist,"India was the largest consumer of antibiotics in 2010 in the world. Evidence suggests that countries with high per-capita antibiotic consumption have higher rates of antibiotic resistance. To control antibiotic resistance, not only reduction in antibiotic consumption is required, socio-economic factors like access to clean water and sanitation, regulation of private healthcare sector and better governance are equally important. The key objective of this research was to investigate the five year trends in consumption of major antibiotic classes in India and compare them with European Surveillance of Antimicrobial Consumption Network (ESAC-Net) countries. We used Intercontinental Marketing Statistics (IMS) Health (now IQVIA) medicine sales audit data of antibiotic sales in the retail private sector (excluding the hospitals sector) in India. We then standardized dosage trends and assigned defined daily dose (DDD) to all formulations based on the ATC/DDD index. We expressed our data in standardized matrices of DDD per 1000 inhabitants' per day (DID) to compare antibiotic use in India with ESAC-Net countries. The antibiotic use was plotted and reported by year and antibiotic class. Our main findings are-per capita antibiotic consumption in the retail sector in India has increased from 13.1 DID in 2008 to 16.0 DID in 2012-an increase of ~22%; use of newer class of antibiotics like carbapenems (J01DH), lincosamides (J01FF), glycopeptides (J01XA), 3rd generation cephalosporins (J01DD) and penicillin's with beta-lactamase inhibitors has risen; and antibiotic consumption rates in India are still low as compared to ESAC-Net countries (16.0 DID vs. 21.54 DID). To conclude our study has provided the first reliable estimates of antibiotic use in the retail sector in India vis-à-vis ESAC-Net countries. In addition, our study could provide a reference point to measure the impact of interventions directed towards reducing antibiotic use. © 2018 Farooqui et al. This is an open access article distributed under the terms of the Creative Commons Attribution License, which permits unrestricted use, distribution, and reproduction in any medium, provided the original author and source are credited.",Scopus,SEARCH_028
Institutional wash in the SDGs: Data gaps and opportunities for national monitoring,Chatterley C.; Slaymaker T.; Badloe C.; Nouvellon A.; Bain R.; Johnston R.,2018,10.2166/washdev.2018.031,https://www.scopus.com/pages/publications/85062886370?origin=resultslist,"The inclusion of water, sanitation and hygiene (WASH) in non-household settings in the Sustainable Development Goals (SDGs) elicits the need for data to track progress over time. This review focuses on schools and health care facilities, and seeks to: (1) assess the availability of SDG baseline data for ten case study countries; (2) evaluate the extent to which existing national data allow monitoring against the SDG criteria; and (3) identify opportunities to improve the availability and quality of data for SDG monitoring. While none of the ten countries could provide all of the data needed to establish comprehensive SDG baselines, every country had information on at least some of the indicators. Education Management Information Systems (EMIS) currently provide the majority of national data on WASH in schools and, in many cases, could be aligned with the SDG criteria with only minor changes. Far fewer data are available for health care facilities. Health Management Information Systems (HMIS) provide a potential entry point for national monitoring. However, where HMIS are administered monthly, annual data collection instruments, such as facility inventory surveys, may be more appropriate. These findings have implications for monitoring WASH in other settings, such as workplaces and prisons. © 2018 The Authors.",Scopus,SEARCH_028
The role of bioassays in the evaluation of ecotoxicological aspects within the PEF/OEF protocols: The case of WWTPs,Pedrazzani R.; Cavallotti I.; Bollati E.; Ferreri M.; Bertanza G.,2018,10.1016/j.ecoenv.2017.09.031,https://www.scopus.com/pages/publications/85029632126?origin=resultslist,"The suitability evaluation of any industrial process should rely on economic, technical, social and, in particular, environmental aspects. The Commission Recommendation 2013/179/UE enables the improvement and the harmonization of the conventional evaluation of environmental footprints, such as LCA (Life Cycle Assessment), Carbon and Water Footprint, by suggesting the assessment of life cycle environmental performance of products and organisations (PEF, OEF). Novelty aspects reside in including new impact categories (namely, human toxicity cancer effects, human toxicity not-cancer effects and eco-toxicity). This paper presents an application of PEF/OEF protocol to the example case of an activated sludge wastewater treatment plant. Strengths and criticisms of this approach are discussed, by taking into consideration the possible final goal of the suitability assessment. Valuably, the adoption of bioassays (i.e., the input of their results in the models for calculating the life cycle environmental performance) for a more reliable evaluation of the impact on the ecosystem and human health is proposed. © 2017 Elsevier Inc.",Scopus,SEARCH_028
Nylon electrospun nanofibre water filtration media for wastewater treatment,Roslan N.S.A.; Abdul Hamid N.; Md Isa M.H.; Muhammad N.; Mansor M.R.; Abdul Munajat N.,2018,10.1088/2053-1591/aada94,https://www.scopus.com/pages/publications/85052873209?origin=resultslist,"Uncontrolled discharge of wastewater effluent has been a major concern due to the negative impact to human health and the environment. Increasingly stringent regulation has caused filter manufacturers to explore new materials to improve their products. Water filtration media using ultrafine fibres could be one of the potential solutions due to their promising characteristics. In this study, nanofibre incorporated water filtration media were produced, investigated, and characterized. A thin nylon electrospun nanofibre layer were deposited onto standard glass fibre filters and samples were collected at different electrospinning times. Suspended solid retention test was conducted using a vacuum filtration system based on BS EN 872:2005 standard. The absorbance of the feed and filtrate in terms of suspended solid and chemical oxygen demand of the water samples were also measured using a colorimeter based on Hach Method 8006 and 8000 respectively. The morphology of the filters was studied using scanning electron microscopy whilst porosity of the filtration media was inspected using mercury porosimetry. The results showed that the suspended solid and chemical oxygen demand removal capabilities of the filtration media improved significantly with the inclusion of nanofibre layer. A positive correlation was found between the performance of the filter and the amount of deposited nanofibre. It was also found that the inclusion of thin nanofibre layer had minimal effect to the overall porosity of the standard filters. Findings from this study provide a useful insight into the use of nanofibres in water filtration applications. © 2018 IOP Publishing Ltd.",Scopus,SEARCH_028
Beyond the MDG water target to universal water coverage in Ghana: The key transformative shifts required,Monney I.; Antwi-Agyei P.,2018,10.2166/washdev.2018.176,https://www.scopus.com/pages/publications/85048227573?origin=resultslist,"Ghana achieved its Millennium Development Goal (MDG) water target about a decade before the 2015 deadline. However, as the world shifts focus to achieving sustainable universal water coverage, there is the need for redoubled efforts to keep up this feat. This paper examines the success drivers and the major transformative shifts required to sustain efforts in Ghana’s water sector. The findings indicate that the successes chalked in Ghana’s water sector have been largely fuelled by strong donor support and a well organised institutional and policy framework. About 90% of funding for the sector has been contributed by donors and creditors while actual government expenditure remains below 0.5% of GDP. The country has a strong policy and institutional framework guiding developments in the water sector. Nevertheless, the dwindling donor support, poor cost recovery mechanisms in the sector, ineffective strategies for ensuring human right to water, unbridled pollution of freshwater resources, poor borehole construction, and poor environmental sanitation across the country threaten to unwind the progress made in the sector. Without a paradigm shift, these could potentially derail efforts at achieving and sustaining universal water coverage. The paper discusses how these issues can be addressed to ensure universal access to potable water in the country. © 2018 The Authors.",Scopus,SEARCH_028
Sanitary-microbiological research at the hygiene department of the pirogov Russian national research medical university: The history and the present,Sheina N.I.; Korolik V.V.; Pivovarov J.P.; Mjalina L.I.; Sazonova L.P.; Kolesnikova V.V.; Zinevich L.S.; Volkova R.S.,2018,10.17720/2409-5834.v5.1.2018.03c,https://www.scopus.com/pages/publications/85049372881?origin=resultslist,"The Department of Hygiene at the Pirogov Russian National Research Medical University is one of the leading schools in the field of sanitary microbiology – its staff have achieved significant scientific results. The bacteriological characteristics, environmental distribution, epidemiology and diagnostics of C. perfringens, B. cereus, V. parahaemolyticus have been studied, and preventive measures for the foodborne diseases caused by them have been developed. The methods for using biotechnological strains of genera Bacillus, Pseudomonas, Candida have been studied in agriculture and forestry. In connection with the intensive development of biotechnologies, a comprehensive hygienic assessment of biotechnological strains in soil, water in reservoirs, air in workplace areas and atmospheric air has been developed. A set of indices for the evaluation of sensitizing and immunotropic action is proposed, a scheme for toxicological and hygienic studies of biotechnological strains has been optimized, a list of priority microorganisms has been compiled and a classification of microorganisms according to their degree of danger is proposed. © Natalia I. Sheina, Victor V. Korolik, Juriy P. Pivovarov, Ljubov I. Mjalina, Ljubov P. Sazonova, Valentina V. Kolesnikova, Ljudmila S. Zinevich, Raisa S. Volkova.",Scopus,SEARCH_028
Spatial variability of reasonable government rebates for rainwater tank installations: A case study for Sydney,Imteaz M.A.; Moniruzzaman M.,2018,10.1016/j.resconrec.2018.02.010,https://www.scopus.com/pages/publications/85042322235?origin=resultslist,"This paper presents the spatial variability of reasonable government rebates for rainwater tanks installations with a case study for the largest Australian city, Sydney. Five different rain-gauge stations are selected around different regions covering Sydney metropolitan area. An earlier developed daily water balance model (eTank) is used considering five average years’ rainfall data as an input for each region. It is shown that significant variations among the regions are expected in regards to rainwater savings; even with the same tank size, same roof connection and same rainwater demand, south-east region saves more water than that of west and north regions. Also, region having lowest annual rainfall is not necessarily having lowest rainwater savings potential. Also, in regards to water savings efficiency, region having highest annual rainfall may not render highest water savings efficiency. Providing a double-sized tank or double sized roof is likely to increase the savings only up to 1.29 times. It is found that the payback periods of total rainwater tank related costs widely vary depending on region, tank, roof and demand scenario; a variation from 20 to 90 years without government rebate is expected. However, with reasonable government rebates these payback periods can be brought down to 8 years. To optimise government's spending a variable rebate scheme can be introduced based on the current findings. © 2018 Elsevier B.V.",Scopus,SEARCH_028
The water energy nexus in Australia – The outcome of two crises,Radcliffe J.C.,2018,10.1016/j.wen.2018.07.003,https://www.scopus.com/pages/publications/85059515915?origin=resultslist,"The world population is expected to increase from the current 8.5 billion to 11.2 billion by 2100. There will be increasing pressure on potentially diminishing water resources and a rising demand for stable and reliable power supplies which have sufficient inertia and fast frequency response to manage unexpected supply problems. There are many variables which influence water/energy (“nexus”) relationships including natural resources availability and governance, the potential for climate change, increased urbanisation, the preferred built urban form, and domestic and industrial demands. Frequently, water and energy policies are developed under different arms of government with few links between them. Under the Australian constitution, the management of water is a states/territories responsibility. In the interests of improved water use efficiency, an Australia-wide water reform process was initiated in 1994. The commitment was strengthened in 2004–2006 with the 108 clause Intergovernmental Agreement on the National Water Initiative which included responsibilities for water conservation, the title to water rights and the ability to trade water rights separate from land. These arrangements served Australia well through the Millennium drought which ended in 2011. However, in most capital cities, a looming water crisis had been developing. In some cases water was restricted for cooling in thermal power stations and hydro electricity generation, restricting electricity output. There was an urgent investment in climate independent but energy demanding water sources (desalination and advanced water recycling) which, except in Western Australia, have since the end of the drought, seen little use but added considerable capital debt servicing costs. At the same time, a revolution began in the energy industries, government, private and domestically owned, with widespread investment in solar voltaic and wind generation with concomitant closure of coal-fired power stations. There were restrictions in some jurisdictions on further gas exploration. Several major black-outs in 2016 and 2017 led to the perception of a crisis in the stability and reliability of energy supplies. Policy indecision in Australia's response to the threat of global warming led to reluctance to refurbish old thermal power stations and to the closure of many. Prospects for battery technology and suggestions for increase pumped hydro energy storage have added to investment indecisiveness. There were no conspicuous links between water and energy policies, yet these will need to be developed. Meanwhile, the major water utilities, which had become commercial corporatized entities, were faced with increasing electricity costs. They have recognised the water/energy nexus. They have moved to use their resources including through mini-hydro from water supply systems and dedicated more effort into biogas electricity generation from Waste Water Treatment Plants, sometime supplemented with co-digestion of other organic wastes, to offset their energy requirements. Some have become net energy exporters. © 2018",Scopus,SEARCH_028
The challenge of effective policy implementation in Nigerian urban water utilities,Imonikhe O.M.; Moodley K.,2018,10.2166/ws.2017.231,https://www.scopus.com/pages/publications/85052851796?origin=resultslist,"The effectiveness of policy implementation is rapidly becoming a widely researched area in the water sector. Previously, most studies focused mainly on developing technical innovations for delivering sustainable water services and little attention was given to subject areas such as governance, policy implementation, and legislation. Now, water professionals and policy makers are beginning to recognise that efficient services occur when social, political, economic, environmental and technical issues are taken into consideration; hence, subject areas like policy implementation have started receiving attention as well. Thus, many nations such as the UK, Australia, and the USA are constantly aiming to establish best institutional practices for their water sector, while countries such as Nigeria are yet to establish effective policy implementation processes. This research examines the challenge of effective policy implementation in Nigerian urban water utilities. The research showed that policies and legislation developed were of commendable standards, but the implementation process was predominantly hindered by five factors. Hence, these factors will need to be managed actively if the Nigerian urban sector wishes to achieve the intended results from water legislation and policies. © IWA Publishing 2018.",Scopus,SEARCH_028
Exploring policy perceptions and responsibility of devolved decision-making for water service delivery in Kenya's 47 county governments,Koehler J.,2018,10.1016/j.geoforum.2018.02.018,https://www.scopus.com/pages/publications/85044952772?origin=resultslist,"Improving water services is a well-rehearsed political instrument to win public support against a backdrop of a wide range of hydro-political realities in Africa. This paper examines whether devolution to Kenya's 47 counties advances the constitutional mandate for the human right to water. Specifically, it examines which factors influence decision-makers’ perception of their responsibility for water service delivery in their counties. Drawing on interviews from all county water ministries, a sociopolitical risk model leveraging public choice theory is developed and tested. Information on election margin, climate risk, urbanisation, poverty levels, water budget and citizen satisfaction is modelled to explain variations in the policymakers’ perceptions of their responsibilities. Results reveal that county water ministries recognise increased political responsibility for the poor outside current provision areas across water quantity, quality, accessibility and non-discrimination criteria. Affordability is the most contested criterion, with only a limited number of counties accepting responsibility. High socioclimatic risks and narrow election margins are likely to boost devolved duty-bearers’ perception of responsibility for improved water service delivery. These variable factors demonstrate the interdependence of spatial and political dimensions during Kenya's devolution process and promote the conclusion that independent and strong regulation is critical to realising the human right to water for the great majority of Kenyans living in rural areas and facing unpredictable climate risks. © 2018 Elsevier Ltd",Scopus,SEARCH_028
European web-based platform for recording international health regulations ship sanitation certificates: Results and perspectives,Mouchtouri V.A.; Van Reusel D.; Bitsolas N.; Katsioulis A.; Van den Bogaert R.; Helewaut B.; Steenhout I.; Damman D.; Dávila Cornejo M.; Hadjichristodoulou C.; Andrioti D.; Barbouni A.; Broekhuijsen J.; Dirksen-Fischer M.; Ferrelli R.; Kairienė B.; Kantonis A.; Kokosharova G.; Kostara E.; Kunchev A.; Otorepec P.; Petraitis R.; Pilipavicius R.; Martinez C.V.; Vozelevskaja N.; Wagner D.,2018,10.3390/ijerph15091833,https://www.scopus.com/pages/publications/85052542438?origin=resultslist,"The purpose of this study was to report the data analysis results from the International Health Regulations (2005) Ship Sanitation Certificates (SSCs), recorded in the European Information System (EIS). International sea trade and population movements by ships can contribute to the global spread of diseases. SSCs are issued to ensure the implementation of control measures if a public health risk exists on board. EIS designed according to the World Health Organization (WHO) “Handbook for Inspection of Ships and Issuance of SSC”. Inspection data were recorded and SSCs issued by inspectors working at European ports were analysed. From July 2011–February 2017, 107 inspectors working at 54 ports in 11 countries inspected 5579 ships. Of these, there were 29 types under 85 flags (including 19 EU Member States flags). As per IHR (2005) 10,281 Ship Sanitation Control Exception Certificates (SSCECs) and 296 Ship Sanitation Control Certificates (SSCCs) were issued, 74 extensions to existing SSCs were given, 7565 inspection findings were recorded, and 47 inspections were recorded without issuing an SSC. The most frequent inspection findings were the lack of potable water quality monitoring reports (23%). Ships aged ≥12 years (odds ratio, OR = 1.77, 95% confidence intervals, CI = 1.37–2.29) with an absence of cargo at time of inspection (OR = 3.36, 95% CI = 2.51–4.50) had a higher probability of receiving an SSCC, while ships under the EU MS flag had a lower probability of having inspection findings (OR = 0.72, 95% CI = 0.66–0.79). Risk factors to prioritise the inspections according to IHR were identified by using the EIS. A global information system, or connection of national or regional information systems and data exchange, could help to better implement SSCs using common standards and procedures. © 2018 by the authors. Licensee MDPI, Basel, Switzerland.",Scopus,SEARCH_028
Intelligent system for control of water distribution networks,Filho E.G.B.; Salvino L.R.; Bezerra S.D.T.M.; Salvino M.M.; Gomes H.P.,2018,10.2166/ws.2017.188,https://www.scopus.com/pages/publications/85052840659?origin=resultslist,"The objective of this research study was the development of an intelligent system based on artificial neural networks for water distribution networks that operate with parallel pumps. The purpose of the system is to automate the process and to define the operating state of the electric motors (on, off or with partial rotation speed). The intelligent system developed is generic, which allows the application of its control structure in similar processes, and it was applied in an experimental setup that simulates a real water supply system. The performance of the network was tested experimentally under different operating conditions, including in the presence of disturbances. The settling time was, in all experiments, less than 30 seconds, the tests did not show overshoot and the maximum error was 2.9%. Results showed excellent performance in terms of pressure regulation, and it is hoped that the controller can be successfully implemented in real water distribution systems, in order to reduce water and electricity consumption, decrease maintenance costs and increase the reliability of operating procedures. © IWA Publishing 2018.",Scopus,SEARCH_028
"The HPAfrica protocol: Assessment of health behaviour and population-based socioeconomic, hygiene behavioural factors - A standardised repeated cross-sectional study in multiple cohorts in sub-Saharan Africa",Pak G.D.; Haselbeck A.H.; Seo H.W.; Osei I.; Amuasi J.; Breiman R.F.; Cruz Espinosa L.M.; Holm M.; Im J.; Jang G.H.; Jeon H.J.; Luby S.P.; Lunguya-Metila O.; Macwright W.; Mogeni O.D.; Okeke I.N.; Owusu-Dabo E.; Park J.K.; Park S.E.; Popoola O.; Seo H.J.; Soura A.B.; Teferi M.; Toy T.; Chon Y.; Rafindrakalia M.; Rakotozandrindrainy R.; Meyer C.G.; Marks F.; Panzner U.,2018,10.1136/bmjopen-2017-021438,https://www.scopus.com/pages/publications/85058895976?origin=resultslist,"Introduction The objective of the Health Population Africa (HPAfrica) study is to determine health behaviour and population-based factors, including socioeconomic, ethnographic, hygiene and sanitation factors, at sites of the Severe Typhoid Fever in Africa (SETA) programme. SETA aims to investigate healthcare facility-based fever surveillance in Burkina Faso, the Democratic Republic of the Congo, Ethiopia, Ghana, Madagascar and Nigeria. Meaningful disease burden estimates require adjustment for health behaviour patterns, which are assumed to vary among a study population. Methods and analysis For the minimum sample size of household interviews required, the assumptions of an infinite population, a design effect and age-stratification and sex-stratification are considered. In the absence of a population sampling frame or household list, a spatial approach will be used to generate geographic random points with an Aeronautical Reconnaissance Coverage Geographic Information System tool. Printouts of Google Earth Pro satellite imagery visualise these points. Data of interest will be assessed in different seasons by applying population-weighted stratified sampling. An Android-based application and a web service will be developed for electronic data capturing and synchronisation with the database server in real time. Sampling weights will be computed to adjust for possible differences in selection probabilities. Descriptive data analyses will be performed in order to assess baseline information of each study population and age-stratified and sex-stratified health behaviour. This will allow adjusting disease burden estimates. In addition, multivariate analyses will be applied to look into associations between health behaviour, population-based factors and the disease burden as determined in the SETA study. Ethics and dissemination Ethic approvals for this protocol were obtained by the Institutional Review Board of the International Vaccine Institute (No. 2016-0003) and by all collaborating institutions of participating countries. It is anticipated to disseminate findings from this study through publication on a peer-reviewed journal. © Author(s) (or their employer(s)) 2018.",Scopus,SEARCH_028
Appraisal of the water footprint of irrigated agriculture in a semi-arid area: The Segura River basin,Martínez-Paz J.M.; Gomariz-Castillo F.; Pellicer-Martínez F.,2018,10.1371/journal.pone.0206852,https://www.scopus.com/pages/publications/85056233766?origin=resultslist,"Irrigated agriculture is a key activity in water resources management at the river basin level in arid and semi-arid areas, since this sector consumes the largest part of the water resources overall. The current study proposes a methodology to evaluate the water footprint (WF) of the irrigated agriculture sector at the river basin level, through a simulation of the anthropised water cycle combining a hydrological model and a decision support system. The main difference from the approaches that have already been used is that the new methodology includes the limitations of the system for the exploitation of water resources where the irrigated areas are located, and it considers the hydrological principles governed by the law of continuity of mass. Water footprint accounting was carried out for the Segura River Basin (South-eastern Spain), applying the methodology proposed and another that is usually applied. The results of the two methodologies were compared, revealing significant differences in the values of the WF, basically due to the blue component. The methodology that is usually applied overestimated the WF of the agriculture in the basin since supply deficits were not taken into account, providing results that would only be possible if there were no spatial or temporal restrictions to water use. So, in order to make the WF indicator useful in water resources management plans, it is necessary to adapt the computations to the main characteristics of the water exploitation system of the whole basin under study, respecting the hydrological principles of the water cycle: regulation and transport infrastructure, the real water resources available and the priority of access to water between concurrent water uses. © 2018 Martínez-Paz et al. This is an open access article distributed under the terms of the Creative Commons Attribution License, which permits unrestricted use, distribution, and reproduction in any medium, provided the original author and source are credited.",Scopus,SEARCH_028
How extractive industries affect health: Political economy underpinnings and pathways,Schrecker T.; Birn A.-E.; Aguilera M.,2018,10.1016/j.healthplace.2018.05.005,https://www.scopus.com/pages/publications/85048569686?origin=resultslist,"A systematic and theoretically informed analysis of how extractive industries affect health outcomes and health inequities is overdue. Informed by the work of Saskia Sassen on “logics of extraction,” we adopt an expansive definition of extractive industries to include (for example) large-scale foreign acquisitions of agricultural land for export production. To ground our analysis in concrete place-based evidence, we begin with a brief review of four case examples of major extractive activities. We then analyze the political economy of extractivism, focusing on the societal structures, processes, and relationships of power that drive and enable extraction. Next, we examine how this global order shapes and interacts with politics, institutions, and policies at the state/national level contextualizing extractive activity. Having provided necessary context, we posit a set of pathways that link the global political economy and national politics and institutional practices surrounding extraction to health outcomes and their distribution. These pathways involve both direct health effects, such as toxic work and environmental exposures and assassination of activists, and indirect effects, including sustained impoverishment, water insecurity, and stress-related ailments. We conclude with some reflections on the need for future research on the health and health equity implications of the global extractive order. © 2018 The Authors",Scopus,SEARCH_028
Review of global sanitation development,Zhou X.; Li Z.; Zheng T.; Yan Y.; Li P.; Odey E.A.; Mang H.P.; Uddin S.M.N.,2018,10.1016/j.envint.2018.07.047,https://www.scopus.com/pages/publications/85051254148?origin=resultslist,"The implementation of the United Nations (UN) Millennium Development Goals (MDGs) and Sustainable Development Goals (SDGs) has resulted in an increased focus on developing innovative, sustainable sanitation techniques to address the demand for adequate and equitable sanitation in low-income areas. We examined the background, current situation, challenges, and perspectives of global sanitation. We used bibliometric analysis and word cluster analysis to evaluate sanitation research from 1992 to 2016 based on the Science Citation Index EXPANDED (SCI-EXPANDED) and Social Sciences Citation Index (SSCI) databases. Our results show that sanitation is a comprehensive field connected with multiple categories, and the increasing number of publications reflects a strong interest in this research area. Most of the research took place in developed countries, especially the USA, although sanitation problems are more serious in developing countries. Innovations in sanitation techniques may keep susceptible populations from contracting diseases caused by various kinds of contaminants and microorganisms. Hence, the hygienization of human excreta, resource recovery, and removal of micro-pollutants from excreta can serve as effective sustainable solutions. Commercialized technologies, like composting, anaerobic digestion, and storage, are reliable but still face challenges in addressing the links between the political, social, institutional, cultural, and educational aspects of sanitation. Innovative technologies, such as Microbial Fuel Cells (MFCs), Microbial Electrolysis Cells (MECs), and struvite precipitation, are at the TRL (Technology readiness levels) 8 level, meaning that they qualify as “actual systems completed and qualified through test and demonstration.” Solutions that take into consideration economic feasibility and all the different aspects of sanitation are required. There is an urgent demand for holistic solutions considering government support, social acceptability, as well as technological reliability that can be effectively adapted to local conditions. © 2018 The Authors",Scopus,SEARCH_028
Rural water supply in Nigeria: Policy gaps and future directions,Obeta M.C.,2018,10.2166/wp.2018.129,https://www.scopus.com/pages/publications/85053312738?origin=resultslist,"The alarming state of safe water deprivation among the residents of rural communities in Nigeria is well recognized. Unfortunately, research that shows the policy gaps in the water supply sector of the country and measures to eliminate them in order to improve water supply sustainability in the country is lacking. This paper investigates the landscape of water service provision to rural communities in Nigeria using investigative and qualitative approaches due to the desire to explore the experience and opinions of previous workers/agencies in the region. Primary and secondary data were used in the study. Findings characterized the rural water supply landscape in the region. The community-based service providers are constrained by several policy gaps that negatively impact on the quality and sustainability of rural water supply in the country. Rural water interventions suffer from a high rate of failures due largely to weak institutional framework in the water supply sector. The paper recommends that for rural water supply sustainability to be improved in Nigeria all the stakeholders must work together to prioritize and address the policy gaps constraining service delivery simultaneously in the region. Working on one factor alone may not result in sustainable services. © IWA Publishing 2018",Scopus,SEARCH_028
Sustainable humanitarian engineering in practice - The East Bali Poverty Project,Younger J.S.; Booth D.J.; Parry D.E.; Kurniawan K.,2018,10.1680/jmuen.16.00034,https://www.scopus.com/pages/publications/85047624560?origin=resultslist,"The paper describes the humanitarian engineering interventions made by the East Bali Poverty Project (EBPP), a private charity founded and managed by a British civil engineer in 1998 in Desa Ban, an impoverished area on the northeast slopes of Mount Agung, Bali. The abject poverty of the area - which had no access to the outside world, no schools, no clinics, no sanitation and no rivers or water supply - stemmed in part from the cataclysmic eruptions of Mount Agung in 1963, when a blanket of ash, sand and gravel was deposited over much of the area, ruining an already poor and fragile landscape. The first 10 years of EBPP's targeted interventions, chosen by the local people - improving health and education for their children - were the first priorities and were presented in previous Institution of Civil Engineers Proceedings. This paper examines the many humanitarian engineering elements that have been adopted and carried out in a sustainable manner in a very culturally sensitive and challenging physical environment over a 17-year period. © 2016 ICE Publishing: All rights reserved.",Scopus,SEARCH_028
Cognitive Based Decision Support for Water Management and Catchment Regulation,Petri I.; Yuce B.; Kwan A.; Rezgui Y.,2018,10.1007/978-3-319-99127-6_40,https://www.scopus.com/pages/publications/85053767219?origin=resultslist,"The effect of climate change on water ecosystems include increased winter precipitation, severe floods, leading to fluctuations in stream flow in areas and affecting both fish survival and water supplies. Several methods exist for establishing projections of changes in precipitation with regards to river flows and water levels at the river-basin scale, but hydrological characteristics change remain difficult to predict. Ensuring optimization techniques for water systems becomes significantly important especially with the degradation of water ecosystems and increased risks for fish population. On the other hand, water demand has increased in the recent periods with the population growth. Further changes in the irrigation water system demand are determined by climate change precluding the reliability of current water management systems and affecting on the water-related ecosystems. To address these challenges real time water management and optimization strategies are required to facilitate a more autonomous management process that can address requirements for water demand, supply and ecosystem preservation. We present a cognitive based decision system that performs river level prediction for water optimization and catchment regulation for preserving Usk reservoir ecosystem in South Wales. The research is conducted on the Usk reservoir in South Wales reservation that is seeking to preserve the ecosystem and for which we propose a more informed decision system for catchment regulation and water management. Our system provides five days river level prediction to regulate river levels by pumping from/to reservoirs and to create artificial spates during the salmon migration season and to coincide with periods of low river flow. © 2018, IFIP International Federation for Information Processing.",Scopus,SEARCH_028
Pro-poor governance in water and sanitation service delivery: evidence from Global Analysis and Assessment of Sanitation and Drinking Water surveys,Fuente D.; Bartram J.,2018,10.1177/1757913918788109,https://www.scopus.com/pages/publications/85050188057?origin=resultslist,"Aims: The Sustainable Development Goal (SDG) for water and sanitation seeks to achieve universal and equitable access to safe and affordable drinking water and access to adequate and equitable sanitation and hygiene. This article examines what governments are doing to achieve this, paying particular attention to actions that governments report taking to better serve the poor and other vulnerable populations (i.e. pro-poor governance). This article also assesses the extent to which, and how, UN-Water’s Global Analysis and Assessment of Sanitation and Drinking Water (GLAAS) has tracked governments’ efforts to reach the poor since the inception of this global monitoring effort. Method: This article employs qualitative document analysis and iterative coding to identify pro-poor governance themes examined in GLAAS reports from 2008 to 2016 and provides a quantitative summary of findings related to pro-poor governance from the most recent GLAAS surveys. Results: The dimensions of pro-poor governance and number of questions related to pro-poor governance in GLAAS surveys have increased from 2008 to 2016. While the majority of countries report taking actions to promote equity, many countries did not provide information about specific actions they were taking to provide better services to the poor. Moreover, several actions countries reported taking (e.g. implementing an increasing block tariff) are likely to be ineffective. Conclusion: The findings of this study raise concerns about the extent to which governments are taking – or are positioned to take – effective action to meet the SDG aspiration of safe and affordable water and sanitation services for all. Without information on what countries are doing to promote equity, policy makers and researchers are unable to discern which policies are effective in different contexts. © Royal Society for Public Health 2018.",Scopus,SEARCH_028
Literature Study on Community Participation in Community Based Rural Water Supply and Sanitation Programs,Nurbaiti S.R.; Bambang A.N.,2018,10.1051/e3sconf/20183109033,https://www.scopus.com/pages/publications/85045305328?origin=resultslist,"Clean water and proper sanitation are basic human needs, existing procurement in the Law of the Republic of Indonesia Number 7 of 2004 on Water Resources and Government Regulation of the Republic of Indonesia Number 16 of 2005 on Development of Water Supply System, which the state guarantees the right of everyone water for basic daily minimum needs to meet the needs of a healthy, productive, and clean life. Norms every society has the right to get clean air to meet basic daily needs. One of the points in the goal of sustainable development goals (SDGs) in the environment sector is the guarantee of the community to achieve universal access to clean water and sanitation. The SDG High Level Panel held in 2012 calls on countries around the world to do so in 2030. Fulfillment of clean air and sanitation in Indonesia is conducted through two sectoral approaches, the first through agencies, or related agencies and the second through a Society. In accordance with its community-based principles, the role itself is a key factor in the success of the program. Therefore, the purpose of this paper is to find out the forms of community participation and the factors that influence participation in community-based water supply and sanitation programs in the field of literature studies of previous research such as research journals, theses, theses, dissertations and related books This literature study topic. © 2018 The Authors, published by EDP Sciences.",Scopus,SEARCH_028
Basic theories and methods of watershed ecological regulation and control system,Lu S.; Li W.; Wu X.; Shang Y.; Zhang H.,2018,10.2166/wcc.2018.051,https://www.scopus.com/pages/publications/85049193822?origin=resultslist,"Watershed is an important existing form of water, with various functions such as water supply, irrigation, fishery, tourism, and flood prevention, playing a major role in the daily production and lives of residents and regional social and economic development. As a brand new management objective, watershed development is a significant means for supporting and ensuring the sustainability of social, economic and environmental development. This paper elaborates the importance of preserving the ecological and hydrological connections of river systems to sustain their healthy life cycle, as a harmonious relationship is essential for the current and future watershed management. By emphasizing the importance of the watershed ecological and environmental management and restoration, on the basis of the existing research results, this paper sums up the basic concepts and connotation of the ecological operation of reservoirs, analyzing the research achievements and existing problems of ecological operation study, and resulting in a fundamental framework of ecological operation model based on the multiscale coupling mechanism, objective coordination mechanism, generative mechanism of characteristic flows and operation scheme of the rolling correction mechanism. © IWA Publishing 2018.",Scopus,SEARCH_028
Antimicrobial usage and presence of extended-spectrum β-lactamase-producing Enterobacteriaceae in animal-rearing households of selected rural and peri-urban communities,Okpara E.O.; Ojo O.E.; Awoyomi O.J.; Dipeolu M.A.; Oyekunle M.A.; Schwarz S.,2018,10.1016/j.vetmic.2018.03.013,https://www.scopus.com/pages/publications/85044441237?origin=resultslist,"This study examined socioeconomic and cultural factors relating to animal husbandry, antimicrobial usage and household hygiene in 320 animal-keeping households of 16 rural and peri-urban communities of Ogun State, Nigeria. The occurrence of extended-spectrum β-lactamase-producing Enterobacteriaceae in 457 samples from animal and environmental sources within the households was investigated. Chickens (41.6%), goats (35.3%), dogs (33.8%) and sheep (14.4%) were the most common household animals. Animals were reared mainly for income generation (73.9%) and for household consumption (18.3%). They were reared predominantly (60.2%–100%) under the extensive system with unrestricted access to human space, cooking utensils and foods. Households were assessed as having good (59.4%), fair (22.2%) and poor (18.4%) hygiene. The rate of household non-prescriptional antimicrobial usage was 69.4% in humans and 60.6% in animals. Overall, ESBL-producing Enterobacteriaceae were detected in 53 (11.6%) of 457 samples. The ESBL-producing isolates were identified as Escherichia coli (n = 49) and Klebsiella pneumoniae (n = 4). They harboured the ESBL gene variants blaCTX-M-15 (n = 49), blaCTX-M-14 (n = 2), blaCTX-M-27 (n = 1) or blaCTX-M-55 (n = 1). Forty-eight ESBL-producing E. coli were assigned into phylogenetic groups A (n = 17), B1 (n = 14), D (n = 13) and F (n = 4). All ESBL-producing isolates demonstrated multidrug resistance to antimicrobial agents belonging to at least three different classes of antimicrobials. Poor regulation of antimicrobial marketing and inadequate access to veterinary care contributed to non-prescriptional use of antimicrobials in humans and animals. Free-range household animals harboured ESBL-producing bacteria and may facilitate the dispersal of the organisms within the community. © 2018 Elsevier B.V.",Scopus,SEARCH_028
Blood lead levels in women of child-bearing age in Sub-Saharan Africa: A systematic review,Bede-Ojimadu O.; Amadi C.N.; Orisakwe O.E.,2018,10.3389/fpubh.2018.00367,https://www.scopus.com/pages/publications/85059242726?origin=resultslist,"This paper reported available studies on blood lead level of childbearing age in Sub-Saharan African women. PubMed and Google scholar databases were searched for original articles reporting blood lead levels of women of childbearing age in Sub-Saharan Africa. Searches were not limited to year of study but limited to studies published in English Language. Data were extracted and synthesized by estimating the weighted mean of the reported blood lead levels. Fifteen papers fulfilled the inclusion criteria. Mean blood lead levels of women in the studies ranged from 0.83 to 99 μg/dl. The overall weighted mean of blood lead levels was 24.73 μg/dl. The weighted mean from analyses of data on blood lead levels of pregnant women alone was 26.24 μg/dl. Identified sources of lead exposure included lead mine, informal lead-acid battery recycling, leaded gasoline and piped water. Elevated BLLs were associated with incidence of preeclampsia, hypertension, and malaria. Important contributing factors for elevated blood lead levels (BLL) in these women include poverty, high environmental lead burden, low awareness on lead exposure hazards and lack of regulation for lead in consumer products. BLLs of women of childbearing age in SSA are unacceptably high. There is need therefore, for aggressive programs to address lead exposure in this population. © 2018 Bede-Ojimadu, Amadi and Orisakwe.",Scopus,SEARCH_028
Governance and Finance: Availability of Community and Social Development Infrastructures in Rural China,Wang J.; Li B.,2018,10.1002/app5.216,https://www.scopus.com/pages/publications/85040669336?origin=resultslist,"This article studies the causes for unequal access to rural community and social development infrastructures in China. We use a dataset in the China Health and Retirement Longitudinal Study (2011-2012), the National Baseline Survey of Communities, to examine the availability of four types of infrastructures: public transportation, sanitation, health care and aged care. Three hundred and seven villages are included in this study. The findings suggest that the primary funder of infrastructures and the status of village governance have impacts on the unequal availability of rural infrastructures. The effects vary by the type of infrastructures under discussion. This is the first attempt to combine planning, finance and governance factors in explaining rural infrastructure availability. It has strong policy implications and shed important light on state-society relations and the urbanisation trends in China. © 2018 Crawford School of Public Policy of the Australian National University and John Wiley & Sons Australia, Ltd.",Scopus,SEARCH_028
The elephant in the room: Informality in Tanzania’s rural waterscape,Katomero J.; Georgiadou Y.,2018,10.3390/ijgi7110437,https://www.scopus.com/pages/publications/85058046422?origin=resultslist,"Informality is pervasive in Tanzania’s rural waterscape, but not acknowledged by development partners (donors and beneficiaries), despite persistent warnings by development scholars. Informality is thus the proverbial elephant in the room. In this paper, we examine a case of superior rural water access in two geographical locales—Hai and Siha districts—in Tanzania, where actors not only acknowledge, but actively harness informality to provide access to water to rural populations. We employ concepts from organization and institutional theory to show that when informal programs and related informal sanctions/rewards complement their formal counterparts, chances for achieving the Sustainable Development Goals (SDG) target 6.1 ‘By 2030, achieve universal and equitable access to safe and affordable drinking water for all’ are significantly increased. © 2018 by the authors.",Scopus,SEARCH_028
A market-based solution to a sanitation issue in a marginalised area,Yadav V.,2018,10.1080/09614524.2018.1476467,https://www.scopus.com/pages/publications/85048368118?origin=resultslist,"Neo-liberal ideology, as an abstract technique of self-governance and population management, is often viewed as tolerant of extreme inequality within a market economy. However, the range of policy proposals that flow from the ideology are not necessarily insensitive to development projects in marginalised areas. Sensitivity to market mechanisms may inject pragmatism in contexts where states are unable or unwilling to supply capability enhancing public goods. Through an analysis of the Center for Urban and Regional Excellence’s proof-of-concept development project in India, this article argues that a market-oriented framework can be useful in mitigating collective action problems. © 2018, © 2018 Informa UK Limited, trading as Taylor & Francis Group.",Scopus,SEARCH_028
"Significance of Granular Real Time Data for studying ground realities, addressing gaps in governance, and for measuring impact",Badri R.; Joshi P.,2018,10.1109/PUNECON.2018.8745386,https://www.scopus.com/pages/publications/85070257047?origin=resultslist,"Sanitation interventions within slums have typically focussed on the health risks of insufficient access to sanitation, the significance of understanding the context has always been neglected. This study examines the range of usage of data collected, analysed and put to use to pave way for systematic, informed and targeted service deliveries such as household sanitation. It also sheds light on spatial real-Time granular data being the foundation for not just measuring high scale impacts of interventions but also for evidence based challenges to stereotypes that are entrenched in society's psyche. A household level survey covering 463 households across four urban areas of Maharashtra namely: Kolhapur, Navi-Mumbai, Pimpri-Chinchwad, and Pune, involved 2,414 respondents in the pre-intervention survey while 2,306 respondents in the post-intervention survey. We found that household sanitation has had an overwhelming impact on not just the tier one cities where we surveyed but also the awareness levels of tier two cities have been very high and interesting to observe. A better understanding of the wide spectrum that each data set offers in studying slum level and household level demographics, character, behaviour, context, aspirations, and background is needed to enable context-specific, gender-sensitive and sustainable sanitation interventions. © 2018 IEEE.",Scopus,SEARCH_028
"Assessment of irrigation performance in large river basins under data scarce environment-A case of Kabul River basin, Afghanistan",Akhtar F.; Awan U.K.; Tischbein B.; Liaqat U.W.,2018,10.3390/rs10060972,https://www.scopus.com/pages/publications/85048954791?origin=resultslist,"The Kabul River basin (KRB) of Afghanistan, a lifeline of around 10 million people, has multiplicity of governance, management, and development-related challenges leading to inequity, inadequacy, and unreliability of irrigation water distribution. Prior to any uplifting intervention, there is a need to evaluate the performance of irrigation system on a long term basis to identify the existing bottlenecks. Although there are several indicators available for the performance evaluation of the irrigation schemes, we used the coefficient of variation (CV) of actual evapotranspiration (ETa) in space (basin, sub-basin, and provincial level), relative evapotranspiration (RET), and temporal CV of RET, to assess the equity, adequacy, and reliability of water distribution, respectively, from 2003 to 2013. The ETa was estimated through a surface energy balance system (SEBS) algorithm and the ETa estimates were validated using the advection aridity (AA) method with a R2 value of 0.81 and 0.77 at Nawabad and Sultanpur stations, respectively. The global land data assimilation system (GLDAS) and moderate-resolution imaging spectroradiometer (MODIS) products were used as main inputs to the SEBS. Results show that the mean seasonal sub-based RET values during summer (May-September) (0.37 ± 0.06) and winter (October-April) (0.40 ± 0.08) are below the target values (RET ≥ 0.75) during 2003-2013. The CV of the mean ETa, within sub-basins and provinces for the entire study period, has an equitable distribution of water from October-January (0.09 ± 0.04), whereas the highest inequity (0.24 ± 0.08) in water distribution is during early summer. The range of the CV of the mean ETa (0.04-0.06) on a monthly and seasonal basis shows the unreliability of water supplies in several provinces or sub-basins. The analysis of the temporal CV of mean RET highlights the unreliable water supplies across the entire basin. The maximum ETa during the study period was estimated for the Shamal sub-basin (552 ± 43 mm) while among the provinces, Kunar experienced the highest ETa (544 ± 39 mm). This study highlights the dire need for interventions to improve the irrigation performance in time and space. The proposed methodology can be used as a framework for monitoring and implementing water distribution plans in future. © 2018 by the authors.",Scopus,SEARCH_028
Sustainable Community Based Water Supply at Salatiga by Use of Rapfish Method,Suharyanto; Angelica Deasy K.; Sudarno,2018,10.1051/matecconf/201815901023,https://www.scopus.com/pages/publications/85045276530?origin=resultslist,"Sustainable water supply has been the United Nation's goal as stipulated in Sustainable Development Goals (SDG's). In 2030, all people must have acess to safe and affordable drinking water. In Salatiga Indonesia, the water supply company (PDAM) can now only serves 65.64% of the city's population. There are about 11.14% of the population served by community based water supply (CBWS). In line with the SDG's, The Government of Indonesia's program to have 100% coverage of water supply. The limitation on PDAM coverage has led the increase number of CBWS. This tendency has raised the question on the sustainability of CBWS. This paper presents the sustainability evaluations of some CBWS in Salatiga using Rapfish method. In the method, sustainability is evaluated using multi-dimensional scalling based on aspects of ecological, technological, social, institutional, and economical. The strategy to improve sustainability is identified using SWOT analysis. The study performed at 4 (four) CBWS at Kecamatan Sidorejo, Salatiga. It represents the CBWS using deep water sources and spring water sources. It shows that all CBWS analysed are barely sustainable on the dimension of ecological, technological, and social. The dimension on institutional and economical are in the status of no sustainability. Therefore, the CBWS need some improvement and reinforcement especially on institutional and economical. © The Authors, published by EDP Sciences, 2018.",Scopus,SEARCH_028
Home haemodialysis in the Netherlands: State of the art,Bonenkamp A.A.; van Gelder M.K.; Abrahams A.C.; Boereboom F.T.J.; Cornelis T.; Luik A.J.; Özyilmaz A.; van der Sande F.M.; van Eck van der Sluijs A.; Gerritsen K.G.F.; van Jaarsveld B.C.,2018,,https://www.scopus.com/pages/publications/85047910758?origin=resultslist,"Home haemodialysis (HHD) has gained popularity in recent years, due to improved clinical outcomes associated with frequent or prolonged haemodialysis sessions, best achievable at home. However, several barriers to HHD are perceived by the physician and patient, among which lack of experience and education, logistic difficulties and reimbursement issues seem to be the most important ones. HHD, in particular when performed with intensified frequency or duration, is associated with improved quality of life, blood pressure control and survival. Serious adverse events are rare; however, more vascular access complications arise due to frequent needling. This emphasises the importance of comprehensive education and training. This review aims to provide the physician with a detailed state of the art overview on HHD in the Netherlands, discussing potential barriers and benefits, and offering practical advice. © Van Zuiden Communications B.V. All rights reserved.",Scopus,SEARCH_028
Recovering the costs of irrigation water with different pricing methods: Insights from a Mediterranean case study,Cortignani R.; Dell'Unto D.; Dono G.,2018,10.1016/j.agwat.2017.12.016,https://www.scopus.com/pages/publications/85040022313?origin=resultslist,"A key guideline of the European Water Framework Directive (WFD) asks to cover water costs in a way to encourage the efficient use of the resource, therefore its protection, but minimizing possible adverse environmental, social and economic impacts of cost recovery. We use a Mathematical Programming model of an Italian, Mediterranean agricultural area where a Reclamation and Irrigation Board (RIB) manages collective irrigation facilities, to simulate the impact of replacing the existing pricing system with several alternatives, at different degrees of water cost recovery. We estimate the water distribution cost (WDC) of the RIB with a Translog cost function, and consider the cost incurred by the Sardinian water agency (ENAS) for maintaining regional dams and primary water infrastructures. We also consider that a Regional subsidy pays part of the RIBs and ENAS energy cost for water lifting, and that ENAS rates are modulated among end-users to reduce agricultural fee by increasing the charge on industrial uses. We simulate the impact of alternative pricing under four scenarios of cost recovery: (i) current partial recovery of WDC, with no ENAS charge; (ii) current recovery of WDC, plus ENAS cost at modulated agricultural rates; (iii) full coverage of WDC, i.e. absence of the Regional aid, plus ENAS cost at modulated agricultural rates; (iv) full coverage of WDC, plus unmodulated ENAS rate. Solely changing the water pricing system, at current cost recovery level, generates limited total impacts, but substantial income redistributive effects among farm types whose magnitude grows increasing the level of recovery. The full cost recovery scenarios generate remarkable global impacts and drops of income in the single farm types, particularly when applying ENAS undiscounted rate. Major consequences also emerge for the use of water and other productive factors, and labour employment. © 2017 Elsevier B.V.",Scopus,SEARCH_028
Deliberations about a perfect storm – The meaning of justice for food energy water-nexus (FEW-Nexus),Schlör H.; Venghaus S.; Fischer W.; Märker C.; Hake J.-F.,2018,10.1016/j.jenvman.2018.04.097,https://www.scopus.com/pages/publications/85046831517?origin=resultslist,"The current global developments have the potential to cause a ‘perfect storm’ at the core of the Anthropocene: the Food-Energy-Water-Nexus. To discuss the ethical consequences of these developments, i.e., insufficient access to the life sustaining nexus resources, the analysis is focused on Rawls’ theory of justice and its implementation in Germany with a special focus on the FEW nexus. Rawls stresses in his theory of justice the prominent meaning of institutions for a fair society to meet societal challenges and to meet the challenge of our time: a stable and just society. Hence, the realization of his ideas in Germany is scrutinized and income tax and value added tax are interpreted in the sense of Douglas North and John Rawls as institutions and formal rules of society. This paper focuses on taxes as the most important institutional incentive to organize and structure the political, social and economic cooperation and analyses how these incentives affect selected German households (all households, singles, single man and woman, and couples) with respect to income and FEW expenditures. The relevant income and usage data sample (Einkommens- und Verbrauchsstichprobe (EVS)) for Germany is used for the analysis of the distribution of income types, FEW expenditures and the revenues of income tax and value added tax, i.e., the main instruments to manage the challenges of the FEW nexus. Therefore two distribution measures have been used: the dispersion of income, taxes and FEW expenditures and their skewness. Five household groups were selected for this analysis: All households, all single households, the single women households, the single men households, as well as the households of couples. The EVS data sample allows the analysis of consequences of the current societal conditions on the various households and thus serves to provide a deeper understanding of the differences between singles and couples but also between single women and men. © 2018",Scopus,SEARCH_028
Floodplain connectivity,Dezső J.; Lóczy D.; Salem A.M.; Nagy G.,2018,10.1007/978-3-319-92816-6_14,https://www.scopus.com/pages/publications/85054031352?origin=resultslist,"Floodplains fulfil vital ecosystem services (supporting water management, biodiversity, agricultural production, ecotourism and others). Since a satisfactory water supply is indispensable for the provision of such services, in addition to longitudinal channel connectivity, lateral channel/floodplain hydrological connectivity is of primary importance. As a consequence of river regulation, however, floodplains shrunk considerably in area, ‘protected’ floodplains connection with the river channel which had produced them and became severely threatened ecosystems. In the Drava Plain, too, disconnected (or ‘geographically isolated’) oxbows became typical. With reduced surface connectivity, groundwater flow becomes the main driver of connecting processes (profundal type of oxbow). Effective porosity and hydraulic conductivity of alluvial deposits and seepage from an oxbow lake (the degree of clogging of floor deposits) were calculated to estimate groundwater movements and to reveal water exchange between oxbow lakes and the active river channel. Subsurface connectivity under drought conditions was simulated by hydrological modelling with the help of HYDRUS-1D and MODFLOW 6 packages. Planning rehabilitation efforts subsurface connectivity too should be considered. © Springer International Publishing AG, part of Springer Nature 2019.",Scopus,SEARCH_028
"Improving water service to the urban poor through delegated management: Lessons from the city of Kisumu, Kenya",Nzengya D.M.,2018,10.1111/dpr.12361,https://www.scopus.com/pages/publications/85038071976?origin=resultslist,"Partnerships like the delegated management model (DMM), in which a utility delegates management of infrastructure and service delivery to slum residents, are being promoted to improve services to the urban slums in sub-Saharan Africa. However, there is little empirical evidence of the benefits that DMM offers beneficiaries and its potential limitations. This study, conducted in 2013, compared water service in two slums in the city of Kisumu in Kenya where DMM has been implemented with another where it has not been implemented. Results showed that DMM had lowered the cost of water compared to water kiosks in neighbourhoods in which DMM had not been implemented. The study findings contribute toward an evidence base for stakeholders and regulators who see an opportunity in the integration of DMM into local drinking water provision solutions in urban slums. © The Author 2017. Development Policy Review © 2017 Overseas Development Institute",Scopus,SEARCH_028
Removal of phenol from aqueous solution using polymer inclusion membrane based on mixture of CTA and CA,Benosmane N.; Boutemeur B.; Hamdi S.M.; Hamdi M.,2018,10.1007/s13201-018-0643-8,https://www.scopus.com/pages/publications/85066609926?origin=resultslist,"Nowadays, there are increasingly stringent regulations requiring more and more treatment of industrial effluents to generate product waters which could be easily reused or disposed of to the environment without any harmful effects. In the present work, the removal of phenol from aqueous solution across polymer inclusion membrane (PIM), based on mixture of cellulose triacetate and cellulose acetate as support (75/25%), calix[4]resorcinarene derivative as a carrier and 2-nitrophenyl octyl ether (2-NPOE) as plasticizer was investigated. The experimental part of this investigation involved the influence of carrier nature, plasticizer concentration, pH phases, and phenol initial concentration on the removal efficiency of phenol from synthetic wastewater. A PIM containing 0.1 g (of mixture polymer), (0.15 g/g mixture of polymer) of carrier and (0.03 ml/g mixture of polymer) of 2-NPOE provided the highest percentage of phenol removal efficiency over a 6-day transport; the removal was found to be about 95%, indeed the removal was found to be highly dependent of pH phases. The feed solution in these transport experiments was at pH 2, while the stripping solution contained 0.20 M NaOH. This study claims that the PIM with a mixture of cellulose derivatives can be used effectively to remove phenols from wastewaters. © 2018, The Author(s).",Scopus,SEARCH_028
Diagnostic performance of intravoxel incoherent motion diffusion-weighted imaging and dynamic contrast-enhanced MRI for assessment of anal fistula activity,Lefrançois P.; Zummo-Soucy M.; Olivié D.; Billiard J.-S.; Gilbert G.; Garel J.; Visée E.; Manchec P.; Tang A.,2018,10.1371/journal.pone.0191822,https://www.scopus.com/pages/publications/85041032228?origin=resultslist,"Objective To evaluate intravoxel incoherent motion (IVIM) diffusion-weighted imaging (DWI) and dynamic contrast-enhanced (DCE) magnetic resonance imaging (MRI) sequences for quantitative characterization of anal fistula activity. Methods This retrospective study was approved by the institutional review board. One hundred and two patients underwent MRI for clinical suspicion of anal fistula. Forty-three patients with demonstrable anal fistulas met the inclusion criteria. Quantitative analysis included measurement of DCE and IVIM parameters. The reference standard was clinical activity based on medical records. Statistical analyses included Bayesian analysis with Markov Chain Monte Carlo, multivariable logistic regression, and receiver operating characteristic analyses. Results Brevity of enhancement, defined as the time difference between the wash-in and wash-out, was longer in active than inactive fistulas (p = 0.02). Regression coefficients of multivariable logistic regression analysis revealed that brevity of enhancement increased and normalized perfusion area under curve decreased with presence of active fistulas (p = 0.03 and p = 0.04, respectively). By cross-validation, a logistic regression model that included quantitative perfusion parameters (DCE and IVIM) performed significantly better than IVIM only (p < 0.001). Area under the curves for distinguishing patients with active from those with inactive fistulas were 0.669 (95% confidence interval [CI]: 0.500, 0.838) for a model with IVIM only, 0.860 (95% CI: 0.742, 0.977) for a model with IVIM and brevity of enhancement, and 0.921 (95% CI: 0.846, 0.997) for a model with IVIM and all DCE parameters. Conclusion The inclusion of brevity of enhancement measured by DCE-MRI improved assessment of anal fistula activity over IVIM-DWI only. © 2018 Lefrancois et al. This is an open access article distributed under the terms of the Creative Commons Attribution License, which permits unrestricted use, distribution, and reproduction in any medium, provided the original author and source are credited.",Scopus,SEARCH_028
Regional development in conditions of limitation of water resources: Correlation interconnections,Fedulova S.; Komirna V.; Naumenko N.; Vasyliuk O.,2018,10.14254/1800-5845/2018.14-4.4,https://www.scopus.com/pages/publications/85061613610?origin=resultslist,"The main idea of the article is to study the problem of regional development in the conditions of limited water resources. The subject of the study is theoretical and methodological provisions and applied practical recommendations for the regulation of regional development in the conditions of limited water resources. The purpose of the article is to determine the connection between water supply (water potential) of Ukrainian regions and their specialization in production and trade in the conditions of water resource constraints and determine the further prospects for regional development. In the study have been used traditional and special methods of research, including: historical and logical method, method of abstraction and analogy, system analysis methods and the method of correlation analysis. For calculations was used the biserial correlation method based on the point of biserial relation coefficient of Pearson. The article presents a hypothesis about the need to change the paradigm of regulation of regional development regulation on the basis of water-efficient water use and identified the territories of Ukraine with the general water risk. It is determined that Ukraine is the world's largest exporter of food products, along with the USA, Australia and Russia, that requires significant water resources. It has been proved that there is no link between the water supply (water potential) of the regions and production and trade with grain and leguminous plants. It is possible to assume that such conditions have arisen due to the existence of land resources (black earth) on the territory of the country, and also that in Ukraine there are other more important problems of effective regional water use. © 2018, Economic Laboratory for Transition Research. All rights reserved.",Scopus,SEARCH_028
"Experiences with compulsory drug detention among people who inject drugs in Bangkok, Thailand: A qualitative study",Kerr T.; Small W.; Ayutthaya P.P.N.; Hayashi K.,2018,10.1016/j.drugpo.2017.11.016,https://www.scopus.com/pages/publications/85037616156?origin=resultslist,"Background Thailand has employed a system of compulsory drug detention centres (CDDCs) where drug users are confined following arrest. Although concerns regarding CDDCs persist, research focused on CDDCs in Thailand is limited. We undertook this study to explore experiences with CDDCs among people who inject drugs (PWID) in Thailand. Methods Data were derived from the Mitsampan Community Research Project, a mixed- methods study involving PWID in Bangkok. Between July 2011 and June 2012, semi-structured, in-depth interviews were conducted with PWID who had been exposed to CDDCs. Interviews explored experiences with CDDCs, including conditions and program structure within CDDCs, and the impacts of CDDCs on on-going patterns of drug use. Audio-recorded interviews were transcribed verbatim, and a thematic analysis was conducted. Results Participants included 27 individuals, including 12 women. Participants indicated that CDDCs varied in their design and structure, although most described the conditions as being poor and unsanitary, with overcrowding and limited access to clean water and adequate nutrition. Most participants were placed in military-operated CDDCs and subjected to long hours of physical exercise and forced labour as punishment, which staff perceived as being essential to attaining a drug-free lifestyle. Many participants also experienced severe verbal abuse and violence by staff. Access to healthcare was limited and often denied, and individuals living with HIV/AIDS were typically unable to access antiretroviral therapy. None of the participants described being exposed to evidence-based addiction treatment, and most participants reported returning to drug use immediately upon release. Conclusion This study raises concerns regarding CDDCs in Thailand, including poor conditions and human rights violations within CDDCs, as well as a lack of access to appropriate healthcare and addiction treatment. CDDCs appear to be contributing to the stigmatization of drug users, while also perpetuating drug use rather meeting the intended objective of facilitating “rehabilitation”. © 2017 Elsevier B.V.",Scopus,SEARCH_028
Effectiveness of proper health and hygiene practices: A study on ensuring hygienic environment in Bangladeshi tourist destinations,Kamruzzaman M.; Fariha M.S.,2018,,https://www.scopus.com/pages/publications/85067026432?origin=resultslist,"Tourism in Bangladesh is becoming a developed industry that serves thousands of international and domestic tourists yearly. With the increasing tourist's arrival rate to Bangladesh, tourists can show careful forethought about the all well-integrated accommodation and associated services in their selected destination and those should be safe. Access to improved drinking water and sanitation and a technical guidance to maintain a complete hygiene safety are important for the comfort and health of travelers. This paper attempts to probe the scope of tourism in Bangladesh by concentrating more on as part of a commitment that appears to improve health and hygiene safety within the tourism accommodation sector, through collaboration with public and private stakeholders and associated organizations. A suitable methodology was developed and justified in order to collect profound quantitative data and a structured questionnaire was used to survey around 205 people who seemed to be regular tourists, young people concerning about hygiene issues (poor infrastructure, lack of clean water and sanitation) of Bangladeshi tourist destinations. This study adopted a statistical analysis design, the overall purpose of this paper is to highlight and give an attention to what product and services tourists need most for hygiene and sanitation safety and how foreign tourists are comfortable with the current scenario of hygiene and sanitation troubles of Bangladesh. © IEOM Society International.",Scopus,SEARCH_028
Problems of designing and sanitary-epidemiologic expertize of projects of sanitary protection zones of underground water supply sources,Gorbanev S.A.; Nikulenkov A.M.; Yeremin G.B.; Bashketova N.S.; Badaeva E.A.; Lomtev A.Y.,2018,10.18821/0016-9900-2018-97-12-1152-1156,https://www.scopus.com/pages/publications/85061512593?origin=resultslist,"Introduction. One of the main tasks in the area of public health in Russia is the adequate quality of drinking water supply, i.e. its sound chemical composition and epidemiological safety. The latter is provided among others, by proper wellhead protection activities which aim to ensure sanitary protection of water intakes, water supply and distribution facilities and sites of their location from anthropogenic influence. The aim of the study. The analysis of most common errors revealed during the expertize of wellhead protection (WHP) plans for groundwater intakes. Material and Methods. laws and regulations related to wellhead protection plan development, particular WHP plans, related technical papers. The study is methodologically based on common scientific approaches to investigate social interactions in the field of drinking and domestic water supply such as analytical, comparative, structured system analysis. Results. It is shown that a great deal of uncertainty exists in practical assessment of parameters necessary to estimate wellhead protection area that makes wellhead protection area delineation rather approximate. To enhance the reliability of estimates it is necessary to account for a minimal set of estimation indices and increase the requirements to the quality and scope of project documentation. Conclusion. Authors set forth a complex of additional investigations to refine parameter estimates for wellhead protection plan development, and several new requirements for the project design regarding both the textual part and graphics. Some recommendations to amend current regulations related to wellhead protection are also suggested. © 2018 Izdatel'stvo Meditsina.",Scopus,SEARCH_028
Emerging scarcity and emerging commons: Water management groups and groundwater governance in Aotearoa New Zealand,Boone S.; Fragaszy S.,2018,,https://www.scopus.com/pages/publications/85074128923?origin=resultslist,"In New Zealand, intensifying agricultural production, particularly in the Canterbury and Heretaunga Plains, has led to groundwater overabstraction. Aquifer connectivity to lowland streams results in decreased streamflow with concomitant impacts on nutrient concentrations and other relevant factors for indigenous flora and fauna. Recent legislative reforms including the 2017 amendments to the National Policy Statement - Freshwater Management have increased local government responsibility and authority to address cumulative effects of diffuse resource use and have increased pressure on agricultural communities to farm within environmental constraints. Numerous water management groups (WMGs) have emerged across New Zealand in the past decade to deal with these reforms and ensure reliability of irrigation water supply. Regional governments view WMGs as helpful in dealing with water allocation challenges and integrated environmental management approaches. This paper uses two case study WMGs from Hawke's Bay and Canterbury to illustrate aspects of common property management and explore the viability of this type of localised resource governance. The study highlights how these WMGs have navigated groundwater, local government, and environmental management issues and how their local context and constraints shaped their development. It also illustrates how WMGs can engage with water quality and broader environmental challenges while ensuring members' economic viability. © 2018 Water Alternatives Association.",Scopus,SEARCH_028
Loss of Functional Internal Rotation Following Various Combinations of Bilateral Shoulder Arthroplasty,Triplet J.J.; Kurowicki J.; Berglund D.D.; Rosas S.; Horn B.J.; Levy J.C.,2018,,https://www.scopus.com/pages/publications/85056393765?origin=resultslist,"BACKGROUND: Limited internal rotation (IR) remains a concern for activities of daily living (ADLs) following bilateral shoulder arthroplasty (BSA). The purpose of this study was to evaluate the loss of the ability to perform functional IR tasks following BSA using various combinations of anatomic (TSA) and reverse (RSA) shoulder arthroplasty. METHODS: A retrospective review of an institutional shoulder-surgery database was conducted for patients who underwent BSA with any combination of TSA or RSA with at least a 2-year follow-up. IR range of motion (ROM) and individual American Shoulder and Elbow Surgeons (ASES) score and Simple Shoulder Test (SST) questions specific to IR were used to assess a patient's ability to perform IR tasks with at least one of their shoulders. RESULTS: Seventy-three patients met the inclusion criteria (47 TSA/TSA, 17 RSA/RSA, and 9 TSA/RSA). Average age at surgery was 72.1 years. Average follow-up was 51.4 months. Loss of ability to wash one's back was observed in 30.4% TSA/TSA, 33.3% TSA/RSA, and 52.9% RSA/RSA. Loss of ability to tuck in a shirt was observed in 10.6% TSA/TSA, 11.1% TSA/RSA, and 29.4% RSA/RSA. Loss of ability to manage toileting was observed in no TSA/TSA or TSA/RSA, but in 11.8% RSA/RSA. For each of the tasks, there were no significant differences in the ability to perform the task among the groups (p>0.05). Post-operative IR ROM for TSA/TSA was superior to those for TSA/RSA and RSA/RSA (p<0.01). IR ROM efficacies for both RSA/RSA and TSA/RSA were inferior to that for TSA/TSA (p<0.05). CONCLUSION: Bilateral RSA patients can perform most IR tasks, and their ability to complete these tasks does not differ significantly from those in patients with other BSA.",Scopus,SEARCH_028
Better kitchens and toilets: both needed for better health,Ravindra K.; Smith K.R.,2018,10.1007/s11356-018-1879-4,https://www.scopus.com/pages/publications/85045029419?origin=resultslist,"Both poor water, sanitation, hygiene (WaSH) and household air pollution (HAP) adversely affect the health of millions of people each year around the globe and specifically in developing countries. The objective of current work is to highlight the importance of HAP in parallel to WaSH for decision making to achieve better health specially in developing countries. There are examples, where developing countries are strengthening efforts to tackle the issue of poor water and sanitation such as ‘Clean India Mission’ was recently launched by the Government of India. However, there is lack of actions to address the issue related to HAP—to extend the coverage of clean fuel, efficient stoves and ventilated kitchens to the deprived population under the ‘Clean India Mission’. Most of the rural household and urban slums in developing countries have only a single room, where people cook and sleep. This leads them to exposure to toxic HAP, which can be minimized by developing country specific indoor air quality guidelines and action framework. Hence, there should be policies to provide them not only the subsidy for clean fuel but also to build properly ventilated kitchens along with the promotion of clean toilets and water supplies. There is a need to strengthen global efforts, to jointly address the challenges associated with the risks related to WaSH and HAP in order to efficiently reduce the global burden of disease. Further, this will also help to timely attain the sustainable development goals for better health and environment. © 2018, Springer-Verlag GmbH Germany, part of Springer Nature.",Scopus,SEARCH_028
"Redwood City, CA completes bay mud trenchless crossing of U.S. Highway 101",Bowland J.; Moore B.,2018,,https://www.scopus.com/pages/publications/85060200784?origin=resultslist,"The City of Redwood City collects wastewater from the service area and transports to the Silicon Valley Clean Water conveyance system at the Redwood City Pump Station (RWCPS), where the City flows are combined in the SVCW flows for conveyance to the treatment plant. The existing Walnut Street Gravity Sewer Interceptor, which is a 48-inch diameter reinforced concrete pipe (RCP), is the primary connection between the collection system on the west side of Highway 101 and the RWCPS on the east side of the highway. The existing 48-inch Walnut Street Interceptor was encased in a 66-inch steel casing under Highway 101. The pipe was not only undersized but also had a reverse grade of 0.7 feet that reduced the pipe capacity and caused operational and maintenance challenges. The purpose of the Redwood City Walnut Street Interceptor Project was to increase the City’s trunk sewer capacity to move raw wastewater under US Highway 101 to the Redwood City Pump Station. This paper will discuss design details, risks, and mitigations related to installation of the new 60-inch diameter reinforced concrete pipe under Highway 101 using open shield pipe jacking. © 2018 International Society for Trenchless Technology. All Rights Reserved.",Scopus,SEARCH_028
Current status of sludge processing and biosolids disposition in Ontario,Jin C.; Archer G.; Parker W.,2018,10.1016/j.resconrec.2018.05.024,https://www.scopus.com/pages/publications/85047614389?origin=resultslist,"Sludge processing and biosolids management represent significant ongoing activities for the wastewater treatment industry. Historically, a substantial inventory of sludge processing technologies and operating practices have been developed within regions to manage sludges and produce products that meet disposition requirements. However, access to system-wide information on sludge handling practices that would be of interest to a variety of wastewater industry stakeholders is often not available. As an example, there is little system-wide information available on the types of sludge processing technologies employed and the quantity and quality of biosolids produced at wastewater treatment plants in Ontario. In the present study quantitative data on sludge handling over the period 2014–2016 was gathered for Wastewater treatment plants (WWTPs) with a hydraulic capacity greater than 1000 m3/day. The types of technologies employed were sorted by the design hydraulic capacity (DHC) of the WWTPs. Data on key biosolids properties (i.e. solids content, pathogen indicators, metals, nitrogen and phosphate) were sorted by WWTP DHC and related regulations. Drivers that are expected to impact biosolids handling practices in Ontario in the future are proposed and discussed in context of the current practices. © 2018 Elsevier B.V.",Scopus,SEARCH_028
"Community engaged cumulative risk assessment of exposure to inorganic well water contaminants, crow reservation, Montana",Eggers M.J.; Doyle J.T.; Lefthand M.J.; Young S.L.; Moore-Nall A.L.; Kindness L.; Medicine R.O.; Ford T.E.; Dietrich E.; Parker A.E.; Hoover J.H.; Camper A.K.,2018,10.3390/ijerph15010076,https://www.scopus.com/pages/publications/85040254040?origin=resultslist,"An estimated 11 million people in the US have home wells with unsafe levels of hazardous metals and nitrate. The national scope of the health risk from consuming this water has not been assessed as home wells are largely unregulated and data on well water treatment and consumption are lacking. Here, we assessed health risks from consumption of contaminated well water on the Crow Reservation by conducting a community-engaged, cumulative risk assessment. Well water testing, surveys and interviews were used to collect data on contaminant concentrations, water treatment methods, well water consumption, and well and septic system protection and maintenance practices. Additive Hazard Index calculations show that the water in more than 39% of wells is unsafe due to uranium, manganese, nitrate, zinc and/or arsenic. Most families’ financial resources are limited, and 95% of participants do not employ water treatment technologies. Despite widespread high total dissolved solids, poor taste and odor, 80% of families consume their well water. Lack of environmental health literacy about well water safety, pre-existing health conditions and limited environmental enforcement also contribute to vulnerability. Ensuring access to safe drinking water and providing accompanying education are urgent public health priorities for Crow and other rural US families with low environmental health literacy and limited financial resources. © 2018 by the authors. Licensee MDPI, Basel, Switzerland.",Scopus,SEARCH_028
"Integrated Water Resources Management in Water-scarce Regions: Water Harvesting, Groundwater Desalination and Water Reuse in Namibia",Liehr S.; Kramm J.; Jokisch A.; Müller K.,2018,10.2166/9781780407913,https://www.scopus.com/pages/publications/85101313626?origin=resultslist,"Integrated Water Resources Management in Water-scarce Regions consolidates the transdisciplinary research of the project “CuveWaters: Integrated Water Resources Management in Central Northern Namibia (Cuvelai Basin) in the SADC-Region” funded by the German Federal Ministry for Education and Research (BMBF) and undertaken from 2004 to 2015 in Namibia. In these eleven years it was possible to accomplish all three phases of an ideal-typical transdisciplinary research process, from creating a common research object down to transdisciplinary dissemination. The transdisciplinary research approach was designed to tackle the life-world problems of food security, sanitation and access to water in a sustainable way. It aimed at integrating science, technology and society with the common goal of establishing a multi-resource mix for water use to improve the living conditions of people in the project region. This ‘multi-resource mix’ comprises water from different sources made available through adapted technological solutions which are socially embedded. The technological solutions identified with the Namibian partners were rainwater and floodwater harvesting, groundwater desalination, sanitation and water reuse. Each technological solution is reflected in terms of approach, technology, social aspects, management and governance issues, economic viability and sustainability evaluation. This book shows how technological innovation must go hand in hand with social innovation regarding knowledge, practices and institutions. A comprehensive report of the design, methodologies and procedures as well as the research findings and conclusions is provided here. The aim of this book is to share with researchers, professionals and practitioners the lessons learned during the project and provide guidance for replication. © 2018 IWA Publishing.",Scopus,SEARCH_028
"Strategies for coping with inadequate domestic water supply in Abuja, Nigeria",Abubakar I.R.,2018,10.1080/02508060.2018.1490862,https://www.scopus.com/pages/publications/85050270927?origin=resultslist,"This article explores household strategies for coping with inadequate domestic water supply in Abuja, and the factors that affect strategy choice. In-depth interviews found that water storage (90%), bottled and sachet water (82%), water vendors (78%) and fetching water from neighbours (60%) were prefered for coping with inadequate water supply over water conservation and recycling (38%), boreholes (23%), home water treatment (15%), and surface water (10%). The necessity of water, costs of coping strategies, housing characteristics, socio-economic factors and planning regulations influenced household choice of strategies. © 2018, © 2018 International Water Resources Association.",Scopus,SEARCH_028
No water for the poor: the Roma ethnic minority and local governance in Slovakia,Filčák R.; Szilvasi M.; Škobla D.,2018,10.1080/01419870.2017.1291984,https://www.scopus.com/pages/publications/85014557045?origin=resultslist,"This article contributes to the emerging critiques of inequalities in the access to water by focusing on three inter-related aspects: affordability, accessibility and quality of water. Based on extensive fieldwork, the paper explores the situation in segregated Roma settlements in Slovakia and highlights the critical role of power asymmetries at a local level. It builds a conceptual framework using Bourdieu’s notions of “social field”, “habitus”, “doxa”, and “capital”, highlighting the central role of power asymmetries at a local level. Insights are drawn on how dominantly positioned social actors command decision-making regarding water supply, and how social hierarchies, inequalities and the “positionality” of Roma as a marginalized group are functional to the lack of political will to address insufficient water access for Roma in any efficient manner. © 2017 Informa UK Limited, trading as Taylor & Francis Group.",Scopus,SEARCH_028
Management practices and corruption risks in water service delivery in Kenya and Ghana,Bellaubi F.; Boehm F.,2018,10.2166/wp.2018.017,https://www.scopus.com/pages/publications/85046647775?origin=resultslist,"Water sector reform has brought considerable changes in organizations in Kenya and Ghana while the overall water service delivery (WSD) performance has remained low. The changes have also brought a shift in the balance of power between the different actors involved in WSD as well as a number of integrity issues at an institutional level in terms of corruption risks. The paper analyzes the power distribution between the main actors involved in WSD in terms of principals and agents, in relation to identified corruption risks and organizational structures at policy and regulatory, provision, and consumption WSD levels. The results identify different water control domains that are compared to management situations described in the literature but, according to the opinion of the authors, are considered insufficient to reflect on the empirical observations found in the three case studies in Kenya and two in Ghana. Furthermore, the authors suggest complementing management practice definitions with the findings of this research. © IWA Publishing 2018.",Scopus,SEARCH_028
Analysis of the use for Fire Protection Water Supply Systems in public utility buildings and residential buildings,Binio J.; Kieliszek S.,2018,10.1051/matecconf/201824700010,https://www.scopus.com/pages/publications/85059177316?origin=resultslist,"Regulation of the Minister of Interior and Administration of 7 June 2010 on the fire protection of buildings, other construction objects and areas, presents a number of requirements that must be met by public buildings and residential buildings requirements, among others, for fire-fighting water supply installations. The article presents an analysis of current requirements for water supply installations in public buildings and residential buildings included in Polish legal acts. In addition, statistical data on the size of the fire are presented and real water consumption in the activities of fire protection units during events. These data were obtained from the SWD PSP program, which is the basic tool for supporting the actions of rescue and fire-fighting units. It turns out that for the objects in question statistically the largest amount of fires are small fires, where relatively little water is used. on the basis of the comparison of the actual water consumption needed to extinguish the fire by the fire department with the requirements in force in relation to the analyzed buildings, too restrictive requirements for these facilities were noticed. Appropriate efficiency of the external hydrant network ensures the possibility of carrying out extinguishing activities. In connection with the above, one should consider the legitimacy of applying high requirements for the efficiency of fire protection installations in facilities. © The Authors, published by EDP Sciences, 2018.",Scopus,SEARCH_028
"Politics, centralisation and service delivery in urban Zimbabwe",Muchadenyika D.; Williams J.J.,2018,10.1080/03057070.2018.1500748,https://www.scopus.com/pages/publications/85054835670?origin=resultslist,"The politics of urban control has revolved around centralisation since independence in 1980. However, such politics became more pronounced after 2000 owing to the rise of the opposition Movement for Democratic Change (MDC) as the main governing party in urban areas. Political tensions and contradictions ensued between central government, under the Zimbabwe African National Union (Patriotic Front) (ZANU[PF]), and local authorities, under the MDC, over the control and administration of urban areas. Based on 30 interviews, the article explains how central government and, by extension, ZANU(PF) attempted to regain control of urban areas through centralisation of water and vehicle licensing functions. This practice, however, contravenes existing laws. Hitherto, scholarship has attributed centralisation by the government to a strategy to defuse the opposition rule in cities. This article extends reasons for centralisation to include ZANU(PF)’s strong ideological belief in centralisation, access to resources in a failing economy and maintaining a firm grip on power. In particular, the article focuses on how urban politics is manifested in the transfer of water and sanitation and vehicle licensing functions from local authorities to government-run entities. It is also evident that the prioritisation of survival politics neglects key service delivery in urban centres. In the absence of a functionally devolved system of governance, this casts doubt on the feasibility and success of opposition political parties in governing African cities. © 2018 The Editorial Board of the Journal of Southern African Studies.",Scopus,SEARCH_028
Transition management for improving the sustainability of WASH services in informal settlements in Sub-Saharan Africa-an exploration,Silvestri G.; Wittmayer J.M.; Schipper K.; Kulabako R.; Oduro-Kwarteng S.; Nyenje P.; Komakech H.; van Raak R.,2018,10.3390/su10114052,https://www.scopus.com/pages/publications/85055971334?origin=resultslist,"This paper explores how transition management processes can be designed to address the unsustainability of water, sanitation, and hygiene (WASH) services in informal settlements in cities in Sub-Saharan Africa. The unsustainability of services related to WASH in informal settlements in Sub-Saharan Africa is deeply embedded in current societal and governance structures, cultures, and practices; it is context-dependent and involves numerous actors with different interests. Based on a literature review and empirical work in Arusha (Tanzania), Dodowa (Ghana), and Kampala (Uganda), we identify five context dimensions that account for the unsustainability ofWASH services: (a) multiplicity ofWASH practices, structures, and arrangements; (b) governance capacities forWASH services and maintenance; (c) landownership for sustainable access toWASH; (d) public participation in decision-making related to WASH; and (e) socio-economic inequalities governing access to WASH. These dimensions pose numerous conceptual and application challenges for transition management. Based on these challenges, recommendations are formulated for the design of a contextualized, participatory transition management process that is not only functional, but also emancipatory. © 2018 by the authors.",Scopus,SEARCH_028
"Health risk in urbanizing regions: Examining the nexus of infrastructure, hygiene and health in tashkent province, uzbekistan",Subramanian S.V.; Cho M.J.; Mukhitdinova F.,2018,10.3390/ijerph15112578,https://www.scopus.com/pages/publications/85056695595?origin=resultslist,"Worldwide, development agencies have increased their investments in water supply and sanitation as a “powerful preventive medicine” to address infectious diseases. These interventions have focused on on-site technical interventions or social engineering approaches, emulating the result-based targets of the development goals. Against this backdrop, the study examines the following research question: What is the role of socio-cultural backgrounds, housing characteristics, and environmental hygiene practices in addressing water-transmitted diseases in the Tashkent province of Uzbekistan. In a country where public statistics and official maps are rarely accessible, and research is restrictive, the study carried out a household survey using open data kit (ODK) between July and October 2015 in Olmalik, an industrial district, and the Kibray urbanizing district in the province. The findings reveal that demographic factors, poor sanitation practices, housing characteristics, and social behaviors are key predictors of water-transmitted diseases in the two districts. In the industrial township, poor housing, larger household size, and poor excreta disposal habits increased the occurrence of diseases, while in urbanizing districts, higher household size, frequently eating out, and access to public taps significantly increased the occurrence of water-transmitted diseases. The study, which was carried out in a challenging institutional environment, highlights the need for Uzbekistan to focus their policies on environmental hygiene, demographic factors and social behavior as key interventions rather than merely on on-site drinking water and sanitation interventions. © 2018, MDPI AG. All rights reserved.",Scopus,SEARCH_028
"Distribution, characteristics, and level of community awareness and use of formal shared use sites in Los Angeles",DeFosset A.R.; Gase L.N.; Lu C.; Bell R.; Kuo T.,2018,10.1016/j.ypmed.2018.02.030,https://www.scopus.com/pages/publications/85043391458?origin=resultslist,"Shared use agreements (SUA) could increase opportunities for physical activity (PA) in under-resourced, urban areas. Despite recent investments in SUAs, the extent to which they reach communities in need and the level of community awareness and use of SUAs remains unclear. This cross-sectional study examined: 1) the distribution of SUAs in Los Angeles (LA) during the 2015–2016 academic year, 2) the characteristics of communities where SUAs were located, and 3) the extent to which community members were aware of and using available facilities. Assessment methods included: 1) abstraction of school administrative data reflecting the geographic distribution and scope of SUAs in LA, 2) collation of community-level Census and local planning data to describe demographic characteristics and per capita park acreage of communities where SUAs were located, and 3) collection of data via an Internet panel survey of LA adults (n = 371) examining awareness and use of SUA facilities. Under 3% of schools had a SUA in place during the study period. Compared to other areas of the city, areas within one mile of SUAs had more Hispanic/Latino, low-income, and lower educational status residents. Among survey respondents, 25.6% of those living within one mile of a SUA reported having access to school facilities; 48.6% of those reporting access reported using them. Although potentially targeted in high-needs areas, community members may not be aware of or utilizing SUA facilities. Additional efforts are needed to both expand access to school-based PA resources and attract community users. © 2018 Elsevier Inc.",Scopus,SEARCH_028
The economic value of local water supplies in Los Angeles,Porse E.; Mika K.B.; Litvak E.; Manago K.F.; Hogue T.S.; Gold M.; Pataki D.E.; Pincetl S.,2018,10.1038/s41893-018-0068-2,https://www.scopus.com/pages/publications/85051774485?origin=resultslist,"Los Angeles imports water over long distances to supplement local supplies. Reduced reliability of the available imports is driving many local agencies to promote conservation and enhance local water sources. These include stormwater capture, water reuse and groundwater. But financial considerations are often a significant impediment to project development, especially when comparing new and existing sources. Here we demonstrate a comprehensive approach for evaluating the economic implications of shifting to local water reliance in Los Angeles County. We show that local water supplies are economically competitive. Results from integrated hydroeconomic modelling of urban water in Los Angeles identify cost-effective water supply portfolios and conservation targets. Considering costs across the 'full-cycles' of urban water supply that span agency boundaries yields better comparisons of planning alternatives. Throughout the region, many water retailers could successfully mitigate effects of imported water cuts while still supporting drought-tolerant landscapes, but some would suffer due to over-reliance on imports. Updating economic assessment methods would support needed innovations to achieve local reliance in Los Angeles, including infrastructure investments, institutional reforms, many more drought-tolerant landscapes and reallocated groundwater rights. © 2018 The Author(s).",Scopus,SEARCH_028
Interspecific variation in avian thermoregulatory patterns and heat dissipation behaviours in a subtropical desert,Thompson M.L.; Cunningham S.J.; McKechnie A.E.,2018,10.1016/j.physbeh.2018.02.029,https://www.scopus.com/pages/publications/85042510930?origin=resultslist,"Deserts are physiologically challenging environments for birds, with scarce, unpredictable water resources combined with air temperatures (Tair) regularly exceeding avian body temperature (Tb). For arid-zone birds, mismatches between water supply and demand are a constant threat, yet interspecific variation in trade-offs between hyperthermia avoidance and dehydration avoidance remain poorly understood, particularly for free-ranging individuals. We examined behavioural and physiological responses to high Tair in nine species representing three orders that vary substantially in their heat dissipation thresholds, specifically pant50, the Tair at which panting behaviour is present in 50% of observations. Birds housed during mid-summer in large free-flight aviaries in the Kalahari Desert each received a surgically-implanted Tb logger, and we quantified shade-seeking, activity and panting behaviours to examine relationships between species-specific pant50 and Tb regulation. Overall, species setpoint Tb values were higher (range: 41.4 ± 0.5 °C to 43.1 ± 0.4 °C) than expected with maximum Tb values of 43.4–45.5 °C. Interspecific variation in Tb patterns at high Tair was substantial, with Tb increasing with Tair in most species, whereas in others no pattern or a negative relationship between Tb and Tair was evident. Most species avoided prolonged hyperthermia, with reductions in activity and increased shade-seeking evidently adequate to manage heat load without resorting to hyperthermia in in several of our study species. Access to drinking water and food resources in captivity may have affected Tb patterns. Our data reveal that thermoregulation varies substantially among species, and suggest that free-ranging birds in hot, arid environments may maintain higher Tb than currently thought. © 2018 Elsevier Inc.",Scopus,SEARCH_028
Shifting infrastructure landscapes in a circular economy: An institutionalwork analysis of the water and energy sector,Giezen M.,2018,10.3390/su10103487,https://www.scopus.com/pages/publications/85054057611?origin=resultslist,"Under pressure by the transition towards a circular economy, the infrastructure landscape is changing. Using InstitutionalWork as an analytical lens, this article analyses thework actors do to change and adapt institutional structures. In this process of restructuring, the research shows that there are four dominant types of institutional work: Enabling, Constructing Identities, Constructing Normative Networks, and Changing Normative Associations. The increasing fragmentation of infrastructure as well as the increasing connections made between different flows forces organisations to readjust their internal institutions as well as those that guide their interactions with their surroundings such as other organisational actors as well as citizens. Circularity requires a restructuring of infrastructure governance in order to adapt to the increasing flux caused by decentralised technologies and the need for integration of different systems. Additionally, the actors associated with energy and water infrastructure are responding accordingly. © 2018 by the authors.",Scopus,SEARCH_028
Determinants of farmers' participation in collective maintenance of irrigation infrastructure in KwaZulu-Natal,Sharaunga S.; Mudhara M.,2018,10.1016/j.pce.2018.02.014,https://www.scopus.com/pages/publications/85043312193?origin=resultslist,"The decentralization framework and the Dublin Principles on Integrated Water Resource Management (IWRM) emphasize the need for a participatory approach to irrigation water management. This study identifies the factors influencing farmers' decision to, and extent of participation in the maintenance of irrigation infrastructure in KwaZulu-Natal province, South Africa based on cross-section data collected from 320 randomly selected smallholder irrigating farmers. A two-step Heckman regression model was applied in the analysis. It was established that households whose heads were older, block committee members, with larger irrigation plots, good soil quality and experiencing severe irrigation water shortages are more likely to participate in maintenance of irrigation infrastructure. On the other hand, farmers with insecure land tenure and with no access to irrigation water were less likely to make the decision to participate. Farmers who were members of the farming cooperative as well as block committee members and those paying irrigation water costs were likely to intensively participate in maintaining irrigation infrastructure. Therefore, decentralization alone cannot lead to improved irrigation outcomes. Several factors are necessary for households to participate intensively in the maintenance of irrigation infrastructure. Governments should address these challenges before handing irrigation schemes to their beneficiaries. © 2018 Elsevier Ltd",Scopus,SEARCH_028
"Advancing rainwater harvesting as a strategy to improve water access in Kinondoni municipality, Tanzania",Dismas J.; Mulungu D.M.M.; Mtalo F.W.,2018,10.2166/ws.2018.007,https://www.scopus.com/pages/publications/85047781286?origin=resultslist,"The Sustainable Development Goals concept advocates affordable, safe and clean water supply. The water shortage in Dar es Salaam city affects communities in different wards of Kinondoni municipality. As a strategy to improve water access, this study assessed opportunities for application of rainwater harvesting (RWH) technologies, communities’ knowledge of this and their willingness to adopt RWH technologies, and challenges for installation and maintenance of RWH technologies in areas of Makongo, Mbezi, Msasani and Kimara wards of Kinondoni municipality. Data collection involved interviews, questionnaires and observation while the SPSS tool was used for data analysis. Also, laboratory tests for water quality parameters were conducted. Results showed that rooftop RWH systems with proper components and proper maintenance were found to provide better quality water for domestic use than other sources. Laboratory tests revealed that rainwater was better than other water sources. Lack of knowledge was the main factor that hindered adoption of RWH technology. Also, initial investment cost was among the reasons deterring its adoption. Therefore, to improve the adoption rate of RWH technologies there should be an integrated participation of different stakeholders to educate and support communities to address RWH technologies’ challenges. This can be supported by a proposed institutional framework. © IWA Publishing 2018.",Scopus,SEARCH_028
Impact pathways of a participatory local governance initiative in Uganda: a qualitative exploration,Van Campenhout B.; Bizimungu E.; Smart J.; Kabunga N.,2018,10.1080/09614524.2018.1509944,https://www.scopus.com/pages/publications/85053378680?origin=resultslist,"The baraza project, initiated in 2009, is a government-led initiative in Uganda that aims to increase the quality of public service delivery through the provision of information and involvement of beneficiaries in project monitoring by means of providing citizens with an advocacy forum. This article provides a qualitative assessment of the self-identified pathways through which barazas are thought to influence public service delivery, as expressed by participant stakeholders. It also explores motivating factors behind behavioural changes of stakeholders, hindrances to achieving positive outcomes, and opportunities for the implementation of future barazas. © 2018, © 2018 Informa UK Limited, trading as Taylor & Francis Group.",Scopus,SEARCH_028
Social Vulnerability to Climatic Shocks Is Shaped by Urban Accessibility,Parry L.; Davies G.; Almeida O.; Frausin G.; de Moraés A.; Rivero S.; Filizola N.; Torres P.,2018,10.1080/24694452.2017.1325726,https://www.scopus.com/pages/publications/85021125505?origin=resultslist,"Despite growing interest in urban vulnerability to climatic change, there is no systematic understanding of why some urban centers have greater social vulnerability than others. In this article, we ask whether the social vulnerability of Amazonian cities to floods and droughts is linked to differences in their spatial accessibility. To assess the accessibility of 310 urban centers, we developed a travel network and derived measures of connectivity and geographical remoteness. We found that 914,654 people live in roadless urban centers (n = 68) located up to 2,820 km from their state capital. We then tested whether accessibility measures explained interurban differences in quantitative measures of social sensitivity, adaptive capacity, and an overlooked risk area, food system sensitivity. Accessibility explained marked variation in indicators of each of these dimensions and, hence, for the first time, we show an underlying spatial basis for social vulnerability. For instance, floods pose a greater disease risk in less accessible urban centers because inadequate sanitation in these places exposes inhabitants to environmental pollution and contaminated water, exacerbated by poverty and governance failures. Exploring the root causes of these spatial inequalities, we show how remote and roadless cities in Amazonia have been historically marginalized and their citizens exposed to structural violence and economic disadvantage. Paradoxically, we found that places with the highest social vulnerability have the greatest natural and cultural assets (rainforest, indigenous peoples, and protected areas). We conclude that increasing accessibility through road building would be maladaptive, exposing marginalized people to further harm and exacerbating climatic change by driving deforestation. © 2018 The Author(s). Published with license by Taylor & Francis © 2018, © Luke Parry, Gemma Davies, Oriana Almeida, Gina Frausin, André de Moraés, Sergio Rivero, Naziano Filizola, and Patricia Torres.",Scopus,SEARCH_028
Exploring equity focus of the shawn wash programme in Nigeria,Akwataghibe N.; Wegelin M.; Postma L.; Fajemisin W.; Banda M.M.; Khan F.; Jurji Z.; Toonen J.,2018,10.2166/washdev.2018.020,https://www.scopus.com/pages/publications/85058133176?origin=resultslist,"This study assesses the extent to which equity was mainstreamed in the UNICEF Sanitation, Hygiene and Water in Nigeria (SHAWN) programme. Mixed methods consisting of desk review, survey of 2,105 households, individual survey of physically disabled people, focus group discussions with community members and in-depth interviews with key informants were used. The WASH project displayed equity considerations in selection of local government areas for its interventions – prioritizing underserved and unserved rural areas, females and places with the greatest needs – leading to increased access to water and sanitation for the poor. However, access was less for people with physical disabilities. Institutional and financial sustainability considerations challenged equity. Gender equality gaps driven by cultural and religious barriers existed in the composition of government WASH departments and community WASH Committees (WASHCOMS) despite the prominence accorded to gender issues. Operationalization of equity was hindered by poor data availability for assessment of poverty and needs; and cultural, environmental and financial barriers. WASHCOMS require specific training to operationalize equity and inclusion at community and household levels. The potential positive effects of a rights-based approach and equity on social and behavioural sustainability should be considered in future programming. © 2018 The Authors.",Scopus,SEARCH_028
Institutional impediments to conservation of freshwater dependent ecosystems,Spring D.A.; Croft L.; Bond N.R.; Cunningham S.C.; Mac Nally R.; Kompas T.,2018,10.1016/j.scitotenv.2017.11.232,https://www.scopus.com/pages/publications/85035045153?origin=resultslist,"When freshwater resources become scarce there is a trade-off between human resource demands and environmental sustainability. The cost of conserving freshwater ecosystems can potentially be reduced by implementing institutional reforms that endow environmental water managers with a permanent water entitlement and the capacity to store, trade and release water. Australia's Murray Darling Basin Plan (MDBP) includes one of the world's most ambitious programs to recover water for the environment, supported by institutional reforms that allow environmental water managers to operate in water markets. One of the anticipated benefits of the Plan is to improve the health of flood-dependent forests, which are among the most endangered ecosystems globally because of river regulation and land clearance. However, periodic flooding to conserve floodplain ecosystems in the MDB creates losses to riparian landowners such as damage to fencing and temporary loss of access to flooded land. To reduce these losses reservoir operators restrict daily water release volumes. Using a model of optimal water management in Australia's southern MDB we estimate that current reservoir operating restrictions will substantially reduce the ecological benefits of investments made to recover water for the environment. The reduction in benefits is largest if floodplain forests decline rapidly without periodic inundation. In the latter circumstances, ecological losses cannot significantly be reduced by allowing environmental water managers to operate in water markets. Our findings demonstrate that the recovery of large volumes of water for environmental purposes and water market reforms are insufficient for conserving flood-dependent ecosystems without coordination and cooperation among multiple stakeholders responsible for water and land management. © 2017 Elsevier B.V.",Scopus,SEARCH_028
Informal mechanisms to regularize informal settlements: Water services in São Paulo's favelas,Hylton E.; Charles K.J.,2018,10.1016/j.habitatint.2018.07.010,https://www.scopus.com/pages/publications/85051656291?origin=resultslist,"Growing global low-income populations living in informal urban settlements need basic services to live healthy, productive, dignified lives, but their informal status presents a legal barrier to service extension. In this paper we explore the informal mechanisms or ‘negotiated institutions’ that emerge to overcome this barrier, and the resulting link between service extension and tenure security. Primary data was collected in São Paulo, Brazil through semi-structured interviews with water supply decision makers and two community-level case studies. Interviews identified four mechanisms for approval of service extension: two forms of ‘permission’ (non-opposition) at the municipal level, a local elected official signing a law (without legal standing) or a unique instance of victory in court. We argue that the factual circumstances of de facto tenure security have to be interpreted through the lens of the entity with the power to evict. Thus, the impact of ‘negotiated institutions’ on de facto tenure security depends on the level of political support. In this case, the use of informal mechanisms to extend services did not change legal tenure status but improved de facto and perceived tenure security. Understanding these ‘negotiated institutions’ and how they emerge is crucial to being able to harness them to the advantage of informal communities that lack access to basic services. © 2018 Elsevier Ltd",Scopus,SEARCH_028
Supporting global initiatives on climate change: The EPO's “Y02-Y04S” tagging scheme,Angelucci S.; Hurtado-Albir F.J.; Volpe A.,2018,10.1016/j.wpi.2017.04.006,https://www.scopus.com/pages/publications/85058078116?origin=resultslist,"The EPO has developed a dedicated classification scheme for climate change mitigation technologies (CCMTs), where relevant patent publications are “tagged” and classified into a separated scheme which is fully integrated within the Cooperative Patent Classification (CPC). This allows for non-patent experts to search for climate change-related technologies in a more user-friendly fashion. The scheme has been continually expanded in recent years and is now considered complete for CCMTs, covering seven main categories, namely energy, greenhouse gases (GHG) capture, buildings, industry (including agriculture), transport and waste and wastewater management. A classification scheme for smart grids, Y04S (a spin-off of Y02), has been also developed. Both classifications ease the access to patent documentation in sustainable technologies. An overview of the structure of the Y02/Y04S scheme is presented together with examples of how this can be used (i) to find relevant technologies and their owners and (ii) to provide technical, legal and business information to support strategic decision-making in the field of climate change. © 2017",Scopus,SEARCH_028
Household consumption expenditure and inequality: evidence from Nigerian data,Nwosu E.O.; Ojonta O.; Orji A.,2018,10.1108/IJDI-06-2017-0113,https://www.scopus.com/pages/publications/85049139522?origin=resultslist,"Purpose: Enhancing household consumption and reducing inequality are among the fundamental goals of many developing countries. The purpose of this study therefore is to disaggregate household consumption expenditure into food and non-food and, thus, decompose inequality into within- and between-groups. Design/methodology/approach: The study adopts generalised entropy (GE) measures. Second, the study uses regression-based inequality decomposition to ascertain the determinants of inequality in food and non-food expenditure using household demographic and socioeconomic characteristics as covariates. Findings: The results show that non-food expenditure is the major source of inequality in household consumption expenditure in both urban and rural areas with inequality coefficients of above 0.6 compared to about 0.4 for food expenditure. The decompositions also show that within-group inequalities for non-food and food expenditure are, respectively, 0.97 and 0.365 using the Theil index, while between-group inequalities for non-food and food are, respectively, 0.016 and 0.035. Furthermore, the regression-based inequality decompositions show that variables such as living in rural areas, household size, household dwelling and household dwelling characteristics account for the significant proportion of inequality in food and non-food expenditure. Originality/value: The policy implication of the findings, among others, is that policies should focus on addressing inequality within rural and urban areas, especially with respect to non-food expenditure than in inequality existing between urban and rural areas. These non-food expenditures include expenditure in education, health, energy, accommodation, water and sanitation. © 2018, Emerald Publishing Limited.",Scopus,SEARCH_028
Improving urban water supply in Mexico: a systematic review,Silva Rodríguez de San Miguel J.A.; Trujillo Flores M.M.; Lambarry-Vilchis F.,2018,10.1108/MEQ-01-2018-0011,https://www.scopus.com/pages/publications/85048048779?origin=resultslist,"Purpose: The purpose of this paper is to analyse the measures taken by both the federal government of Mexico and its municipalities in relation to the country’s urban water supply and its management to improve it. Design/methodology/approach: The PRISMA guidelines were chosen as the framework for this systematic review of the available literature on urban water supply in Mexico, considering the most important and relevant legal and institutional considerations. They were paired with critical qualitative review. Overall, 21 main documents, between 2000 and 2016, were acceptable for inclusion. Findings: The review closes by proposing that the approach, at present, is excessively rigid, and that greater flexibility would permit municipalities to identify more suitable means of managing their own water supplies with minimal support from the federal government. Originality/value: Several research articles have been written about the general nature of Mexico’s urban water supply and management at present. However, no attempt has been made to synthesise the evidence and arguments made in this significant body of research. Thus, the key purpose of this review is to do that with the intention of proposing a shift in the country’s approach to urban water management. © 2018, Emerald Publishing Limited.",Scopus,SEARCH_028
The value of water supply reliability in urban water systems,Howe C.W.; Smith M.G.; Bennett L.; Brendecke C.M.; Ernest Flack J.; Hamm R.M.; Mann R.; Rozaklis L.; Wunderlich K.,2018,,https://www.scopus.com/pages/publications/85076648557?origin=resultslist,"Government officials frequently confront decisions that require a trade-off between cost and risk. These decisions extend from investments which increasepower and water supply capacity to traffic and air safety, regulations on new drugs, seat belts and working conditions. In such cases, the increased cost of theinvestment or regulation usually is known, while the risk preferences of theaffected consumers or workers are not. Thus, monetary benefits of risk reductionare difficult to quantify, making it difficult to determine the optimal level of riskreduction. © Richard T. Carson 2007.",Scopus,SEARCH_028
"Human aspects of water management at impoverished settlements. The case of Doornkop, Soweto",Ramírez R.R.; Sañudo-Fontaneda L.A.,2018,10.3390/w10030330,https://www.scopus.com/pages/publications/85044090408?origin=resultslist,"Since 1996, the South African government has undertaken a considerable project to fulfil the proclaimed right of citizens to access sufficient water and sanitation (Government of South Africa, 1996) through traditional water management and water governance. However, democracy has not yet provided significant improvements to informal dwellers. Doornkop (Soweto) is a clear example of a community fighting for its rights to access clean water and adequate wastewater sanitation systems. Beyond traditional water management and social and environmental water governance, an ethical view of managing water policies through principles of ""human dignity"" and ""human equality"" has arisen in order to provide basic water services. Equal opportunities to manage water are provided, analysing the impact of the principles of the United Nations Educational, Scientific and Cultural Organisation (UNESCO) upon South African informal communities through the implementation of human water governance. The objectives of the study ascertain if those two principles are relevant to improve the community's living conditions as well as to positively affect the ""Principles of water governance"" and the ""Water principles"". With this aim, a case study was set up at Doornkop (Soweto), in which 416 informal dwellers among a relocated group, a tenure group and a squatter group were tested through the Smart PLS method. Results showed that water services can be highly improved through human water management, a model that can be applied to other underdeveloped areas in the world. © 2018 by the authors.",Scopus,SEARCH_028
"Match, don't mix: Implications of institutional and technical service modalities for water governance outcomes in south Indian small towns",Lele S.; Madhyastha K.; Sulagna S.; Dhavamani R.; Srinivasan V.,2018,10.2166/wp.2018.002,https://www.scopus.com/pages/publications/85044111191?origin=resultslist,"This paper seeks to contribute to the limited literature on water governance in small towns in India. For assessing water governance, we propose a broad framework encompassing adequacy and affordability, equity, sustainability and responsiveness. Analytically, the concept of 'service modality' is expanded to include not only institutional arrangements but also water resource deployment, and placed within a framework that includes multiple contextual variables as well. We use this framework to carry out an inductive analysis by comparing water service delivery and governance in four small towns across two states (Karnataka and Tamil Nadu) in southern India. Apart from differences in size, the towns differ in the institutional arrangements - from fully municipal management to a combination to complete para-statal management - and in the deployment of water resources - only ground water to a mixed supply of ground and surface water (dual sourcing). Data were gathered using a combination of household surveys, metering, records, and interviews. Dual sourcing resulted in adequate supply and optimization vis-à-vis end uses. Inter-household inequity is driven by socio-economic differences amongst households, but can be mitigated to an extent by increasing public tap density. But water resource use is not physically or financially sustainable. The responsiveness to citizen needs was significantly higher when the distribution was done by the local governments. Separation of roles, with para-statals providing bulk supply of surface water, and local governments managing the distribution of this and groundwater, may be an optimal service modality. © 2018 IWA Publishing.",Scopus,SEARCH_028
"Paradigms of lung microbiota functions in health and disease, particularly, in asthma",Mathieu E.; Escribano-Vazquez U.; Descamps D.; Cherbuy C.; Langella P.; Riffault S.; Remot A.; Thomas M.,2018,10.3389/fphys.2018.01168,https://www.scopus.com/pages/publications/85052117371?origin=resultslist,"Improvements in our knowledge of the gut microbiota have broadened our vision of the microbes associated with the intestine. These microbes are essential actors and protectors of digestive and extra-digestive health and, by extension, crucial for human physiology. Similar reconsiderations are currently underway concerning the endogenous microbes of the lungs, with a shift in focus away from their involvement in infections toward a role in physiology. The discovery of the lung microbiota was delayed by the long-held view that the lungs of healthy individuals were sterile and by sampling difficulties. The lung microbiota has a low density, and the maintenance of small numbers of bacteria seems to be a critical determinant of good health. This review aims to highlight how knowledge about the lung microbiota can change our conception of lung physiology and respiratory health. We provide support for this point of view with knowledge acquired about the gut microbiota and intestinal physiology. We describe the main characteristics of the lung microbiota and its functional impact on lung physiology, particularly in healthy individuals, after birth, but also in asthma. We describe some of the physiological features of the respiratory tract potentially favoring the installation of a dysbiotic microbiota. The gut microbiota feeds and matures the intestinal epithelium and is involved in immunity, when the principal role of the lung microbiota seems to be the orientation and balance of aspects of immune and epithelial responsiveness. This implies that the local and remote effects of bacterial communities are likely to be determinant in many respiratory diseases caused by viruses, allergens or genetic deficiency. Finally, we discuss the reciprocal connections between the gut and lungs that render these two compartments inseparable. © 2018 Mathieu, Escribano-Vazquez, Descamps, Cherbuy, Langella, Riffault, Remot and Thomas.",Scopus,SEARCH_028
Water security in a Southern African context,Muller M.,2018,10.1007/978-981-10-7913-9_7,https://www.scopus.com/pages/publications/85051643688?origin=resultslist,"The approaches taken to water security by the countries of the Southern African region reflect their particular contexts. There are two overarching challenges that are common to all these countries. The first is the ongoing requirement to ensure that all citizens have access to safe and reliable water supplies, particularly in rural areas. The second is to ensure greater resilience to climate variability, since drought regularly disrupts subsistence agricultural production, on which a substantial population still depends. While floods have a significant local impact, they are a second-order challenge affecting a relatively small proportion of the regional population. In this context, the principal barriers to achieving water security are economic status and institutional capacity. The variability and relative scarcity of the water resource is, in itself, not the dominant determinant of water security, since there is evidence that the natural resource challenges have been overcome where there are competent institutions, able to access adequate financial resources. There are also opportunities to mitigate some of the impacts of drought at a regional scale, but political barriers make it difficult to implement cooperative approaches for this purpose. © Springer Nature Singapore Pte Ltd 2018.",Scopus,SEARCH_028
Infrastructure disarray in the clean Ganga and clean India campaigns,Alley K.D.; Barr J.; Mehta T.,2018,10.1002/WAT2.1310,https://www.scopus.com/pages/publications/85056482955?origin=resultslist,"The notion of the infrastructure gap is widely articulated in development studies to denote lacunae and areas of need in infrastructure functioning and connectivity across regions and nations. Sanitation infrastructure is one of the clearest areas in which to examine this gap. To close the gap, government and multilateral agencies are espousing citywide inclusive sanitation. This means comprehensive sanitation services for all through a combination of centralized and decentralized projects and a variety of techniques and services. However, this diversity of projects, tech-niques, and services will create additional challenges for infrastructure connectivity and functionality that need to be addressed through empirical research. We explore the gaps in wastewater and fecal sludge management infrastructure in India by approaching the problem from the activities and perspectives of three nonstate leaders and their associates. We argue that the notion of infrastructure disarray is an appropriate orienting idea as it points to an emerging field of experimentation and innovative activity while also showing how conditions of dysfunction and dis-connection are sustained and reproduced. Taking disarray as a condition of infrastructure confusion among overlapping and disconnected segments of the sewage services chain, the cases show how nonstate actors and their communities are con-fronting disarray, reproducing these conditions of disarray, or grappling with ways to overcome this disarray. This article is categorized under: Engineering Water >Sustainable Engineering of Water Engineering Water > Planning Water Human Water >Water Governance. © 2018 Wiley Periodicals, Inc.",Scopus,SEARCH_028
Strengthening regional capacity building of healthcare translation ecosystem: A qualitative assessment,Dixit T.; Sahu S.; Selvamurthy W.; Srivastava S.,2018,,https://www.scopus.com/pages/publications/85075478565?origin=resultslist,"The 21st century India is still battling with issues of accessibility, affordability and availability of quality health to masses. It is also facing a myriad of challenges and opportunities for development of indigenous, low cost, and accessible technologies with the influence from cultural diversity, demographic dividend and geographical segmentation leading to varied needs as per the regional conditions of climate, disease prevalence, nutrition and sanitation. Affordable innovative solutions are to be generated and translated to resolve various health issues of diverse India. To understand country’s need for attainment of the holistic slogan of ‘health for all’, a regional (East-West-North-South) analysis was conducted based on the state-level disease burden report 2017. Then the entire translation ecosystem was summarized detailing significance of each stakeholder and regional health-care translation strength to project translation scenario of the country. This paper has emphasized on the essentiality to strengthen translation capacity of each region to meet diverse health-care needs of the people. It has proposed to establish a robust translation ecosystem for innovative indigenous medical technologies by adopting regional establishment of technology transfer entities with focused translation as per the needs of a particular region. © 2018, RIS.",Scopus,SEARCH_028
Urban water stress and poor sanitation in Ghana: perception and experiences of residents in the Ashaiman Municipality,Ablo A.D.; Yekple E.E.,2018,10.1007/s10708-017-9787-6,https://www.scopus.com/pages/publications/85020491397?origin=resultslist,"Access to safe and adequate water and to sanitation has been a global developmental priority due to their intrinsic impacts on the achievement of the sustainable development goals. Despite the implementation of several measures to improve access to safe water and sanitation, urban dwellers in Ghana struggle to acquire water and access sanitation facilities. This paper identified and examined the vulnerable conditions of households to environmental inadequacies of potable water and sanitation and measures aimed at reducing the risks associated with them in the Ashaiman Municipality. The study revealed that, access to adequate water supply was not necessarily dependent on the physical location of house units, but on factors such as lack of building permit, financial constraints, rental conditions, administrative procedures and ill-suited housing arrangement. Inadequate solid and liquid waste management practices and poor drainage systems were major problems identified in the Municipality. The paper argues that water, drainage systems and logistics for waste management in deprived communities must be provided by the local government and service providers through public–private partnership agreements. We conclude that, planning rules, regulations and procedures should be strictly adhered to and vigorously enforced by the Municipality in order to have a well-organized and planned urban environment. © 2017, Springer Science+Business Media B.V.",Scopus,SEARCH_028
Urban water and sanitation injustice: An analytic framework,Crow B.,2018,10.1017/9781316831847.006,https://www.scopus.com/pages/publications/85048197314?origin=resultslist,"Introduction Most of the world’s population now lives in urban areas. Getting water and using sanitation in cities can reproduce a range and intensity of inequalities, and opportunities for collective action that may not exist in the countryside. The urban poor are entangled with their cities’ economy and culture (Srivastava, 2014). Many work as domestic servants and guards for wealthier households, cleaners for retail spaces and offices, street hawkers and electricians, construction workers and more. The urban poor are a large part of a city’s labor force. They perform jobs no one else is willing to do, work long hours for low wages, and lower the living costs of those living outside low-income neighborhoods (Perlman, 1976: Ch. 8). They seek to survive and to improve their lives through these interactions, seeking education, employment, shelter, security and more. In Delhi and many other cities, the urban poor’s contributions to the formal city occur in the context of “constant, frequently enforced threats of displacement (through ‘slum demolitions’ for example), [and] their never-ending efforts to secure foothold within it (say, by purchasing fake identity cards)"" (Srivastava 2014: xxxiv). In the wide range of capabilities sought by the urban poor, and the contexts of displacement, uncertainty and exclusion that they face, water and sanitation may appear to be just two among many exclusions. There is some evidence (Arputham, 2016; Devoto, et al., 2012; Swallow, 2005), nonetheless, that enhanced access to water and sanitation may be a high priority for the urban poor. I explore some possible reasons for this priority below. Some important aspects of urban water and sanitation include: - Providing infrastructure in some neighborhoods, and not others, leading to particular coping mechanisms and power inequalities. - Household water and sanitation replace irrigation as a principal focus of government attention and collective action. - The presence, absence and governance of municipal infrastructure are central to urban water and sanitation. - Water-borne disease transmission may be intensified in dense urban areas. This chapter has a particular focus on informal settlements, such as shantytowns, favelas, bustees and homeless encampments, the unregulated and sometimes illegal, often peri-urban and poorly provisioned settlements where many live and many dimensions of inequality and injustice are pronounced. © Cambridge University Press 2018.",Scopus,SEARCH_028
Property Rights and Water Access: Evidence from Land Titling in Rural Peru,Meeks R.,2018,10.1016/j.worlddev.2017.07.011,https://www.scopus.com/pages/publications/85027419225?origin=resultslist,"Insecure land tenure and property rights are an impediment to infrastructure access and services for households in many developing countries. This paper explores whether alleviating this impediment through a land-titling program in rural Peru is associated with improvements in household water sources, as well as sanitation and electricity services. The economics literature on the links between property rights and investment decisions has amassed; yet due to the necessity of water for life, the high fixed costs associated with water infrastructure construction, and the positive externalities that can result from water provision, it is not obvious how water services might respond to land tenure improvements. Utilizing the phased-in program timing in a quasi-experimental design, we exploit the differences in implementation timing across space in conjunction with the differences in program impact across households that held property titles prior to the project and those that did not. Results from this modified difference-in-differences method indicate that land titling is associated with small in magnitude, but statistically significant increases in water access. Larger gains in sanitation and electricity services are found. We investigate the channels through which this improved access occurs and find evidence of investments in all three services via either government or water utilities. We find evidence of individual household investment only in the case of sanitation. Taken together, these results indicate that land titles are important, but not sufficient to increase access to water and other services. © 2017 Elsevier Ltd",Scopus,SEARCH_028
Local governance and management of health care services: A community based case study in rural odisha,Pujari S.,2018,10.5958/0976-5506.2018.01320.7,https://www.scopus.com/pages/publications/85056195586?origin=resultslist,"Close to 700 million people live in rural areas where the condition of medical facilities is deplorable. In the context of maternal health and reproductive health care, which are the major concerns of human development goals, the important question is about the reach, accessibility, and affordability of these services to the people living in rural areas. As such the well-being of the villagers depends to a great extent on the efficacy of the gram panchayat. In view of the importance of health as a critical input for human development, the present case study aims to look at the different ways the gram panchyat members’ function and involve in areas of health, hygiene and sanitation. A case study of three villages under female and male headed panchayats in Kalahandi district of Orissa is undertaken to understand the involvement of local self-government in the management and delivery of public health services. © 2018, Indian Journal of Public Health Research and Development. All rights reserved.",Scopus,SEARCH_028
Is UN Sustainable Development Goal 15 relevant to governing the intimate land-use/groundwater linkage?; [L’Objectif de Développement Durable 15 de l’ONU est-il pertinent pour gouverner la liaison intime entre utilisation des sols et exploitation des eaux souterraines?]; [O Objetivo 15 de Desenvolvimento Sustentável da ONU é relevante Para governar a estreita relação entre uso da terra e água subterrânea?]; [¿El objetivo 15 de desarrollo sostenible de las Naciones Unidas es relevante Para gobernar el vínculo profundo entre el uso de la tierra y el agua subterránea?],Foster S.,2018,10.1007/s10040-018-1782-6,https://www.scopus.com/pages/publications/85046490271?origin=resultslist,"The close link between land use and groundwater has long been recognised, but not widely translated into integrated policy and management practices. Common understanding is needed to facilitate cross-sector dialogue on governance. The process of land-use planning advocated by the United Nations Sustainable Development Goal (UN-SDG) 15 for 2030, coupled with the launch of an independent global land-use monitoring initiative known as Land Matrix, appear to provide windows of opportunity for hydrogeologists to make specific proposals for the inclusion of groundwater protection needs in national land-use plans and the consideration of groundwater sustainability threats from major land deals and contracts. Ignoring the groundwater dimension in land-use management can result in high long-run costs for drinking-water supply and aquatic ecosystems. Thus, coordinated governance based on a coherent set of land-use sustainability criteria, aimed at enhancing both the food and groundwater harvest, is crucial for the future. © 2018, Springer-Verlag GmbH Germany, part of Springer Nature.",Scopus,SEARCH_028
"Analysis of Raw Water Supply in Pucang Gading Housing Complex, District of Demak to Preparation of Water Resources and Water Resources Management",Abdi S.; Sudarno,2018,10.1051/e3sconf/20187303012,https://www.scopus.com/pages/publications/85059625169?origin=resultslist,"Pucang Gading Housing Complex is an area within the Village Batursari, District of Demak with a population of 2018 as many as 44,257 inhabitants.Raw water service system Mranggen Unit is divided into 5 areas of service (service area Mranggen, Batursari I, Batursari II, Batursari III and Kebon) which utilize raw water source of water treatment plant (IPA Waru) and 8 Wells In a total discharge of 120 liter/second.The number of home connections in Pucang Gading area is currently 3,374 house connections, with a total water usage 14.25 liter/second Water discharges from clean water sources in Pucang Gading region are currently not maximally available to supply water to Pucang Gading service area. In this research will know the problems and readiness that exist by looking from the achievement of Medium Term Development Plan of Demak Regency Year 2016-2021. This research uses SWOT analysis method that is internal and external factors.The selection of raw water sources for drinking water should pay attention to aspects of quality, quantity and continuity. Demak Regency has the potential of surface water either river/ reservoir/dam.The problems and challenges of drinking water supply include issues of safe access to water supply, and regulation of groundwater utilization for the community. © The Authors, published by EDP Sciences, 2018.",Scopus,SEARCH_028
Market solutions and inequalities in sanitation services access in Brazilian cities,de Oliveira A.,2018,,https://www.scopus.com/pages/publications/85059136427?origin=resultslist,"Market solutions have become the core of public administration in both developed and underdeveloped countries. The aim of this paper is surveying sanitation services in Brazil in order to discuss how the privatization and other means to transfer public services to private capital hands may reduce the sanitation services access for low-income households. The paper drew out experiences from different areas of Brazilian territory with the view to show the complexities involved in public policies related to sanitation services. The arguments presented in this paper show that the market solutions may not be the best answer to improve sanitation access to low-income households the mismatch of objectives between private capital and public policy. Also, Brazilian experiences show that the inequalities in sanitation services access reflect the lack of accountability. Brazil has legal instruments and institutions to improve its sanitation accountability but there is no social control over those institutions. In conclusion, the way to improve sanitation services to low-income households does not depend on changes in the ownership of utilities or in institutional/legal design, but how to manage the existing instruments in regard to a less unequal system. © 2018, Research Centre in Public Administration and Public Services,cademy of Economic Studies, Bucharest, Romania. All rights reserved.",Scopus,SEARCH_028
Legal status and deprivation in urban slums over two decades,Nolan L.B.; Bloom D.E.; Subbaraman R.,2018,,https://www.scopus.com/pages/publications/85045744351?origin=resultslist,"In India, 59% of urban slums are “non-notified” and lack legal recognition by the government. Data on 2,901 slums from four rounds of the National Sample Survey spanning nearly 20 years is used to assess the relationship between a slum's legal status and the severity of deprivation in access to basic services, including piped water, latrines, and electricity. There is a progressive reduction in deprivation the longer a slum has been notified. These findings suggest that legally recognising non-notified slums, and targeting government aid to these settlements, may be crucial for improving health outcomes and reducing urban disparities. © 2018 Economic and Political Weekly. All rights reserved.",Scopus,SEARCH_028
Piperonyl butoxide (PBO) combined with pyrethroids in insecticide-treated nets to prevent malaria in Africa,Gleave K.; Lissenden N.; Richardson M.; Choi L.; Ranson H.,2018,10.1002/14651858.CD012776.pub2,https://www.scopus.com/pages/publications/85057536702?origin=resultslist,"Background: Public health strategies that target mosquito vectors, particularly pyrethroid long-lasting insecticidal nets (LLINs), have been largely responsible for the substantial reduction in the number of people in Africa developing malaria. The spread of insecticide resistance in Anopheles mosquitoes threatens these impacts. One way to control insecticide-resistant populations is by using insecticide synergists. Piperonyl butoxide (PBO) is a synergist that inhibits specific metabolic enzymes within mosquitoes and has been incorporated into pyrethroid-LLINs to form pyrethroid-PBO nets. Pyrethroid-PBO nets are currently produced by four LLIN manufacturers and, following a recommendation from the World Health Organization (WHO) in 2017, are being included in distribution campaigns in countries. This review examines epidemiological and entomological evidence on whether the addition of PBO to LLINs improves their efficacy. Objectives: 1. Evaluate whether adding PBO to pyrethroid LLINs increases the epidemiological and entomological effectiveness of the nets. 2. Compare the effects of pyrethroid-PBO nets currently in commercial development or on the market with their non-PBO equivalent in relation to: a. malaria infection (prevalence or incidence);b. entomological outcomes. Search methods: We searched the Cochrane Infectious Diseases Group (CIDG) Specialized Register; CENTRAL, MEDLINE, Embase, Web of Science, CAB Abstracts, and two clinical trial registers (ClinicalTrials.gov and WHO International Clinical Trials Registry Platform) up to 24 August 2018. We contacted organizations for unpublished data. We checked the reference lists of trials identified by the above methods. Selection criteria: We included laboratory trials, experimental hut trials, village trials, and randomized clinical trials with mosquitoes from the Anopheles gambiae complex or Anopheles funestus group. Data collection and analysis: Two review authors assessed each trial for eligibility, extracted data, and determined the risk of bias for included trials. We resolved disagreements through discussion with a third review author. We analysed the data using Review Manager 5 and assessed the certainty of the evidence using the GRADE approach. Main results: Fifteen trials met the inclusion criteria: two laboratory trials, eight experimental hut trials, and five cluster-randomized controlled village trials. One village trial examined the effect of pyrethroid-PBO nets on malaria infection prevalence in an area with highly pyrethroid-resistant mosquitoes. The latest endpoint at 21 months post-intervention showed that malaria prevalence probably decreased in the intervention arm (OR 0.40, 95% CI 0.20 to 0.80; 1 trial, 1 comparison, moderate-certainty evidence). In highly pyrethroid-resistant areas (< 30% mosquito mortality), in comparisons of unwashed pyrethroid-PBO nets to unwashed standard-LLINs, PBO nets resulted in higher mosquito mortality (risk ratio (RR) 1.84, 95% CI 1.60 to 2.11; 14,620 mosquitoes, 5 trials, 9 comparisons, high-certainty evidence) and lower blood feeding success (RR 0.60, 95% CI 0.50 to 0.71; 14,000 mosquitoes, 4 trials, 8 comparisons, high-certainty evidence). However, in comparisons of washed pyrethroid-PBO nets to washed LLINs we do not know if PBO nets have a greater effect on mosquito mortality (RR 1.20, 95% CI 0.88 to 1.63; 10,268 mosquitoes, 4 trials, 5 comparisons, very low-certainty evidence), although the washed pyrethroid-PBO nets do decrease blood feeding success compared to standard-LLINs (RR 0.81, 95% CI 0.72 to 0.92; 9674 mosquitoes, 3 trials, 4 comparisons, high-certainty evidence). In areas where pyrethroid resistance is considered moderate (31% to 60% mosquito mortality), there may be little or no difference in effects of unwashed pyrethroid-PBO nets compared to unwashed standard-LLINs on mosquito mortality (RR 1.16, 95% CI 0.88 to 1.54; 242 mosquitoes, 1 trial, 1 comparison, low-certainty evidence), and there may be little or no difference in the effects on blood feeding success (RR 0.87, 95% CI 0.67 to 1.13; 242 mosquitoes, 1 trial, 1 comparison, low-certainty evidence). The same pattern is apparent for washed pyrethroid-PBO nets compared to washed standard-LLINs (mortality: RR 1.07, 95% CI 0.74 to 1.54; 329 mosquitoes, 1 trial, 1 comparison, low-certainty evidence; blood feeding success: RR 0.91, 95% CI 0.74 to 1.13; 329 mosquitoes, 1 trial, 1 comparison, low-certainty evidence). In areas where pyrethroid resistance is low (61% to 90% mosquito mortality), there is probably little or no difference in the effect of unwashed pyrethroid-PBO nets compared to unwashed standard-LLINs on mosquito mortality (RR 1.10, 95% CI 1.05 to 1.16; 708 mosquitoes, 1 trial, 2 comparisons, moderate-certainty evidence), but there is no evidence for an effect on blood feeding success (RR 0.67, 95% CI 0.06 to 7.37; 708 mosquitoes, 1 trial, 2 comparisons, very low-certainty evidence). For washed pyrethroid-PBO nets compared to washed standard-LLINs we do not know if there is any difference in mosquito mortality (RR 1.16, 96% CI 0.83 to 1.63; 878 mosquitoes, 1 trial, 2 comparisons, very low-certainty evidence), but blood feeding may decrease (RR 1.50, 95% CI 0.89 to 2.54; 878 mosquitoes, 1 trial, 2 comparisons, low-certainty evidence). In areas were mosquito populations are susceptible to insecticides (> 90% mosquito mortality), there may be little or no difference in the effect of unwashed pyrethroid-PBO nets compared to unwashed standard-LLINs on mosquito mortality (RR 1.20, 95% CI 0.64 to 2.26; 2791 mosquitoes, 2 trials, 2 comparisons, low-certainty evidence). This is similar for washed nets (RR 1.07, 95% CI 0.92 to 1.25; 2644 mosquitoes, 2 trials, 2 comparisons, low-certainty evidence). We do not know if unwashed pyrethroid-PBO nets have any effect on blood feeding success of susceptible mosquitoes (RR 0.50, 95% CI 0.11 to 2.32; 2791 mosquitoes, 2 trials, 2 comparisons, very low-certainty evidence). The same applies to washed nets (RR 1.28, 95% CI 0.81 to 2.04; 2644 mosquitoes, 2 trials, 2 comparisons, low-certainty evidence). In village trials comparing pyrethroid-PBO nets to LLINs, there was no difference in sporozoite rate (4 trials, 5 comparison) and mosquito parity (3 trials, 4 comparisons). Authors' conclusions: In areas of high insecticide resistance, pyrethroid-PBO nets reduce mosquito mortality and blood feeding rates, and results from a single clinical trial demonstrate that this leads to lower malaria prevalence. Questions remain about the durability of PBO on nets, as the impact of pyrethroid-PBO LLINs on mosquito mortality was not sustained over 20 washes in experimental hut trials. There is little evidence to support higher entomological efficacy of pyrethroid-PBO nets in areas where the mosquitoes show lower levels of resistance to pyrethroids. © 2018 The Cochrane Collaboration.",Scopus,SEARCH_028
"Pluralizing science for inclusive water governance: An engaged ethnographic approach to wASH data collection in Delhi, India",O'Leary H.,2018,10.1525/cse.2017.000810,https://www.scopus.com/pages/publications/85055671477?origin=resultslist,"This case study demonstrates how water scientists can shift standard methods for water sampling to include marginalized communities as partners in ethical research. This case argues that water inequities are magnified when participation in scientific inquiry limits the participation of certain groups of people. It used hydrogen sulfide (H2S) testing as part of a larger project tracking water purity practice patterns, responses, and research recommendations of the hydro-socially marginalized people-the people who face not only physical, but also political barriers to water. The methodological innovation draws from engaged ethnography to enable Delhi's water-poor to sample their own water. In doing so, community members become active partners who can better direct scientific inquiry. Their participation as active partners further empowers them as water stakeholders. It reveals how everyday small-scale cooperative projects became catalysts to inclusive governance. © 2018 by the Regents of the University of California.",Scopus,SEARCH_028
System reliability analysis and probabilistic safety assessment to support the design of a new containment cooling system for severe accident management at NPP PaKs,Siklossy T.; Bareith A.; Hollo D.; Karsa Z.; Lajtha G.; Nigicser J.; Siklossy P.,2018,,https://www.scopus.com/pages/publications/85063164047?origin=resultslist,"Based on the severe accident management related proposals of the post-Fukushima Targeted Safety Reassessment of Paks NPP, implementation of an independent heat removal system was envisaged to ensure long term containment cooling under severe accident conditions. Safety assessment was performed in support of the planned plant modification using preliminary design documentation. Quantitative system reliability targets were specified as a first step of the analysis. System reliability assessment was performed for the cooling system. The adequacy of system design was evaluated from reliability point of view by comparing the results of system reliability analysis with the preset unavailability target. The cooling water of the planned containment heat removal system is ensured by taking water from the emergency core cooling system (ECCS) sumps. To provide redundancy in cooling water supply, two ECCS lines are to be interconnected along the suction line of the containment heat removal system pumps. The effects of the planned new interconnection between the ECCS lines on ECCS functionality and on core damage frequency were also analyzed and evaluated. The paper gives an overview of the safety assessment, and it discusses the findings of the analysis, together with the proposed improvements and their impact on plant risk. © 2018 International Association for Probablistic Safety Assessment and Management (IAPSAM). All rights reserved.",Scopus,SEARCH_028
Earthquakes Induced by Hydraulic Fracturing Are Pervasive in Oklahoma,Skoumal R.J.; Ries R.; Brudzinski M.R.; Barbour A.J.; Currie B.S.,2018,10.1029/2018JB016790,https://www.scopus.com/pages/publications/85059127800?origin=resultslist,"Wastewater disposal is generally accepted to be the primary cause of the increased seismicity rate in Oklahoma within the past decade, but no statewide analysis has investigated the contribution of hydraulic fracturing (HF) to the observed seismicity or the seismic hazard. Utilizing an enhanced seismicity catalog generated with multistation template matching from 2010 to 2016 and all available hydraulic fracturing information, we identified 274 HF wells that are spatiotemporally correlated with bursts of seismicity. The majority of HF-induced seismicity cases occurred in the SCOOP/STACK plays, but we also identified prominent cases in the Arkoma Basin and some more complex potential cases along the edge of the Anadarko Platform. For HF treatments where we have access to injection parameters, modeling suggests that poroelastic stresses are likely responsible for seismicity, but we cannot rule out direct pore pressure effects as a contributing factor. In all of the 16 regions we identified, ≥75% of the seismicity correlated with reported HF wells. In some regions, >95% of seismicity correlated with HF wells and >50% of the HF wells correlated with seismicity. Overall, we found ~700 HF-induced earthquakes with M ≥ 2.0, including 12 events with M 3.0–3.5. These findings suggest state regulations implemented in 2018 that require operators in the SCOOP/STACK plays to take action if a M > 2 earthquake could have a significant impact on future operations. ©2018. American Geophysical Union. All Rights Reserved.",Scopus,SEARCH_028
Efficiency of common-pool resource institutions: focusing on water users associations in South Africa,Madigele P.K.,2018,10.1007/s10668-017-9912-1,https://www.scopus.com/pages/publications/85010957440?origin=resultslist,"Despite of the promulgation of new water laws post-apartheid by the South African government, some parts of the country are still faced with inequitable, inefficient and inadequate water supply. Water institutions in South Africa and other developing countries are faced with various and multi-faceted challenges that consequently lead to their failure to provide water resources effectively. The evident responsibility of governing water resources in developing countries is commonly played by local and national institutions, using the water sector’s fundamental regulations, policies as well as statutory enactments. This paper draws lessons from the international examples to analyse the motivation for WUAs and the challenges they are faced with. The method for data generation used in this article is document analysis. A narrative approach using the literature and document analysis provided an insight into the economic and institutional history of WUAs. The analytical framework to study path dependency and power relations in connection with WUAs in South Africa was drawn from a literature review of transition studies and NIE. This study established that the current and future decisions made by the WUAs in South Africa are not entirely independent of those made in the past under irrigation boards. The study argues that establishing WUAs cannot automatically substitute for the domains of relations which existed within irrigation boards. © 2017, Springer Science+Business Media Dordrecht.",Scopus,SEARCH_028
"The Quest for Water, Rights and Freedoms: Informal Urban Settlements in India",Gimelli F.M.; Rogers B.C.; Bos J.J.,2018,10.1111/1468-2427.12708,https://www.scopus.com/pages/publications/85055427342?origin=resultslist,"In this article, we draw on the narratives of residents and development workers to understand what freedoms hinder and enable access to water services in informal settlements in the Indian cities of Faridabad, Delhi and Mumbai. We show that although development practice and thinking in the water sector often frame water deficiencies as politically neutral technical and governance challenges, residents and development workers on the ground identify a lack of freedoms relating to first of all, residents’ rights to the city and its resources, and secondly, meaningful engagement between residents and the political establishment as key causes for inadequate access to water services. Our findings indicate that water-service development efforts can be more effective if they include strategies to strengthen informal settlers’ rights to the city through a politicization of public engagement. We discuss the implications of our findings for practice and outline a future research agenda geared towards operationalizing our key findings. © 2018 Urban Research Publications Limited",Scopus,SEARCH_028
"Carbon trading, co-pollutants, and environmental equity: Evidence from California’s cap-and-trade program (2011–2015)",Cushing L.; Blaustein-Rejto D.; Wander M.; Pastor M.; Sadd J.; Zhu A.; Morello-Frosch R.,2018,10.1371/journal.pmed.1002604,https://www.scopus.com/pages/publications/85051123825?origin=resultslist,"Background: Policies to mitigate climate change by reducing greenhouse gas (GHG) emissions can yield public health benefits by also reducing emissions of hazardous co-pollutants, such as air toxics and particulate matter. Socioeconomically disadvantaged communities are typically disproportionately exposed to air pollutants, and therefore climate policy could also potentially reduce these environmental inequities. We sought to explore potential social disparities in GHG and co-pollutant emissions under an existing carbon trading program—the dominant approach to GHG regulation in the US and globally. Methods and findings: We examined the relationship between multiple measures of neighborhood disadvantage and the location of GHG and co-pollutant emissions from facilities regulated under California’s cap-and-trade program—the world’s fourth largest operational carbon trading program. We examined temporal patterns in annual average emissions of GHGs, particulate matter (PM                             2.5                             ), nitrogen oxides, sulfur oxides, volatile organic compounds, and air toxics before (January 1, 2011–December 31, 2012) and after (January 1, 2013–December 31, 2015) the initiation of carbon trading. We found that facilities regulated under California’s cap-and-trade program are disproportionately located in economically disadvantaged neighborhoods with higher proportions of residents of color, and that the quantities of co-pollutant emissions from these facilities were correlated with GHG emissions through time. Moreover, the majority (52%) of regulated facilities reported higher annual average local (in-state) GHG emissions since the initiation of trading. Neighborhoods that experienced increases in annual average GHG and co-pollutant emissions from regulated facilities nearby after trading began had higher proportions of people of color and poor, less educated, and linguistically isolated residents, compared to neighborhoods that experienced decreases in GHGs. These study results reflect preliminary emissions and social equity patterns of the first 3 years of California’s cap-and-trade program for which data are available. Due to data limitations, this analysis did not assess the emissions and equity implications of GHG reductions from transportation-related emission sources. Future emission patterns may shift, due to changes in industrial production decisions and policy initiatives that further incentivize local GHG and co-pollutant reductions in disadvantaged communities. Conclusions: To our knowledge, this is the first study to examine social disparities in GHG and co-pollutant emissions under an existing carbon trading program. Our results indicate that, thus far, California’s cap-and-trade program has not yielded improvements in environmental equity with respect to health-damaging co-pollutant emissions. This could change, however, as the cap on GHG emissions is gradually lowered in the future. The incorporation of additional policy and regulatory elements that incentivize more local emission reductions in disadvantaged communities could enhance the local air quality and environmental equity benefits of California’s climate change mitigation efforts.                          © 2018 Cushing et al. http://creativecommons.org/licenses/by/4.0/.",Scopus,SEARCH_028
Practical panarchy for adaptive water governance: Linking law to social-ecological resilience,Cosens B.; Gunderson L.H.,2018,10.1007/978-3-319-72472-0,https://www.scopus.com/pages/publications/85053737418?origin=resultslist,"This book presents the results of an interdisciplinary project that examined how law, policy and ecological dynamics influence the governance of regional scale water based social-ecological systems in the United States and Australia. The volume explores the obstacles and opportunities for governance that is capable of management, adaptation, and transformation in these regional social-ecological systems as they respond to accelerating environmental change. With the onset of the Anthropocene, global and regional changes in biophysical inputs to these systems will challenge their capacity to respond while maintaining functions of water supply, flood control, hydropower production, water quality, and biodiversity. Governance lies at the heart of the capacity of these systems to meet these challenges. Assessment of water basins in the United States and Australia indicates that state-centric governance of these complex and dynamic social-environmental systems is evolving to a more complex, diverse, and complex array public and private arrangements. In this process, three challenges emerge for water governance to become adaptive to environmental change. First, is the need for legal reform to remove barriers to adaptive governance by authorizing government agencies to prepare for windows of opportunity through adaptive planning, and to institutionalize the results of innovative solutions that arise once a window opens. Second, is the need for legal reform to give government agencies the authority to facilitate and participate in adaptive management and governance. This must be accompanied by parallel legal reform to assure that engagement of private and economic actors and the increase in governmental flexibility does not destabilize basin economies or come at the expense of legitimacy, accountability, equity, and justice. Third, development of means to continually assess thresholds and resilience of social-ecological systems and the adaptive capacity of their current governance to structure actions at multiple scales. The massive investment in water infrastructure on the river basins studied has improved the agricultural, urban and economic sectors, largely at the cost of other social and environmental values. Today the infrastructure is aging and in need of substantial investment for those benefits to continue and adapt to ongoing environmental changes. The renewal of institutions and heavily engineered water systems also presents the opportunity to modernize these systems to address inequity and align with the values and objectives of the 21st century. Creative approaches are needed to transform and modernize water governance that increases the capacity of these water-based social-ecological systems to innovate, adapt, and learn, will provide the tools needed to navigate an uncertain future. © Springer International Publishing AG, part of Springer Nature 2018. All rights reserved.",Scopus,SEARCH_028
Progress towards universal health coverage in Myanmar: a national and subnational assessment,Han S.M.; Rahman M.M.; Rahman M.S.; Swe K.T.; Palmer M.; Sakamoto H.; Nomura S.; Shibuya K.,2018,10.1016/S2214-109X(18)30318-8,https://www.scopus.com/pages/publications/85053835811?origin=resultslist,"Background: Attainment of universal health coverage is a global health priority. The Myanmar Government has committed to attainment of universal health coverage by 2030, but progress so far has not been assessed. We aimed to estimate national and subnational health service coverage and financial risk protection. Methods: We used nationally representative data from the Myanmar Demographic and Health Survey (2016) and the Integrated Household Living Condition Assessment (2010) to examine 26 health service indicators and explored the incidence of catastrophic health payment and impoverishment caused by out-of-pocket payments. We used logistic regression models of inequalities in, and risk factors for, indicators of universal health coverage. Findings: Nationally, the coverage of health service indicators ranged from 18·4% (95% CI 14·9–21·9) to 96·2% (95·9–96·5). Coverage of most health services indicators was below the universal health coverage target of 80%. 14·6% (95% CI 13·9–15·3) of households that used health services faced catastrophic health-care payments. 2·0% (95% CI 1·7–2·3) of non-poor households became poor because of out-of-pocket payments for health. Health service coverage and financial risk protection varied substantially by region. Although the richest quintiles had better access to health services than the poorest quintiles, they also had a higher incidence of financial catastrophe as a result of payments for health care. Of the indicators included in the study, coverage of adequate sanitation, no indoor use of solid fuels, at least four antenatal care visits, postnatal care for mothers, skilled birth attendance, and institutional delivery were the most inequitable by wealth quintile. Interpretation: Attainment of universal health coverage in Myanmar in the immediate future will be very challenging as a result of the low health service coverage, high financial risk, and inequalities in access to care. Health service coverage and financial risk protection for vulnerable, disadvantaged populations should be prioritised. Funding: Japanese Ministry of Health, Labour and Welfare, Ministry of Education, Culture, Sports, Science and Technology of Japan © 2018 The Author(s). Published by Elsevier Ltd. This is an Open Access article under the CC BY 4.0 license",Scopus,SEARCH_028
Impact of human factors on threats in sewage treatment plants,Łój-Pilch M.; Zakrzewska A.; Zielewicz E.,2018,,https://www.scopus.com/pages/publications/85058076676?origin=resultslist,"Physical, biological and chemical process take place during wastewater treatment. Any, even the smallest, disruption of any process may pose a risk in operation of the treatment plant. For each type of wastewater, an appropriate method for their purification is established. It depends on the type of sewage, the population equivalent and the type of receiver The paper compares the threats that may pose a risk in municipal sewage treatment plants. Selected, for risk analysis, sewage treatment plants are located in the same city. They were designed in the same technological chain due to similar Population Equivalent (PE) and comparable conditions of discharge purified wastewater to the receiver. Previous risk analyses have shown the importance of the human factor, in the form of management, work organization, documentation and databases, technical knowledge and staff training. Employees of sewage treatment plants in their daily work can prevent negative events or cause them to occur. The location of the selected wastewater treatment plant in the same city area causes that they are managed by the same person and operating in the same way. This ensures a similar response to the same events, similar risk elimination during the operation and quality of databases. These condition allow for the unification of the human factor when comparing the treats at the municipal sewage treatment plants. © 2018 Taylor & Francis Group, London.",Scopus,SEARCH_028
Community-managed water supply systems in rural Uganda: The role of participation and capacity development,Etongo D.; Fagan G.H.; Kabonesa C.; Asaba R.B.,2018,10.3390/W10091271,https://www.scopus.com/pages/publications/85064905088?origin=resultslist,"Over 85% of Uganda's 34 million people depend on rural water supply systems and the current water and environment sector performance report (2017) reports an 84% functionality of rural water sources such as boreholes and shallow wells with a hand pump. Ensuring the continued operation of water points, and in keeping with participatory theory, the water user's committees (WUCs) should also be a vehicle for empowering communities while bringing about greater equity of use. However, WUC members do not acquire the knowledge and skills they need by default but require different types of training. This study sought to evaluate community participation and capacity development in WUCs in relation to community-managed water supply systems. A shared dialogue workshop (SDW), as well as 642 randomly selected households across 17 villages in two Parishes in Lwengo district, southern Uganda were considered. Results indicated that 41.7% of surveyed households used an unprotected source while up to 30% had a member in a WUC. Fifty-two percent of households had never made any financial contributions to a WUC, while 34.6% did so on an ad hoc basis. This paper examines the relationship between participation, mobilization, and financial contributions. The chi-square test indicated mobilization has no impact on household financial contributions to a WUC. However, the majority of even those households that were mobilized made a payment only occasionally, and specifically when the source broke down. Additionally, the test result reveals that there is no difference between better off and relatively poor households in their contributions to a WUC, an indication that other factors influence such decisions. Training activities, especially on the operation and maintenance of water points and to undertake minor repairs, were mostly provided by non-governmental organizations (NGOs)/project staff. Abandoned boreholes, lack of rehabilitation activities, and loss of enthusiasm are all indications that the technical, financial, and institutional performance of community-managed water supply systems needs improvement. © 2019 by the authors.",Scopus,SEARCH_028
Contextual factors and motivations affecting rural community sanitation in low- and middle-income countries: A systematic review,Novotný J.; Hasman J.; Lepič M.,2018,10.1016/j.ijheh.2017.10.018,https://www.scopus.com/pages/publications/85033601229?origin=resultslist,"Background: Unsafe management of human faecal waste represents a major risk for public health, particularly in low- and middle-income countries. Efforts to improve sanitation conditions are considerably sensitive to contextual specifics of natural and social environments. This review operationalises, analyses, and synthesises evidence of how contextual factors and motivations affect different sanitation outcomes with a specific focus on community approaches to rural sanitation. Methods and findings: We operationalised contextual factors and motivations as determinants that influence sanitation conditions independently of the examined intervention. We conducted a systematic search of both peer-reviewed and grey literature with no restriction on the methods After screening the titles and abstracts of 19,198 records obtained through initial searches, we scrutinised the full content of 621 studies for relevance. While 102 of these studies qualified to be assessed for risk of bias and information content, ultimately, just 40 studies met our eligibility criteria. Of these 40 studies from 16 countries, 26 analysed specific interventions and 14 were non-interventional. None of the experimental studies reported the effects of contextual factors or motivations as operationalised in this study and only observational evidence was thus used in our review. We found that sanitation interventions are typically seen as the principal vehicles of change, the main instruments to fix ‘deviant’ behaviour or ensure access to infrastructure. The programmatic focus of this study on sanitation determinants that act independently of specific interventions questions this narrow understanding of sanitation dynamics. We identified 613 unique observations of quantitatively or qualitatively established relationships between certain contextual factors or motivations and 12 different types of sanitation outcomes. The sanitation determinants were classified into 77 typologically similar groups clustered into 12 broader types and descriptively characterised. We developed a graphical synthesis of evidence in the form of a network model referred to as the sanitation nexus. The sanitation nexus depicts how different groups of determinants interlink different sanitation outcomes. It provides an empirically derived conceptual model of sanitation with an aggregate structure indicating similarities and dissimilarities between sanitation outcomes with respect to how their sets of underlying determinants overlap. Conclusion: This study challenged the understanding of context as merely something that should be controlled for. Factors that affect targeted outcomes independently of the analysed interventions should be scrutinised and reported. This particularly applies to interventions involving complex human-environment interactions where generalisability is necessarily indirect. We presented a novel approach to comprehending the contextual factors and motivations which influence sanitation outcomes. Our approach can be analogously applied when mapping and organising underlying drivers in other areas of public and environmental health. The sanitation nexus derived in this study is designed to inform practitioners and researchers about sanitation determinants and the outcomes they influence. © 2017 Elsevier GmbH",Scopus,SEARCH_028
Global assessment of accountability in water and sanitation services using GLAAS data,Jiménez A.; Livsey J.; Åhlén I.; Scharp C.; Takane M.,2018,,https://www.scopus.com/pages/publications/85048123488?origin=resultslist,"The Global Analysis and Assessment of Sanitation and Drinking-Water (GLAAS) is one of UN-Water's regular reports. Its focuses include aspects of investment and the enabling environment for the delivery of water, sanitation and hygiene services. Accountability refers to the mechanisms through which duty bearers, elected officials and service providers report to rights holders and other stakeholders within the service delivery framework. Accountability contributes to good sector performance and the overall sustainability of services. The aim of this study was to evaluate the level of accountability in the drinking-water and sanitation sector globally, based on the available data from the GLAAS survey of 2014. To achieve this, accountability was defined from a human rights perspective, and particularised for water and sanitation. Next the quantitative and open-ended questions from the GLAAS survey that related to this definition were analysed for all 94 responding countries. Comparisons were drawn between water and sanitation services in urban and rural settings, and regional trends were identified. The results show higher levels of accountability for water than sanitation services, and limited information on wastewater. Potential means to strengthen accountability in water and sanitation globally are seen to include improving access to information on the services provided, enacting participation policies and increasing the capacity of regulatory institutions. Particular attention should be paid to rural services. The GLAAS survey could be modified for a better understanding of the accountability mechanisms for WASH service provision. © 2018 Water Alternatives.",Scopus,SEARCH_028
Recombinant GII.P16/GII.4 sydney 2012 was the dominant norovirus identified in Australia and New Zealand in 2017,Lun J.H.; Hewitt J.; Yan G.J.H.; Tuipulotu D.E.; Rawlinson W.D.; White P.A.,2018,10.3390/v10100548,https://www.scopus.com/pages/publications/85054778504?origin=resultslist,"For the past two decades, norovirus pandemic variants have emerged every 3–5 years, and dominate until they are replaced by alternate strains. However, this scenario changed in 2016 with the co-circulation of six prevalent viruses, three of which possessed the pandemic GII.4 Sydney 2012 capsid. An increased number of institutional gastroenteritis outbreaks were reported within the Oceania region in mid-2017. This study identified emerging noroviruses circulating in Australia and New Zealand in 2017 to assess the changing dynamics of the virus infection. RT-PCR-based methods, next generation sequencing, and phylogenetic analyses were used to genotype noroviruses from both clinical and wastewater samples. Antigenic changes were observed between the capsid of pandemic Sydney 2012 variant and the two new Sydney recombinant viruses. The combination of these antigenic changes and the acquisition of a new ORF1 through recombination could both facilitate their ongoing persistence in the population. Overall, an increased prevalence of GII.P16/GII.4 Sydney 2012 viruses was observed in 2017, replacing the GII.P16/GII.2 recombinant that dominated in the region at the end of 2016. This shift in strain dominance was also observed in wastewater samples, demonstrating the reliability of wastewater as a molecular surveillance tool. © 2018 by the authors. Licensee MDPI, Basel, Switzerland.",Scopus,SEARCH_028
The social and political construction of latrines in rural Ethiopia,Novotný J.; Humňalová H.; Kolomazníková J.,2018,10.1016/j.jrurstud.2018.08.003,https://www.scopus.com/pages/publications/85052152238?origin=resultslist,"This study seeks to understand the complexity of efforts to improve sanitation practices in the infrastructure-restricted and environmentally vulnerable setting of two rural districts of the Wolaita Zone, South Ethiopia. It seeks to simultaneously address micro-level behavioural and social determinants of sanitation, on the one hand, and political and environmental drivers, on the other hand. We draw on analysis of secondary information and own survey comprising structured interviews and direct observations in 368 households in 11 villages as well as 20 semi-structured interviews with health workers and village leaders. We consecutively examine different sanitation drivers and then attempt to paint a complex picture of sanitation situation in a given context. We found high latrine coverage and use but low functional quality of latrines implying uncertain benefits to human health. We attribute this pattern to relationships between the political construction of latrines (political commitment to sanitation characterized by the command-and-control nature of Ethiopian governance), socially constructed perceptions of symbolic risks and benefits of sanitation, and neglect of sanitation technologies within an environmental context. © 2018 Elsevier Ltd",Scopus,SEARCH_028
Regulatory Impact Assessment (RIA): an Ex-Post Analysis of Water Services by the Legal Review in Portugal,de Carvalho B.E.; Marques R.C.; Netto O.C.,2018,10.1007/s11269-017-1833-0,https://www.scopus.com/pages/publications/85032006845?origin=resultslist,"This paper adopts an ex-post regulatory impact assessment (RIA) to analyze the effects of Law no.194/2009 on public-private partnerships (PPP) in the water sector in Portugal. Although the water services have been improving concerning coverage and safety since 1990, any change in regulation can have both “positive and negative” consequences either for customers, providers or local governments. This context can provide the opportunity to observe a national experiment of regulatory reform and assess its outcomes based on the following multiple targets: (i) customer protection; (ii) governance; (iii) financial, infrastructure and operational sustainability; and (iv) environmental improvement. To evaluate the impact of this legal reform, three steps were considered: (i) the status quo, scenarios and perspective; (ii) assessment; and (iii) consultation. Additionally, two aid methods were used: (i) expert opinions (Delphi) and (ii) multicriteria decision modelling method (TOPSIS) based on similarity distance to ideal solution. In fact, Law no.194/2009 reduced the gap in terms of performance between the concessions, but amplified the contrasts when all perspectives are compared. Regarding policy objectives, the major gap to overcome in a possible review of this legal framework is linked to the “economic-financial, operational and infrastructural sustainability objective”. Failures in any of these aspects can result in an ongoing PPP not meeting customer, municipality and concessionaire’s expectations. © 2017, Springer Science+Business Media B.V.",Scopus,SEARCH_028
THE POTENTIAL OF THE SDG FRAMEWORK TO PROMOTE EQUALITY THROUGH WASH INITIATIVES,Wijesekera S.; Gordon B.; Cavill S.,2018,10.4324/9781315471532-3,https://www.scopus.com/pages/publications/85139711149?origin=resultslist,"The 2030 Agenda for Sustainable Development was adopted by the UN member states in September 2015. The Sustainable Development Goals (SDGs) replace the Millennium Development Goals. SDG 6 for WASH calls for universal and equitable access to these services by 2030. In this chapter we review the potential of the SDG framework to promote equality through WASH initiatives. We outline two key principles for action - universality and interconnectedness - before illustrating how these can be applied in the context of three challenges to accelerating progress: inequalities, urbanisation and climate change. We make an assessment of what is needed to put this rhetoric into practice, through national plans, policy changes, data, financing, and political will. The design, implementation, and monitoring of WASH programmes can be an entry point to attaining a range of SDG targets - on reducing inequalities within and between countries; for the sustainable services in small towns and informal settlements; and in adapting to climate change. We argue that WASH interventions can and do successfully contribute to equality outcomes and that the 2030 Agenda has the potential to further amplify this through its focus on universality and interconnectedness. Achieving this requires that WASH practitioners develop their capacity to work in an integrated way in support of government leadership, strengthened institutional arrangements (coordination, service delivery arrangements, accountability and regulation), sustainable WASH budgeting and financing, planning, monitoring and review. © 2018 selection and editorial matter, Oliver Cumming and Tom Slaymaker. individual chapters, the contributors",Scopus,SEARCH_028
"Producing water scarcity in São Paulo, Brazil: The 2014-2015 water crisis and the binding politics of infrastructure",Millington N.,2018,10.1016/j.polgeo.2018.04.007,https://www.scopus.com/pages/publications/85046670925?origin=resultslist,"In 2014 and 2015, political intransigence combined with a severe drought to push São Paulo, Brazil, to the edge of a profound water crisis. In this paper, I consider the response to the crisis on behalf of the state government. I analyze the suite of actions taken to cope with scarcity, focusing specifically on the state's employment of pressure reductions in the water pipes as opposed to a formal rationing. I argue that despite the state government's claims that only a small minority was going without water, the reality was that water shortages were being felt throughout the city and residents of the urban periphery were being disproportionately impacted. Uneven experiences of scarcity were produced by the combination of existing inequities in city's water infrastructure and the differentiated abilities of residents to store water in small-scale reservoirs commonly referred to as caixas d’água. Understanding the co-production of water (in)security in crisis contexts has implications for how we understand the nature of contemporary urban governance and the techno-politics of the contemporary city, and offers insight into scholarship on the political ecologies of the state and the distributed nature of governance. Additionally, it suggests that more research is needed into the critical role played by adaptive technologies of water storage in the hydrosocial cycle. © 2018",Scopus,SEARCH_028
Challenges of water accessibility in Peri-Urban areas in Tanzania: A case of Kigamboni Dar es Salaam,Juma M.; Nuhu S.; Juma F.B.,2018,,https://www.scopus.com/pages/publications/85050610211?origin=resultslist,"The quantity and quality of water delivered and used for domestic purpose in household level is an important aspect of domestic water supplies, which influence hygiene and public health. The provision of water services by city authorities in the new settlement (Peri-urban) is often not sustainable. The main purpose of this study was to assess the challenges of water accessibility in peri-urban areas of Dar es Salaam Tanzania. The cross section research design was adopted, where by questionnaire survey; key informants interview, field observations and documentation reviews were used to collect data in the field. The finding revealed that sources of water in the study area, are groundwater (shallow well and borehole/tube wells), water kiosks and piped water, other sources of water available to the households, include rain and surface water. Majority of the respondent's main source of water was shallow well by (36.7%).The study revealed that water supply were reliable at different rates of which (75.5 %) explained is very low reliable, On accessibility of community members to clean water the findings revealed that less than 50 percent have access clean and safe water. Majority 70.4% of the respondents spent 1 hour to access water. Water Piped into dwelling source had the least time that they spent less than 20 minutes for fetching water. The results revealed that water payment was largely done on daily, few pays per month. The cost of water charged per 20 liters' bucket/Gallon range was between Tsh 100/= -Tsh 500/= and household's average water consumption per day was 17 buckets and average household expenditure on water was about Tsh 8,500/= per day and Tsh 255,000/= per month. The findings revealed inadequate budget from LGA, s and Central government, distance, inadequate water infrastructure services were the major challenges for community to access safe and clean water. Government through DAWASA and Ministry of Water should play their role by allocating enough funds to accomplishing the already drilled wells in Kisarawe II, Kimbiji and Kibada water project. © 2015-2017 Academic Research Publishing Group.",Scopus,SEARCH_028
The determinants of local public investments in poland,Banaszewska M.,2018,10.24136/eq.2018.006,https://www.scopus.com/pages/publications/85090442157?origin=resultslist,"Research background: Local public investments satisfy basic local communities’ needs and are crucial from the perspective of regional convergence. Against this background, investments by the Polish local government pose as an interesting research subject. It is because, due to its size and dynamics, local public investments exert a considerably significant influence on the Polish economy. Self-government entities with primary responsibility for conducting local public in-vestments in Poland are municipalities. Purpose of the article: The paper aims to identify fiscal, demographic and infra-structural determinants of municipal investment spending in Poland. Methods: We use panel data for 2,412 Polish municipalities over the period 2007–2014. For institutional reasons, the sample excludes cities with county rights. The baseline specification employs two-way fixed-effects (FE) estimation that controls both for municipality and year fixed effects. To test for robustness, the sample is restricted to municipalities with up to 20,000, 10,000 and 5,000 inhabitants. For each considered sample, there are four regression specifications. Findings & Value added: Investment spending increases both in own revenues and grants. On the contrary, we document the negative impact of indebtedness level and the coverage of water supply and sewage systems. The coefficients on population size and the share of old inhabitants cease to be negative and statistically significant for municipalities with fewer than 10,000 inhabitants. The results indicate that, apart from fiscal capacity, the investment policies of Polish municipalities are affected by economies of scale, local communities’ preferences and infrastructural endowment. The study also shows that incurring debt should be of particular concern for supervisory and control bodies. © Institute of Economic Research.",Scopus,SEARCH_028
Small town water services sustainability checks: Development and application in Ethiopia,Adank M.; Godfrey S.; Butterworth J.; Defere E.,2018,10.2166/wp.2018.004,https://www.scopus.com/pages/publications/85044189655?origin=resultslist,"With rising coverage figures and the advent of the Sustainable Development Goals, there is increasing attention given to assessing and monitoring the sustainability of water services. Previous efforts in the rural water supply sector have included the development of sustainability checks, while in the urban water supply sector, benchmarking of water services and the performance of utilities has become common practice. This paper argues that neither rural sustainability checks, nor urban benchmarking frameworks, are entirely suitable for monitoring small town water services. It presents a framework specifically developed and applied for assessing and monitoring small town water services. Application of the framework in seven small towns in Ethiopia shows significant discrepancies between the ideal and actual situations. It reveals specific challenges related to sustainable small town water service provision, including capacity at service provider (utility) level, asset management and regulation. The costs of sustainability checks and prospects for uptake as project and wider sector tools are discussed. © 2018 IWA Publishing.",Scopus,SEARCH_028
"Hybrid regulatory landscapes: The human right to water, variegated neoliberal water governance, and policy transfer in Cape Town, South Africa, and Accra, Ghana",Yates J.S.; Harris L.M.,2018,10.1016/j.worlddev.2018.05.021,https://www.scopus.com/pages/publications/85047293087?origin=resultslist,"Drawing on an analysis of water access and supply in Cape Town (South Africa) and Accra (Ghana), we illustrate that neoliberal and human right to water-oriented transformations co-constitute each other discursively, practically, and in policy implementation. Focusing on the transfer of policies and experiences (particularly conjoined demand management-free basic water programs and related social contestation), we provide examples of how neoliberal logics and human right to water principles intersect in evolving hybrid regulatory landscapes, which are characterized by contradiction. The human right to water makes a difference by influencing the drafting and implementation of water-related policies that affect to the lives of poor and vulnerable populations. Yet this process unfolds unevenly, as human right to water principles and practices are contextually applied, often alongside neoliberalizing policy instruments within evolving regulatory landscapes. Our analysis reveals the uneven effects of policy experimentation, transfer, and adaptation. The analysis shows that the principle of the human right to water affects the transformation of policy options circulating in the water sector, but it does so in relation to the institutional histories and policy options associated with uneven patterns of variegated neoliberalization in the water sector. © 2018 Elsevier Ltd",Scopus,SEARCH_028
Post-earthquake Recovery Strategy of Old Urban District Water Supply Network Based on Segmentation,Liu Y.; Guan C.; Li C.,2018,10.1088/1755-1315/170/2/022023,https://www.scopus.com/pages/publications/85051861770?origin=resultslist,"China's small and medium-sized cities are experiencing problems such as the old urban pipe networks, the chaotic zoning of functions, the incomplete files, the backward disaster prevention planning and the low level of information management causing sluggishness and chaos in the recovery of their cities after earthquake. These problems have posed serious risks to Chinese people's lives and properties. In this context, the author proposed the segmentation strategy which is an economical, effective and low-cost strategic analysis method aiming to maximize the functional recovery of water supply for old urban district after the earthquake. Based on the reliability analysis of network connectivity and the calculation of pipeline's importance degree, the segmentation strategy helps to analyze the coordination relationship between the restoration of physical structure of the network and the water supply function from the perspective of space, and to discuss the mitigation plan including the function restoration target, the recovery steps and the project performance evaluation. With the application of the segmentation strategy, the author discovered the key node and pipeline routes of the water supply in the old urban area of Tieling City of China and obtained the solution of disaster prevention and mitigation of the urban water network. The research findings indicate that the postearthquake recovery based on the segmentation strategy for the old urban pipe network provides a low-cost, practical and feasible alternatives. © Published under licence by IOP Publishing Ltd.",Scopus,SEARCH_028
Evaluation of Ways to Improve the Energy Efficiency of Sites of First Rise Supply Water Systems with Storage Tank by Laboratory Modeling,Palkin G.; Suvorov I.; Gorbunov R.,2018,10.1109/URALCON.2018.8544369,https://www.scopus.com/pages/publications/85059806997?origin=resultslist,"The paper considers the main ways to reduce operating costs in the sites of the first rise of water supply systems with a storage tank. Theoretical and laboratory confirmations of the maximum energy efficiency of the frequency control method by the performance of pumping units are made. The attention is focused on the problem of freezing water in the pipeline with a change in a volume flow. Possible methods for determining optimal parameters of the water supply system for protection from freezing are described. The requirements for the physical model of the pipeline system are substantiated, taking into account the dynamic change in the volumetric flow rate and the water temperature in the line. The description of the laboratory stand allowing simulating various operating modes of the first rise section is given. The hydraulic characteristics of the water supply system are experimentally determined when the frequency of the supply voltage of the pumping unit changes. Experimentally, the level of the electric power consumption is defined by the pump unit at the maintenance of the required volume flow by the method of frequency regulation. The change in the water temperature in the pipeline at various flow rates and ambient temperatures is experimentally determined. On the basis of the data obtained, the reliability of theoretical methods for calculating the thermal parameters of the pipeline is verified and their error is estimated. © 2018 IEEE.",Scopus,SEARCH_028
Challenges and opportunities for revitalising smallholder irrigation schemes in South Africa,Fanadzo M.; Ncube B.,2018,10.4314/wsa.v44i3.11,https://www.scopus.com/pages/publications/85051710419?origin=resultslist,"South Africa is classified as a water-scarce country, and depends on agriculture for food production. The irrigation sector is the largest consumer of water in the country, accounting for about 62% of water utilisation, but also losing 30–40%. Given the threat of drought and climate change, efficient irrigation systems have become a necessity, especially in the smallholder farming sector where most losses occur. Smallholder irrigation schemes (SIS) were developed to improve rural livelihoods through sustainable food production for food security and poverty alleviation, but these development objectives remain largely unfulfilled. The objectives of this review were to assess challenges facing SIS and explore opportunities for revitalising the schemes. The focus was on government policy and strategies to support smallholder farmers. A review of government policy showed that although the needs and interests of smallholder farmers are high on the national agenda, there is insufficient financial support to the sector, suggesting that smallholder agriculture is not really seen as a potential driver of the economy. The core focus of the government on repairing irrigation infrastructure while neglecting the soft components relating to capacity building has partly been blamed for the failure of SIS in South Africa. Capacity building is one of the missing links in smallholder irrigation development and many failures have been attributed to lack of adequately trained farmers and extension staff, particularly in irrigation water management. Land tenure insecurity has been singled out as a major institutional challenge leading to poor performance of irrigation schemes. The diversity of schemes means that different kinds of interventions are needed to respond to varying farmers’ needs, resources and agricultural contexts. These findings point to the need to balance the soft and hard components of the irrigation schemes for sustainability. It is therefore evident that the government needs to review its priorities in revitalisation of SIS. Land tenure policies allowing increased access to arable land need to be developed urgently, together with the promotion of alternative cropping systems that are suitable for the smallholder farming sector. © 2018, South African Water Research Commission. All rights reserved.",Scopus,SEARCH_028
Auditing water management to achieve sustainable development in supply chain,Hamdan K.H.,2018,,https://www.scopus.com/pages/publications/85060843737?origin=resultslist,"The research aims at auditing water management to identify the extent to which water management contributes to the achievement of 2030 sustainable development in supply chain goal no.6. Statistical reports and time series were used to estimate percentages to some indicators. The research aims at utilizing indicators within SD (economic, social, environmental and institutional) dimensions to know how water management contributes to the achievement of SD. The researcher has concluded a set of conclusions the most important of which are the following: water reserves are not being maintained, efficient use of water has not been achieved due to high rates of water withdrawn from surface water, non-provision of safe drinking water and appropriate sanitation, inequality of water provision between country and urban population, low rate of wastewater treatment, most wastes of various activities are disposed of by being dumped in rivers untreated and high rate of morbidity resulting from water pollution. Despite the efforts exerted either by projects and plans or water related conventions, no effect has been seen on water management reality to achieve SD. Hence, water management has not achieved targets of goal 6 of 2030 development Agenda. © ExcelingTech Pub, UK.",Scopus,SEARCH_028
Conclusions: Struggles for justice in a changing water world,Perreault T.; Boelens R.; Vos J.,2018,10.1017/9781316831847.023,https://www.scopus.com/pages/publications/85048153465?origin=resultslist,"Conceptualizing Justice Frameworks This book has examined the multi-faceted problematic of water justice. As the preceding chapters have demonstrated, struggles over water are as pervasive as they are diverse. Not surprisingly, calls for water justice similarly take a variety of forms, from struggles over access to drinking water and sanitation (Chapters 5, 12); to the dynamics of water-grabbing and virtual water trade (Chapters 3, 15); (re)configuring hydrosocial territories (Chapters 6, 8); dam building and dispossession (Chapter 9); sanitation and water pollution (Chapters 11, 17); contested water knowledges (Chapters 4, 10, 18); and competing visions of conservation and environmental governance (Chapters 7, 16). As this brief (and far from exhaustive) list indicates, water injustices and their attendant struggles abound. While focused primarily on examining the various forms that such struggles can take, the book has also endeavored to advance thinking about the very nature of such struggles, and to formulate a positive vision of water justice itself (see, particularly, Chapters 1, 2, 13, 14). In this final chapter, we return to the themes that began this book, by considering the nature of water justice in the twenty-first century. Our conceptualizations of water justice are rooted in a plural vision of social justice. There is no single, unitary water justice principle, any more than there is a single, unitary water-injustice experience. The environmental justice field and its connection to the transdisciplinary domain of political ecology (e.g. Forsyth, 2003; Neumann, 2005; Perreault et al. 2015; Robbins, 2004; Schlosberg, 2004, 2007) provide inspiration as well as a conceptual foundation for our understanding of water justice. An important current has its roots in the environmental struggles of communities of color in the United States, starting in the 1980s. In addition, and independent from the US water justice struggle, environmental protests over water pollution and dam-building have emerged in many other places around the world throughout the past century. Some of the water-related protests that became known worldwide include Japan’s protest against the Ashino copper mine in 1907 (Martínez-Alier, 2003); or more recently, India’s protests from 1993 onwards in reaction to plans to build the Narmada dam (Dwivedi, 1999); protests against mining in Papua New Guinea, Peru and Ecuador in the 1990s (Martínez-Alier, 2003); and protests against privatizing the drinking water utility in Cochabamba (1999 and 2000) (Assies, 2003). © Cambridge University Press 2018.",Scopus,SEARCH_028
Comparative studies of water governance: A systematic review,Özerol G.; Vinke-De Kruijf J.; Brisbois M.C.; Flores C.C.; Deekshit P.; Girard C.; Knieper C.; Mirnezami S.J.; Ortega-Reig M.; Ranjan P.; Schröder N.J.S.; Schröter B.,2018,10.5751/ES-10548-230443,https://www.scopus.com/pages/publications/85059510975?origin=resultslist,"Governance is key to tackling water challenges and transforming water management under the increasing pressures of competing water uses and climate change. Diverse water governance regimes have evolved in different countries and regions to regulate the development and management of water resources and the provision of water services. Scholars and policy analysts have been comparing these water governance regimes to analyze elements and processes, to assess performance, or to draw lessons. Although the number of such studies has increased since the 1980s, no comprehensive synthesis exists. We present such a synthesis by conducting a systematic review of the emerging field of comparative water governance studies, and we critically reflect on how water governance is defined, conceptualized, and assessed in different contexts. Based on the resultant insights, we identify four areas for future research: (1) improving the balance between small-, medium-, and large-N studies that are used in comparative studies of water governance; (2) conducting longitudinal comparisons of water governance to identify temporal governance trends and patterns; (3) expanding the geographical coverage of the comparisons to include underrepresented countries and regions, focusing more broadly on the global South; and (4) addressing the issues of justice, equity, and power, which are becoming increasingly important in tackling the water governance challenges that are exacerbated by the effects of climate change, industrialization, and urbanization. © 2018 by the author(s).",Scopus,SEARCH_028
"Socio-economic integration of the informal recycling sector through an NGO intervention at the Andralanitra dumpsite in Antananarivo, Madagascar",Andrianisa H.A.; Randriatsiferana F.M.; Rakotoson S.L.; Rakotoaritera F.,2018,10.1177/0734242x17739971,https://www.scopus.com/pages/publications/85038580555?origin=resultslist,"The social status improvement and the degree of integration of the informal recycling sector, by using InteRa, made by the AKAMASOA association interventions at the Andralanitra dumpsite (Antananarivo, Madagascar) was assessed. 20% of the workers from the three activities at the site were interviewed: 325 scavengers, 12 compost producers and three soap manufacturers. It was found that the incomes of Andralanitra workers are relatively low compared to that of people working in the same field in other countries (30–60 USD/month). However, with the social support from AKAMASOA, their living conditions were greatly improved, allowing them to own their house, have access to water and sanitation facilities and send their children to school or subscribe to health insurance and bank savings. Though they do not experience the common socio-economic issues faced by informal workers at dumpsites and their works are highly appreciated by the solid waste management (SWM) stakeholders, there is no official planned intervention to formalise their situation. Thus, InteRa has shown low scores in SWM and organisational interfaces and high scores in materials/value chain and social interfaces. AKAMASOA actions are good examples of successful NGO interventions to improve the dumpsites’ informal recycling social status. The findings suggest that full integration into the SWM system should be supported by municipalities through the setting of policy and regulations on the access to dumpsites and the exploitation of the wastes. © 2017, © The Author(s) 2017.",Scopus,SEARCH_028
"Water, sanitation, and hygiene access in southern Syria: Analysis of survey data and recommendations for response",Sikder M.; Daraz U.; Lantagne D.; Saltori R.,2018,10.1186/s13031-018-0151-3,https://www.scopus.com/pages/publications/85045924488?origin=resultslist,"Background: Water, sanitation, and hygiene (WASH) are immediate priorities for human survival and dignity in emergencies. In 2010, > 90% of Syrians had access to improved drinking water. In 2011, armed conflict began and currently 12 million people need WASH services. We analyzed data collected in southern Syria to identify effective WASH response activities for this context. Methods: Cross-sectional household surveys were conducted in 2016 and 2017 in 17 sub-districts of two governorates in opposition controlled southern Syria. During the survey, household water was tested for free chlorine residual (FCR). Descriptive statistics were calculated, and mixed effect logistic regressions were completed to determine associations between demographic and WASH variables with outcomes of FCR > 0.1 mg/L in household water and reported diarrhea in children < 5 years old. Results: In 2016 and 2017, 1281 and 1360 surveys were conducted. Piped water as the main water source declined from 22.0% to 15.3% over this time. Households accessed 50-60 l per capita daily (primarily from private water trucking networks). Households spent ~ 20% of income on water and reported market-available hygiene items were unaffordable. FCR > 0.1 mg/L increased from 4.1% to 27.9% over this time, with Water Safety Plan (WSP) programming strongly associated with FCR (mOR: 24.16; 95% CI: 5.93-98.5). The proportion of households with childhood diarrhea declined from 32.8% to 20.4% over this time; sanitation and hygiene access were protective against childhood diarrhea. Conclusions: The private sector has effectively replaced decaying infrastructure in Syria, although at high cost and uncertain quality. Allowing market forces to manage WASH services and quantity, and targeting emergency response activities on increasing affordability with well-targeted subsidies and improving water quality and regulation via WSPs can be an effective, scalable, and cost-effective strategy to guarantee water and sanitation access in protracted emergencies with local markets. © 2018 The Author(s).",Scopus,SEARCH_028
Using sewage sludge as an alternative fuel for the cement production process,Ghiocel A.N.; Panaitescu V.N.,2018,10.1088/1757-899X/400/2/022029,https://www.scopus.com/pages/publications/85059704704?origin=resultslist,"One of the current challenges for wastewater treatment plant managers is how to find and implement new, sustainable solutions for sludge treatment and disposal. According to EU Directive 91/271/EEC, by 31 December 2018, Romania must enter into full compliance with the international regulations regarding wastewater treatment. This means that sludge production will greatly increase, together with a need for new, advanced technologies to address not only the disposal issue but also the need for energy efficient solutions. This paper presents two solutions for sludge treatment: a pilot installation for sludge treatment that entails drying, mixed biomass-sludge pelletizing and incineration in pellet boilers, developed by a team of Romanian experts; and using dried sludge as an alternative fuel for cement production, in the biggest cement factories in Romania. For these solutions, the key factor that influences both technologies are the drying process that, from an economic point of view, requires a high level of energy consumption. Despite this, considering the fact that, following the combustion process, the sludge volume is reduced and a significant amount of energy is recovered, these represent strong arguments to support the economic reliability of the technologies. © 2018 Published under licence by IOP Publishing Ltd.",Scopus,SEARCH_028
Sanitation situations in selected Southeast Asian countries and application of innovative technologies,Koottatep T.; Chapagain S.K.; Polprasert C.; Panuvatvanich A.; Ahn K.-H.,2018,10.1007/s10668-016-9892-6,https://www.scopus.com/pages/publications/85001720332?origin=resultslist,"Sanitation coverages in selected Southeast Asian countries, namely Myanmar, Thailand and Vietnam, were increased from 1990 to 2015. The toilet coverage of 96, 100 and 99% was reported in Myanmar, Thailand and Vietnam, respectively. On contrary, incidences of waterborne disease and water pollution are still in existence. This situation is due mainly to poor design, performance and maintenance of the dominantly used on-site sanitation systems (OSS) such as septic tanks, cesspools. In addition, fecal sludge (FS), which has to be emptied from these OSS, is not properly managed. There are lacks in rules and regulation on FS management (FSM). Recent research conducted at the Asian Institute of Technology, Thailand, involved the development of innovative OSS, namely solar septic tanks, Zyclone cube toilet and septic tank effluent treatment units. The operation of solar septic tanks with increased temperatures of 40–50 °C could inactive E. coli by 4–6 logs in the effluent. The solar septic tanks enhanced the microbial degradability with increased methane gas production and reducing fecal sludge accumulation by 50%. The Zyclone cube toilet separated the toilet wastewater into solid and liquid portions, which were treated by heating and electrochemical disinfection, respectively. The septic tank effluent was further treated by a unit consisting of granular activated carbon coated with nano-silver resulting in E. coli reduction of 5–6 logs. These technologies should be applied for OSS in Southeast Asian and other developing regions for environmental improvement and public health protection. © 2016, Springer Science+Business Media Dordrecht.",Scopus,SEARCH_028
Urban-rural water access inequalities in Malawi: implications for monitoring the Sustainable Development Goals,Adams E.A.; Smiley S.L.,2018,10.1111/1477-8947.12150,https://www.scopus.com/pages/publications/85057456504?origin=resultslist,"Urban-rural inequalities in water access constitute one of the major obstacles to achieving universal water coverage. In Sub-Saharan Africa, these inequalities have persisted for decades. The Sustainable Development Goals (SDGs) seek to achieve universal access to safely managed water, which requires that an improved source be located on premises, available when needed, and free from contamination. This paper draws on empirical evidence from household surveys in peri-urban and rural Malawi to examine urban-rural differences in access to safely managed water. The paper highlights issues with the SDGs’ definition and monitoring indicators and outlines lessons for improving water access given existing inequalities between urban and rural areas. It concludes by arguing that a one-size-fits-all approach to governance, monitoring, and planning cannot eliminate inequalities in water access, especially between urban and rural areas. © 2018 The Authors. Natural Resources Forum © 2018 United Nations",Scopus,SEARCH_028
Financing sustainable water service delivery of small town water systems in ghana: The gaps and needs,Kumasi T.C.,2018,10.13044/j.sdewes.d6.0195,https://www.scopus.com/pages/publications/85048248990?origin=resultslist,"Rural water coverage in Ghana is on the increase, yet there are real concerns about the level of service received and sustainability of water supply systems. One of the reasons is the lack of systematic maintenance because of inadequate funding and unreliable cash flow for Capital Maintenance Expenditure. This paper highlights the current gaps and needs of water management models in three districts using focus group discussion and key informant interviews to collect qualitative and quantitative data. The study revealed that the mechanism inherent in the National Community Water and Sanitation Strategy for addressing Capital Maintenance Expenditure works for systems that have been implementing it. Limited capacity and weak management characterize water systems with inadequate mechanism to address Capital Maintenance. Results showed limited awareness and application of water sector guidelines for the management of the piped systems by the management models and the districts. This paper contributes to the literature on funding mechanisms for small town systems sustainable water delivery in Ghana. The study concludes that to effectively address sustainable water delivery in small town systems, governance, operations and financial management regimes in line with the water sector guidelines are critical to bring about the necessary change in the management models. This calls for stronger supervisory and oversight responsibilities from Community Water and Sanitation Agency and the District Assemblies. © 2018, International Centre for Sustainable Development of Energy, Water and Environment Systems SDEWES. All rights reserved.",Scopus,SEARCH_028
Vibrio spp. infections,Baker-Austin C.; Oliver J.D.; Alam M.; Ali A.; Waldor M.K.; Qadri F.; Martinez-Urtaza J.,2018,10.1038/s41572-018-0005-8,https://www.scopus.com/pages/publications/85050008288?origin=resultslist,"Vibrio is a genus of ubiquitous bacteria found in a wide variety of aquatic and marine habitats; of the >100 described Vibrio spp., ~12 cause infections in humans. Vibrio cholerae can cause cholera, a severe diarrhoeal disease that can be quickly fatal if untreated and is typically transmitted via contaminated water and person-to-person contact. Non-cholera Vibrio spp. (for example, Vibrio parahaemolyticus, Vibrio alginolyticus and Vibrio vulnificus) cause vibriosis - infections normally acquired through exposure to sea water or through consumption of raw or undercooked contaminated seafood. Non-cholera bacteria can lead to several clinical manifestations, most commonly mild, self-limiting gastroenteritis, with the exception of V. vulnificus, an opportunistic pathogen with a high mortality that causes wound infections that can rapidly lead to septicaemia. Treatment for Vibrio spp. infection largely depends on the causative pathogen: for example, rehydration therapy for V. cholerae infection and debridement of infected tissues for V. vulnificus-associated wound infections, with antibiotic therapy for severe cholera and systemic infections. Although cholera is preventable and effective oral cholera vaccines are available, outbreaks can be triggered by natural or man-made events that contaminate drinking water or compromise access to safe water and sanitation. The incidence of vibriosis is rising, perhaps owing in part to the spread of Vibrio spp. favoured by climate change and rising sea water temperature. © 2018 Macmillan Publishers Ltd., part of Springer Nature.",Scopus,SEARCH_028
Conflict of individual freedom and community health safety: Legal conditions on mandatory vaccinations and changes in the judicial approach in the case of avoidance,Paplicki M.; Susło R.; Najjar N.; Ciesielski P.; Augustyn J.; Drobnik J.,2018,10.5114/fmpcr.2018.80081,https://www.scopus.com/pages/publications/85063261356?origin=resultslist,"Background. In Poland, the number of parents or caregivers, mainly declaring concern about the occurrence of vaccine injuries, refusing to subject people under the age of 19 to mandatory vaccinations has increased from 3,437 in 2010 to 30,089 in 2017. Material and methods. Legal regulations concerning vaccinations and legal literature in Poland, as well as judicial decisions concerning cases of evasion of mandatory vaccinations were reviewed. Results. The Constitution of the Republic of Poland obliges public authorities to fight epidemic diseases. In judicial decisions, a connection between preventive vaccinations and safety and public health protection is taken for granted – mass vaccinations allow for protection of all people, who would be exposed to infectious diseases without them. Statutory obligation to submit to mandatory vaccinations exists in the law and is directly enforceable; only in the case of refusal, the State Poviat Sanitary Inspectorate (PPIS), as creditor of the obligation, may demand its implementation and indicate an effective enforcement measure; however, it is the voivode who is authorized to conduct enforcement proceedings regarding the non-pecuniary obligation. The imposed fine is a measure leading to fulfilment of the obligation of vaccination, not a penalty for its non-performance. Conclusions. A statutory obligation to submit to protective vaccinations does not constitute a violation of constitutionally guaranteed human freedoms. As a person authorized by a specific law in the form of the Act on Preventing and Combating Infections and Infectious Diseases in Humans, this obligation overcomes the individual’s freedom to exercise the right to refuse to undergo health benefits resulting from general regulations, such as the Act on Patients’ Rights and Patients’ Rights Ombudsman. Although the PPIS is the creditor of the statutory obligatory vaccinations, the voivode is the correct enforcement body. © Wydawnictwo Continuo.",Scopus,SEARCH_028
Participatory Budgeting: Could It Diminish Health Disparities in the United States?,Hagelskamp C.; Schleifer D.; Rinehart C.; Silliman R.,2018,10.1007/s11524-018-0249-3,https://www.scopus.com/pages/publications/85046537810?origin=resultslist,"Participatory budgeting (PB)—a democratic process where ordinary residents decide directly how to spend part of a public budget—has gained impressive momentum in US municipalities, spreading from one pilot project in Chicago’s 49th ward in 2009 to 50 active PB processes across 14 cities in 2016–2017. Over 93,600 US residents voted in a PB process in 2015–2016, deciding over a total of about $49.5 million and funding 264 projects intended to improve their communities. The vast majority of US PB processes take place in large urban centers (e.g., New York City, Chicago, Seattle, Boston), but PB has also recently spread to some smaller cities and towns [1]. Figure 1 illustrates the growth of PB processes in the USA, and within New York City and Chicago council districts specifically.[Figure not available: see fulltext.] PB constitutes a rare form of public engagement in that it typically comprises several distinct stages that encourage residents to participate from project idea collection to project implementation (see Fig. 2). The decisive public vote in US PB is practically binding as elected officials commit to implementing the public decision at the outset of the process. Moreover, all current PB processes in the USA have expanded voting rights to residents under 18 years old and to non-citizens. Under President Obama, the White House recognized PB as a model for open governance. Participatory Budgeting Project, a nonprofit organization that advocates for PB, won the 2014 Brown Democracy Medal, which recognizes the best work being done to advance democracy in the USA and internationally.[Figure not available: see fulltext.] PB has been lauded for its potential to energize local democracy, contribute to more equitable public spending and help reduce inequality [2, 3]. Social justice goals have been explicit in US PB from the start. Grassroots advocates, technical assistance providers, and many elected officials who have adopted it emphasize that PB must focus on engaging underrepresented and marginalized communities [2, 4, 5]. PB steering committees have specified equity and inclusiveness goals in PB rule books [6, 7]. The most conclusive research so far on PB’s potential to reduce social inequalities, however, comes from Brazil, where PB started in 1989. In Brazil, PB has been associated with a reduction in extreme poverty, better access to public services, greater spending on sanitation and health services, and, most notably, a reduction in child and infant mortality [8, 9]. In this paper, we outline three mechanisms by which PB could affect health disparities in US municipalities: First, by strengthening residents’ psychological empowerment; second, by strengthening civic sector alliances; and third, by (re)distributing resources to areas of greatest need. We summarize the theoretical argument for these impacts, discuss the existent empirical evidence, and highlight promising avenues for further research. © 2018, The New York Academy of Medicine.",Scopus,SEARCH_028
"Delivering Social Services: Lessons on Health, Nutrition, and Population",Stout S.,2018,10.4324/9781351325325-44,https://www.scopus.com/pages/publications/85140550308?origin=resultslist,"The core objectives of many Bank-financed health projects are to improve maternal and child health, family planning, and primary health services. Throughout the years, the Bank has helped strengthen health, nutrition, and population policies and services in some 92 countries worldwide. The framework suggests that the likely impact of Bank, or any other international, assistance on health outcomes is far from direct. The major correlates of health are income; education; the quality of the environment, including access to safe housing, clean water, and sanitation; and individual and community practices related to nutrition, sanitation, reproduction, and alcohol and tobacco use. Only 25 percent of health projects achieved their institutional development objectives. Bank support has helped expand access to basic health services, sponsored training for service providers, and provided other important inputs to basic health services. The Bank also tends not to evaluate effectively the institutional and organizational environment that governs capacity weaknesses. © 2001 by The World Bank. All rights reserved.",Scopus,SEARCH_028
Refugee health: An ongoing commitment and challenge,Efird J.T.; Bith-Melander P.,2018,10.3390/ijerph15010131,https://www.scopus.com/pages/publications/85040913970?origin=resultslist,"Refugees represent a diverse group of displaced individuals with unique health issues and disease risks. The obstacles facing this population have their origins in war, violence, oppression, exploitation, and fear of persecution. Regardless of country of origin, a common bond exists, with refugees often confronting inadequate healthcare resources, xenophobia, discrimination, and a complex web of legal barriers in their new homelands. In many cases, the plight of refugees is multigenerational, manifesting as mental health issues, abuse, poverty, and family disruption. The health trajectory of refugees remains an ongoing commitment and challenge. © 2018 by the authors.",Scopus,SEARCH_028
Diversification or loading order? Divergent water-energy politics and the contradictions of desalination in Southern California,Williams J.,2018,,https://www.scopus.com/pages/publications/85074135282?origin=resultslist,"This paper explores the contradictory and sometimes incompatible imperatives towards enhancing water supply reliability and addressing the water-energy nexus. Using the highly contested development of seawater desalination for municipal water supply in the San Diego metropolitan region as an analytical entry point, the paper excavates divergent water-energy politics emerging in California. Two underlying paradigm shifts of water governance are identified. First, supply diversification represents an attempt to increase reliability through the development of multiple decentralised water sources. Second, the notion of a loading order is being promoted by certain groups as a way of prioritising different water source options according to sustainability criteria, including energy footprint. Drawing on the concept of the socio-ecological fix, the paper argues that seawater desalination - as a technological adaptation to water stress - occupies a paradoxical position, being consistent with diversification, but representing a water-energy trade-off inconsistent with the loading order. This has resulted, the paper suggests, in a polarised debate between desalination and wastewater recycling as alternative climate-independent sources of freshwater. As such, the disputes over desalination in San Diego are understood to be a crucible for broader politics of resource governance transitions. © 2018 Water Alternatives Association.",Scopus,SEARCH_028
Monitoring transboundary water cooperation in SDG 6.5.2: How a critical hydropolitics approach can spot inequitable outcomes,Hussein H.; Menga F.; Greco F.,2018,10.3390/su10103640,https://www.scopus.com/pages/publications/85054720788?origin=resultslist,"This article contributes to critical sustainability studies through an interrogation of Sustainable Development Goals (SDGs) and their action towards improving access to water and sanitation. This is done through an analysis of 'SDG 6: Ensure access to water and sanitation for all', specifically focusing on Target 6.5: 'By 2030, implement integrated water-resources management at all levels, including through transboundary cooperation as appropriate', and its related Indicator 6.5.2, 'Proportion of transboundary basin area with an operational arrangement for water cooperation'. While on paper Target 6.5 might seem relatively unproblematic, this article shows that its implementation could have some unintended practical implications for countries sharing transboundary waters. This article fine-tunes SDG 6.5.2 by suggesting two additional qualitative steps to improve the indicator. These qualitative dimensions are deemed extremely important for two reasons: the first one is the need to unfold and tackle inequitable water agreements; the second reason is to assess, recognize, and promote the role of civil society, NGOs, and technical and informal cooperation as a positive path toward the actual achievement of formal cooperation. The two steps that we propose are deemed essential if the United Nations (UN) is going to include SDG 6.5.2 as a proactive tool in the achievement of ""implementing integrated water-resources management at all levels, including through transboundary cooperation as appropriate"", as declared in the 2030 agenda. © 2018 by the authors.",Scopus,SEARCH_028
Improvement of the water level assessment of wind pumping system,Gam O.; Tankari M.A.; Abdelati R.; Mimouni M.F.,2018,10.1109/ICRERA.2018.8566930,https://www.scopus.com/pages/publications/85060623162?origin=resultslist,"The reliability of remote wind water pumping plants aims essentially to satisfy the volume of water required for irrigation. A wind pumping system is expected to offer the suitable solution for water supply in aim to meet irrigation needs in these scattered locations. In this context, we propose a fuzzy logic (FL) approach to improve the assessment of water level in the tank of wind pumping system. This later determines the reference speed needed for the control of IM feeding centrifugal pump taking into account the water level desired and the variation of wind velocity. A comparison between the proposed approach and an analytic algorithm controller is provided. The validity and the effectiveness of the proposed FL are simulated under Matlab-Simulink. © 2018 IEEE.",Scopus,SEARCH_028
Research on the Integration of Fire Water Supply,Wang C.-P.; Shih B.-J.,2018,10.1016/j.proeng.2017.12.075,https://www.scopus.com/pages/publications/85045235380?origin=resultslist,"Hydrant water supply is one of the most common water sources used by the fire fighters at fire scenes. The severe earthquakes in history were often accompanied by fires immediately. However, the fire departments were often stuck in the trouble of lacking water sources by the damage of water pipelines which worsened the fire-relieving work. Through the design of questionnaire, we have got some results of the actual preparations and integrations of fire departments. The results indicate that, over 80% of interviewees approve the establishment of 12 diversified fire water sources which combine natural water sources and artificial water sources; 87.7% of interviewees agree with the establishment and installation of fire-control water supply system especially belongs to the fire departments; About mastering the hydrant instantly supplying water state, 57.5% of interviewees choose the item of water at scene. About the reason of disapproving the fire water source should be listed on the management and checking options, most of interviewees agree that fire departments do not have the rights of water management. The most frequently chosen reason that the natural water sources from rivers within the jurisdiction are not listed on the regulation and checking options is that personnel are not easy to access the water source. In addition, the solution to the problem of the insufficient hydrants in some areas is to investigate in advance as priority. © 2017 The Author(s).",Scopus,SEARCH_028
Speed-throttling combined optimization for high reliability in parallel centrifugal pump system; [基于泵阀联合调节的并联离心泵组高可靠性优化],Lai Z.; Yang S.; Wu P.; Wu D.,2018,10.3969/j.issn.1674-8530.17.0027,https://www.scopus.com/pages/publications/85064516854?origin=resultslist,"Centrifugal pumps are widely used in industries. Although many pumps are well designed with high efficiency, a large percent of them are operating at off-design points as a result of inapprop-riate pump selection and inefficient operations. Off-design operation makes the operation point of a pump deviate from the high efficiency zone around the design point and wastes a large amount of energy. Moreover, it decreases the pump reliability, makes the pump vulnerable to failures and may cause economic losses and accidents. To solve the pump off-design problems, a method was proposed to improve the reliability of pumps in a parallel pump system. The method introduced a pump number optimization scheme and a control valve to solve the off-design problems of centrifugal pumps based on the conventional PID speed regulation method. A three-pump water supply system was built to verify the proposed method. The results show that the proposed method improves the off-design point of centrifugal pumps. However, when the off-design deviation is too large, the proposed method will greatly increase the pipeline resistance and waste a huge amount of energy, which makes it uneconomic. If the control valve regulation is abandoned and only the pump number optimization scheme is kept, the proposed method can reduce energy consumption and partly solve the off-design problem, but the overall off-design problem remains serious. © 2018, Editorial Department of Journal of Drainage and Irrigation Machinery Engineering. All right reserved.",Scopus,SEARCH_028
Supplying water to the urban poor: Processes and challenges of community-based water governance in Dhaka city,Rana M.M.P.; Piracha A.,2018,10.1108/MEQ-11-2017-0127,https://www.scopus.com/pages/publications/85047305810?origin=resultslist,"Purpose: The purpose of this paper is to explore the processes and complexities of community participation in a water supply project for the urban informal poor in Dhaka, Bangladesh. Design/methodology/approach: This paper reviews the performance of a community-based water governance entitled Dushtha Shasthya Kendra Model. The Model includes the local urban poor community with the formal urban service providers in the process of water supply. Using a case study of Karail slum in Dhaka, the paper affirms the potential of community engagement for successful implementation of water supply project by the formal organizations. Findings: The opportunity of community participation by the urban poor helps them to be engaged with the formal organizations. Community engagement not only offers them access to water supply but also ensure formal/legal existence in the city. Despite the fact, the community initiative in the slum faces huge locally situated political and socioeconomic challenges. Addressing these complexities with a proper management may still provide a successful community-based effort for water supply to the urban poor in the slums. Originality/value: The paper presents a case study of water supply system for the informal poor. Water scarcity in the slum is a serious problem in Dhaka city, though the formal authorities often forget the issue during policy making and planning. This study certainly offers a better understanding of complexity and potentiality of community-based water governance, which may further ensure community participation as well as equal access to water by the urban poor. © 2018, Emerald Publishing Limited.",Scopus,SEARCH_028
Comparing informal sector engagement across Pakistan's largest urban centers: Lessons in state and non-state engagement from Karachi and Lahore,Shaheen F.,2018,10.1007/978-981-13-0206-0_6,https://www.scopus.com/pages/publications/105008427109?origin=resultslist,"Pakistan's expanding urban informal sector (IS) continues to overwhelm the country's largest municipal centers. In the light of national policy failures, this study investigates inter-provincial differences in the political will and administrative capacity to engage the IS. The policy contexts of housing, labor, water and sanitation, and transportation-all service delivery-are compared for the cities of Lahore and Karachi to examine the relationship between state and non-state actors in engaging the IS. Cross-municipal data analysis and key informant interviews provide comparative evidence about policy and program outcomes of IS engagement in the two megacities. Evidence supports the current understanding that lower tiers of the state (i.e., municipal governments) are better placed than upper tiers of the state (national and provincial governments) to engage with the IS. The service delivery capability of large municipal corporations is constrained by policy formalism, mal-governance, interdepartmental conflict, and political interference linked to the interests of elite actors at the upper tiers of the state. Civil society engagement in informal settlements, especially in partnership with municipal actors, is the most successful form of service delivery. Moreover, evidence from low-cost, incremental, and ""one window"" service delivery solutions highlights the benefits of civil society-municipal government cooperation in holding upper tier administrators and ill-conceived policies in check. These research findings build on the critique of ""top-down"" policy development thinking by confirming that investment in basic service delivery at the municipal level will generate the highest returns in human development outcomes. © Springer Nature Singapore Pte Ltd. 2018.",Scopus,SEARCH_028
Access to infrastructure and human well-being: evidence from rural Nepal,Sapkota J.B.,2018,10.1080/09614524.2018.1424802,https://www.scopus.com/pages/publications/85042371684?origin=resultslist,"This article documents the level of access to infrastructure and assesses its perceived impacts on human well-being in rural Nepal. The study found a more varied level of well-being in less remote communities and determined that the perceived impacts of access to infrastructure on human well-being is higher in more remote areas. Notably, access to roads received the highest priority among respondents, followed by drinking water and irrigation. The methodology and findings of this study have practical implications for rural development in hills and mountains where human settlements are highly dispersed and access is key to human well-being. © 2018 Informa UK Limited, trading as Taylor & Francis Group.",Scopus,SEARCH_028
A review of formal institutions affecting water supply and access in Botswana,Mogomotsi P.K.; Mogomotsi G.E.J.; Matlhola D.M.,2018,10.1016/j.pce.2018.03.010,https://www.scopus.com/pages/publications/85047763142?origin=resultslist,"Over the years, many countries across the world have increasingly experienced the collapse of their ecosystems, leading to an elevated increase on the demand for freshwater resources. Botswana is not an exception. The problem of disrupted potable water supply is widespread across the country. However, the physical shortage of water in the country is arguably coupled by lack of effective and efficient water supply and management institutions and water infrastructure. Most of the research on water scarcity in Botswana is mostly inclined towards physical water scarcity, while little is investigated on how the design of institutions for water management in developing countries leads to water scarcity. Furthermore, the premises of most research is neoclassical economics ideas, thereby offering solutions as developing and/or reforming water markets and water pricing mechanisms, among other findings. This paper analyses potable water supply and access in Botswana within a new institutional economics paradigm. The study examines key features of water institutions in Botswana on how they affect water supply and access, applying new institutional economics fundamentals. The study extensively uses various secondary data sources including weather and climate reports, policy documents, maps and charts and survey data, among others. The paper argues that to achieve effective water allocation in Botswana, there is a need to balance social and environmental water resource needs through water policies and other statutory enactments, as well as the crafting of practical management strategies. The country, therefore, requires not only a swift institutional transformation in the water sector, but also needs practical governance structure necessary for implementing integrated water resources management and driving water resources towards sustainability. © 2018 Elsevier Ltd",Scopus,SEARCH_028
Water demand management and improving access to water,Abansi C.L.; Hall R.A.; Siason I.M.L.,2018,10.1007/978-3-319-70969-7_11,https://www.scopus.com/pages/publications/85060723935?origin=resultslist,"The chapter reviews and examines water-related program interventions–social, economic, institutional–that have directly and indirectly influenced water demand management in the Philippines since 2000. Demand focuses on water users and the human dimensions of water use, including degradation of water quality, excessive drawing from aquifers, non-consumptive uses of water, and the organizations that have evolved to represent the various stakeholders. The chapter then examines the feasibility of the emergent emphasis on policies that stress making better use of existing supplies in combination with decentralization and participation of water users, even as new sources are explored. Initiatives by the Department of Interior and Local Government toward expanding water access in areas not served by municipal water districts, participatory management schemes for irrigation associations by the National Irrigation Administration, and intersectoral formation for surface water/river quality management by the Department of Environment and Natural Resources are probed. The chapter describes initiatives such as intermunicipal water transfers, independent community-based collective arrangements for domestic and irrigation provisioning (through cooperatives) and riparian upstream-downstream coalitions for water quality in select locality cases. Such policies and interventions aim to influence demand along principles of efficiency, equity, and sustainability. This chapter explores the application of water-demand programs by select national government agencies to their respective client-groups. The institutional arrangements thus created by these program applications are “grey area” because they are not as yet grounded on water rights or adequately covered in the existing Philippine Water Code. But they portend to better/improved ways by which water can be more equitably accessed. © 2018, Springer International Publishing AG.",Scopus,SEARCH_028
"Household water insecurity and its cultural dimensions: preliminary results from Newtok, Alaska",Eichelberger L.,2018,10.1007/s11356-017-9432-4,https://www.scopus.com/pages/publications/85021124048?origin=resultslist,"Using a relational approach, I examine several cultural dimensions involved in household water access and use in Newtok, Alaska. I describe the patterns that emerge around domestic water access and use, as well as the subjective lived experiences of water insecurity including risk perceptions, and the daily work and hydro-social relationships involved in accessing water from various sources. I found that Newtok residents haul water in limited amounts from a multitude of sources, both treated and untreated, throughout the year. Household water access is tied to hydro-social relationships predicated on sharing and reciprocity, particularly when the primary treated water access point is unavailable. Older boys and young men are primarily responsible for hauling water, and this role appears to be important to male Yupik identity. Many interviewees described preferring to drink untreated water, a practice that appears related to cultural constructions of natural water sources as pure and self-purifying, as well as concerns about the safety of treated water. Concerns related to the health consequences of low water access appear to differ by gender and age, with women and elders expressing greater concern than men. These preliminary results point to the importance of understanding the cultural dimensions involved in household water access and use. I argue that institutional responses to water insecurity need to incorporate such cultural dimensions into solutions aimed at increasing household access to and use of water. © 2017, Springer-Verlag GmbH Germany.",Scopus,SEARCH_028
Sanitation Inequity and the Cumulative Effects of Racism in Colorblind Public Health Policies,Carrera J.S.; Flowers C.C.,2018,10.1111/ajes.12242,https://www.scopus.com/pages/publications/85055685393?origin=resultslist,"A majority of Lowndes County, Alabama, residents live without properly functioning, legal, basic sanitation infrastructure. We describe the contemporary racialization of sanitation inequality in the county. We trace structural dimensions of race in land tenure through the heir property system, housing availability, and public health enforcement. Our analysis shows how cumulative effects of colorblind policies overlain on explicitly racist foundations operate to establish public health sanitation law as a persistent mechanism of producing racial stratification. © 2018 American Journal of Economics and Sociology, Inc",Scopus,SEARCH_028
Assessing the sustainability of decentralized wastewater treatment systems in Rwanda,Kazora A.S.; Mourad K.A.,2018,10.3390/su10124617,https://www.scopus.com/pages/publications/85058053664?origin=resultslist,"Kigali city, the capital of Rwanda, relies on decentralized, on-site, wastewater systems due to the absence of central sewerage systems and the limited finances to construct sustainable sanitation infrastructures. However, the city has increasingly shown failures in managing these onsite systems either at individual or collective levels. This study aims at assessing the sustainability of the operated collective public semicentralized sewage systems in Kigali city. To fully cover the sustainability assessment of such collective systems, the methods used were field observation, questionnaires, interviews, and laboratory tests. The study also reviewed the influence of national ruling sanitation legal instruments in addressing development, operation and management of such decentralized wastewater systems. The results showed that the sustainability levels of these systems were low in the technical, socioeconomic status, institutional, and legal dimensions. While the sustainability level was fair for the environmental quality. In conclusion, the research highlighted that the improved sanitation coverage does not mean coverage in terms of sewerage connection proportions for wastewater collection as these connections do not imply safe and sustainable treatment before being discharged into the environment. © 2018 by the authors.",Scopus,SEARCH_028
Anthropological and socioeconomic factors contributing to global antimicrobial resistance: a univariate and multivariable analysis,Collignon P.; Beggs J.J.; Walsh T.R.; Gandra S.; Laxminarayan R.,2018,10.1016/S2542-5196(18)30186-4,https://www.scopus.com/pages/publications/85052503709?origin=resultslist,"Background: Understanding of the factors driving global antimicrobial resistance is limited. We analysed antimicrobial resistance and antibiotic consumption worldwide versus many potential contributing factors. Methods: Using three sources of data (ResistanceMap, the WHO 2014 report on antimicrobial resistance, and contemporary publications), we created two global indices of antimicrobial resistance for 103 countries using data from 2008 to 2014: Escherichia coli resistance—the global average prevalence of E coli bacteria that were resistant to third-generation cephalosporins and fluoroquinolones, and aggregate resistance—the combined average prevalence of E coli and Klebsiella spp resistant to third-generation cephalosporins, fluoroquinolones, and carbapenems, and meticillin-resistant Staphylococcus aureus. Antibiotic consumption data were obtained from the IQVIA MIDAS database. The World Bank DataBank was used to obtain data for governance, education, gross domestic product (GDP) per capita, health-care spending, and community infrastructure (eg, sanitation). A corruption index was derived using data from Transparency International. We examined associations between antimicrobial resistance and potential contributing factors using simple correlation for a univariate analysis and a logistic regression model for a multivariable analysis. Findings: In the univariate analysis, GDP per capita, education, infrastructure, public health-care spending, and antibiotic consumption were all inversely correlated with the two antimicrobial resistance indices, whereas higher temperatures, poorer governance, and the ratio of private to public health expenditure were positively correlated. In the multivariable regression analysis (confined to the 73 countries for which antibiotic consumption data were available) considering the effect of changes in indices on E coli resistance (R                             2                              0·54) and aggregate resistance (R                             2                              0·75), better infrastructure (p=0·014 and p=0·0052) and better governance (p=0·025 and p<0·0001) were associated with lower antimicrobial resistance indices. Antibiotic consumption was not significantly associated with either antimicrobial resistance index in the multivariable analysis (p=0·64 and p=0·070). Interpretation: Reduction of antibiotic consumption will not be sufficient to control antimicrobial resistance because contagion—the spread of resistant strains and resistance genes—seems to be the dominant contributing factor. Improving sanitation, increasing access to clean water, and ensuring good governance, as well as increasing public health-care expenditure and better regulating the private health sector are all necessary to reduce global antimicrobial resistance. Funding: None.                          © 2018 The Author(s). Published by Elsevier Ltd. This is an Open Access article under the CC BY-NC-ND 4.0 license",Scopus,SEARCH_028
Local scale water-food nexus: Use of borehole-garden permaculture to realise the full potential of rural water supplies in Malawi,Rivett M.O.; Halcrow A.W.; Schmalfuss J.; Stark J.A.; Truslove J.P.; Kumwenda S.; Harawa K.A.; Nhlema M.; Songola C.; Wanangwa G.J.; Miller A.V.M.; Kalin R.M.,2018,10.1016/j.jenvman.2017.12.029,https://www.scopus.com/pages/publications/85040082081?origin=resultslist,"Local-scale opportunities to address challenges of the water–food nexus in the developing world need to be embraced. Borehole-garden permaculture is advocated as one such opportunity that involves the sustainable use of groundwater spilt at hand-pump operated borehole supplies that is otherwise wasted. Spilt water may also pose health risks when accumulating as a stagnant pond. Rural village community use of this grey-water in permaculture projects to irrigate borehole gardens is proposed to primarily provide economic benefit whereby garden-produce revenue helps fund borehole water-point maintenance. Water-supply sustainability, increased food/nutrition security, health protection from malaria, and business opportunity benefits may also arise. Our goal has been to develop an, experience-based, framework for delivery of sustainable borehole-garden permaculture and associated benefits. This is based upon data collection and permaculture implementation across the rural Chikwawa District of Malawi during 2009–17. We use, stakeholder interviews to identify issues influencing uptake, gathering of stagnant pond occurrence data to estimate amelioration opportunity, quantification of permaculture profitability to validate economic potential, and critical assessment of recent permaculture uptake to identify continuing problems. Permaculture was implemented at 123 sites representing 6% of District water points, rising to 26% local area coverage. Most implementations were at, or near, newly drilled community-supply boreholes; hence, amelioration of prevalent stagnant ponds elsewhere remains a concern. The envisaged benefits of permaculture were manifest and early data affirm projected garden profitability and spin-off benefits of water-point banking and community micro-loan access. However, a diversity of technical, economic, social and governance issues were found to influence uptake and performance. Example issues include greater need for improved bespoke garden design input, on-going project performance assessment, and coordinated involvement of multi-sector governmental-development bodies to underpin the integrated natural-resource management required. The developed framework aims to manage the identified issues and requires the concerted action of all stakeholders. Based on the probable ubiquity of underlying issues, the framework is expected to be generalizable to the wider developing world. However, this particular application of permaculture represents a fraction of its greater potential opportunity for rural communities that should be explored. © 2017 Elsevier Ltd",Scopus,SEARCH_028
"Campylobacter, a zoonotic pathogen of global importance: Prevalence and risk factors in the fast-evolving chicken meat system of Nairobi, Kenya",Carron M.; Chang Y.-M.; Momanyi K.; Akoko J.; Kiiru J.; Bettridge J.; Chaloner G.; Rushton J.; O’Brien S.; Williams N.; Fèvre E.M.; Häsler B.,2018,10.1371/journal.pntd.0006658,https://www.scopus.com/pages/publications/85054780926?origin=resultslist,"Campylobacteriosis is a leading foodborne zoonosis worldwide, and is frequently associated with handling and consumption of poultry meat. Various studies indicate that Campylobacter causes a substantial human disease burden in low to middle-income countries, but data regarding the organism’s epidemiology in countries like Kenya are scarce. In sub-Saharan Africa, 3.8 million deaths of children under-5 years of age are reported annually. Of those, 25% are caused by diarrheal diseases, and Campylobacter is one of the most frequently isolated bacteria from diarrheic children. With the growth of urban conglomerates, such as Kenya’s capital, Nairobi, changes in diets, food production systems, and retailing dynamics, it is likely that exposure and susceptibility to this pathogen will change. Therefore, the importance of Campylobacter disease burden in Kenya may increase further. The objectives of this study were: 1) to determine the prevalence of Campylobacter spp. in Nairobi’s small-scale chicken farms and meat retailers, and 2) to identify potential risk factors associated with its presence in those sites. The prevalence data provides the first detailed baseline for this pathogen in the urban Kenyan context. The risk factors provide context-specific insights for disease managers. A cross-sectional study of broiler, indigenous chicken farms, and chicken meat retailers, was conducted in a peri-urban, low to middle-income area (Dagoretti), and a very-low income informal settlement (Kibera) of Nairobi. Chicken faeces were collected using one pair of boot socks per farm, and 3 raw chicken meat samples were purchased per retailer. Samples were cultured for viable Campylobacter spp. using mCCDA, followed by blood agar plates in aerobic/microaerobic conditions for prevalence calculations. A questionnaire-based survey on sanitary, sourcing and selling practices was conducted at each site for risk factor identification using logistic regression analyses. A total of 171 farm premises and 53 retailers were sampled and interviewed. The prevalence results for Campylobacter spp. were between 33 to 44% for broiler and indigenous chicken farms, 60% and 64% for retailers, in Dagoretti and Kibera, respectively. Univariable logistic regression showed an association between Campylobacter spp. presence and the easiness of cleaning the display material used by the retailer. Restricting access to the flock was also associated with the pathogen’s presence. Multivariable logistic regression identified the selling of defrosted meat as a retailer risk factor (OR: 4.69; 95% CI: 1.31–19.97), calling for more investigation of the reported repetitive freezing-thawing processes and cold chain improvement options. At the farm-level, having a pen floor of material not easy to clean was found to increase the risk (OR: 2.31; 95%CI: 1.06–5.37). The relatively high prevalence of Campylobacter spp. across different areas and value chain nodes indicates a clear human exposure risk. The open nature of both small-scale broiler and indigenous chicken production practices with low biosecurity, hygiene and informal transactions, likely plays a role in this. While gradual improvement of farm biosecurity is recommended, risk factors identified suggest that consumer education and enforcement of basic food safety principles at the retailer end of the food continuum represent key targets for risk reduction in informal settings. © 2018 Carron et al. http://creativecommons.org/licenses/by/4.0/.",Scopus,SEARCH_028
"Short-term hydro generation operation of cascade hydropower stations in Han River, China",Zhang R.; Wang X.; Yu S.; Zou Q.,2018,10.1088/1757-899X/366/1/012004,https://www.scopus.com/pages/publications/85049363429?origin=resultslist,"Hydropower is a natural renewable energy with outstanding technological superiority in short-term operation. Short-term hydro generation operation (SHGO) requires not only lord dispatch in single station, but also the coordination of hydraulic and electric connection for different stations. In this paper, a coordinated peak shaving operation method of cascade hydropower stations is proposed. Firstly, regular pattern of peak load regulation is analyzed using the load characteristics of power grid. The daily power output of cascade hydropower stations should meet the needs of typical load pattern. In order to satisfy comprehensive utilizations of water resources, the outflow of each reservoir should be no less than the demand of water supply or irrigation. To verify the feasibility and effectiveness of the proposed method, an application of Pankou and Xiaoxuan cascade hydropower stations, located in Hanjiang River in China, is presented in this paper. Simulation results indicate that the proposed method can obtain the maximum peak shaving amplitudes and suggested peak shaving amplitudes at the same time, which satisfies different operation demands of cascade hydropower stations. © Published under licence by IOP Publishing Ltd.",Scopus,SEARCH_028
Characterizing the last latrine nonowners in rural Malawi,Slekiene J.; Mosler H.-J.,2018,10.4269/ajtmh.17-0578,https://www.scopus.com/pages/publications/85040524474?origin=resultslist,"Open defecation is a public health problem worldwide. Non-governmental organizations in developing countries use various approaches to increase latrine coverage, but for little-understood reasons, some of the population does not adopt latrine construction. The objective of our research was to uncover which of the factors predicting latrine construction are relevant to the last nonowners of latrines, termed laggards in the diffusion of innovations theory. In a cross-sectional study, quantitative face-to-face interviews were conducted in households in rural Malawi (N = 824) to assess the behavioral determinants of latrine construction, mental health, and leadership. Around 14% of the households interviewed did not own a latrine. Study results suggest that nonowners have limited economic resources and perceive that latrine construction is expensive, that it is difficult to find money for latrine construction, and that it needs a lot of time and effort. The last nonowners of latrines live in smaller groups than latrine owners, communicate less with others about latrine construction, and are less influenced by the opinion of their leaders. They consist, in particular, of socially vulnerable households, are younger, are less educated, often have more impaired mental health, feel more vulnerable to contracting diseases, are less aware of the latrine construction of others in the village, feel less personally obliged to construct their own latrines, and are less confident in their ability to rebuild latrines damaged by flooding. The study confirmed that the assumptions of the diffusion of innovation theory are useful in combination with the risks, attitudes, norms, abilities, and self-regulation behavior change approach for developing evidence-based behavior change strategies in developing countries. © 2018 by The American Society of Tropical Medicine and Hygiene.",Scopus,SEARCH_028
Aquaculture innovation system analysis of transition to sustainable intensification in shrimp farming,Joffre O.M.; Klerkx L.; Khoa T.N.D.,2018,10.1007/s13593-018-0511-9,https://www.scopus.com/pages/publications/85048375536?origin=resultslist,"The shrimp sector has been one of the fastest growing agri-food systems in the last decades, but its growth has entailed negative social and environmental impacts. Sustainable intensification will require innovation in multiple elements of the shrimp production system and its value chain. We use the case of the shrimp sector in the Mekong Delta in Vietnam to explore the constraints in the transition to sustainable intensification in shrimp farming, using an analytical framework based on innovation systems thinking, i.e., an aquaculture innovation systems framework. Using this framework, we conduct a systemic diagnostic of blocking mechanisms, interrelated sets of constraints within the aquaculture sector that hinder a transition toward sustainable intensification. Our findings show that the major constraints are institutional, with limited enforcement of the regulatory framework for input quality control, disease control, and wastewater management, and a lack of coordination between government bodies to design and enforce this framework. At farm level, limited access to capital favors pond mismanagement and the use of low-quality inputs. The absence of multi-stakeholder initiatives to foster dialog between actors in the value chain constrains the response to new regulations dictated by international market demand. Because of shrimp farming’s connectivity with the wider ecosystem, sustainable intensification in shrimp farming will require collective management of water resources at the landscape level for disease and water pollution control. Ecological principles for pond management need to be promoted to farmers in order to reduce farmers’ inefficient practices and build their capacity to understand new techniques and inputs available in the Vietnamese market. Our paper demonstrates for the utility of a multi-level, multi-dimension, and multi-stakeholder aquaculture innovation systems approach to analyze and address these blocking mechanisms in the transition to sustainable intensification in shrimp farming and aquaculture more broadly. © 2018, The Author(s).",Scopus,SEARCH_028
