title,authors,year,doi,url,abstract,database,search_id
"Correction to: The Opening of High-Speed Railway and Coordinated Development of the Core–Periphery Urban Economy in China (Sustainability, (2023), 15, 5, (4677), 10.3390/su15054677)",Li J.; Elahi E.; Peng C.; Wu A.; Cao F.; Wang J.; Abro M.I.; Khalid Z.,2025,10.3390/su17030944,https://www.scopus.com/pages/publications/85216677941?origin=resultslist,"The authors would like to make the following corrections about the published paper [1]. The changes are as follows: Deleting the references. Deleting the references. Readers noticed that there are unjust references cited in this paper. After checking with the Editorial Board, the authors decided to delete References [30–40]. Ahmed, U.; Ying, L.; Bashir, M.; Abid, M.; Elahi, E.; Iqbal, M. Access to output market by small farmers: The case of Punjab, Pakistan. J. Anim. Plant Sci. 2016, 26, 787–793. Peng, B.; Chen, H.; Elahi, E.; Wei, G. Study on the spatial differentiation of environmental governance performance of Yangtze river urban agglomeration in Jiangsu province of China. Land Use Policy 2020, 99, 105063. Zhao, X.; Peng, B.; Elahi, E.; Zheng, C.; Wan, A. Optimization of Chinese coal fired power plants for cleaner production using Bayesian network. J. Clean. Prod. 2020, 273, 122837. Zhao, Y.; Peng, B.; Elahi, E.; Wan, A. Does the extended producer responsibility system promote the green technological innovation of enterprises? An empirical study based on the differenc-in-differences model. J. Clean. Prod. 2021, 319, 128631. Zhong, Z.; Peng, B.; Xu, L.; Andrews, A.; Elahi, E. Analysis of regional energy economic efficiency and its influencing factors: A case study of Yangtze River urban agglomeration. Sustain. Energy Technol. Assess. 2020, 41, 100784. Altangerel, O.; Ruimei, W.; Elahi, E.; Dash, B. Investigating the effect of job stress on performance of employees. Int. J. Sci. Technol. Res. 2015, 4, 276–280. Elahi, E.; Khalid, Z. Estimating smart energy inputs packages using hybrid optimization technique to mitigate environmental emissions of commercial fish farms. Appl. Energy 2022, 326, 119602. Elahi, E.; Khalid, Z.; Tauni, M.Z.; Zhang, H.; Lirong, X. Extreme weather events risk to crop-production and the adaptation of innovative management strategies to mitigate the risk: A retrospective survey of rural Punjab, Pakistan. Technovation 2022, 117, 102255. Elahi, E.; Zhang, L.; Abid, M.; Javed, M.T.; Xinru, H. Direct and indirect effects of wastewater use and herd environment on the occurrence of animal diseases and animal health in Pakistan. Environ. Sci. Pollut. Res. 2017, 24, 6819–6832. Elahi, E.; Zhang, Z.; Khalid, Z.; Xu, H. Application of an artificial neural network to optimise energy inputs: An energy-and cost-saving strategy for commercial poultry farms. Energy 2022, 244, 123169. Scaringella, L.; Chanaron, J.J. Grenoble–GIANT Territorial Innovation Models: Are investments in research infrastructures worthwhile? Technol. Forecast. Soc. Change 2016, 112, 92–101. Replacing the following sentence in “Section 3.1. Model Construction” “where GAPit represents the level of coordinated regional development of city i in year t. The variable HSRit is the dummy variable for whether city i opens a high-speed railway in year t. Controls represents the control variable. μi and νt are the fixed effects of city and year, respectively. εit is the random error term assumed to be normally distributed at zero mean value (Ahmed et al., 2016 [30]; Peng et al., 2020 [31]; Zhao et al., 2020; Zhao et al., 2021; Zhong et al., 2020 [32–34]) and constant variance (Altangerel et al., 2015 [35]; Elahi and Khalid, 2022 [36]; Elahi, Khalid, et al., 2022 [37]; Elahi et al., 2017 [38]; Elahi, Zhang, et al., 2022 [39]; Scaringella and Chanaron, 2016 [40]).” with “where GAPit represents the level of coordinated regional development of city i in year t. The variable HSRit is the dummy variable for whether city i opens a high-speed railway in year t. Controls represents the control variable. μi and νt are the fixed effects of city and year, respectively. εit is the random error term assumed to be normally distributed at zero mean value and constant variance.” Modifying the authors’ names. Replacing the names of Peng Cheng and Wang Jian to Cheng Peng and Jian Wang. The author’s initials also need to be modified. The authors state that the scientific conclusions are unaffected. This correction was approved by the Academic Editor. The original publication has also been updated. © 2025 by the authors.",Scopus,SEARCH_021b
Including Women in Community Water Governance: Implications for Gender-Sensitive Community Resilience Planning,Angmor E.,2025,10.4324/9781003641612-13,https://www.scopus.com/pages/publications/105020105610?origin=resultslist,"The study examined the inclusion of women in community water governance for gender-sensitive community resilience planning in the Akuapem North Municipality, focusing on Tinkong, Saforo, Otwitiri, and Mangoase communities. A mixed-methods approach was adopted, involving 181 participants, with data collected through interviews and focus group discussions (FGDs). The findings revealed challenges in forming Water and Sanitation Management Teams (WSMTs). While community members understood the responsibilities of the WSMTs, some WSMTs did not meet the required female representation. Additionally, the WSMTs were excluded from creating the District Water and Sanitation Plan. These issues pose significant challenges to the resilience of community water infrastructure. The study recommends enforcing the requirement for female representation and ensuring that the required procedures are followed when forming water governance committees at the community level. © 2026 selection and editorial matter, Stephen Kofi Diko, Seth Asare Okyere, Stephen Leonard Mensah and Louis Kusi Frimpong.",Scopus,SEARCH_021b
Opportunities and adoptive challenges of pharmaceuticals and personal care products in wastewater treatment schemes in developing countries,Hossein M.; Makaye A.; Dadi S.; Ripanda A.; Rwiza M.J.; Nyanza E.C.; Njau K.N.; Vuai S.H.; Machunda R.L.; Mahmoud A.E.D.,2025,10.1016/B978-0-443-21887-3.00024-9,https://www.scopus.com/pages/publications/105019745932?origin=resultslist,"Water demand and its use has increased across the globe due to increases in economic activities, human population, and recreational activities. Even though people do live with water, individuals do not have access to sufficient safe and protected water. The occurrence of pharmaceuticals and personal care products (PPCPs) in surface water led to potential health risks to human and environmental health. There is a need to remediate PPCPs from wastewater before releasing them into water bodies. This is challenged as treatment and recycling schemes in developing countries either lack the design or have inadequate capacity for the removal of PPCPs and other pollutants, amplifying the problem. The mostly employed schemes include waste stabilization ponds, aerobic digestion, and wetlands for the polishing stage, and or their combinations are lacking design for the effective. Inevitably, there is a need for innovation and improvement of wastewater treatment schemes to incorporate the remediation of PPCPs and other pollutants in developing countries to ensure ecological safety. However, innovation and adoption of the advanced treatment technologies come with a set of challenges including limited financial resources, inadequate infrastructure, and technical expertise. Additionally, PPCPs are diverse and in the environment occur as complex mixtures, coupled with a lack of standardized regulations, create significant challenges for implementing effective monitoring and control strategies. These challenges need a holistic approach integrating innovative technologies feasible in the region, research, capacity building, technology transfer, and international collaborations. Further, strengthened institutional frameworks and establishing regulatory frameworks specific to emerging pollutants including PPCPs are needed. Therefore, the current chapter exploits the opportunities and challenges of wastewater treatment schemes in developing countries to improve ecological safety. © 2025 Elsevier Inc. All rights reserved.",Scopus,SEARCH_021b
Safeguarding Aquatic Ecosystems: Innovations in Water Resource Management,Dey S.; Sen K.; Saha S.; Saha N.C.; Snow D.D.; Hossain M.Y.,2025,10.1007/978-3-031-77957-2_8,https://www.scopus.com/pages/publications/85218037114?origin=resultslist,"Sustainable development necessitates the comprehensive management of water resources in light of diminishing supply and increasing demand. This review examines new developments in methods, instruments, and policies to deal with issues brought on by population expansion, urbanization, and climate change. It starts by looking at water conservation techniques, such as leak detection devices, intelligent irrigation systems, and rainwater harvesting, which maximize home, commercial, and agricultural usage and support water sustainability. It discusses advanced technologies in wastewater treatment, like membrane filtration and decentralized systems, improving water quality and enabling the reuse of treated wastewater. This review highlights innovative approaches to governance and policy, such as integrated frameworks and stakeholder engagement strategies, ensuring equitable resource allocation. Additionally, it investigates how artificial intelligence, remote sensing, and data analytics may improve water management techniques by enabling real-time monitoring and predictive modelling for well-informed decision-making. Integration and innovation are crucial for addressing water scarcity, pollution, and access disparities and building resilient water systems for present and future generations. © The Author(s), under exclusive license to Springer Nature Switzerland AG 2025.",Scopus,SEARCH_021b
Progressing Towards the Sustainable Development Goal: Evaluating India's Clean Water and Sanitation Policies,Jyoti; Jain P.; Chaudhary M.; Gupta V.K.; Vidisha; Tomar A.,2025,10.1109/NGISE64126.2025.11085261,https://www.scopus.com/pages/publications/105013682446?origin=resultslist,"In 2019, India reached the milestone of being declared open defecation-free, which contributes significantly towards the achievement of SDG 6 on clean water and sanitation. This article examines how India has aligned with SDG 6 through transformative interventions such as the Swachh Bharat Mission (SBM) and Jal Jeevan Mission (JJM), with a focus on their impact on improving access to safe drinking water and sanitation facilities across states and Union Territories. The analysis identifies some key drivers including resilient institutional arrangements, substantial investments needed for water security, and effective community participation in the process that have empowered local communities to take charge of their lives. However, within social-economic complexities and climate change implications, sustainability issues are ongoing challenges thereby requiring enhanced regulatory frameworks, integrated governance systems as well as climate-sensitive infrastructure investments. A combination of comprehensive research together with data driven decisions is important for sustaining achievements made so far and advancing towards the full realization of all aspects of SDG 6 by 2030. It was also revealed that there are linkages between this goal (SDG6) with other development objectives while stressing over the role played by new technologies plus multi-stakeholder engagement in sustainable water. © 2025 IEEE.",Scopus,SEARCH_021b
ARTIFICIAL SPRINGS AS AN UNCONVENTIONAL WATER SOURCE AND AN ALTERNATIVE FOR RECLAMATION OF MINING ENVIRONMENTS,Maadji R.; Tamoreka A.; Amir A.N.S.,2025,10.64697/978-90-835589-7-4_41WC-P1783-cd,https://www.scopus.com/pages/publications/105024960814?origin=resultslist,"The plantation managed by the local Saluan Kintom community in the Banggai Regency is located on hills that rely on natural springs at the bottom of the valley with an elevation above 50 meters. This condition requires high costs to lift and pump the water. This is a common problem in the development of water resources in hilly areas. Topographic limitations such as steep slopes and frequent landslides, prevent the creation of canal networks and make groundwater exploitation impossible. Therefore, increasing water demand can be met to a greater extent through the adoption of rainwater harvesting technology. This technology is recommended for hilly areas where artificial springs are located at higher altitudes than the service area so that water can be channeled through pipes by gravity. Artificial springs are unconventional water sources, carried out by capturing rainfall, which becomes surface runoff that seeps in or fills artificial reservoirs/aquifers. The reservoir in question is an earth excavation that is given a waterproof layer of Polyethylene (PE) and then backfilled. Reservoir conditions mimic the natural conditions of an aquifer, where the bottom and sides are an aquitard layer (impermeable stratum). The dimensions of the reservoir are adjusted to the discharge capacity to be channeled and the reliability of the artificial spring for several months in a row if there is no rain. The construction of this artificial spring reservoir can be applied to reclaim ex-mining land. Apart from being able to be restored, this area can also have artificial springs that can be used as a water source for plantations by Village-Owned Enterprises (Bumdes) or even Regional Drinking Water Companies (PDAM) that provide clean water or drinking water services for the community. © 2025 IAHR – International Association for Hydro-Environment Engineering and Research.",Scopus,SEARCH_021b
A Systematic Review of Irrigation Development and Agricultural Water Management in Mali,Mabhaudhi T.; Dirwai T.L.; Taguta C.; Nhamo L.; Kanda E.K.; Cofie O.,2025,10.1007/978-981-96-1848-4_14,https://www.scopus.com/pages/publications/105024390789?origin=resultslist,"Rain-fed and irrigated agriculture are key to economic growth, job creation, food security, and livelihoods across Africa. Agriculture in Mali is mainly rain-fed and thus vulnerable to the country’s fluctuating climate, which undermines crop production and productivity. The PRISMA protocol and SPIDER framework were used to systematically review Mali’s irrigation development and agricultural water management. Mali invested in irrigated agriculture across scales to decouple agriculture from unreliable rainfall, but the potential for expansion still exists. The Malian government also developed several policies to create an enabling environment that promotes agricultural water management (AWM). Farmers employ various agricultural water management practices to control and conserve water and soil. In line with the African Union irrigation development and agricultural water management (AU-IDAWM) framework, there exists operationalization challenges in Mali. These challenges include weak implementation of policies by authorities and lack of awareness among farmers, to mention a few. Farmers lack access to inputs, technology, extension services and credit. The government lacks the financial capacity to rehabilitate irrigation schemes such as Office du Niger, wherein it politically allocated land to foreign large-scale investors without the involvement of the farmers and the management agency, and this may affect the sustainability of irrigated agriculture. Wastewater irrigation suffers from non-recognition, lack of support from all spheres, and risks to human health and the environment. Thus, the government must revamp policy implementation and utilize alternative financing models to rehabilitate irrigation infrastructure, such as private–public partnerships (PPPs). There is a need to minimize political interference in the allocation of agricultural land in the Office du Niger. Subsidies are needed to support farmers with technology and inputs for irrigation and AWM. Farmers, extension workers, and equipment suppliers must be trained to build their capacity. Wastewater irrigation contributes to food supply, income generation, and livelihoods in peri-urban and urban areas. Thus, this practice must be formalized and supported by policies, guidelines, regulations, standards, and technologies for on-site water treatment and safer irrigation practices. © 2025 The Editor(s) (if applicable) and The Author(s).",Scopus,SEARCH_021b
Enforcing the Right to a Healthy Environment in Natural Resource Impacted Communities: An Assessment of the Scorecard of Nigeria’s Courts’ Enforcement of the African Human Rights Charter,Bello O.A.,2025,10.1007/978-3-032-01532-7_36,https://www.scopus.com/pages/publications/105031021465?origin=resultslist,"Since the UN Conference on the Human Environment in Stockholm in 1972, the right to a healthy environment has evolved into a globally accepted legal right with constitutional recognition in over 100 countries, including those from Africa. This right includes the need to live in a secure and sustainable environment and have access to clean water, air, and sanitation. The right has also been recognised by the African Commission and the African Court on Human Rights, and at the sub-regional levels, the ECOWAS Court of Justice. Africa’s natural resources environmentally impacted communities—such as those in Nigeria—experience incessant pollution, contamination, deforestation and habitat destruction, land conflicts, displacement, and negative health impacts, which have made the realisation of the right more important. However, enforcing the African Commission, Court, and the ECOWAS Court’s recommendations and rulings on the right has proven to be a significant challenge over time. Focusing on the jurisprudence of case law on the right to a healthy environment in Nigeria—SERAP v NigeriaSERAP v Nigeria, SERAC v Nigeria, and recent national cases, concerning the right to a healthy environment in Nigeria, this chapter assesses the remit, role, and impact of the African Commission and Court on Human Rights, and the ECOWAS Court in West Africa. It investigates how Nigerian courts have interpreted and enforced the African Human Rights Charter’s environmental rights and the obstacles to full implementation, given that the African Charter on Human and Peoples’ Rights (Ratification and Enforcement) Act has been transposed into national law. This evaluation offers a basis for addressing implementation issues, resource limitations, and the persistent power play of the extractive industries in underwhelming the regime’s efficacy. It offers suggestions for states’ political commitment to ensuring compliance, addressing the effects of environmental degradation, offering remedies, and institutionalisation monitoring and reporting procedures relating to the right to the right. © The Editor(s) (if applicable) and The Author(s), under exclusive license to Springer Nature Switzerland AG 2025.",Scopus,SEARCH_021b
DISGUST AND PUNISHMENT IN IMMIGRATION DETENTION,Reguera A.F.L.,2025,10.4324/9781032617060-8,https://www.scopus.com/pages/publications/105027499354?origin=resultslist,"I reflect on the relationship between disgust and punishment. As evidenced in Mexico, the Instituto Nacional de Migración commonly creates unhealthy living conditions for detained migrants. Limiting access to water, toiletries and medical services, people on the move are not only dehumanised, but also often subjected to unsanitary conditions as part of their criminalisation and punishment. This chapter addresses the following questions: What is the institutional function of disgust? How does disgust relate to the implicit and explicit forms of punishment in immigration detention? Is disgust a factor determining decisions on immigration regularisation procedures and access to international protection? I argue that on the one hand daily punishment relies on subjugation to filth, making people experience continuously increasing abhorrent living conditions. On the other hand, the perception of migrants as disgusting incentivises punishment as well as authorities’ non-compliance with regulations, including international protection. I analyse narratives of detained migrants, immigration officers, cleaning staff and staff from NGOs providing psycho-legal services in immigration detention centres documented between 2017 and 2020, as part of an institutional ethnography I conducted in Estación Migratoria Siglo XXI (EMSXXI) (Siglo XXI Immigration Station), the country’s largest immigration detention centre. I also include cases documented in 2023 through in-depth interviews with civil society organisations that provide psycho-legal support and assistance to detained people on the move in southern, central and northern Mexico. © 2026 selection and editorial matter, Ana Aliverti, Henrique Carvalho, Anastasia Chamberlen and Simon Tawfic; individual chapters, the contributors. All rights reserved.",Scopus,SEARCH_021b
Antigypsyist exclusion from running water,Kotiuk I.,2025,10.4337/9781035356669.00012,https://www.scopus.com/pages/publications/105031473534?origin=resultslist,"The right to clean water and sanitation is a fundamental component of the right to a healthy environment. This right should be equally accessible to everyone as a crucial prerequisite for human health. However, the case of Hudorovič and Others v. Slovenia serves as a disheartening example of how racialisation and poverty can deprive people of access to their rights. To fully address the applicants’ factual and legal circumstances, as well as the State's positive obligations towards this particular group, it is crucial to consider Article 8 in conjunction with Article 14 (non-discrimination). Further, the right to clean water is not solely a socio-economic issue; it deeply affects personal life and health, including critical aspects of sexual and reproductive health for women and girls. I also propose to analyse the case under the general prohibition of discrimination enshrined in Article 1 of Protocol 12 to the Convention in the context of the constitutional right to a healthy environment. © The Editors and Contributors Severally 2025. All rights reserved.",Scopus,SEARCH_021b
Chapter 5 Amplifying the community voices for greater access to drinking water in Bangladesh,Mallick D.L.,2025,10.1108/S2040-7262(2010)0000002008,https://www.scopus.com/pages/publications/105041698441?origin=resultslist,"This chapter reflects on the approach and learning of an innovative project in Bangladesh that addresses drinking water security issues of the poor and marginal communities through participatory research, innovation, and social mobilization. The people, living in the most difficult geophysical areas, are facing severe crisis of drinking water and associated health risks due to remoteness, seasonality, social isolation, and poor institutional links. The geophysical constraints such as growing salinity, arsenic, flood and drought, and drawdown of groundwater tables have aggravated the problems. The existing government services hardly reach to the most unserved and needy people because of remoteness and lack of responsiveness of the government departments. A participatory action research project led to collective understanding about the severity of the problems and associated health risks and vulnerability. This again built greater awareness and motivated the poor, women, and marginal communities to establish links with key actors and take various local and collective actions toward ensuring their greater access to drinking water, sanitation facilities, and health services from the relevant government departments and development agencies. © 2010",Scopus,SEARCH_021b
Artificial intelligence application to the water and wastewater treatment systems,Wang W.; Wang J.; Zhang Z.; Li C.,2025,10.1016/B978-0-443-34019-2.00007-9,https://www.scopus.com/pages/publications/105027096105?origin=resultslist,"The constantly growing urban scale and productivity have brought about greater demand for water resources, and human society is increasingly emphasizing automation and energy efficiency, which has led to enormous operational pressure and renovation needs for water and wastewater treatment systems. Existing water/wastewater treatment systems have been plagued by problems of inefficiency, high cost, and poor reliability due to lack of prompt and on-line water quality prediction technique, thus hindering the resources allocation and auto-feedback-regulation of the water and wastewater treatment processes. The emergence of artificial intelligence (AI) techniques offers novel and viable solutions to address these issues. Leveraging robust data analysis and processing capabilities, AI techniques such as machine learning and computer vision can extract valuable information from vast amounts of data, identify patterns and trends, enabling real-time monitoring and precise prediction for the state of water and wastewater, thereby enhancing the operational efficiency and reliability of such systems. Moreover, AI techniques can optimize resource allocation and achieve more intelligent automation control, thereby improving energy efficiency of such systems. Based on the differences in application objectives and scenarios, this chapter systematically summarizes the current applications of AI techniques to the water and wastewater treatment systems including water/wastewater treatment processes, urban drinking water systems (DWSs), and integrated urban drainage systems; analyzes the significance and challenges of AI techniques compared to traditional technologies; introduces potential improvement direction aimed at addressing these challenges; and finally gives the conclusions and the future perspective for AI development in such systems. © 2026 Elsevier Inc. All rights reserved..",Scopus,SEARCH_021b
Development of a Frequency-Domain Electromagnetic Instrument for Underground Metal Pipelines,Liu R.; Chen H.; Lu X.; Liu M.; Fu Y.; Liu H.,2025,10.1109/EPEE67527.2025.11428449,https://www.scopus.com/pages/publications/105036313510?origin=resultslist,"Underground pipeline detection is critical for ensuring the safe operation of cities. Some urban areas lack pipeline documentation, and certain pipelines have no exposed endpoints, limiting the applicability of traditional detection methods such as direct connection and clamp methods. Statistics indicate that damage incidents involving pressurized metal pipelines, such as water supply and district heating pipelines, account for a significant proportion in China. To address this, this paper designs and develops a frequency-domain electromagnetic instrument for underground metal pipelines detection, encompassing coil design and the integrated development of the transmitter and receiver systems. The transmitter coil is connected in parallel, effectively reducing its resistance and inductance while maintaining the same number of turns, thereby enhancing the magnetic moment. The receiver system utilizes a bucking coil to cancel primary field interference and employs the orthogonal vector demodulation technique to extract the real and imaginary components of the secondary field. Field comparison experiments demonstrate that the instrument can accurately identify underground metal pipelines in complex environments, verifying its practicality and reliability.  © 2025 IEEE.",Scopus,SEARCH_021b
Jal Jeevan Mission and role of smart technologies in achieving water security in rural India,Mukherjee A.; Senapati T.; Ghosh A.,2025,10.1016/B978-0-443-33321-7.00015-9,https://www.scopus.com/pages/publications/105006581113?origin=resultslist,"The provision of safe and reliable water has always been fundamental to human well-being and economic development of a nation. Developing nations like India put forward different tactics to attain water security goals. In India, a program named Jal Jeevan Mission (JJM) has been pivotal in mitigating water security challenges by aiming to deliver connections of tap water to every rural house. As provisions of tap water are increasing in the country, the use of smart technologies and innovative solutions like smart water meters, water ATMs, and a cloud-based dashboard are gaining importance for water management and conservation. These smart technologies leverage the advancements in sensors, data analytics, artificial intelligence, and automation to enhance efficiency, reduce water wastage, monitor water quality, and improve overall water management practices. This study envisages the contribution of the program, i.e., JJM, in supplying potable water in the rural areas of India. It delves into the mission's objectives, strategies, and impact on improving water accessibility and quality across rural areas. It also discusses the interconnected issues of water scarcity, pollution, and management, emphasizing the need for water resource governance. This study especially emphasizes the role of different smart technologies in conservation, monitoring, and management of water, with special emphasis on supplied drinking water. By examining the literature on the JJM's role in enhancing water security, this article contributes to understanding India's efforts in achieving universal affordability to have potable drinking water and the broader implications on public health and socio-economic development. © 2025 Elsevier Inc. All rights are reserved, including those for text and data mining, AI training, and similar technologies.",Scopus,SEARCH_021b
Study on the Distribution Characteristics and Dynamic Evolution of Green Buildings in China Based on the K-means Algorithm,Bao Z.; Wu X.,2025,10.1109/ISCAIT64916.2025.11010510,https://www.scopus.com/pages/publications/105010193280?origin=resultslist,"With the concept of green and sustainable development, the gap of green building growth among provinces in China is becoming increasingly obvious. Based on the data of wastewater discharge, air pollution and urban environmental infrastructure investment in China Statistical Yearbook, K-means clustering algorithm is used to classify the distribution of green buildings, and the key influencing factors and dynamic evolution trend are analyzed. At the same time, focusing on the energy consumption of each region, PCA main city analysis is used to study the main indicators affecting the green performance of buildings, and the differences and connections of these analysis methods are analyzed in depth. The results show that: (1) There are obvious regional differences. Green building development in eastern coastal and highly urbanized areas is faster (such as Yangtze River Delta and Pearl River Delta), while that in northwest and underdeveloped areas is slower. (2) Industrial wastewater emission, sulfur dioxide emission, industrial smoke (dust) emission and population density are the main energy indicators affecting the green performance of buildings.(3) Economic development, policy support, environmental governance and market demand are key determinants of green building concentration. Efficient provinces (e.g. Beijing, Shanghai) benefit from strong economic fundamentals, policy incentives, advanced environmental management and high market demand, making them leaders in green building development. (4)The evolution of green building has experienced three stages: policy-driven, market-led and technology-driven. In the early stages, government policies play a crucial role; in the medium stage, market demand becomes the main driving force; in the later stage, technological innovation, resource recycling and green social system development become key factors for sustainable growth. In the future, provinces should adopt collaborative innovation, policy optimization and resource sharing strategies to promote the development of high-quality green buildings and contribute to carbon neutrality goals and ecological sustainability.  © 2025 IEEE.",Scopus,SEARCH_021b
Minimizing Inequality in Urban Water: ST-GNN Forecasting and Differentiable Optimization,Ghosh A.; Misra R.,2025,10.1109/BigData66926.2025.11402231,https://www.scopus.com/pages/publications/105037844285?origin=resultslist,"Mumbai's piped network delivers markedly uneven service across wards and settlement types. Drawing on zonal supply records and municipal environmental reports, we quantify distributional inequality in hours of supply and litres per capita per day (LPCD) and trace its physical and institutional drivers using spatial econometrics. In 2024, citywide service averages about 5.4 hours/day; slum settlements receive 45 LPCD versus 135 LPCD in non-slum areas - clear evidence of substantial inequity. Counterfactual simulations show that modest reductions in non-revenue water (NRW) can deliver equity gains comparable to a 200-400 MLD desalination expansion, but at lower cost and on shorter timelines. We conclude with governance priorities - universal metering, zonal pressure management, and pro-poor allocation - that shift the policy lens from absolute scarcity to distributional justice. © 2025 IEEE.",Scopus,SEARCH_021b
"AGRIFUSION OF WATER AND WASTEWATER TECHNOLOGIES: STATUS, MANAGEMENT, AND CHALLENGES",Sadiq S.M.; Singh I.P.; Ahmad M.M.; Abdulmumin S.,2025,,https://www.scopus.com/pages/publications/105005667401?origin=resultslist,"Water is essential for the ecosystem, economy, and development of humans. Improving rural people’ food security, incomes, and standard of living requires access to and security over water resources. For millions of impoverished farmers, particularly those in rainfed regions and also those engaged in irrigated agriculture, reliable access to water continues to be a key obstacle. More farmers are in danger of losing water security and falling back into poverty because of climate change as well as the associated altering rainfall patterns. Therefore, it is imperative to increase the communities’ ability to adopt and spread agricultural water management methods. Managing the water used for livestock, crop, and inland fisheries cultivation, all come under agricultural water regulation. The key to improve agricultural water administration in these productive regions is to address both global food security and poverty alleviation. By 2050, up-to-date food production must double to meet the world’s food needs. This expansion must come from rainfed agriculture-heavy regions and irrigated agriculture. © 2025 by Apple Academic Press, Inc.",Scopus,SEARCH_021b
Analysis of the global water crisis: Illustrating regions with extreme water scarcity to those with relative abundance,Bhandari M.P.,2025,,https://www.scopus.com/pages/publications/105005021965?origin=resultslist,"This pioneering work provides a comprehensive exploration of the world's most pressing water issues. It offers a global overview of the water crisis, meticulously categorizing regions based on their water availability: from areas facing extreme water scarcity to those enjoying relative abundance. By examining diverse case studies, it presents specific examples from regions struggling with severe droughts, high to moderate water stress, moderate water security, and those blessed with ample freshwater resources. The book delves into the underlying causes of the global water crisis, including climate change, population growth, pollution, and unsustainable water management practices. It highlights the disparities between regions, emphasizing how some communities face life-threatening shortages while others have access to surplus water. By comparing these different scenarios, the book sheds light on the complex socio-economic, environmental, and political factors contributing to water inequality. At its core, this book carries a message of urgency and hope. It challenges readers to rethink water as a shared resource and inspires global cooperation to address water scarcity. The book advocates for innovative solutions such as sustainable water management, advanced technologies for water conservation, and policies that promote equitable access to clean water. ""Analysis of the Global Water Crisis"" is an essential read for policymakers, researchers, environmentalists, and anyone concerned about the future of our planet. It offers noble ideas for a sustainable future where water is managed wisely, ensuring the survival and prosperity of all living beings. The message is clear: water is not just a resource, but a fundamental right, and it is our collective responsibility to protect it for future generations. Technical topics discussed in the book include: Water availability and distribution Climate change and water resources Water stress and scarcity indicators Groundwater depletion Water pollution and contamination Integrated water resources management (IWRM) Desalination and water reuse technologies Water-energy nexus Transboundary water conflicts and cooperation Policies and governance for water security. © . All rights reserved.",Scopus,SEARCH_021b
Simulation of Acute Hepatitis a in Ukraine Using LSTM Deep Learning Model,Butkevych M.; Chumachenko D.,2025,10.1109/ACIT65614.2025.11185739,https://www.scopus.com/pages/publications/105019982326?origin=resultslist,"Acute Hepatitis A remains a significant public health concern, particularly in regions with unstable infrastructure and limited access to clean water and sanitation. In Ukraine, periodic outbreaks continue to pose challenges to disease surveillance and early intervention, especially in the context of ongoing conflict and population displacement. This study aims to assess the feasibility of using a Long Short-Term Memory (LSTM) deep learning model for forecasting the monthly incidence of acute Hepatitis A in Ukraine. The model was trained using official epidemiological data published by the Center of Public Health under the Ministry of Health of Ukraine from 2018 to 2024, incorporating two time series: monthly absolute cases and monthly cumulative cases. The LSTM architecture consisted of three recurrent layers with dropout regularization and a final dense output unit trained to predict one-month-ahead incidence. The model achieved a mean absolute percentage error (MAPE) of 5.40% for absolute case prediction and 0.85% for cumulative case prediction. While the model captured general trends in disease dynamics, it demonstrated limitations in detecting sudden incidence spikes. These findings indicate that LSTM models can support trend forecasting for Hepatitis A but require enhancement through exogenous variables and hybrid architectures to improve responsiveness to outbreaks. This work contributes to developing AI-driven forecasting tools for infectious disease surveillance in resource-constrained and crisis-affected settings. © 2025 IEEE.",Scopus,SEARCH_021b
Decoding the hypertension-kidney connection: implications for black communities,Zoccali C.; Mallamaci F.,2025,10.1097/HJH.0000000000004059,https://www.scopus.com/pages/publications/105010164023?origin=resultslist,[No abstract available],Scopus,SEARCH_021b
Management and challenges in access and diagnosis of drinking water services in Rural Areas of Latin América,Acosta-González A.; Jimenez-Junca C.A.; Gallardo-Salas M.A.,2025,10.4018/979-8-3693-6089-7.ch010,https://www.scopus.com/pages/publications/105012914185?origin=resultslist,"Ensuring access to potable water, basic sanitation, and hygiene (WASH) in Latin America, particularly in rural areas, remains challenging. In 2022, 8.4% of the population lacked safe drinking water, while 74.6% had basic sanitation. Regulatory approaches vary but are generally nascent, facing significant water quality challenges from agricultural runoff, industrial discharges, and mining activities. Inadequate wastewater treatment leads to bacteriological pollution. Over- extraction of groundwater, unplanned urban growth, and limited resources exacerbate pollution and water stress. Monitoring and enforcement are hindered by outdated infrastructure and inadequate training. Critical water quality parameters are inconsistently measured, and delayed sample processing compromises microbiological analyses. Education and training in water management, infrastructure improvements, and investment are imperative to address climate change impacts and social inequalities. Additionally, unplanned urban expansion puts further pressure on water resources in peri- urban areas. © 2026, IGI Global Scientific Publishing. All rights reserved.",Scopus,SEARCH_021b
Government policies toward providing safe drinking water to the public,Yadav P.; Yadav K.; Saxena M.; Singh I.,2025,10.1201/9781032643120-16,https://www.scopus.com/pages/publications/85218482199?origin=resultslist,"The national drinking water programs should address the monitoring issues that can affect data sampling, self-reporting, data quality and accuracy, as well as adequate frequency for evaluating the water sustainability systems. India is distinguished by its extensive rural water database, the Integrated Management Information System (IMIS), which conducts annual monitoring of drinking water coverage, water quality, and related program components from the habitation level to the state, district, and national levels. In recent years, there has been a notable increase in debate regarding policy improvements and their implementation. Various narratives related to water policy and discourses have attracted significant scholarly attention. These narratives cover a range of topics, including groundwater management challenges, access to clean water as well as sanitation, gender equity in the assessment of water and sanitation, integrated water resource management, and interstate river management. Additionally, global concerns about water security and climate change are adding a fresh perspective to the discussion. Natural disasters have had a significant negative impact on freshwater supplies, potentially causing water shortages in many parts of the world. In response, current water management reforms have placed a strong emphasis on effective policymaking to improve overall water governance, management, and planning. This chapter focuses on the structure of India's national water policies in terms of their individual components. © 2025 Veer Singh and Ashish Kumar. All rights reserved.",Scopus,SEARCH_021b
Legal Empowerment in Informal Settlements: Grassroots Experiences in the Global South,Di Giovanni A.; Bercovich L.,2025,10.4324/9781003538806,https://www.scopus.com/pages/publications/105011470090?origin=resultslist,"This book investigates grassroots, community-led justice strategies — known as legal empowerment — being used to promote the human rights of people living in informal settlements in the Global South. Residents of informal settlements, also known as slums or favelas, encounter a complex array of human rights violations; from systemic discrimination by public officials, to threats to physical security from forced evictions, or arbitrary arrests, to a lack of access to basic services such as housing, water, sanitation and education. This book shows how grassroots justice organizations around the world are working with residents to defend their rights and secure more dignified living conditions. Drawing on original empirical research across 10 countries in Africa, Asia and Latin America, the book demonstrates how legal empowerment can put residents at the centre of holistic approaches to urban development and confront exclusionary and undemocratic systems of governance. The book encompasses practical recommendations and strategies such as rights-based approaches to informality, participation, community mobilization and litigation. Bridging the gaps between the law on the books and the harsh realities of informality on the ground, this book will be an important read for researchers, practitioners and policymakers, working in realms of social and economic rights, access to justice and urban poverty and development. © 2025 International Development Research Centre and Namati.",Scopus,SEARCH_021b
"Blockchain and Water Supply Chain: Opportunities, Challenges and Innovations",Batta P.; Wasson V.; Sardar S.,2025,10.1002/9781394417803.ch1,https://www.scopus.com/pages/publications/105024747242?origin=resultslist,"This chapter investigates how blockchain technology delivers better efficiency and protection measures with increased sustainability for water supply chain operations, addressing major difficulties to create adaptable water distribution frameworks. Multiple systems, along with devices from IoT sensors and legacy software platforms, characterize the operation of the water supply chain. Existing literature highlights the role of blockchain in enhancing transparency, security and efficiency in the water supply chain through IoT integration, smart contracts and hybrid networks. Using a hybrid blockchain method enabled stakeholders to achieve public transparency and private data protection, which enhanced interoperability between them. Smart contracts perform automatic water regulation compliance that maintains quality control standards. Regulatory authorities maintain unmodifiable access to records, which helps them enforce compliance and policy regulations. Water quality and distribution monitoring becomes accurate with the deployment of IoT sensors, which also streamlines financial operations by automating billing, leakage detection and policy implementation. © ISTE Ltd 2025. All rights reserved.",Scopus,SEARCH_021b
An Investigation into India’s Experience in Reducing Child Mortality: A Gender Perspective,Ram U.; Kumar P.; Ananya K.V.,2025,10.1007/978-981-95-1719-0_3,https://www.scopus.com/pages/publications/105026581288?origin=resultslist,"India surpassed China and became the most populated country recently. The population of India is expected to further grow for several decades before it stabilizes. The recent past has shown remarkable improvements in socio-economic development indicators for India, yet, they are far from satisfactory levels. India’s health care service provisions, particularly in the public sector, continues to face challenges in terms of both access and quality. India is one of the few countries where gender plays a vital role for one’s socio-economic and health outcomes. Thus, India’s overall achievement in improving the health of its people is certainly laudable; however, it becomes essential to learn whether these benefits are shared equally across population subgroups. Between 1950 and 2020, India’s population grew from 357 million to 1396 million; a nearly 300% rise in 7-decades, with an increase from a total of 15.7 million to 23.1 million annual live births during the same time. The childhood mortality has reduced substantially: infant mortality rate reduced substantially from 181.2 in 1950 to 26.6 per 1000 live births in 2020, and the under-5 mortality rate, reduced from around 300 in 1950 to 32.6 per 1000 live births in 2020. In 1950, a newborn in India, on an average, lived 41.7 years which rose to 70.2 years in 2020. Along with this progress in mortality reductions, household’s living conditions and other socio-economic development indicators have also shown laudable improvements; 95% of the households in 2019–21 have access to improved source of drinking water and 69% had access to basic sanitation services. Women’s literacy rate increased from only 2 in every 5 women aged 15–49 literate in 1992–93 to 4 in every 5 women in 2019–21 and total fertility rate declined from 3.4 children per women to 2.0 during the same period. Over 85% of the mothers received antenatal care from a skilled provider(s) in 2019–21, substantial increase from 50% in 1992–93. The institutional delivery increased from about one-quarter in 1992–93 to 89% in 2019–21. Early initiation of breastfeeding has risen more than four-folds and exclusive breastfeeding has risen by one and a half times and at the same time, the coverage of full immunization has increased to more than three-quarters in 2019–21. There has been consistent improvement in the mortality indicator as well as socio-economic and health care utilization, however, gender differential is persistent, mostly to the disadvantage of female children, and this is regardless of time period. © The Author(s), under exclusive license to Springer Nature Singapore Pte Ltd. 2025.",Scopus,SEARCH_021b
Status and Issues Related to the Implementation of Integrated River Basin Management in Malaysia,Lim C.H.; Teo F.Y.,2025,,https://www.scopus.com/pages/publications/105026271939?origin=resultslist,"The findings of a desktop study carried out concerning the status and issues on the implementation of Integrated River Basin Management (IRBM) in Malaysia can be categorised under thirteen (13) main aspects; namely, policy, legislation, institution, financing, water assessment and allocation, pollution control, flood management, drought management, river basin and land use planning, river basin information system, R&D on IRBM, river basin monitoring, and stakeholder participation. Enabling Mechanisms In 2012, a National Water Resources Policy (NWRP) was formulated to guide water resources management in the country, whereby the approach in integrated river basin management will be through the adoption of IWRM principles at the river basin level. This NWRP is currently under review and has been renamed as National Water Policy (NWP). The key policy issues encountered in Malaysia are as follows: i) slow implementation of all the action plans as stated in NWP at state-level, especially for states that do not have any specific state-level water resource management policy, and ii) challenges in forging Federal/State level partnerships to implement NWP effectively due to political differences. In terms of legislation, the various matters related to water are covered under many separate and uncoordinated legislation where most of these laws are either outdated or with gaps and in some instances overlapping each other. In 2010, a draft National Water Resources Law (NWRL) was developed as a ‘model law’ to ensure uniformity for all states in Peninsular Malaysia and to supersede the current Waters Act 1920. The Federal Constitution has clearly defined the jurisdiction and alignment of the Federal and State Governments over water as a resource. States have jurisdiction over water resources and related aspects such as land, forests, agriculture, rivers, and water bodies. However, the Federal Government has jurisdiction over the following matters related to water resources-i) international treaties and agreements; ii) transboundary rivers; iii) transfer of water (if not resolved between states); iv) data, information collection and management; v) scientific research; and vi) setting of national standards, safety, and security. As for the financing mechanism, after the enactment of the Water Services Industry Act (WSIA) in 2006, the Federal Government is now responsible for managing and financing the water services sector while the state is left with the responsibility to finance and manage the water resource sector. Water Resources and Water Hazards Water assessment needs to be carried out to ascertain the available water resources in a River basins are the natural accounting units for water management. However, political, and administrative decisions relating to water management are usually made according to jurisdictional boundaries that do not coincide with that of river basins. A river basin plan is a strategic action plan for the integrated management of the water and related land resources in the basin. The plan will normally be relevant for several years and will facilitate the co-ordination of specific works by the relevant agencies who shall incorporate the required works into their annual work plans accompanied by specified actions and detailed budgets. The key river basin and land use planning issues that have been identified are as follows: i) inadequate legislative support for IRBM-compliant land use control in the river basin, ii) land use control at the local authority level is not guided by a river basin plan, iii) inadequate technical capacity to monitor the implementation of river basin master plan and iv) loss of river biodiversity. IWRM, in the context of a river basin, is about the management of available water resources in a river basin for an optimum outcome among different competing water users. Thus, comprehensive, accurate, and timely information is necessary for objective planning, decision-making, and gaining support from competing river basin stakeholders. Deciding on what to report, to whom, and how to communicate the report to the relevant stakeholders is the most important step. However, there are still issues related to the river basin information system, such as those identified below: i) too much information but lack of useful information, ii) inappropriate selection and choice of information management tools, iii) lack of coordination in information dissemination for national-level decision making, and iv) limited access to the public despite of much promises and publicity by the various agencies. There are many issues related to IRBM that need additional research, especially in relation to the local context. This is because the R&D results and experiences from other countries cannot be applied directly to Malaysia since the local institutional and legal framework is different from those in other countries. For effective water resource management, it is essential that monitoring be carried out to assess the availability of water resources, water quality, water use, and pollution discharges in a river basin. Information management of the monitored data is additionally necessary to ensure that water resource assessment, ii) fragmented and non-uniform state legislation governing water allocation, and iii) water allocation in many states is not guided by an IRBM Plan and IWRM principles. Managing water pollution is one of the most critical challenges to the sustainable management of water resources. Pollution is increasing rapidly due to urbanisation, industrialisation, and population growth. The appraisal of the water quality in each river basin is based on the Water Quality Index (WQI) consisting of parameters such as dissolved oxygen (DO), biochemical oxygen demand (BOD), chemical oxygen demand (COD), ammoniacal nitrogen (NH3-N), suspended solids (SS) and pH. There are 189 river systems in Malaysia of which 85 are prone to frequent flooding. Flooding has become a national issue in Malaysia as the nation’s economy and population have grown over the years and developments started to encroach into river corridors and flood plains which has resulted in increased incidences of floods. The key flood management issues are as follows: i) increased incidences and costs of flood damages due to increased development in urban areas and encroachment of development into urban river corridors, ii) uncontrolled development in flood-prone areas, and iii) impact of climate change which resulted in increased rainfall intensity. Unlike the situation in arid countries, drought is not a major issue in a tropical country like Malaysia with its abundant rainfall. However, due to the natural, annual variability of rainfall, there may be some periods in some years where a prolonged period of low rainfall may affect the amount of water stored in the dams to provide for potable and irrigation water supply in specific areas or regions. River Basin Management basin approach that can be disseminated to all the river basin stakeholders and be easily available at the all relevant agencies’ websites. Stakeholder participation is important because stakeholders who are interested in, and accepting of the water resource management system, can ensure its sustainable implementation on the ground. Communication with all relevant stakeholders is also important to raise the awareness of the river basin stakeholders and educate them on the benefits of their participation in the management of the river basin. © 2025 IAHR.",Scopus,SEARCH_021b
Carbon territoriality at the land-water interface,Miller M.A.,2025,10.1016/j.gloenvcha.2024.102954,https://www.scopus.com/pages/publications/85210315355?origin=resultslist,"Large volumes of organic carbon are stored in wetland ecosystems such as mangrove forests, peatlands, salt marshes and seagrass meadows. Efforts to mitigate anthropogenic climate change are transforming the governance of these naturally saturated carbon sinks. Scientific and market valuations of wetlands as carbon have prompted diverse experimentation with carbon sequestration projects and offset programs. These activities may displace wetland-reliant communities and add to societal equalities. This perspective paper develops the concept of carbon territoriality to explore emerging spaces of climate governance in wetlands. It moves beyond terra-centric policy debates tied to fixed and flat landscapes by integrating literature on the dynamic (sub)surface and atmospheric territorial dimensions of carbon. It posits that combining scientific knowledge of fixed carbon stocks with the inherited knowledge of coastal and riparian communities about fluid land–water connections could foster more inclusive and equitable forms of climate stewardship within biogeophysically relevant boundaries. © 2024 The Author",Scopus,SEARCH_021b
Primary Care Dentistry in Hong Kong,Fung M.H.T.,2025,10.1007/978-981-96-0817-1_11,https://www.scopus.com/pages/publications/105002351537?origin=resultslist,"Primary care dental services in Hong Kong are provided by the dental team that consists of dentists, dental therapists, dental hygienists, dental surgery assistants and dental technicians. Despite a majority of dental services being provided by practitioners working in the private sector and non-governmental organisations (NGOs), the government has played a leading role in the development of primary care services and places emphasis on oral health promotion and prioritises resources to provide emergency dental services and special care dentistry services. Starting from 1961, water fluoridation has been available in the water supply. This has been recognized by the WHO and FDI World Dental Federation as a safe and effective measure for the prevention of dental caries. There has been a continuous development of dental services by the Department of Health to meet the needs of the public. The School Dental Care Service provides comprehensive care for the primary school children. Emergency dental services for pain relief are available to the general public at government dental clinics. The Oral Health Promotion Division provides oral health education to the public. The Community Special Dental Service oversees the provision of special care dentistry services for people who have difficulty to access for general dental services. Eligible institutionalised elderly and adults with intellectual disabilities or autism can receive subsidized services provided by the designated NGOs. For people with financial hardships, subsidised dental services can be provided by the Department of Social Welfare under the Dental Grant of the Comprehensive Social Security Assistance Scheme. Through the Elderly Health Care Voucher Scheme and Community Care Fund Elderly Dental Assistance Programme, eligible older adults can receive subsidised primary care services at private clinics. Primary Care Directory has been established to facilitate the residents to seek various primary healthcare services that are available in the private setting. The Primary Healthcare Blueprints have highlighted a series of reform initiatives to formulate the direction and strategies of primary healthcare development in Hong Kong. The Working Group on Oral Health and Dental Care was established to review the current dental service provision and all the existing government-funded programmes regarding their objectives, scopes of service and service delivery models. An Interim Report has been published that includes the strategic directions recommended by the Working Group. With the collaborations between the Government and the practitioners working in both public and private sectors, primary care dentistry services have been evolving to target the improvement of oral health of the general public. © The Author(s), under exclusive license to Springer Nature Singapore Pte Ltd. 2025.",Scopus,SEARCH_021b
Smart Village Panchayat-An e-Governance system,Harshavarthan E.; Ayyanathan N.,2025,10.1109/ICSCSA66339.2025.11170835,https://www.scopus.com/pages/publications/105018452220?origin=resultslist,"This is a smart village panchayat automated complaint management system, an effort to substitute the traditional manual complaint handling in the governance of local complaints. It allows citizens to post complaints about those basic services that are crucial for public service, such as street lighting, water supply, garbage disposal, and road maintenance. Through integrating location-based services such as Google Maps, the system enhances the precision and efficiency in complaint resolution regarding pinpointing the exact location of issues. This application provides updates, so that citizens are able to track the process of their complaint from its submission and its resolution. The inclusion of mechanisms of feedback ensures that authorities stay accountable, and this leads to a loop of continuous improvement. The digitization process seeks to reduce inefficiency, eradicate corruption, and make local governance more transparent because earlier procedures-lagging and error-prone-may be eradicated. The project represents massive strides in local governance modernization for the country, thus enhancing responsiveness and effectiveness in the operations of Panchayats. The smart village Panchayat initiative is a digital transformation project for rural Panchayat functioning, creating new pathways in the innovation of local village organizations in India. Panchayats, being the backbones of local self-governments, are engaged in a large number of public services like water supply, sanitation, and infrastructure development. However, with the traditional Panchayat systems comes inefficiency due to the principle of manual processes and the lack of transparency concerning matters dealt with, citizen participation, and everyday functioning. © 2025 IEEE.",Scopus,SEARCH_021b
Blockchain-powered DeFi: Transforming Water Project Financing for a Sustainable Future,Shyamala R.; Prabakaran D.; Dhaya C.; Chaarumathi S.; Perumal U.; Kumaran V.S.,2025,10.1002/9781394417803.ch8,https://www.scopus.com/pages/publications/105024744201?origin=resultslist,"This chapter describes how decentralized finance (DeFi) protocols, liquidity pools and decentralized autonomous organizations can revolutionize water project finance by capital universalization, middleman elimination, and traceable and instant transactions. Green finance emphasizes investment that directs long-term environmental, social and governance (ESG) objectives. Water infrastructure is one of the primary drivers of green growth, and blockchain-based DeFi applications improve ESG. Traditional models of water infrastructure investment finance have been marred by numerous obstacles that limit their efficiency, coverage and scalability. There are several DeFi models in existence today,each trying to solve various needs of finance, from lending and borrowing to decentralized exchange, stablecoins and yield farming. Water infrastructure schemes such as building sustainable water supply systems, desalination plants, irrigation systems and wastewater treatment plants are costly and require massive capital investment. DeFi allows water infrastructure projects to be tokenized and investors to invest in fractionality. © ISTE Ltd 2025. All rights reserved.",Scopus,SEARCH_021b
The Effects of Politics on Service Delivery,Mabizela H.,2025,10.4324/9781003629689-5,https://www.scopus.com/pages/publications/105021757649?origin=resultslist,"Politics and service delivery are fundamental factors that influence the quality and efficiency of governance in every country, including South Africa. The interplay between the two conceptions affects the efficacy of government policy in meeting citizens’ needs. Service delivery often encompasses the provision of essential services such as water, housing, sanitation, healthcare, education, and infrastructure that deeply shape the lives of the citizens and determines the legitimacy of government. However, politics influences service delivery, both negatively and positively. While political leadership impacts governmental decision-making and resource allocation to address the demands and expectations of citizens, political dynamics introduces challenges that undermine the ability of government to delivery services effectively. This chapter examines the present state of service delivery and the role of politics in advancing the development post-apartheid in the context of the South African government. The chapter also acknowledges that political leadership can facilitate service delivery by establishing clear priorities that promote the necessary reforms and guarantee that the public service meets the requirements of the population. © 2026 Hlengiwe Mabizela and Nirmala Dorasamy.",Scopus,SEARCH_021b
The Road to Resilience: Integrating Maintenance Strategies into Asset Management for Water and Wastewater Utilities,Motala I.; Singh A.,2025,10.2175/193864718825159909,https://www.scopus.com/pages/publications/105033358372?origin=resultslist,"Water and wastewater utilities face growing challenges in maintaining aging infrastructure while meeting service targets and controlling costs. To address this, the Region of Peel developed a structured, standards-based approach to maintenance management, emphasizing governance, business processes, data, and technology integration. Through a tailored maturity assessment aligned with ISO 55000 and the GFMAM framework, the Region identified key gaps and created a roadmap for improvement. Findings highlight measurable improvements in operational efficiency, including reduced unplanned work, increased asset reliability, and enhanced planning and scheduling capabilities. By adopting best practices such as reliability-centered maintenance (RCM) and leveraging analytics, Peel demonstrated how maintenance can evolve into a strategic enabler of operational excellence. This work offers actionable insights for utilities seeking to strengthen their maintenance programs, align with industry standards, and achieve sustainable service delivery. Copyright ©2025 Water Environment Federation.",Scopus,SEARCH_021b
Unveiling Market Manipulation in Eu Energy Markets - Insights from Acer Enforcement Cases,Lakic E.; Jeriha J.; Medved T.; Vucic D.; Topic D.; Knezevic G.,2025,10.1109/EEM64765.2025.11050114,https://www.scopus.com/pages/publications/105011034689?origin=resultslist,"Market manipulation poses significant challenges to the integrity and transparency of EU wholesale energy markets. This paper examines REMIT enforcement decisions published by the European Union Agency for the Cooperation of Energy Regulators (ACER), identifying key trends, manipulation tactics, and regulatory responses. By analysing publicly available ACER enforcement cases, this study provides insights into the most common market abuse practices, including capacity withholding, wash trades, and cross-border manipulation, as well as disparities in enforcement activity across Member States. The findings highlight the growing role of fines in deterring market abuse, with 2024 recording a € 73 million penalty-the highest to date. With the introduction of REMIT II, regulatory enforcement is expected to intensify, introducing stricter reporting obligations, broader market coverage, and enhanced investigative powers for ACER. This paper contributes to energy market regulation literature by providing a comprehensive review of REMIT enforcement cases and recommending measures to strengthen market integrity. The findings serve as a resource for policymakers, regulators, and market participants seeking to enhance transparency, detect manipulation more effectively, and ensure a competitive energy market.  © 2025 IEEE.",Scopus,SEARCH_021b
Process Safety Consequences of Biogas Release and Fire Scenarios at Wastewater Treatment Facilities: Ensuring Safe Distances for Occupied Buildings using Advanced Python Modelling,Masango P.; Griffin L.,2025,,https://www.scopus.com/pages/publications/105035831915?origin=resultslist,"This work on chemical explosions is premised on Biogas (facilities), especially its production and storage in the wastewater industry. The process safety considerations in storage tanks and other gas holders, also applies to entire chemical storage facilities across the chemical process industry where DSEAR and/or COMAH regulations may apply. Loss of control which could mean loss of containment of flammable or highly reactive chemicals such as biogas pose significant (explosion and fire) risks to process safety, environmental health, and asset safety. This python model will be useful for simpler first stage consequence modelling and will complement the platforms already in use, out there. The importance of accurate, economically affordable explosion modelling cannot be overstated. Accessibility can lead to broader availability o safety protocols, resulting in general improvement in the provision of safety simulations. Previous research and commercial software have provided valuable insights, yet there remains some work that advances this area of process engineering as well as improve competences internal to any organisation that is interested in software development in this area. In future greater advances and better economics will be had due to better access to similar software. Our study aims to offer locally accessible and more economic application as well as improve the accuracies by introducing a new perspective on explosion modelling. By leveraging advanced computational techniques and comprehensive data analysis, we propose a model that offers improved reliability and safety. This work builds upon the foundation laid by previous researchers, acknowledging their contributions while striving for greater precision. © 2025 IChemE.",Scopus,SEARCH_021b
"Water pollution: sources, causes, and effects",Tamrakar R.K.; Butoliya S.; Upadhyay K.,2025,10.1016/B978-0-443-16112-4.00009-8,https://www.scopus.com/pages/publications/105029327107?origin=resultslist,"Water is an indispensable resource vital for the survival of all forms of life, economic development, and overall well-being. However, with escalating anthropogenic activities, water pollution has emerged as one of the most pressing global environmental challenges. This document delves into comprehensive methodologies for assessing and ensuring water quality while presenting actionable solutions for mitigating pollution. The analysis begins by categorizing water quality measurement techniques into physical, chemical, and biological parameters. Detailed methodologies, including advanced technologies such as IoT-enabled real-time monitoring and molecular metagenomics, are discussed to provide a robust framework for water quality assessment. Sampling strategies, including grab, composite, and passive sampling, further underscore the precision required in environmental monitoring. The document also explores preventive and remedial approaches for water pollution. These include municipal wastewater treatment, industrial effluent management, precision agricultural practices, and erosion control. Emphasis is placed on leveraging green infrastructure, technological innovations, and international cooperation to address water contamination comprehensively. The synthesis highlights the necessity of public awareness and legislative enforcement to align individual, community, and industrial practices with sustainable water resource management. By adopting these measures, it is possible to mitigate the adverse impacts of pollution, protect aquatic ecosystems, and secure clean water for future generations. This study serves as a call to action for multidisciplinary collaboration and the integration of science, policy, and education to address the water crisis effectively. In recent years, the quality of the world’s water supply has received more attention. Due to its irreplaceable nature, water is stored in a separate system. Both the biological cycle and the economic cycle rely on the water cycle for their fundamental dynamics. The proportion of freshwater to total water in the water cycle is only 2.5%. All living things require water, so it is clear that this commodity is extremely important. Without water, there is no possibility of survival. Freshwater ecosystems, food security, sustainable development, and, by extension, the survival of humankind, all depend on an abundant supply of high-quality water. Pressure on already scarce pure water supplies is increased when that water is polluted. To purify 1 L of wastewater requires the use of eight gallons of potable water. Humans have an inherent requirement for access to clean water. According to the World Health Organization, about 80% of all infectious illnesses (bacteria, viruses, and parasites) are spread through contact with water. Waste and pollution of this essential natural resource are major contributors to global warming, and humans are largely to blame. It is imperative that people everywhere receive water pollution education and consciousness training in order to help mitigate this crisis. The emphasis of this study is on the origins of various water pollutants and their current distribution throughout ecosystems and the natural environment. This investigation is expected to add to the existing body of writing on the topic and help lessen the burden of pollution on our planet’s water supplies. © 2026 Elsevier Inc. All rights reserved.",Scopus,SEARCH_021b
We have the evidence but governments must now build the systems to deliver on hand hygiene,Esteves Mills J.; Gordon B.; Denny L.; Thomas A.; Cole A.O.; Lee-Llacer A.; Hickling S.; Ababu A.K.; Kwakye A.; Mohamed A.; Palomares A.; Paynter N.; Prasad-Gautam O.; Shrestha S.; Kalubula P.; Caruso B.A.; Freeman M.C.; Wolfe M.K.; Panthi S.R.; Balane M.A.L.; Villasenor J.M.; Bartolomeus K.; Eshofonie A.; Magtibay B.; Bouare S.; Doumbia D.; Nkosha K.; Ojha R.; Abaidoo S.; Kutane W.; Toure M.; Sangare I.; Limbu S.; Kabir A.; Ranjouria S.; Mulemba D.; Alzubaidy S.; Kokshagina O.; Heiss L.; Minelli E.; Nachinab C.; Cumming O.,2025,10.1136/bmjgh-2025-018930,https://www.scopus.com/pages/publications/105016469066?origin=resultslist,[No abstract available],Scopus,SEARCH_021b
Service Delivery and the Pulse of Citizen Satisfaction in Urban Governance of Bangladesh,Mollah M.A.H.,2025,10.1007/978-981-96-7564-7,https://www.scopus.com/pages/publications/105022954712?origin=resultslist,"This book offers a comparative analysis of municipal service delivery in four major Bangladeshi cities: Dhaka, Chittagong, Khulna, and Rajshahi. Using the SERVQUAL model, it evaluates service quality through five dimensions—Tangibles, Reliability, Responsiveness, Assurance, and Empathy—providing a detailed understanding of citizen satisfaction in varied urban settings. The book’s strength lies in its comparative framework, which examines the distinct challenges and governance structures of each city. This analysis identifies common issues while uncovering unique dynamics, enabling a thorough exploration of service delivery systems. It highlights effective practices and areas for improvement, fostering a balanced view of urban governance. Key municipal services such as street lighting, waste management, water supply, sewerage systems, and birth registration are assessed in detail. By focusing on practical reforms and innovations, the book bridges academic research with real-world application, offering actionable insights for policymakers, urban planners, and practitioners. With its emphasis on practical solutions and comparative insights, this book is an essential resource for those involved in urban development. It provides valuable lessons for enhancing service quality and citizen satisfaction, contributing to more effective governance in developing countries. © 2025 The Editor(s) (if applicable) and The Author(s), under exclusive license to Springer Nature Singapore Pte Ltd.",Scopus,SEARCH_021b
"Changes in Quality of Living Environment Due to Landuse Transformation in Rural Areas of Ahmedabad City, India",Kothary S.,2025,10.1051/e3sconf/202566902003,https://www.scopus.com/pages/publications/105030946509?origin=resultslist,"The idea of a living environment may sound abstract, but it becomes visible in the way people live day to day the quality of their housing, the work they do, their openness to modern practices, and the steady efforts they make to improve their standard of living. In this study, these aspects were examined through field research carried out in 23 villages situated in the peri-urban belt of Ahmedabad, India. Variables included dwelling type and density, fuels for domestic use, electricity, access to water, sanitation, transport, and household hygiene. To interpret the findings, the Drivera Pressurea Statea Impacta Response (DPSIR) framework was applied, which has been increasingly used in environmental and urban studies since 2020 (Benevolo & Romano, 2021; Rosado, 2024). The results show that urban growth and in-migration are major drivers, creating pressures on land, services, and infrastructure, which alter the state of settlements into congested, poorly serviced neighbourhoods. This produces impacts including waste build- up, ecological stress, and declining health, while responses from governance remain partial. These findings resonate with emerging work on peri-urban transformation and sustainable infrastructure in India (Kundu, 2021; UN-Habitat, 2022; World Bank, 2023; Singh & Sharma, 2024). © The Authors, published by EDP Sciences, 2025.",Scopus,SEARCH_021b
Environmental Determinants of Early Childhood Caries: A Narrative Synthesis of Observational Evidence and Implications for Global Policy,Foláyan M.O.; Schroth R.J.; Olatosi O.; El Tantawi M.,2025,10.3390/dj13110484,https://www.scopus.com/pages/publications/105023377000?origin=resultslist,"Early childhood caries (ECC) remains a significant global health challenge, disproportionately affecting marginalized populations. While traditional research emphasizes behavioral and biological risk factors, emerging evidence highlights the critical role of environmental determinants. This narrative synthesis aims to highlight the role of environmental determinants as a risk factor for ECC pathogenesis. Environmental toxins (e.g., lead, perfluoroalkyl acids, tobacco smoke, air pollution) disrupt enamel development, impair salivary function, and compromise immune responses, directly increasing caries susceptibility. Environmental degradation, including air pollution, reduces ultraviolet B radiation exposure, limiting endogenous vitamin D synthesis that is vital for enamel mineralization and immune regulation. These risks are compounded in low- and middle-income countries, where structural inequities, inadequate sanitation, and climate disruptions exacerbate ECC burdens. We introduce ecovitality—the resilience of ecosystems supporting human health—as a novel framework linking ecological vitality to oral health. Degraded environments limit access to fluoridated water and nutrient-dense foods while promoting sugary diets and endocrine disruptors. A One Health approach is advocated to address interconnected environmental, social, and biological determinants of the risk for ECC. Despite global reductions in tobacco use and lead exposure, the Global Burden of Disease 2021 analysis reports stagnation in ECC prevalence. This underscores the critical need for longitudinal and mechanistic studies to establish causality, quantify the contributions of environmental controls, and explore how mitigating these risks can reduce the global ECC burden. Such evidence may promote interdisciplinary action to align oral health promotion for children with the Sustainable Development Goals. © 2025 by the authors.",Scopus,SEARCH_021b
INTEGRATED WATER RESOURCE MANAGEMENT IN ACHIEVING SDG 6: A COMPARATIVE STUDY,Iraguha L.; Ofuyatan O.; Olukanni D.O.,2025,10.14455/ISEC.2025.12(1).WRE-03,https://www.scopus.com/pages/publications/105026764597?origin=resultslist,"Achieving global access to clean water is a worldwide challenge; most regions in developing countries have not met the sustainable development goal 6. This paper reviews how integrated water resources management strategies in Rwanda and Nigeria help to reach the target of SDG 6: Clean Water and Sanitation. This review systematically assessed recently published research papers, government reports, case studies across countries, and UN SDGs progress reports. Results show that while Nigeria currently faces more problems in policy execution, stakeholder involvement, and governance than Rwanda, there is significant potential for improvement. At the end of this comparative study, suggestions were made for success: stakeholders' holistic involvement, including the people themselves, sectors' cooperation, consistent funding to water resources management agencies and projects, and reduced institutional overlapping in responsibilities. These recommendations emphasize a robust governance framework and community-centered solutions for water-related challenges. Learning from both countries, this study gives insight that can be used with other countries to speed up the progress toward universal access to clean water and sanitation and broader sustainable development goals. © 2025 ISEC Press.",Scopus,SEARCH_021b
Farmers’ Climate Change Adaptation Strategies and the Role of Environmental Awareness and Education: A Review in Africa,Ahmed M.N.Q.; Givens J.E.,2025,10.1007/978-3-031-84081-4_9,https://www.scopus.com/pages/publications/105023342682?origin=resultslist,"Climate change is a global challenge. Even though climate change affects all countries, less-developed countries and poor peasant farmers are especially at risk and have difficulty adapting. Less-developed nations are home to an estimated 500 million small-scale farms, who provide sustenance for approximately two billion people. In addition, it is estimated that these small farms produce nearly 80 per cent of the food consumed in Asia and Sub-Saharan Africa. Existing literature finds Africa is particularly susceptible to the effects of climate fluctuation and change, including rising sea levels, melting glaciers, threatened water supplies, leading to decreased agricultural output, increasing food insecurity, diminished biodiversity, intensifying erosion, drought, and flood. In Africa, smallholder farmers depend on agriculture, which relies on timely rainfall, and thus they increasingly experience the consequences of climate change. This chapter reviews the literature on smallholder farmers in Africa and climate change, focusing on their perceptions of climate change and their adaptation techniques. We also explore how various factors affect smallholder farmers’ perceptions of climate change and their adaptation strategies. Finally, we discuss the need to improve awareness and adaptation capacity. Although farmers in various African countries perceive climate change differently, the literature review reveals that they have some views in common. Most farmers observe changes in temperature and rainfall patterns in their area. They also report experiencing increasing floods and droughts and decreasing crop production. Diversification of crops, changing crops, planting drought-resistant crops, incorporating livestock into crop production, shifting the time of agricultural operations, homestead gardening, increasing irrigation, engaging in mixed farming, and migration are common adaptation strategies reported in African countries. We found various household-related factors (gender, age, education, marital status, family size, etc.), farm-related factors (farming experience, size of the farm, etc.), institutional factors (access to information, extension contact, etc.), as well as other factors (participation in a social group, training, etc.) are affecting local level adaptation strategies among farmers. We contend that farmers are the “front-liners” in adapting to climate change, and government agencies and other national and international organizations should continue their efforts to support them. Moreover, to contribute to the progress of the United Nations Sustainable Development Goals, farmers’ insights and experiences should be integrated in the dominant policies and plans, including coordination of education about climate change and adaptation strategies. Furthermore, we also advocate for emphasizing improving environmental awareness through environmental education particularly in this region to achieve effective adaptation. © 2025 The Editor(s) (if applicable) and The Author(s).",Scopus,SEARCH_021b
Assessing water consumption in Indian thermal power plants and parametric strategy for optimal usage: An explanatory approach using machine learning algorithms,Das S.S.; Majumdar R.; Krishnan A.V.; Srikanth R.,2025,10.1016/B978-0-443-26749-9.00018-1,https://www.scopus.com/pages/publications/105019729049?origin=resultslist,"The reliability of water supply resources is of utmost importance for the electricity sector, particularly for the cooling requirements in Steam Rankine Cycle (SRC)-based thermo-electric power plants. The study investigates the influence of specific power plant parameters, such as Cycles of Concentration (CoC) and Plant Load Factor (PLF), and meteorological conditions (such as temperature, humidity, and wind speed) on the specific water consumption (SWC) of Indian thermal power stations using Machine Learning (ML) based Decision Tree Algorithms. While regulations exist to reduce water consumption, the study highlights the underexplored potential of improving these power plant parameters, which are crucial for water use curtailment. By leveraging data-driven decision-making, the study identifies the order of importance for the significant variables that influence SWC in thermal power plants and highlights the necessity of optimizing these variables. The study concludes that an optimal operational range can be established by effectively controlling CoC and PLF, considering the local meteorological parameters, that yields minimal water consumption for power plant operations. The results derived from the Machine Learning algorithms possess intuitive validity, as confirmed by descriptive analysis and insights from domain experts, as well as previously published scholarly articles. This study is a testament to the practical effectiveness of machine learning tools in addressing socially important sustainability issues. © 2025 Elsevier Inc. All rights reserved.",Scopus,SEARCH_021b
"Assessment of the quality and availability of groundwater for domestic purposes in Likupang National Tourism Strategic Area (KSPN), Indonesia",Tansil A.P.; Wilopo W.; Abdurrachman F.,2025,10.1088/1755-1315/1517/1/012019,https://www.scopus.com/pages/publications/105012247073?origin=resultslist,"East Likupang, as one of the regions developing the national tourism area in Indonesia, must fulfill adequate tourism aspects, especially in terms of clean water needs, both for tourism needs and for domestic purposes (hygiene and sanitation) for residents in the tourism area. The research collected 20 samples at two spring points and 18 groundwater wells spread throughout East Likupang District. Measurements of groundwater depth and analysis using ArcGIS were carried out to see the direction of groundwater flow, which was then linked to regional hydrogeological conditions to assess the availability of groundwater at the research location. In addition, groundwater samples were assessed by the Indonesia Minister of Health Regulation No. 2 of 2023 on Implementing Regulations of Government Regulation No. 66 of 2014 on Environmental Health and analyzed with the main physicochemical parameters, such as e-Coli, total coliform, TDS, turbidity, pH, nitrite (NO2-), chromium (Cr6+), iron (Fe) and manganese (Mn). Laboratory test results show that most water samples at all spring and groundwater well sampling locations are not suitable for use as a source of clean water. This can be seen from the results of microbiological parameter tests, which do not meet existing standards. However, if we only refer to physical and chemical parameters, most of these groundwater sources are still suitable for use as water sources for domestic needs. These results indicate that villages, the main locations for tourism development, still have water access and water quality sufficient to support domestic water needs and tourism purposes.  © Published under licence by IOP Publishing Ltd.",Scopus,SEARCH_021b
Safeguarding Public Health: Effective Management and Emerging Solutions for Foodborne Viral Diseases,Sarkar I.,2025,10.1201/9781003540113-13,https://www.scopus.com/pages/publications/105027008752?origin=resultslist,"Foodborne viral diseases, caused by pathogens such as norovirus, hepatitis A, and rotavirus, pose significant public health challenges globally. These viruses are primarily transmitted through contaminated food, water, and surfaces, leading to widespread outbreaks and considerable health burdens. The epidemiology of these viruses reveals high incidences of illness, with norovirus being the leading cause of viral gastroenteritis and hepatitis A contributing to liver inflammation, particularly in regions with poor sanitation. Contamination at the source, including raw seafood and produce, coupled with inadequate food handling and hygiene practices, exacerbates the risk of viral transmission. Public health measures, including outbreak management and surveillance systems, are crucial in controlling these infections. International guidelines from organizations such as the WHO, FAO, and Codex Alimentarius, along with national regulations and standards, provide a framework for ensuring food safety. Food safety authorities like the FDA and EFSA play pivotal roles in enforcing these guidelines and responding to outbreaks. Emerging and re-emerging viruses, driven by globalization and environmental factors, present ongoing challenges. Advances in diagnostics, such as point-of-care tests and CRISPR-based detection, promise a more rapid and accurate identification of viral pathogens. Similarly, vaccination efforts, especially for hepatitis A, contribute significantly to disease prevention. Looking forward, the future of foodborne viral disease management includes enhancing diagnostic technologies, expanding vaccine coverage, and improving global surveillance and coordination. Addressing research gaps and implementing effective public health strategies will be essential in reducing the incidence of these diseases. By focusing on these areas, we can better manage foodborne viral infections, ultimately protecting public health and reducing the global burden of these pervasive pathogens. © 2026 selection and editorial matter, Priya Sutaoney, Priyambada Singh, Durgesh Nandini Chauhan, Nagendra Singh Chauhan, and Kamal Shah; individual chapters, the contributors.",Scopus,SEARCH_021b
"Regional Disparities in Health, Physical, and Economic Parameters: A Decadal Analysis of North Bengal Districts",Sengupta P.; Chakrabarti A.,2025,10.1007/978-981-95-1865-4_6,https://www.scopus.com/pages/publications/105033170045?origin=resultslist,"This study tries to capture the trajectories of economic growth, inter-regional disparities, and socio-economic backwardness in terms of specific parameters in the districts of North Bengal over a decade. North Bengal has an advantageous location, which includes borders with Bangladesh, Nepal, and Bhutan, exhibiting considerable intra-regional disparities. The region has traditionally depended on tea, timber, and tourism, but is progressively shifting towards emerging sectors, including manufacturing, healthcare, and services. Public utilities such as clean drinking water and sanitation facilities are insufficient, especially in rural regions. Darjeeling, Jalpaiguri, and Cooch Behar perform comparatively better in terms of healthcare services, education, and basic needs parameters due to early investments and institutional development. However, the growth differential between southern districts and districts of the northern part of Bengal has remained pronounced. In contrast, North and South Dinajpur lag with basic amenities and human development metrics and continue to move upward on the development ladder. Malda remains industrially backwards, relying primarily on exports and agriculture, and having the best physical infrastructure compared to other districts of North Bengal. The primary concerns of the Northern region of West Bengal are the low literacy rate and a massive unskilled labour force. The overall composite index values of major socio-economic parameters and economic growth in all North Bengal districts reflect the backwardness of this region’s economy. These results showcase the need for region-specific inclusive policy interventions to address inequalities and promote balanced growth. © The Author(s), under exclusive license to Springer Nature Singapore Pte Ltd. 2025.",Scopus,SEARCH_021b
Groundwater Management and Governance in MENA Region,Dawoud M.A.,2025,10.1007/978-3-031-79122-2_3,https://www.scopus.com/pages/publications/85217982530?origin=resultslist,"The Middle East and North Africa (MENA) region is an arid and hyper arid region with nineteen countries/states with annual renewable freshwater per capita below water scarcity threshold (1000 m3/year). Groundwater is a key resource in the MENA region for improving water supply and agriculture uses. Due to the scarcity of renewable freshwater, increasing demand, and stress on surface water, nearly twelve states primarily depend on groundwater as a primary source of freshwater. Groundwater resources account for more than 80% of freshwater withdrawals in six states. There are 43 transboundary aquifer systems within the region. About 50% of the MENA region’s aquifer systems are non-renewable with over-abstraction which lead to sever drop in water table and deterioration in groundwater quality. In eight states, about 85% of agriculture irrigation water comes from groundwater compared to a global average of about 35% which also affects the food security. This is exacerbated by low water use productivity within the region with an average of about $0.25/m3 compared to $0.68/m3 globally. Groundwater valuation studies indicating that the economic value of groundwater is some states ranges between $0.52 and 0.85/m3. Economic valuation of groundwater supports planners and decision-makers in allocating and prioritizing available limited water resources in different developing sectors. Also, it will help in comparing between investing in groundwater protection with other environmental matters, and in balancing groundwater withdraw with conservation it for future generations. This chapter will assess how groundwater declining and deterioration due to increased demands, inefficient use and impacts of climate change should prompt MENA states to explore innovative and integrated governance frameworks to improve the management and ensure equitable access to strategic resources for both current and future generations. The groundwater importance for water security in the region should enhance the use of innovative technologies and dedicated funding towards integrated water resources management and heightened regional cooperation. Many countries in the region started to regulate groundwater resources with emphasis on allocation, well drilling, licensing, metering and sometimes pricing. However, the enforcement of these regulations is still weak. The depletion and quality deterioration of many aquifers are increasing the abstraction costs which affecting the social differentiation, as smaller farmers are pumped out and foreshadows a gradual collapse of the groundwater economy within the region. Few countries in the region still subside the groundwater abstraction which also affects the sustainability of this limited resource. © The Author(s), under exclusive license to Springer Nature Switzerland AG 2025.",Scopus,SEARCH_021b
Blockchain-enabled Water Supply Chain Management: A Decentralized Approach to Sustainability and Efficiency,Kousika N.; Ramani P.; Ramya V.; Akilandeeswari M.,2025,10.1002/9781394417803.ch2,https://www.scopus.com/pages/publications/105024746579?origin=resultslist,"This chapter explores how blockchain can transform water resource management, enabling an efficient decentralized solution to the global stream crisis. It highlights the role of blockchain in water distribution, sustainability and governance, along with the opportunities and challenges associated with its adoption. The integration of IoT and blockchain produces audit trails that make it easier to transparently gather and examine data that is decentralized and cannot be altered. The decentralized structure of blockchain makes it appropriate for locations without direct access to data centers. Water supply chain management is made more sustainable by ensuring equitable distribution, preventing waste and optimizing water logistics through the maintenance of an unchangeable record. IoT sensor and smart contract integration improves water distribution tracking in real time, automates regulatory compliance and guarantees fair water distribution. Additionally, the management of water rights is simplified, enabling equitable and legally verifiable transactions pertaining to the availability and use of water. © ISTE Ltd 2025. All rights reserved.",Scopus,SEARCH_021b
Sustainable Water Supply in Jaipur: Navigating Anthrospogenic Pressures for Geoheritage Conservation,Poonia A.; Poonia M.,2025,10.1007/978-981-96-3817-8_15,https://www.scopus.com/pages/publications/105033166115?origin=resultslist,"In the Anthropocene epoch, ensuring sustainable drinking water supply is paramount for both ecological resilience and human well-being. This study focuses on a heritage city of Jaipur, situated in the semi-arid western region of India, where groundwater plays a pivotal role in meeting water demands. Utilizing data from the Census of India 2011, Central Ground Water Board, and LANDSAT-ETM, the research highlights the critical importance of sustainable water management amid urbanization and shifting land use patterns. Analysis of observation wells data and Land Use Land Cover change identifies significant vulnerabilities in the central part of Jaipur district, particularly Jaipur city, underscoring challenges in maintaining sustainable water resources. The study further explores the urban–rural continuum through a comprehensive household survey, revealing disparities in drinking water access between urban and rural areas along this spectrum. The findings advocate for decentralized institutional frameworks and community-engaged monitoring to ensure equitable access, economic viability, and environmental sustainability in drinking water supply. By integrating local perspectives and data-driven approaches, this research contributes to understanding the human impacts on water resources in the context of geoheritage conservation and management. © The Author(s), under exclusive license to Springer Nature Singapore Pte Ltd. 2025.",Scopus,SEARCH_021b
The starvation in Gaza and implications on public health,Ashour Y.; Iriqat D.; Parra-López C.; Hassoun A.,2025,10.1186/s12982-025-01318-7,https://www.scopus.com/pages/publications/105026212770?origin=resultslist,"The famine in Gaza represents a case of deliberate and technologically enabled starvation resulting from sustained military actions that have destroyed food systems, obstructed aid, and targeted civilians seeking nourishment. Unlike natural disasters, this crisis demonstrates how digital and military technologies can be weaponized to enforce deprivation. Drawing on recent analyses of famine and mass starvation, including frameworks developed by the World Peace Foundation, this commentary conceptualizes Gaza’s famine as an instance of “engineered starvation,” in which artificial intelligence (AI), precision drones, and biometric surveillance are deployed to dismantle food, water, and energy systems. The resulting collapse has precipitated acute malnutrition, disease outbreaks, and long-term developmental harm, particularly among children and pregnant women. Beyond its immediate toll, this case signals a new paradigm in warfare—the algorithmic management of starvation—as a public health weapon. This analysis underscores the urgent need for global accountability mechanisms, protection of humanitarian infrastructure, regulation of military technologies in conflict zones, and the coordinated rebuilding of essential systems to prevent the normalization of famine as an instrument of war. © The Author(s) 2025.",Scopus,SEARCH_021b
Resilient communities: Navigating public health challenges in developing nations,Saleh J.-E.A.,2025,10.2174/97898153056091250101,https://www.scopus.com/pages/publications/105004870647?origin=resultslist,"Resilient Communities: Navigating Public Health Challenges in Developing Nations explores how communities in resource-limited settings can overcome health inequities through resilience, innovation, and collective action. It examines key public health challenges, including communicable and non-communicable diseases, maternal and child health, healthcare access, and water, sanitation, and hygiene (WASH). The book also highlights participatory approaches, disaster preparedness, gender equity, and the role of technology in transforming healthcare delivery. Through real-world case studies, it showcases successful community-driven initiatives and offers practical strategies for strengthening health systems, governance, and leadership. Key Features: - Analyzes public health challenges in developing nations. - Emphasizes community resilience and engagement. - Covers disease prevention, healthcare access, and digital health innovations. - Features case studies and evidence-based strategies. - Advocates for gender equity, sustainable development, and strong health governance. © 2025, Bentham Books imprint. All rights reserved.",Scopus,SEARCH_021b
Parallel Paths: Overseeing Two Pipeline Rehabilitation Projects in Southern California,Toombs G.J.; Clemens K.,2025,10.1061/9780784486375.070,https://www.scopus.com/pages/publications/105014346468?origin=resultslist,"The Sepulveda Feeder pipeline is an integral part of the Metropolitan Water District of Southern California's (Metropolitan) Regional Water Distribution System. The 8-ft diameter pipeline extends approximately 42 mi from Granada Hills to the South Bay and supplies treated water to the City of Los Angeles, Santa Monica, Torrance, and the West Basin Municipal Water District's service areas. Metropolitan initially inspected the Sepulveda Feeder and assessed that the pipeline required rehabilitation at three locations. During the project, it was discovered that urgent rehabilitation was required on another pipeline in Metropolitan's distribution system in Orange County. Metropolitan determined that the sections of pipe required a standalone, fully structural internal rehabilitation. As a result, the utilization of Carbon Fiber Reinforced Polymer (CFRP) was found to be the most efficient in terms of cost, access, street-side disruption, and environmental impacts. This concurrent work was performed by a 20-person crew. Rehabilitation of this critical infrastructure will extend the service life of these pipe segments at least 50 years, per the American Water Works Association C305 Standard.  © ASCE.",Scopus,SEARCH_021b
Application of Nano-based Solutions for Water and Wastewater Management Through Science and Technological Innovations for Sustainable Environmental and Economic Growth,Bhattacharya S.; Sachdev B.K.; Seth A.,2025,10.1007/978-3-031-82794-5_22,https://www.scopus.com/pages/publications/105009472937?origin=resultslist,"Sustainable water and wastewater management might be a step closer with the help of nano-based technologies. Efficient monitoring and treatment options offered by nano-based systems offer a game-changing way to manage water and wastewater in a sustainable manner. To ensure that future generations have access to clean drinking water, it is essential to tackle current obstacles and encourage the ethical application of nanotechnology so that we may fully utilize its potential. Transparency, accuracy, and privacy protection must be ensured by legal frameworks that adapt to the usage of modern technologies. The use of nanosensors in the continuous monitoring of water quality is crucial. These sensors can identify pollutants at incredibly low concentrations because of their great sensitivity and selectivity. Examples of such membranes include carbon nanotube and graphene oxide membranes. Efficient removal of contaminants and recovery of resources are two examples of the improved treatment possibilities offered by nanomaterials. Nanomaterials provide unique legal issues in water treatment due to concerns over regulation, liability, and approval. In order to weigh the pros and cons of nano-based treatment approaches, laws should require thorough environmental impact evaluations. To guarantee the secure implementation of these technologies, further laws could be required. If there are any negative side effects from using nanosolutions to treat water and wastewater, the legal frameworks should spell out who is responsible. To deal with unanticipated outcomes, accountability mechanisms need to be set up. Ethical questions about the potential effects on human health, the environment, and society and the economy may arise in relation to water technologies based on nanotechnology. Responsible innovation and use can only be fostered if there are legal safeguards in place to deal with ethical concerns. Cooperation between nations is crucial in addressing water-related issues since they affect the entire world. In order to promote cooperation on nanosolutions, legal frameworks and agreements need to be in place to safeguard national rules while also promoting the exchange of information. Responsible and sustainable practices need addressing the legal problems that come with integrating nanotechnologies into water and wastewater management. Innovation can only flourish in an atmosphere where people’s health, the environment, and shared values are protected by dynamic regulatory frameworks. This review delves into the various ways nanotechnology is being used in water management, from monitoring to treatment. It also gives a quick rundown of the policy surrounding the use of nanosolutions for sustainable water and wastewater management, particularly in monitoring and treatment. © The Author(s), under exclusive license to Springer Nature Switzerland AG 2025.",Scopus,SEARCH_021b
"User Perception and Behaviour Towards the Sustainability of Shared Sanitation Facilities in Poorer Peri-Urban Area (Case Study: Ciwalengke, Majalaya District)",Salimah H.; Nastiti A.; Roosmini D.,2025,10.1088/1755-1315/1448/1/012015,https://www.scopus.com/pages/publications/105002047908?origin=resultslist,"Access to safe sanitation is crucial for public health and sustainable development. The WHO/UNICEF Joint Monitoring Programme recognizes the role of shared sanitation in achieving Sustainable Development Goal 6b. Shared sanitation facilities provide a practical solution in densely populated poorer areas and offer a cost-effective alternative to private facilities. However, their functional sustainability is often compromised by inadequate operation and maintenance. This study aims to identify psychosocial factors influencing the maintenance of shared sanitation facilities, focusing on a case study in Ciwalengke, Majalaya by employing the RANAS and IBM-WASH frameworks. The questionnaire components include behavioural, risk, attitude, norms, ability, self-regulation, contextual, psychosocial, and technology, which were reduced from several items within each variable using Principal Component Analysis (PCA). These components were used as predictor variables and analysed using multi-linear regression with the outcome variable as behaviour, resulting in an R2 value of 0.395 at p<0.01. Further analysis reveals that risks, attitude, and self-regulation components are significant predictors of behavioural outcomes. The sustainability analysis, based on questionnaire responses, indicates that sanitation facilities in the area are somewhat sustainable. These findings demonstrate that users' perceptions and behaviours provide valuable insights into assessing and enhancing the sustainability of shared sanitation facilities. © 2025 Institute of Physics Publishing. All rights reserved.",Scopus,SEARCH_021b
Mapping European innovation and policy landscapes using deep learning: Technologies for sustainable wastewater management,Narang G.; Galdelli A.; Sospiro P.; Govindarajan U.H.; Mancini A.,2025,10.1016/B978-0-443-26779-6.00013-9,https://www.scopus.com/pages/publications/105026956253?origin=resultslist,"Sustainable Development Goals (SDGs), established by the United Nations in 2015, chart a global course toward sustainability, with Goal 6 specifically targeting the optimization of water resources to ensure widespread access to clean water and sanitation. The objective of this SDG mandates innovative approaches to managing wastewater, which is a critical component for the preservation of public health and our environment. Recent advancements across the technological landscape, including the Internet of Things (IoT), Computer Vision, and Artificial Intelligence (AI), have ushered in a new era for wastewater management, offering unprecedented capabilities in monitoring, data collection, and analysis at scale. These technologies have the potential to revolutionize traditional practices, enhance process efficiency, and play a crucial role in achieving SDG 6. This chapter explores the evolution of wastewater management strategies within the context of the regulation framework of the European Union. The methodology employs a comprehensive analysis and empirical review of 5550 patent grants collected from the years 2016-23 using KeyBERT and topic modeling to identify and categorize relevant patents. We then assess the alignment of these patents with the Urban Wastewater Treatment Directive of 2014 using cosine similarity metrics to evaluate the contextual relevance and technological alignment between them and select the most relevant patents. The analysis reveals an interest in digital innovations, as evidenced by the surge in patent grants in wastewater management. However, there is a gap between the potential of these theoretical advancements and their real-world implementation since only 68 patents show a high similarity rating with the policy document. Even in those cases, there is a weak similarity between the patents and the policy document, with most patents from outside European regions. This gap signifies not just a technological challenge but also highlights areas requiring European policy intervention, cross-sector collaboration, and knowledge sharing to bridge the divide between innovation and application. The proposed framework in the chapter will serve as a template for stakeholders in the industry to better align innovations to the needs proposed by experts in the government and to better draft streamlined policies. © 2026 Elsevier Inc. All rights reserved..",Scopus,SEARCH_021b
Exploring Climate Change Vulnerability of Nature-Based Destinations: A Systematic Review of Literature,Kwinje C.; Mutizira P.; Baipai R.,2025,10.1007/978-3-031-87337-9_6,https://www.scopus.com/pages/publications/105007609695?origin=resultslist,"Climate change poses severe impacts on Southern Africa’s nature-based destinations. Nature-based destinations are critical for biodiversity protection, cultural heritage preservation, and livelihoods in the local community. The purpose of this chapter is to explore the literature on the climate change vulnerability of nature-based destinations in Southern Africa. Using a qualitative methodology through desk research or document research, a sample of 46 journal papers from Scopus were reviewed. The results illustrate the complex effects of climate change on Southern African nature-based tourism, showing climate vulnerabilities in several areas in nature-based tourism destinations. Traditional seasons have become unstable due to changing weather patterns, which has decreased the attraction and accessibility of popular nature-based destinations in Southern Africa. This is especially the case during droughts and other harsh weather events that reduce the visibility of wildlife and tourism infrastructure. Because fewer people visit these destinations and livelihoods are disturbed, communities that depend on tourism lose money and experience increased poverty. Also, biodiversity is threatened, which impacts the iconic species and habitat integrity essential for wildlife tourism. Rising sea levels and coral bleaching further jeopardise coastal areas popular for nature activities like fishing, sea diving, and whitewater rafting. On the other hand, health risks from water scarcity and sanitation challenges pose additional deterrents to tourism. However, adaptive measures, such as sustainable water management, energy-efficient technologies, and eco-friendly practises in the tourism sector, are being implemented to mitigate these effects and enhance climate resilience. The findings highlight the need for a collaborative approach to climate change adaptation and sustainable development in nature-based destinations. It is recommended that government agencies enhance their institutional capacity, improve access to climate information, invest in climate-resilient infrastructure and engage and empower local communities. These actions may help respond more effectively to climate challenges and promote the sustainable development of nature-based destinations. © The Author(s), under exclusive license to Springer Nature Switzerland AG 2025.",Scopus,SEARCH_021b
Agricultural Water Security: A Global Perspective,Haj-Amor Z.,2025,10.1201/9781003660521,https://www.scopus.com/pages/publications/105023360557?origin=resultslist,"Agricultural Water Security: A Global Perspective offers a comprehensive exploration of the challenges and solutions surrounding sustainable water use in agriculture. Bridging the gaps between water availability, demand, and governance, this book examines the intricate connections between agricultural production, food security, and socioeconomic factors influencing water management decisions. Through global case studies and cutting-edge research, it presents strategies for balancing water supply and demand, improving water-use efficiency, and adapting to climate change and population growth. An indispensable resource for students, researchers, policymakers, and professionals in water and agricultural sciences, this book provides the insights needed to tackle the pressing issue of agricultural water security in an era of increasing water stress. Explores the physical, economic, and policy dimensions of agricultural water security, integrating global case studies and the latest research. Presents solutions for balancing water supply and demand, enhancing water-use efficiency, and adapting to climate change and population growth. Examines agricultural water security at farm, regional, national, and global levels, emphasizing integrated and sustainable management approaches. © 2026 Zied Haj-Amor. All rights reserved.",Scopus,SEARCH_021b
Enhancing waste management systems in Canada: Integration of geographic information system and remote sensing approaches,Karimi N.; Richter A.; Wai Ng K.T.,2025,10.4324/9781003534129_23,https://www.scopus.com/pages/publications/105005676829?origin=resultslist,"Solid waste management in Canada faces growing challenges due to urbanization and population growth. Traditional methods are insufficient to handle the increasing waste volumes and associated environmental impacts. This chapter explores the integration of geographical information system (GIS) techniques and remote sensing (RS) indices to enhance waste management systems in Canada, focusing on optimizing landfill siting, monitoring environmental impacts, identifying fugitive gas hotspots, and improving accessibility to waste disposal services. Canadian case studies, mostly in prairie lands, demonstrate the application of these technologies for landfill site suitability and expansion, considering various environmental and human factors. The chapter also discusses using RS indices, like land surface temperature and vegetation indices, to monitor landfill impacts and identify environmental stressors. Additionally, the chapter presents methods for regionalizing waste management systems using GIS network analysis and satellite imagery, ensuring better coverage and accessibility, especially in remote areas. Challenges to adopting these technologies, including costs, complexity, and institutional barriers, are addressed, with strategies suggested for overcoming them. Finally, the critical role of GIS and RS in transforming waste management practices in Canada, offering a data-driven approach to improve sustainability and efficiency is highlighted. © 2025 selection and editorial matter, Anderson Assuah and Kelvin Tsun Wai Ng; individual chapters, the contributors.",Scopus,SEARCH_021b
Mapping Climate-Induced Risks in Maharashtra’s Rural Water Supply,Mandal S.; Vaishnavi P.N.A.; Vharkat B.; Ghodke A.; Kabir Y.,2025,10.4324/9781003600404-3,https://www.scopus.com/pages/publications/105012325745?origin=resultslist,"The state of Maharashtra is prone to several climate hazards, including cyclones, landslides, droughts and floods. These natural hazards have serious implications for the performance of rural water supply systems through their adverse impacts on the quantity and quality of source water, the water supply infrastructure, and community's ability to access water supply sources. They affect the functioning of water supply schemes through the damage they cause to power supply systems. The composite index developed for assessing climate-induced water supply risk is used for assessing the risk in water supply induced by water-related climate hazards. The chapter first discusses the climate hazards in the state. It then systematically presents the data on various natural, physical, socioeconomic, and institutional and policy factors influencing climate risk in rural water supply for the state at the district level. It then presents the results of computation of climate risk at the district level and identify the districts that are highly prone to risks and then do a diagnosis to identify the factors that are actually contributing to the risks in those districts. © 2025 selection and editorial matter, M. Dinesh Kumar and Yusuf Kabir; individual chapters, the contributors.",Scopus,SEARCH_021b
Innovations and efficiency in wastewater treatment using artificial intelligence,Ortiz J.A.; Zamudio-García V.M.,2025,10.4018/979-8-3693-8074-1.ch010,https://www.scopus.com/pages/publications/86000195995?origin=resultslist,"This document explores the application of artificial intelligence (AI) in optimizing wastewater treatment processes, focusing on key areas such as chemical dosing, aeration control, and sedimentation. The integration of advanced AI techniques, including neural networks, genetic algorithms, and optimization methods like Particle Swarm Optimization (PSO) and Bayesian Optimization, has significantly enhanced the efficiency and reliability of these processes. Through the implementation of machine learning models and real- time control systems, AI has enabled more precise adjustments, leading to reduced operational costs, improved resource management, and better compliance with environmental regulations. The study also highlights the potential for AI- driven innovations to further enhance sustainability in wastewater management, presenting opportunities for future research to expand on these advancements and address emerging challenges in the sector. © 2025, IGI Global Scientific Publishing. All rights reserved.",Scopus,SEARCH_021b
BOP entrepreneurship and environmental sustainability,Bhogal N.; Hamann R.,2025,10.4337/9781802202144_11,https://www.scopus.com/pages/publications/105033311386?origin=resultslist,"In this chapter we explore the dual potential of base of the pyramid (BOP) entrepreneurship to impact the environment positively and negatively, emphasising the need for further research in this area. We highlight the intersection of BOP and environmental entrepreneurship, noting the challenges faced by entrepreneurs in BOP contexts, such as limited consumer purchasing power, infrastructure, and institutional voids, which can influence environmental practices. We review case studies demonstrating innovative responses to these challenges, in the energy, water and sanitation, agricultural, and waste management sectors. We identify key themes, including the role of tensions between economic and environmental objectives, the importance of social inclusion, and the embeddedness of entrepreneurs in local contexts. This chapter also calls for more research on the connections between BOP environmental entrepreneurship and informality, suggesting that brokers can play a crucial role in linking informal actors with formal markets while avoiding exploitative practices. © 2026 Miguel Rivera-Santos and Carlos Rufin.",Scopus,SEARCH_021b
GROUNDWATER RESOURCES AND SUSTAINABLE MANAGEMENT,Zyder V.; Ameir O.; Mošová D.; Hubáček J.; Hrouda M.,2025,10.5593/sgem2025/1.1/s02.15,https://www.scopus.com/pages/publications/105025597128?origin=resultslist,"Groundwater represents a vital yet often overlooked source of freshwater, essential for public water supply, agriculture, industry, and maintaining ecosystem functions. In the context of accelerating climate change, overexploitation, and water quality degradation, the sustainable management of groundwater resources is becoming increasingly important. The aim of this study is to analyze current approaches to groundwater governance based on case studies from California, Orange County, the Netherlands, and India, and to propose context-specific solutions applicable to the conditions of the Czech Republic. The research is based on a systematic literature review, comparative analysis of legislative frameworks and technical measures (e.g., Managed Aquifer Recharge, Aquifer Thermal Energy Storage), and evaluation of user participation and institutional capacities. The results demonstrate that effective groundwater management requires a combination of regional planning, technological innovation, and behavioral instruments, supported by robust monitoring systems and transparent data access. Drawing from international best practices, the study proposes a set of integrated measures for the Czech Republic, including the implementation of regional groundwater sustainability plans, support for aquifer recharge projects, deployment of ATES systems in urban areas, participatory water governance at the municipal level, and the digitalization of data management. This comprehensive approach contributes to water security, ecological resilience, and long-term adaptation to climate-related challenges. © 2025 International Multidisciplinary Scientific Geoconference. All rights reserved.",Scopus,SEARCH_021b
Unlocking the Power of Wastewater Data: Metro Water Recovery’s Data Management Journey,Goldman J.E.; Rubino R.; Clark G.; Hlad J.; Rauch-Williams T.,2025,,https://www.scopus.com/pages/publications/105033362052?origin=resultslist,"As wastewater utilities increasingly turn to data to drive operational efficiency and informed decision-making, robust data governance becomes critical. At Metro Water Recovery in Denver, Colorado, the Data Analytics Group (DAG) has advanced efforts to improve data quality, emphasizing transparency, change management, and calculation management. Key initiatives include workflows for managing fundamental data corrections, tools to map dependencies across complex calculations, and the historization of calculated values in platforms like PI. Looking ahead, the DAG will work alongside IT to integrate these practices into structured frameworks - such as the Medallion Architecture -and establish organizational-wide governance policies, transforming raw data into trusted, business-ready assets. Challenges remain in automating metadata documentation and expanding user access to calculation methodologies. However, Metro’s experience reinforces broader industry lessons: that proactive governance, stakeholder engagement, and transparency are essential to building a resilient, data-driven culture. With continued progress, wastewater utilities can unlock the full potential of their data—supporting compliance, optimizing operations, and enabling long-term innovation. Copyright ©2025 Water Environment Federation.",Scopus,SEARCH_021b
Addressing inequities through localised interventions: lessons from a network governance initiative for sanitation in India,Pillai S.,2025,10.1080/09614524.2025.2562481,https://www.scopus.com/pages/publications/105018836774?origin=resultslist,"This practice note examines a network governance initiative called CANALPY in Alappuzha, Kerala, India which aimed to address sanitation inequities through localised governance, by leveraging academic collaboration and stakeholder engagement. Unlike solid waste management, liquid waste management remained a neglected issue in Alappuzha, with the lack of sanitation facilities disproportionately affecting marginalised communities. Through a case study approach, this note critically examines two activities under the CANALPY initiative–Formation of Canal Shed Committees and Decentralised Wastewater Treatment Systems. Through an analysis of these interventions, the study demonstrates the successes and challenges of embedding social justice in urban sanitation through network governance. Although early successes fostered community ownership and improved sanitation, long-term sustainability is hindered by political and institutional barriers. These findings show the need for equitable inclusion to be complemented with localised capacity building and robust institutional support, for sustaining projects aimed at addressing systemic inequities. © 2025 Informa UK Limited, trading as Taylor & Francis Group.",Scopus,SEARCH_021b
Energy Management Strategy for a Wastewater Treatment Plant to Achieve High Proportion of On-Site Distributed Photovoltaic Power Consumption,Sun Y.; Li Z.; Zhou X.; Guo M.; Liu J.; Yan J.,2025,10.1109/IESES66335.2025.11359868,https://www.scopus.com/pages/publications/105033527901?origin=resultslist,"In recent years, integrating distributed photovoltaic (PV) systems into industrial facilities has become an effective way to reduce carbon emissions and enhance energy sustainability. However, the inherent intermittency and variability of solar power generation pose challenges to its stable and efficient utilization. This paper proposes an innovative energy management strategy tailored for wastewater treatment plants (WWTPs), aiming to achieve near-total self-consumption of on-site PV power generation. The strategy, while meeting the wastewater treatment requirements of the facility, coordinates the regulation of the storage capacity of the facility's water storage infrastructure and dynamically adjusts the operational schedules of energy-consuming processes to respond in real-time to fluctuations in PV output. To evaluate the operational benefits of this system, a comprehensive simulation model based on an actual wastewater treatment plant was constructed, and scheduling simulation test over 720 hours was conducted based on actual water inflow and PV generation data. The results indicate that the proposed strategy achieves a PV self-consumption rate of 99.9% while ensuring wastewater treatment efficiency and operational reliability. This study provides a promising solution for industrial facilities to effectively integrate renewable energy through flexible operational strategies. © 2025 IEEE.",Scopus,SEARCH_021b
Impact of SDG 6 clean water and sanitation and spanish water regulations on the sustainability reports of public water companies,Alonso-Morales N.; Gil-Garcia P.; del Carmen Caba-Pérez M.; González M.G.,2025,10.4018/979-8-3373-1792-2.ch006,https://www.scopus.com/pages/publications/105013444479?origin=resultslist,"Spain adopted the 2030 Agenda for Sustainable Development in 2015, making SDG 6-Clean Water and Sanitation-a national priority. Key regulations, such as Law 7/2021 on Climate Change and Royal Decree 3/2023 on water quality, strengthened water management and environmental resilience. Public water companies were required to adapt strategies, promoting clear sustainability reporting, thus fostering greater accountability and stakeholder trust. This chapter analyzes the presence and evolution of SDG 6-related information in the Sustainability Reports of public water companies in Spain. It explores how recent regulations have influenced reporting practices, and whether they have led to more comprehensive and aligned disclosures with national and international sustainability standards. The comparative analysis reveals modest improvements in the disclosure of sustainability initiatives. Although explicit references to SDG 6 and integration with other goals increased, significant gaps remain in standardized reporting, financial transparency, and full coverage of the integrated water cycle. © 2026, IGI Global Scientific Publishing. All rights reserved.",Scopus,SEARCH_021b
Urban development and secondary cities in Ghana: The case of Sunyani,Baah Inkoom D.K.; Owusu G.,2025,10.4324/9781003511137-3,https://www.scopus.com/pages/publications/105002831410?origin=resultslist,"The chapter discusses the dynamics of urban development and secondary cities in Ghana, with emphasis on Sunyani, a notable secondary city. The chapter shows that Sunyani's role as the district capital in the 1900s, coupled with the provision of transportation, health, educational and commercial services and infrastructure resulted in its growth as a secondary city. Decentralisation policy in Ghana has had mixed results: whilst it has promoted widespread participation, including by individuals and informal actors, in governance and service delivery and ensured the growth of secondary cities and other towns, it has failed to adequately ensure equitable distribution of resources and infrastructure. City authorities have largely failed to meet the increasing needs of their growing populations, resulting in the emergence of hybrid forms of provision, in which private, informal sector actors complement the efforts of formal sector agencies to meet water, sanitation, health and housing needs. The chapter also reveals how different actors influence the processes of urban growth. Based on its findings, several policy and planning recommendations are proffered. The chapter concludes that actors must fully realise secondary cities’ potential as catalysts for sustainable development and progress by addressing infrastructure deficiencies, encouraging inclusive growth and improving governance processes. © 2025 selection and editorial matter, Christian Rosen and Nina Gribat; individual chapters, the contributors.",Scopus,SEARCH_021b
Nanotechnology in Advanced Oxidation Processes for Water Remediation,Maji P.; Pal D.,2025,10.1007/978-3-031-82794-5_10,https://www.scopus.com/pages/publications/105008722515?origin=resultslist,"Increase in population and climate change are predicted to cause a significant increase in problems regarding water. In the near future, maintaining water quality will be the primary focus. Rather, regulations governing wastewater remediation and reuse will become more stringent due to scarcity or contamination of water. Furthermore, in order to take into consideration the new contaminants that have been found in groundwater, the quality of drinking water requirements need to be raised. Only with the development of new, more advanced, and environmentally sustainable water remediation technologies will these goals be achieved. Conventional wastewater remediation involves either physical, chemical, biological, or, in certain situations, a combination of these techniques. The contaminants, especially organic materials, cannot be completely removed by the wastewater remediation processes currently in use. Further treatment is required because these chemical compounds frequently exhibit resistance to conventional treatment techniques. In recent decades, advanced oxidation processes (AOPs) have drawn a lot of attention from researchers because of the increasing amount of more harmful pollutants in water sources. Advanced oxidation processes (AOPs), which are chemical oxidation techniques, employ strong transient species such as hydroxyl and sulfate radicals. Energy sources like solar, electrical, or acoustic energy, as well as basic chemicals like ozone, H2O2, etc., can create these species from water with or without the aid of a suitable catalyst. The current state of research on advanced oxidation processes (AOPs) is being enhanced by nanomaterials. An overview of nanoparticles and nanocatalysts for the treatment of wastewater is given at the beginning of this chapter. The most significant AOPs are then discussed, including the removal of water contaminants via ozone, UV/H2O2, Fenton processes, persulfate, chlorine and NH2Cl-based processes and heterogeneous photocatalytic processes. These processes underpin the benefits of AOPs over more conventional methods for treating contaminated water. A detailed discussion of how nanomaterials are now coupled to some of these AOPs are presented. The significance of the nanomaterials’ adsorbent/absorbent function in these processes is also explored, in addition to their active participation in the decomposition of water contaminants/pollutants through AOPs. The comprehensive advantages and disadvantages of each generating approach are also discussed with emphasis toward industrial applications. To summarize, this chapter provides an extensive overview of how various approaches give rise to varied types of radicals; in addition to the principles and mechanisms of production, the economic and environmental consequences of the various strategies are also explored. The key objective of this chapter is to provide easy access for academicians and researchers associated with the field of wastewater treatment using nanomaterials in combination with different AOPs and/or hybrid AOPs. © The Author(s), under exclusive license to Springer Nature Switzerland AG 2025.",Scopus,SEARCH_021b
Geospatial for Good: Empowering Citizens for Sustainable Urban and Rural Futures,Malick S.K.; Chavan V.; Ravan S.,2025,10.5194/isprs-annals-X-5-W2-2025-375-2025,https://www.scopus.com/pages/publications/105036386839?origin=resultslist,"Geospatial technologies are rapidly emerging as pivotal tools for advancing sustainable urban and rural development through citizen empowerment in India and worldwide. This study systematically reviews peer-reviewed and grey literature to examine their integration with global frameworks, such as the SDGs, Paris Agreement, and Sendai Framework, while aligning with Indian initiatives like NAPCC, Smart Cities, Digital India, SVAMITVA, AMRUT, and the National Geospatial Policy 2022, with emphasis on the citizen as a crucial feedback factor. Employing thematic mapping and comparative analysis between the Global North and South, we evaluate applications in urban planning, mobility, energy, resilience, and health, highlighting platforms like PPGIS, VGI, Bhuvan, and 'Know Your DIGIPIN' for participatory data collection and decision-making. Our analysis reveals regional disparities in India, with the southern zone leading in innovation (35% adoption) and the eastern region focussing on disaster management (15%), along with global successes in disaster relief, welfare targeting, and immunisation tracking. Quantitative impacts include India's geospatial market growth to ₹63,000 crores by 2025 and AMRUT 2.0's rapid water and sewerage coverage expansion in many major cities. However, persistent challenges include technical knowledge gaps in academia, insufficient institutional support for geospatial startups, and barriers like low digital literacy and language limitations that restrict broader participation. We recommend enhanced geospatial education, open data policies, vernacular interfaces, and inclusive citizen science frameworks to bridge these gaps, foster equitable participation, and realise geospatial intelligence's full potential for resilient, data-driven sustainability. © Author(s) 2025.",Scopus,SEARCH_021b
Existing Policies and Regulatory Measures for Management of Emerging Contaminants,Shyamala G.; Gobinath R.; Balle S.,2025,10.1201/9781032623801-3,https://www.scopus.com/pages/publications/105025078933?origin=resultslist,"Emerging contaminants (ECs) are pollutants of increasing concern due to their potential risks to environmental and human health. These include pharmaceuticals, endocrine disruptors, perfluoroalkyl substances (PFAS), microplastics, and nanomaterials, which persist in ecosystems and bioaccumulate over time. EC management faces regulatory fragmentation because partial coverage exists under international agreements, including the Stockholm Convention on Persistent Organic Pollutants (POPs) and the Rotterdam Convention on Prior Informed Consent (PIC). Risk assessments conducted by the US Environmental Protection Agency (EPA) and the European Chemicals Agency (ECHA), through national regulatory agencies, manage chemical substances, but they face persistent challenges in law enforcement and data retrieval. Successful management of ECs requires addressing regulatory gaps combined with analytical complication management, as well as the need for extensive ecotoxicological data to establish the required exposure thresholds. Modern wastewater facilities struggle to eliminate ECs effectively, requiring specialized remediation methods, including membrane filtration, oxidation processes, and bioremediation approaches. A full-scale policy framework must combine source reduction methods, green chemistry developments, and the monitoring of system improvements with public education programs. Environmental protection requires sustainable advancement through adaptive governance and international partnerships alongside the use of artificial intelligence monitoring systems that focus on reducing emerging substance risks. © 2026 selection and editorial matter, Ramsha Khan, Saurabh Shukla, Preeti Chaturvedi Bhargava, and Paolo Roccaro; individual chapters, the contributors.",Scopus,SEARCH_021b
Introduction to Gaza’s War: Unprecedented Toll on Life and Nature,Hassoun A.,2025,10.1007/978-3-031-88500-6_1,https://www.scopus.com/pages/publications/105008796600?origin=resultslist,"“War on Gaza: Consequences on Sustainability and Global Security” explores the impacts of the recent war (October 2023–January 2025) on Gaza, highlighting its disastrous effects on human life, the environment, and economic stability. The war has severely threatened sustainability and undermined progress toward achieving the Sustainable Development Goals. Poverty has deepened under the tight blockade, forcing people into destitution and dependency, while hunger has escalated due to famine and malnutrition. The collapse of healthcare has led to widespread disease and trauma, increasing casualties by overwhelming facilities and denying critical care. The destruction of schools and universities has resulted in educide, while gender inequality has heightened vulnerability and exploitation. Water shortages and contamination threaten sanitation, and energy blackouts make life unbearable, exacerbated by the weaponization of necessities, such as food, water, and medical supplies. Economic collapse and soaring unemployment have worsened conditions, while displacement and exclusion have increased suffering, particularly for women and children. Environmental destruction, including ecocide and pollution, intensifies the crisis as marine ecosystems suffer from overfishing and contamination, while land degradation accelerates due to habitat and biodiversity loss from bombardment and toxic munitions. The war, rooted in Israeli apartheid policies and genocidal practices, has fueled violence and lawlessness, further weakening governance and institutions. International cooperation remains hindered, leaving Gaza isolated and fragmented, making sustainable recovery increasingly challenging. Despite these immense challenges, the resilience of Gazans stands as a testament to their determination to resist and rebuild. The book underscores the urgent need for global intervention to address the humanitarian catastrophe, hold those responsible accountable for genocide and crimes against humanity, and pave the way for a sustainable and just future for Gaza and beyond. © The Author(s), under exclusive license to Springer Nature Switzerland AG 2025.",Scopus,SEARCH_021b
Navigating the Bio-Digital Revolution: AI's Role in Achieving Sustainable Development Goals,Aravinda K.; Rangaraju T.; Singla A.; Parmar A.; Ziara S.; Devisingh,2025,10.1109/INCIP64058.2025.11019665,https://www.scopus.com/pages/publications/105010187852?origin=resultslist,"Artificial intelligence (AI) and the fourth industrial revolution (IR) are gaining increasing significance in the Anthropocene epoch - characterized by a large-scale alteration of the Earth by humans, as a geological time period which could have started as recently as several dozen years ago. The anthropogenic alteration comprises habitat loss, global warming and the growing population. This study explores how the fourth industrial revolution (IR) and AI are likely to redefine human and environmental health in the context of the 'nascent bio-digital revolution' (NBD) focusing on machine-human interactions, and how humans are adapting to such technological innovation speculatively in altered urban and rural landscapes 2022-2030. This paper demonstrates the impact of AI enabled innovation on the Sustainable Development Goals (SDGs) across 22 countries, utilising system dynamics modelling, and Institutional Theory. The outcome of the study illustrates that in the near term over the next eight years, there may be more pressure on SDGs such as No Poverty, Zero Hunger, Good Health and Well-Being, Quality Education, Gender Equality, Clean Water and Sanitation, Affordable and Clean Energy, Decent Work and Economic Growth, Industry, Innovation & Infrastructure, Reduced Inequalities, Sustainable Cities and Communities, etc. compared with goals like Climate Action, Life Below Water, Life on Land, Peace, Justice and Strong Institutions, and Partnerships for the Goals.  © 2025 IEEE.",Scopus,SEARCH_021b
"ENVIRONMENTAL RESILIENCE PLANNING IN OVERLOOKED SMALL TOWNS: Examining Temporalities and Structural Challenges in Access to Water and Sanitation in Yilo Krobo Municipality, Ghana",Frimpong L.K.; Okyere S.A.; Mensah S.L.; Tumawu A.F.,2025,10.4324/9781003588801-20,https://www.scopus.com/pages/publications/105024147315?origin=resultslist,"Over 2 billion people worldwide lack access to water and sanitation, with small towns in the global south being the most severely affected. Systemic challenges in infrastructure governance and household poverty impede local progress toward the achievement of SDG 6. This chapter seeks to localize recent global calls for situational analysis to inform strategies to reduce access inequities and build resilience. Drawing on census and qualitative data, this chapter examines water and sanitation access trends in the Yilo Krobo Municipality of Ghana between 2000 and 2021. Results show slight improvements in water and sanitation access and a small reduction in the proportion of the population relying on polluted water sources. For small towns to transition toward resilient futures, the chapter submits that comprehensive and actionable environmental planning built on hybrid environmental governance through top/bottom-up strategies, private-public-people partnership, innovative financial management, and technical capacity for infrastructure management are essential. © 2026 selection and editorial matter, Seth Asare Okyere, Stephen Kofi Diko, Louis Kusi Frimpong, Matthew Abunyewah, and Stephen Leonard Mensah; individual chapters, the contributors .",Scopus,SEARCH_021b
Strengthening Health Systems: A Comparative Analysis of Pakistan and Canada through the WHO Building,Mahapara; Shoaib N.; Rizvi S.A.; Ali S.T.,2025,10.37184/lnjpc.2707-3521.7.53,https://www.scopus.com/pages/publications/105018861353?origin=resultslist,"The Health System Building Blocks framework guided the holistic approach that has been promoted by the World Health Organization to strengthen the health systems. The framework is composed of six fundamental components: the health workforce, access to essential medicines, information systems, leadership/governance, and financing. These components have been strengthened along with challenges and strategies for indicators like HIV, Nutrition, Child health, and sanitation in Canada, a high-income country compared with a lower-middle-income country such as Pakistan. This commentary identifies certain health system challenges and opportunities for betterment in each country by evaluating the indicators inside the WHO Health System Building Blocks framework that has a health workforce, service delivery, health information systems, access to essential medicines, leadership/governance, and financing. © 2025, Liaquat National Hospital and Medical College. All rights reserved.",Scopus,SEARCH_021b
"Water, sanitation, and hygiene inequities in high-income countries: an introduction and agenda",Underhill H.; Sylvester R.E.; Meehan K.,2025,10.2166/washdev.2025.001,https://www.scopus.com/pages/publications/105011029312?origin=resultslist,"In recent years, several research communities have turned their focus onto the matter of water, sanitation, and hygiene (WASH) services in high-income countries. Growing attention has shown that WASH problems in these settings are far more common than we often assume. The timing of this Special Issue reflects this renewed interest in ‘WASH in high-income countries’. Our agenda establishes the importance of this field in its own right and acknowledges how it is catalysing discourse on the inherited practices and ideological roots of global WASH. As a recent field of study, WASH in high-income countries sits at the confluence of several strands of transdisciplinary inquiry and praxis. In this introductory essay, we explore key terminology and trace the intellectual origins of this field. We then go on to present the 11 papers collected in this Special Issue. They demonstrate an array of approaches to uncovering and tackling WASH inequities, coming together to spark novel insights and provocations. Four common threads tie the papers together: issues of (1) (in)visibility, (2) (mis)trust, (3) power and control, and (4) the re-imagination of WASH practice. To conclude, we offer a series of provocations for researchers, with a view to implementing the changes called for in this collection. The mid-2020s are a time of critical juncture, as we hurtle towards Sustainable Development Goal 6, and normative concepts of ‘universal’ or ‘safely managed’ services are interrogated for underdelivering. Leaving no one behind requires confronting the power and politics at the heart of all global and local inequities, and WASH is no exception. © 2025 The Authors.",Scopus,SEARCH_021b
Smart Technologies for Smart Cities: Mobility,Aytaç Z.,2025,10.1201/9781998511419-2,https://www.scopus.com/pages/publications/105023769308?origin=resultslist,"A smart city (SC) is an urban area that utilizes technologies, like sensors or the Internet of Things, to collect, analyze, and utilize data to efficiently manage resources and assets. In smart cities, technologies collect data from individuals and devices to ensure the effective maintenance of water supply systems, transportation networks, waste management, educational institutions, libraries, hospitals, power plants, and other public areas. A SC ensures an intelligent economy, knowledgeable citizens, efficient governance, seamless mobility, a sustainable environment, and an enhanced quality of life. The primary focus of a SC is to offer environmentally friendly communication access to devices and users by harnessing natural energy sources. Effective communication fosters a genuine connection between the government and citizens while enhancing urban service delivery. A city achieves SC status when it establishes seamless connectivity through smart technologies. The objective is not only to enhance lives with intelligent features and amenities but also to enable effective communication between citizens and governing authorities. Citizens can provide feedback to the government through these channels. This chapter aims to present the smart technologies used for mobility in smart cities, including Information Communication Technologies and transportation, highlighting their critical role in urban advancement and development. © 2026 by Apple Academic Press, Inc.",Scopus,SEARCH_021b
Israel’s Systematic Weaponization of Water and Sanitation,Harik G.; Nemr Z.; Zurayk R.,2025,10.1007/978-3-031-88500-6_10,https://www.scopus.com/pages/publications/105008786365?origin=resultslist,"This chapter examines Israel’s systematic weaponization of water and sanitation in Gaza, illustrating how these essential resources have been transformed into tools of control and deprivation. Gaza’s water crisis, exacerbated by repeated conflicts and prolonged blockades, has left millions without access to clean water and adequate sanitation, severely undermining efforts to achieve Sustainable Development Goal 6 (SDG 6): Water and Sanitation for All. The destruction of critical infrastructure, including water treatment plants and desalination facilities, has resulted in widespread contamination, contributing to severe public health crises, environmental degradation, and economic instability. Waterborne diseases such as cholera and dysentery have surged, disproportionately affecting vulnerable populations, particularly children. The chapter explores the dire consequences of water scarcity on health, food security, and livelihoods while emphasizing the need for urgent international intervention to address the crisis. It highlights key factors influencing Gaza’s water crisis, including political blockade, military actions, and systemic neglect, which have collectively hindered sustainable development. Recommendations for recovery focus on rebuilding infrastructure, enhancing governance frameworks, and ensuring international accountability. The findings underscore the urgent necessity for a comprehensive, multifaceted approach to water management in Gaza to achieve sustainable resilience and long-term stability. © The Author(s), under exclusive license to Springer Nature Switzerland AG 2025.",Scopus,SEARCH_021b
Advances in the Treatment and Management of Metal Finishing Industry Wastes,Wang M.-H.S.; Shammas N.K.; Wang L.K.,2025,10.1201/9781003541615-11,https://www.scopus.com/pages/publications/86000252628?origin=resultslist,"This chapter reviews the technologies, managerial methods, government regulations, cost data, case histories, recent advances, and terminologies for proper treatment and management of metal finishing industry effluents. Specific coverage includes (a) general and subcategory descriptions of the industry; (b) wastewater characterization of each subcategory; (c) chemical substitution, waste segregation, and process modification for pollution prevention and waste minimization; (d) pollutant removability of all metals, cyanide, oil, and solvents; (e) waste treatment technologies for moving conventional pollutants, toxic heavy metals and toxic organic components; (f) costs of waste treatment options; (g) U.S. Code of Federal Regulations update on PFAS; (h) definitions, and glossary; and (i) recent advances in treatment and management. © 2025 selection and editorial matter, Lawrence K. Wang, Mu-Hao Sung Wang, Yung-Tse Hung, and J. Paul Chen.",Scopus,SEARCH_021b
Nanoparticles for Drinking Water Purification,Aditya D.S.; Patil S.; Halakarni M.; Nataraj S.K.,2025,10.1007/978-981-96-2407-2_64,https://www.scopus.com/pages/publications/105024523221?origin=resultslist,"In the present era, water scarcity and water pollution by metal ions, dyes, industry wastewater, and natural squanders are serious environmental concerns. Dangerous pollutants such as metal ions (Cr, Hg, As, Pb, Ur, and so on), pharmaceuticals, and dyes endanger humans, amphibians, plants, and other organisms on the planet. There are various technologies that are implemented in wastewater purification. Among all current technologies, the use of nanotechnology in drinking water filtration is a promising subject for practical research. Nanoparticle development has the potential to enhance uptake efficiency and sustainability, as well as economic effectiveness, technological incorporation, and environmental friendliness. Nanoparticle development has the potential to boost uptake efficiency and sustainability, as well as economic effectiveness, technological inclusion, and environmental friendliness. This chapter investigates the fabrication, efficiency, and removal capacity of nanoparticles in depth. A portion of this chapter is devoted to the development of an optimal nanoparticle profile that combines the specific capabilities of each heavy metal ion in terms of chemical affinity, interactions owing to the presence of charges, redox reactions, and on exchange methods. Importantly, focus on capturing and designing of optimal systems for removing heavy metals and other water contaminants, adhering to drinking water regulations with concentrations below 100 mg/L. © 2025 Springer Nature Singapore Pte Ltd.",Scopus,SEARCH_021b
Introduction,Herod A.,2025,10.4337/9781785363405.00026,https://www.scopus.com/pages/publications/105023735523?origin=resultslist,"The chapters in this part address how the state shapes the geographic contexts within which workers find themselves. The first chapter considers whether there are any connections between suburban sprawl and workers’ successes in securing union representation. The second chapter examines how consumers are playing active roles in the UK and South Africa in efforts to force employers to abide by regulations designed to protect workers through working with government labour inspectors. The last chapter recounts how Greek workers have played active roles in shaping housing policy, thereby shaping the built environment of cities like Athens. © Andrew Herod 2025. All rights reserved.",Scopus,SEARCH_021b
Photocatalytic approach for wastewater treatment,Roy S.; Manohar E.M.; Sahoo M.; Bharathidasan A.R.; Singh M.C.; Lande S.V.; Giri S.; Das S.,2025,10.1016/B978-0-443-16112-4.00007-4,https://www.scopus.com/pages/publications/105029323182?origin=resultslist,"The availability and quality of freshwater are critical for ecosystem functioning; however, population growth and urbanization have led to a shortage of freshwater and increased contamination from industrial and agricultural activities. The widespread contamination of water sources affects over 2.4 billion people and negatively impacts their quality of life. Water, commonly referred to as the “universal solvent,” can dissolve a wide range of compounds, which makes it particularly susceptible to pollution. Inefficient water management practices and industrial wastewater disposal, which often contain harmful pollutants such as pesticides, dyes, and personal care products, are major contributors to water pollution. The presence of these toxins in aquatic environments not only jeopardizes human health but also disrupts the fragile equilibrium of aquatic ecosystems. In addition to the evident threats to human health, the prolonged consequences of water pollution may include the disruption of entire food chains and the infliction of irreversible damage on biodiversity. Moreover, the increasing scarcity of clean water resources due to pollution exacerbates existing water stress in many regions, potentially leading to conflicts over water access. Addressing this global issue requires a multifaceted approach, including improved wastewater treatment technologies, stricter regulations on industrial discharge, and increased public awareness about water conservation and responsible usage. The treatment of wastewater is critical to producing freshwater and mitigating environmental challenges. In this chapter, the focus is on the treatment of wastewater using photocatalysis, a process in which light energy initiates a chemical reaction. In photocatalysis, the use of renewable energy sources, such as sunlight, is particularly significant, especially in the field of wastewater treatment. Researchers in this area frequently investigate both homogeneous and heterogeneous catalytic approaches to enhance the efficiency of photocatalytic processes. Despite the high oxidation capabilities of homogeneous photocatalytic methods, their inability to reuse or separate the catalyst poses a drawback. Heterogeneous photocatalytic methods, which use metal oxide-based heterogeneous photocatalysts, have limitations due to their wide band gap energy. However, we can overcome these limitations by altering the electronic band through electrical potentials, semiconductor composites, and doping. The goal of this study is to investigate potential pathways for treating effluent, with a focus on fully mineralizing pollutants. This chapter also highlights the challenges and future perspectives of the photocatalytic approach to wastewater treatment. © 2026 Elsevier Inc. All rights reserved.",Scopus,SEARCH_021b
Water Purification and Wastewater Treatment Challenges,Ramteke P.K.; Rathod A.P.,2025,10.1002/9781394303526.ch4,https://www.scopus.com/pages/publications/105022219439?origin=resultslist,"Water purification and wastewater treatment are critical processes for ensuring access to clean water, yet they face significant challenges. One major issue is the presence of emerging contaminants, including pharmaceuticals, personal care products, and microplastics, which are not effectively removed by traditional treatment methods. These contaminants can have adverse effects on human health and the environment, underscoring the need for advanced treatment technologies. Additionally, the energy-intensive nature of many treatment processes contributes to high operational costs and greenhouse gas emissions, necessitating the development of more energy-efficient solutions. Moreover, the disposal of treatment byproducts, such as sludge and brine, poses environmental risks and requires proper management strategies. Climate change affects water resources, altering availability and quality, straining treatment infrastructure. Solutions need innovative technologies, sustainable practices, and effective policies, requiring collaboration among researchers, policymakers, and stakeholders. Additionally, the aging infrastructure of many water treatment facilities presents challenges in maintaining and upgrading systems to meet increasing demands and regulations. Limited access to clean water in certain regions exacerbates these challenges, highlighting the need for decentralized and cost-effective treatment solutions. Furthermore, the lack of public awareness and education about water conservation and pollution prevention hinders efforts to address water quality issues. Addressing challenges in water purification and wastewater treatment requires investment in innovative technologies like advanced oxidation processes and membrane filtration. These can remove emerging contaminants and enhance treatment efficiency. Additionally, sustainable practices such as water reuse and resource recovery from wastewater can reduce environmental impact. A holistic approach integrating technological innovation, sustainable practices, and effective governance is necessary. © 2025 Scrivener Publishing LLC. All rights reserved.",Scopus,SEARCH_021b
Exploring the Intersection and Interdependence of a Right to a Healthy Environment and a Child’s Right to Play,MacDonald F.,2025,10.1007/978-3-031-88964-6_4,https://www.scopus.com/pages/publications/105023606991?origin=resultslist,"In 2010, Veerman, when discussing the ageing of the United Nations Convention on the Rights of the Child (UNCRC), noted that if the Convention had been written now, the ‘concern with the environment would have been more reflected in the text of the Convention’ (Veerman, 2010). Subsequently, in 2015, Desmet and Aylwin remarked that in comparison to many areas of children’s rights which have an ‘established research tradition’, such as juvenile justice and alternative care, ‘children’s rights and natural resource exploitation’ does not yet have this body of research (p. 387). Furthermore, they described that ‘the attention for resource exploitation in children’s rights (as evidenced in the concluding observations of the [Committee on the Rights of the Child]) [has] been limited at best, and non-existent at worst' (Ibid., 406). Though the right to a healthy environment is not a named right within the UNCRC, the Committee on the Rights of the Child (the Committee) has nonetheless commented on the natural world and environmental issues within its General Comments and Concluding Observation reports. The chapter starts by exploring the UNCRC itself and the jurisprudence of the Committee in the form of their Concluding Observations, in addition to their General Comments, thematically analysing references to the environment. This chapter focuses on comments and recommendations that have relevance to the right to play, in order to evaluate their relationship within the jurisprudence. The interdependence between the right to play and the right to a healthy environment is evident throughout, including, to give but one example, in a comment from the Concluding Observations to Ireland in 2016 where the Committee expressed its concerns regarding ‘households in mobile or temporary accommodation with no access to adequate water and sanitation facilities or safe and appropriate play areas (para 69.). The right to play can, therefore, be viewed from a number of perspectives such as education, socialisation and health. This chapter considers the importance of a healthy environment for the actualisation of the child’s right to play and how this has been reflected in the jurisprudence of the Committee. © 2025 The Editor(s) (if applicable) and The Author(s), under exclusive license to Springer Nature Switzerland AG.",Scopus,SEARCH_021b
Current Challenges and Solutions to Achieving Sustainable Solutions to Water Security,Matta G.; Pant G.; Kamboj N.; Kumar S.; Kumar A.; Kumar P.; Nayak A.; Bisht A.; Pandey N.; Kumar A.; Bhardwaj V.; Saini H.,2025,10.1002/9781394176748.ch15,https://www.scopus.com/pages/publications/105004516885?origin=resultslist,"The difficulty of managing water resources sustainably is further highlighted by the interdependence of water with land and ecosystems in addition to the direct effects of anthropogenic activity on water systems, such as pollution and over-extraction. The complex interaction between land use, deforestation, and urbanization can make water-related problems worse by upsetting normal water flow patterns and making towns more susceptible to water shortages and flooding. The growing effects of climate change increase the importance of addressing water security. Changes in water availability and quality are a result of altered precipitation patterns, rising temperatures, and a rise in the frequency of extreme weather events. Significant risks from these changes to agriculture, production of energy, and public health highlight the need for flexible and robust water management strategies. A comprehensive view of water security takes into account social, economic, and governmental concerns in addition to the physical components of water availability. Marginalized populations disproportionately suffer the burden of water insecurity as a result of socioeconomic inequities that frequently result in unequal access to potable water. Additionally, for ensuring equitable distribution and sustainable use of water resources, strong policy frameworks, cross-border collaboration, and water governance are crucial. Although there has been a boom in technological innovation in the field of water management, hurdles have prevented these developments from being widely used. The adoption of innovative solutions might be hampered by elements like budgetary limitations, inadequate infrastructure, and low public awareness, which emphasizes the significance of a multifaceted strategy to achieving water security. A thorough roadmap for sustainable water security must incorporate cross-disciplinary collaboration in the face of these difficulties. Effective management of water resources can be achieved by fusing conventional wisdom, cutting-edge science, and progressive policies. A more resilient and secure water future can be achieved by encouraging collaborations between governments, communities, universities, and industries, ensuring the welfare of both the present and future generations. © 2025 John Wiley & Sons Ltd.",Scopus,SEARCH_021b
Introduction to the Global Water Crisis,Garg M.C.; Kumari S.; Chowdhry J.; Agarwal S.,2025,10.1201/9781003600718-2,https://www.scopus.com/pages/publications/105025315430?origin=resultslist,"Water scarcity is a developing global problem affecting the commercial, residential, industrial, and agricultural sectors. Population increase, climate change, increased demand, and inadequate water management all contribute to the continuous loss of freshwater supplies, and water management is one of the key objectives of Sustainable Development Goal 6 (SDG 6) of the UN. Now, about 25% of big cities experience water scarcity, and worldwide water consumption is expected to increase by 55%. Moreover, over 4 billion people face acute water shortage for at least 1 month/year, and 2.2 billion people lack access to safe drinking water overall. Not only is water security endangered by volume but also by poor water quality brought on by ageing infrastructure and pollutants. Many strategies have been applied to address shortages, including desalination, rainwater collection, water reuse, and intermittent water delivery. These methods do, however, have some negative effects, such as pipe corrosion, microbial growth, and pollution potential. The agriculture industry, which consumes a lot of freshwater, has to apply sustainable irrigation and conservation techniques if we are to reduce depletion. Climate change aggravates water stress by altering precipitation patterns, increasing the frequency of droughts, and aggravating extreme weather events. Urbanization and rapid industrial development also tax the resources that are at hand. To solve these problems, an all-encompassing approach involving community engagement, legislative reforms, and technology improvements is required. Long-term sustainability calls for a stronger government cooperation, transboundary cooperation, and wastewater reclamation, among other things. Through efficient water management practices, promotion of innovation, and strengthening of institutional structures, one may guarantee the supply of drinking water for the next generations and thereby increase global resilience to water emergencies. © 2026 selection and editorial matter, Smriti Agarwal and Manoj Chandra Garg; individual chapters, the contributors. All rights reserved.",Scopus,SEARCH_021b
Integrating ICT in Local Governance: A Village-Level Approach to Achieving SDGs through VPDP in Tamil Nadu,Kanagaraj S.; Sree Ram J.; Majaw H.; Akhila K.B.,2025,10.1109/ICCAMS65118.2025.11234580,https://www.scopus.com/pages/publications/105030030877?origin=resultslist,"This study investigates the potential of integrating Information and Communication Technology (ICT) into the Village Panchayat Development Plan (VPDP) to strengthen decentralized rural governance and accelerate the achievement of Sustainable Development Goals (SDGs) in Tamil Nadu. Conducted in Mavuthampathy and Palathurai Panchayats in Coimbatore District, the research utilized a mixed-methods approach comprising a household survey of 400 respondents, focus group discussions, participatory rural appraisals, and key informant interviews. The statistical analysis using Jamovi, highlight several socio-economic and infrastructural challenges, particularly in livelihood, sanitation, education, and access to services. While the VPDP process enables participatory planning, its implementation is limited by low digital access and poor community awareness. This article recommends context-specific ICT solutions such as digital literacy campaigns, GIS mapping for planning, and mobile-based grievance redressal. The study demonstrates how technology may effectively support inclusive and sustainable rural development when paired with local expertise and community involvement.  © 2025 IEEE.",Scopus,SEARCH_021b
DETERMINANTS OF STAKEHOLDER PARTICIPATION IN THE PLANNING AND FORMALIZATION OF SANITATION INVESTMENT PROJECTS,Sardon-Sanchez G.M.; Pilares-Hualpa I.A.; Sardontupayachi D.F.; Vargas A.P.; Vargas B.P.; Alfaro-Alejo R.,2025,10.14455/ISEC.2025.12(1).FAM-03,https://www.scopus.com/pages/publications/105026761854?origin=resultslist,"Construction projects attract the interest of the population, authorities, stakeholders, who have a role and responsibilities in the different phases of investment project management. The objective was to identify the relationship between the factors influencing stakeholders in the planning and formalization of water supply and sewerage projects in terms of scope, economics and timeframe. The research was conducted in the quantitative paradigm, with 29 professionals with experience in sanitation works making up the population, who through expert judgement answered a questionnaire to assess stakeholder participation, and another questionnaire was used to assess the identification and formalization of projects. Reliability was obtained using Cronbach's alpha (0.871). Normality was assessed using the Shapiro-Wilk test and the correlation measure with Pearson's coefficient was (0.371). The deductions showed that the project stakeholders had a weak influence on the planning and formalization of works in the Puno region in the period 2018-2020. The results help project managers to identify the most influential stakeholders and to set guidelines for future stakeholder management in similar environments. © 2025 ISEC Press.",Scopus,SEARCH_021b
Industrial Metaverse for Smart Manufacturing: Ecosystem Architecture and Applications,Prummer M.; Regnath E.; Kosch H.,2025,10.1007/978-3-031-84457-7_5,https://www.scopus.com/pages/publications/105000709042?origin=resultslist,"Domain-specific progress in the industry has traditionally been achieved in isolation on discrete physical systems without considering the broader socioeconomic context within an increasingly intertwined global economy. Shifting towards a more resilient and sustainable industry to tackle today’s challenges, like climate change and the global food and water supply, cannot be solved through siloed systems. It requires a paradigm shift towards coopetition and knowledge sharing of larger systems. The Industrial Metaverse (IMV) integrates the physical and digital space into interconnected Virtual Environments (VEs) based on Digital Twin models to exchange data and knowledge, representing an accessible meta-ecosystem. While the IMV’s enabling technologies are well explored, the interdependencies between its ecosystems and network effects, including interoperability of identities and tokenized assets, of all participating systems to achieve a unified experience and decentralized digital economy in the application layer remain fuzzy. Following these issues, we discuss the IMV platform ecosystem architecture as a system of systems for exchanging and sharing resources. In particular, we investigate system interoperable, decentralized orchestration and governance mechanisms for regulation compliance, data privacy, and access control that, if unresolved, may discourage institutions from participating. Additionally, we outline the general capabilities of the IMV’s application layer and its relation to the ecosystem methodology as an asset-heavy industrial platform. Furthermore, we discuss the most promising use case categories for VEs in the IMV, such as interoperable assets, hyper customization, and cross-collaboration within industrial production processes embedded in a digital economy of enterprise creators and communicating systems. © The Author(s), under exclusive license to Springer Nature Switzerland AG 2025.",Scopus,SEARCH_021b
"Water, sanitation and hygiene and neglected tropical diseases in the Democratic Republic of Congo: a narrative review and policy perspective",Ojo-Akosile T.; Uwah E.A.; Mufungizi I.; Aborode A.T.; Nkundakozera M.; Rusho M.A.; Bakare-Abidola T.; Izinyon O.; Tochukwu A.M.; Onifade I.A.; Nwosu K.O.S.; Akilimali A.,2025,10.1007/s44155-025-00306-1,https://www.scopus.com/pages/publications/105019229199?origin=resultslist,"Background: Neglected tropical diseases (NTDs) remain a significant public health challenge in the Democratic Republic of Congo (DR Congo) due to its direct connection with the scarcity of clean water, poor sanitation facilities, and insufficient hygiene practices. Therefore, investigating comprehensive strategies to decrease NTDs by addressing Water, Sanitation, and Hygiene (WASH) issues is pertinent. Aim: This paper presents a narrative review of available literatures and policy briefs, and explains the aspect of WASH in NTD control with special reference to DR Congo. We review the country-specific barriers to the incorporation of WASH in NTD programs, such as conflict and governance issues, and limitations in infrastructure. Findings: In our synthesis, although WASH interventions have been established to effectively mitigate schistosomiasis, trachoma and soil-transmitted helminths at the global level, they are complicated by factors including insecurity in the eastern provinces of the DRC, poor health governance and inadequately funded water infrastructure. We also determine community-based innovations, and policy integration opportunities. Conclusion: Emphasizing WASH strategies in combating NTDs can lead to better health outcomes, less disease impact, and greater quality of life for affected communities. © The Author(s) 2025.",Scopus,SEARCH_021b
Role of government in water and wastewater management,Ayantokun A.S.; Ayantokun P.B.; Anifowose O.L.,2025,10.1016/B978-0-443-33038-4.00011-8,https://www.scopus.com/pages/publications/105026834074?origin=resultslist,"Water is an important resource essential for life, economic prosperity, and environmental integrity. This chapter investigates the current and emerging trends in the role of government in the management of water and wastewater systems. Globally human population has continued to be on the rise, which has led to increased urbanization and use of natural resources, among which water is crucial. Water has multiple uses in agriculture, industry, domestic, transportation, and the general ecosystem. According to the United Nations, it is projected that by the year 2050, about two-thirds of the global population of nine billion will be living in the cities. Governments across the world are facing challenges of constant supply and access to safe water by the populace, and effective treatment of wastewater. This chapter seeks to explore emerging trends in policy, regulations, and government structures that are improving water supply and wastewater management systems. By examining case studies from different regions of the world and their perspective on water and wastewater management, the chapter highlights the importance of government interventions and collaboration among stakeholders to address current and future water-related issues. © 2026 Elsevier Inc. All rights reserved..",Scopus,SEARCH_021b
Groundwater Resilience in the Era of Climate Change: The Promise and Perils of Advanced Technologies,Bhunia G.S.,2025,10.1007/978-3-032-09921-1_5,https://www.scopus.com/pages/publications/105026566687?origin=resultslist,"The worldwide water supply depends heavily on groundwater yet this vital resource remains defenseless against climate change intensification. The investigation combines the analysis of climate change effects on groundwater systems with modern technological assessments of remote sensing along with Geographic Information Systems (GIS) and big data analytics and cloud computing and Artificial Intelligence (AI) and Machine Learning (ML) to boost groundwater sustainability. The study utilizes VoSviewer to analyze trends in scholarly literature from 2000 to 2024 and networks between authors, co-citations and performance indicators via Field Citation Ratio and Relative Citation Ratio based on a bibliometric review of this time period. The research shows that interdisciplinary studies using technology have dramatically increased their focus on addressing groundwater stress criteria. The research pinpoints that arid and semi-arid zones represent specific regional hotspot areas because climate change impacts recharge patterns and leads to increased salinization as well as heavy aquifer extraction. The combination of artificial intelligence modeling and remote sensing groundwater mapping together with IoT-enabled sensors provides essential services for monitoring and prediction as well as adaptive management systems. The progress of sustainable groundwater management is constrained because institutions block its implementation and some regions lack equal access to technology and their data exists in isolated pieces. The research demonstrates the need to combine digital tools in groundwater policy structures alongside international cooperative efforts to establish long-lasting hydro-governance infrastructure. The presented work provides essential data-supported foundations that lead to sustainable groundwater management policies under conditions of climate change pressure. © The Author(s), under exclusive license to Springer Nature Switzerland AG 2025.",Scopus,SEARCH_021b
Research on Using Phosphogypsum as Backfill Material,Cham T.T.; Hong L.T.; Mai C.T.T.; Thien P.H.,2025,10.1007/978-981-96-2810-0_17,https://www.scopus.com/pages/publications/105004638514?origin=resultslist,"This paper presents the results of laboratory and field research on testing the use of phosphogypsum (PG) as a backfill material for construction projects. Laboratory evaluations indicate that the PG used in this study is not hazardous waste and meets the radioactive activity safety standards according to Vietnamese regulations. Raw PG did not meet the leachate requirements of QCVN 40:2011 – National technical regulation on industrial wastewater, thus it needs to be stabilized/solidified to mitigate contaminants. To assess the potential for leaching contaminants during actual use, the research team conducted field trials with two backfill sites using cement-stabilized PG, each with an area of 500 m2 and a compaction factor of K = 90: one with an HDPE liner and one without. Additionally, the team created a control site using traditional materials, with an area of 500 m2 and a compaction factor of K = 90, too. All test sites are equipped with groundwater monitoring wells to collect water samples for monitoring. The HDPE-lined site also featured a leachate collection pit. The sites were monitored, with groundwater, surface water and leachate collection pits observed over 18 months. Results from the observations show that when stabilized with a cement binder, phosphogypsum can meet the requirements for use as a backfill material for transportation infrastructure projects. © The Author(s), under exclusive license to Springer Nature Singapore Pte Ltd. 2025.",Scopus,SEARCH_021b
Analysis of environmental carrying capacity based on water supply ecosystem services in the seulawah valley sub-district,Junaidi T.J.; Ramli I.; Aliasuddin,2025,10.1088/1755-1315/1477/1/012018,https://www.scopus.com/pages/publications/105004168451?origin=resultslist,"Prior to 2006, the residents of Suka Mulia and Suka Damai villages in the Seulawah Valley Subdistrict faced challenges in accessing clean water. In response to this issue, the two villages collaborated through the Sub-district Development Program/Program Pengembangan Kecamatan (PPK) to construct a clean water network sourced from the Alur Mancang Spring, which is situated at the base of Mount Seulawah Agam. The construction of this clean water network was gradually completed in 2010, when house connections/sambungan rumah (SR) became available. Therefore, to maintain the catchment area to ensure the continuous availability of clean water and to campaign for the importance of protecting the area, the Forum Alur Mancang Saree (FAMS) was formed. The aim of this study was to evaluate and examine the water availability in the two Gampongs, which are drained by the Alur Mancang Saree Water Source Area, in light of the increasing population growth. To achieve this goal, a combination of qualitative and quantitative methods was employed to collect data through field observations, documentation studies, and in-depth interviews. The data were analyzed using a water-carrying capacity analysis method based on the water balance concept. The results revealed that the Alur Mancang discharge (100 liters/second) is sufficient to meet the water needs (12.25 liters/second) of Gampong Suka Damai and Suka Mulia for the entire 10-year plan. © 2025 Institute of Physics Publishing. All rights reserved.",Scopus,SEARCH_021b
"Blue Sky, Blue Water: Advances in Air Pollution, Climate Resilience, and Water Governance for Sustainable Futures",Gautam S.; Joshi S.K.; Ambade B.,2025,10.1201/9781003613183,https://www.scopus.com/pages/publications/105024636134?origin=resultslist,"Blue Sky, Blue Water is a timely and comprehensive resource that explores the dynamic intersection of air pollution, climate resilience, and water governance in the 21st century. This scholarly book brings together cutting-edge research, case studies, and innovative strategies aimed at promoting environmental sustainability and public health. Spanning 18 chapters, it offers both conceptual and real-world perspectives across diverse regions and scientific disciplines. Key themes covered in this volume include an in-depth analysis of air pollution’s health effects, microplastic risks, climate extremes, and advanced wastewater treatment techniques such as nanotechnology and blockchain-based governance. This book also highlights the value of traditional knowledge and community-based water conservation, bridging science with practice. Readers will benefit from multidisciplinary insights and practical recommendations for sustainable policy-making and environmental stewardship. This book is an essential resource for researchers, environmental scientists, policymakers, urban planners, and students of environmental studies and public health. Its broad thematic coverage and global relevance make it suitable for academic institutions, government agencies, and non-governmental organizations focused on creating a sustainable and equitable future. © 2026 selection and editorial matter, Sneha Gautam, Suneel Kumar Joshi, and Balram Ambade; individual chapters, the contributors.",Scopus,SEARCH_021b
"Velocity Modelling and Depth Conversion Uncertainty Mitigation in GS327 Oil Field, in Gulf of Suez Basin",Salah M.; Ahmed R.R.,2025,10.2118/224602-MS,https://www.scopus.com/pages/publications/105006982127?origin=resultslist,"The Gulf of Suez rift initiated in the Late Oligocene, probably propagating northwards, and intersecting a major east-west structural boundary of Late Eocene age at the latitude of Suez City. North of Suez, extension was more diffuse but mostly focused on the Manzala rift that is presently buried beneath the Nile Delta. Earliest syn-rift, mainly continental sediments (Chattian-Aquitanian) consisted of red beds containing minor basalts. Marine Oligocene strata are presently only proven from the southernmost Gulf, at the juncture with the northern Red Sea. By the Aquitanian, a shallow to marginal marine environment prevailed in most of the rift. The prolonged Burdigalian sea-level rise enabled marine waters to flow freely between the Mediterranean Sea and the Gulf of Suez, resulting in deposition of thick Globigerina shales and deep-water carbonates. During the Langhian and early Serravallian, rapid eustatic sea-level changes resulted in pronounced facies changes within the rift. During the late Serravallian there was a significant fall in sea-levels. The Mediterranean water connection was either completely or intermittently blocked, leading to deposition of evaporites in the central and southern Gulf subbasins. Thick halite sections accumulated in the Late Miocene, and later loading resulted in the formation of salt diapirs and salt walls. Normal marine conditions were re-established during the Pliocene, but waters were then provided by the Red Sea - Gulf of Aden connection to the Indian Ocean, and a permanent land-barrier separated the Gulf of Suez from the Mediterranean. Analysis of fault geometries, fault kinematics and sedimentation patterns indicate that rift-normal extension predominated throughout the Oligocene to Early Middle Miocene evolution of the rift. In the Middle Miocene, the Gulf of Aqaba transform boundary was established, linking the Red Sea rift plate boundary to the convergent Bitlis-Zagros plate boundary. This resulted in a dramatic decrease in extension rates across the Gulf of Suez and a clockwise rotation of stress fields in Sinai. During the Late Pleistocene, the intra-Gulf of Suez extension direction rotated counter-clockwise to N15°E.As common in GOS fields, the zone of interest is below SGH-Evapraites stratigraphic section and the trapping mechanism is structural trap, and the main producing reservoirs are Miocene clastics reservoirs, the late Cenozoic Gulf of Suez basin is one of the best exposed and studied examples of a continental rift. Several recent models of rift geometry and evolution have relied heavily on data and concepts derived here (e.g., Bosworth, 1994; Bosence, 1998). The Gulf of Suez was the first rift basin in which large-scale, along-axis segmentation into subbasins by accommodation zones was clearly recognised (Moustafa, 1976), has served as one of the premier models for Miocene carbonate platform development (James et al., 1988; Burchette, 1988; Cross et al., 1998), and is recognised as a superb example of the interplay between sedimentation and extensional fault development (Gawthorpe et al., 1997; Sharp et al., 2000 a, b). Recent studies evaluated the relative roles of hard- and soft-transfer in intra-basin fault linkage, and the significance of pre-rift structures in controlling the style of linkage (McClay et al., 1998; McClay and Khalil, 1998; Younes and McClay, 1998). The Gulf of Suez is also one of the best examples of the integration of outcrop and subsurface data to enhance hydrocarbon exploration and exploitation (Gawthorpe et al., 1990; Patton et al., 1994; Sharp et al., 2000 a, b). Despite these positive and important developments, we believe that two issues have not been satisfactorily addressed. First, no comprehensive analysis and integration of all areas of the rift has been published, in spite of abundant new stratigraphic and structural data for parts of the basin (e.g., Richardson and Arthur, 1988; Hughes et al., 1992; Patton et al., 1994; Bosworth, 1995; McClay et al., 1998). Specifically, the major differences in the tectonostratigraphic histories of the southern and central rift basins have never been adequately addressed. Second, despite the use of many aspects of outcrop and subsurface geology of this basin as a model for other rift settings, this extrapolation has not considered all the dominant factors that controlled overall evolution of the Gulf. Some of these factors, such as the activation of the Aqaba transform boundary, are actually specific to the geographical and temporal position of the basin, and may make some aspects of this rift unsuitable for a general model. Structurally The NW-trending Gulf of Suez is about 300 km long, and the complete rift basin, including the on-shore border fault systems, varies in width from about 50 km at its northern end to about 90 km at its southern end where it merges with the Red Sea, this has been traditionally referred to as the ""Clysmic"" rift, after the ancient Roman settlement of Clysma that occupied the present site of the city of Suez (Hume, 1921; Robson, 1971). The rift is characterised by a zigzag fault pattern, composed of N-S to NNE-SSW, E-W and NW-SE striking extensional fault systems both at the rift borders and within the rift basins (Garfunkel and Bartov, 1977; Jarrige et al., 1986; Moretti and Chénet, 1987; Colletta et al., 1988; Meshref, 1990; Moustafa, 1993; Patton et al., 1994; Schutz, 1994; Bosworth, 1995; Montenat et al., 1998; McClay et al., 1998). The field of study GS327 locates in the central of Gulf of Suez rift basin; it is one f different oil-producing fields in this basin fig (2). In 2020 a drilling campaign have been done by Gulf of Suez petroleum company, which included exploration, appraisal, and development wells, achieved excellent results across all activities. The campaign's success ratio was notably high, that leading to a substantial addition to the company's reserves and contributing significantly to overall production growth. Copyright 2025, Society of Petroleum Engineers.",Scopus,SEARCH_021b
"Kuwait at the Crossroads: The Interplay of Climate, Migration and Water Scarcity Dynamics",Alzankawi A.; Morales L.; Andreosso-O’Callaghan B.; Rajmil D.; Sarwar S.,2025,10.4324/9781032655857-10,https://www.scopus.com/pages/publications/105000562426?origin=resultslist,"Recent studies have predicted that around 60% of the global population will soon face challenges in accessing fresh water, underscoring the urgent need for sustainable water management practices. This chapter combines insights from various studies to explore the escalating impact of climate change-induced migration on water scarcity, specifically in the case of Kuwait. Kuwait, a nation with limited water resources in an arid environment, heavily depends on oil to desalinate seawater. Climate change-induced migration patterns are worsening water scarcity in Kuwait, mainly due to population growth and migration, heightening the demand for freshwater. If this demand is not controlled, it could strain water supplies and existing systems, leading to fluctuations in capacity and increased water demand for consumption, services, and energy. This unregulated demand depletes freshwater reserves and contributes to environmental degradation, further worsening water availability and the country’s water stability. Despite Kuwait’s proactive measures, such as the latest desalination technologies and investments in global techniques, the combined effects of climate change, migration, and regional tension pose a significant threat to water security. The findings of this research highlight the urgent need for regional cooperation, advanced water management technologies, and strong governance to ensure sustainable water access. These measures align with the United Nations’ Sustainable Development Goals and can effectively alleviate global water scarcity issues. © 2025 selection and editorial matter, Lucía Morales, Bernadette Andreosso-O’Callaghan and Daniel Rajmil; individual chapters, the contributors.",Scopus,SEARCH_021b
"Water Sowing and Harvesting Tourism: An Educational and Water Conservation Experience in Manglaralto, Ecuador",Malavé-Hernández J.; Carrión-Mero P.,2025,,https://www.scopus.com/pages/publications/105019189903?origin=resultslist,"The commune of Manglaralto, Santa Elena (Ecuador), is a coastal town that relies exclusively on the Manglaralto aquifer for its local water supply and tourist flow. Faced with the risks of overexploitation and saline intrusion, the community has implemented an artificial recharge system using a technical-artisanal dam (tape), generating water benefits as well as spontaneous educational and recreational uses. The site is considered a site of geological interest due to its hydrogeological characteristics and has been designated an Ecohydrology Demonstration Site by UNESCO. However, this experience has not yet been systematized for inclusion in the area’s tourism agenda. The objective of this research is to propose tourism strategies integrating elements of geodiversity, environmental education, and community conservation of the aquifer to strengthen local sustainable tourism. The methodological design included: i) baseline diagnosis, ii) SWOT analysis with community and technicians, and iii) a tourism proposal for the site (route and guidelines for education-culture-environment-society-economy-governance). As a result, a guided experience based on the Manglaralto river-aquifer system is proposed, the ""Water Route"", which includes visits to five points of interest: a) Manglaralto Water Board headquarters, 2) historic wells 1 and 2, c) technical-artisanal dam site, e) water reservoirs and natural viewpoint, and f) Manglaralto river mouth, where technical and historical information on community water management, its benefits, and local significance can be obtained. This research allows for the revaluation of the underground resource and the infrastructure for rescuing ancestral knowledge with Water Sowing and Harvesting (WS&H) systems, integrating its educational (social-cultural-environmental) and tourist (administration-operation) use as a social innovation project. © 2025 Copyright for this paper by its authors.",Scopus,SEARCH_021b
Where Commitment Meets Innovation: Transforming EJ Commitment into Tangible Impact,Umerley C.,2025,10.2175/193864718825159928,https://www.scopus.com/pages/publications/105033365401?origin=resultslist,"The Northeast Ohio Regional Sewer District (“the District”) provides wastewater and stormwater services to more than 1 million Northeast Ohioans every day. In 2022, the District published our Environmental Justice (EJ) Commitment Statement, clarifying how EJ has always resonated with our mission and establishing guideposts to help us reflect upon the effectiveness of our efforts. The “EJ in Action” and “Environmental Justice Resource Guide” tools have since been developed in-house to bring EJ to a tangible level and provide actionable guidance for each of the nearly 800 District employees. This paper offers an example of how a utility can activate employees at every level beyond commitment and discussion of Environmental Justice into a space of meaningful action and engagement that has tangible impact on their service area. The District defines EJ as follows: “through meaningful engagement, informed actions, and equitable treatment, the District will continue to provide equitable treatment and meaningful engagement of our residents—inclusive of all races, cultures, lifestyles, neighborhoods, and incomes—so we may advance our clean-water work without placing disproportionate environmental or fiscal burdens on those we serve.” Environmental Justice has always been inherent to and a part of District work. At the most basic level, we serve an EJ role by treating wastewater, reducing or eliminating combined sewer overflow (CSO) pollution, and addressing stormwater flooding and erosion. For example, on a recent Engineering & Construction Department (E&C) CSO Control project, the Kingsbury Run Consolidation Sewer, realignment of one of the tunnels will reduce impact to residents in a low-income neighborhood both during construction and future operation and maintenance, and also save costs through improved constructability of the tunnel. The realignment can be viewed solely as technical enhancement, but through the EJ lens this is a tangible example of informed action and equitable treatment at work to reduce potential environmental or fiscal burden. This example was discussed at an E&C All-Department meeting in an effort to bring EJ from a conceptual level to a practical one. E&C staff were eager to have additional examples highlighted to further their knowledge. From this feedback was born the “EJ in Action” database. This tool helps identify, track, and communicate EJ opportunities in the planning, design, and construction of E&C projects. Examples are submitted by employees, who are then given the opportunity to present about their example in future departmental meetings—a combination of ongoing departmental learning and professional development in one. After successful rollout to the E&C department, the tool will be expanded in 2025 to include District-wide examples as part of NEORSD’s 2025-27 Strategic Plan. Building familiarity with EJ is a first step for many employees, but soon deeper questions emerge. What tools or guidance exist that help employees ensure EJ is woven into their work in a more meaningful way than a simple “add-on” or check box? How can we ensure the core connection to EJ is being made across all facets of our work as a utility: project management, communication, operation and maintenance, field services, and finance…to name just a few. This deeper question and request for guidance is being answered by the District’s “Environmental Justice Resource Guide.” This comprehensive document, developed by staff across the District, provides brainstorming prompts, communication frameworks, a digital hub of geo-referenced data to visualize and measure EJ in project areas, and suggestions for best practices to help ensure EJ is a key component in every project. The document is currently being finalized by the Environmental Justice Committee and will be rolled out for District-wide use and reference by the end of 2025. Copyright ©2025 Water Environment Federation.",Scopus,SEARCH_021b
"IoT-Based Smart Hydroponics for Automated Nutrient, Climate, Irrigation, and Health Monitoring",Ashik M.A.M.; Bogahawatta C.A.; Perera M.R.D.; Dassanayake D.R.I.P.; Jayakody A.; Gamage N.,2025,10.1109/IES67184.2025.11161182,https://www.scopus.com/pages/publications/105018110810?origin=resultslist,"This study presents HydroNutraLeaf as a selfgoverning hydroponic tower system built with Internet of Things technology to automate the critical aspects of hydroculture farming by uniting water supply management with environmental control and watering systems and plant health monitoring capabilities. The system unites multiple essential components to operate as one unit. The system incorporates an automatic plant disease detection system through real-time image acquisition which uses Convolutional Neural Network (CNN) algorithms and cloud-based warning protocols for classification purposes. An automated system comprising Raspberry Pi actuators, NPK sensors, and machine learning functions delivers nutrients at proper stages during plant growth. A reinforcement learning system directs the management of climate factors including temperature and humidity together with Light Emitting Diode (LED) spectrums to achieve superior yield production and product quality. The system includes a self-operated irrigation system with Electrical Conductivity (EC), potential of hydrogen (pH) regulation features which utilizes SVM-based prediction methods in combination with real-time monitoring to achieve optimum root environment conditions. Users can access a dashboard in Grafana to monitor and control the system by using cloud platforms which include Firebase and AWS. The experimental findings reveal water consumption decreased by 30% along with improved nutritional efficiency reaching 25% and enhanced crop yield reaching 15% with better health performance. The sustainable farming operations and commercial greenhouse implementation benefit from HydroNutraLeaf solution which operates through a scalable model based on data analysis and requires minimal human intervention. © 2025 IEEE.",Scopus,SEARCH_021b
Future directions in water quality management: integrating advanced technologies and sustainable practices,Mallick R.; Poddar S.,2025,10.1016/B978-0-443-33321-7.00020-2,https://www.scopus.com/pages/publications/105006612506?origin=resultslist,"To meet the mounting difficulties of pollution, shortage, and climate change related to water, future trends and developing technologies in water quality management will help in enhancing monitoring, treatment, and conservation efforts. Deployment of remote monitoring systems and sensor networks should continuously monitor several water quality parameters and pollutants in real time. Creation of intelligent sensors and Internet of Things (IoT) gadgets with sophisticated analytics and artificial intelligence (AI) algorithms for data processing and early identification of problems with water quality can play a significant role in water quality management. Using analytics systems to evaluate vast amounts of data on water quality for trend analysis, pattern recognition, and predictive modeling from a variety of sources, such as sensors, satellites, and citizen science projects, can enhance the technology to a significant level. AI and machine learning approaches can be utilized to predict water quality measurements and sources of pollution, which at the end enhance treatment procedures using real-time inputs and previous data. Application of decentralized water treatment systems for the localized treatment of contaminated water sources and wastewater, such as advanced oxidation processes, electrocoagulation, and small-scale membrane filtration, can become very much helpful in future days. Creation of off-grid and solar-powered water treatment systems can be used to lessen dependency on centralized infrastructure and supply of safe drinking water in isolated and resource-constrained locations. Investigation of biological remediation methods for the removal and degradation of nutrient compounds and organic contaminants from water bodies may include methods like phytoremediation and bioaugmentation. Application of nutrient recovery technology can be done to recover valuable resources from wastewater streams and advance a circular economy strategy, such as nutrient extraction from wastewater and algae cultivation for biofuel production. Water infrastructure should be designed and renovated to endure extreme weather, flooding, and sea level rise. Natural solutions including green infrastructure, wetlands restoration, and natural flood control should be incorporated. To improve the resilience and sustainability of water resources in a changing climate, water quality management techniques should be integrated with initiatives to mitigate climate change, such as carbon sequestration in aquatic ecosystems and adoption of integrated approaches to water resource management that encourage multi-stakeholder cooperation, adaptive governance, and democratic decision-making while considering the interdependence of water quality, quantity, and ecosystem health. © 2025 Elsevier Inc. All rights are reserved, including those for text and data mining, AI training, and similar technologies.",Scopus,SEARCH_021b
Smart Vision Guided Table Sanitization System With Iot Integration for High-Traffic Dining Environments,Tijare A.; Joshi A.; Shete D.; Kosurkar K.; Hariyani J.; Vyas H.,2025,10.1109/PuneCon67554.2025.11378649,https://www.scopus.com/pages/publications/105034657227?origin=resultslist,"The procedures of table cleaning in high-traffic communal dining environments, such as temples, cafeterias, and institutional canteens, remain labour-intensive and inefficient, particularly during peak hours. While some automated or robotic cleaning systems have been explored, they often lack real-time contamination detection, and they are not tailored for the stringent hygiene requirements of such facilities. To address these limitations, this research presents an IoT-enabled table cleaning system that integrates real-time image processing with precise motor control for autonomous operation. The proposed architecture features a dual-controller setup, where the ESP32 microcontroller performs continuous image acquisition, contamination detection, manages BLE and Wi-Fi communication, and controls the cleaning mechanism and fluid dispensing mechanism. The system uses an ESP32-CAM module for capturing both pre- and post-cleaning images, enabling autonomous assessment of table cleanliness and re-cleaning if necessary. To detect objects and human presence, the ESP32-CAM is utilized. This ensures that cleaning only occurs when tables are unoccupied and free of obstructions. A fluid-level sensor in the spray reservoir and an under-table waste bin enhance both safety and operational reliability. Data on cleaning status and environmental conditions can be shared in real-time on cloud servers, supporting centralised monitoring and maintenance. Experimental evaluation demonstrates the system's high detection accuracy, cleaning efficiency with various debris types, and reliable communication across multiple tables. By enabling automated, verifiable, and remotely monitored table sanitation, the proposed system reduces manual labour, improves hygiene standards, and offers a scalable, sustainable solution for modern large-scale dining facilities. © 2025 IEEE.",Scopus,SEARCH_021b
Rebuilding trust and equity in Syria's health system: a governance-driven transition,Alkhalil M.; Abbara A.; Dashash M.; Sullivan R.; Aboumayaleh M.; Ekzayez A.; Kharrat Z.; Obaydo R.H.; Alzoubi Z.; Alghatrif M.; Fouad F.M.,2025,10.1016/S0140-6736(25)00406-4,https://www.scopus.com/pages/publications/86000498158?origin=resultslist,[No abstract available],Scopus,SEARCH_021b
Prevention and Control Strategies for Swine Zoonoses,Singh D.; Sharma P.; Gaur A.; Kant L.,2025,10.1007/978-981-96-7407-7_21,https://www.scopus.com/pages/publications/105022320253?origin=resultslist,"Swine zoonoses, caused by pathogens such as bacteria, viruses, and parasites, pose significant public health and economic risks, particularly in regions with intensive pig farming. Key zoonotic diseases include brucellosis, leptospirosis, salmonellosis, and influenza. Despite advancements in pathogen control, the persistence of zoonotic pathogens and increasing antimicrobial resistance necessitate robust biosecurity, vaccination, and surveillance measures. Biosecurity practices, including controlled farm access, visitor management, and quarantine protocols, are critical for preventing disease transmission and reducing antibiotic use. Vaccination complements these measures by preserving herd health and minimizing zoonotic outbreaks. Surveillance systems enable early detection and effective management of diseases, supported by diagnostic tools, comprehensive health screenings, and accurate record-keeping. Additionally, vector control strategies targeting rodents, insects, and other carriers are essential to mitigate pathogen transmission. These integrated approaches align with the One Health framework, emphasizing the interconnectedness of animal, human, and environmental health, to ensure sustainable swine production and protect public health. Preventing disease in pig farms requires vector control, sanitation, biosecurity, and waste management. Key measures include integrated pest management, proper hygiene, manure handling, and regular cleaning. Biosecurity protocols and staff training ensure early disease detection and control. Effective waste management and compliance with environmental regulations minimize health risks and promote sustainability. © 2025 The Editor(s) (if applicable) and The Author(s), under exclusive license to Springer Nature Singapore Pte Ltd.",Scopus,SEARCH_021b
Repurposing a traditional water resources management tool for the sanitation sector,Abiodun O.A.; Ayeleru O.O.,2025,10.1016/B978-0-443-33038-4.00026-X,https://www.scopus.com/pages/publications/105026836520?origin=resultslist,"The sanitation sector faces challenges, including inadequate infrastructure, resource constraints, and fragmented governance. This article explores the potential of repurposing Integrated Water Resources Management (IWRM) tools, traditionally used in the water sector, to address these issues. By leveraging IWRM principles—such as integrated planning, stakeholder participation, and adaptive management—this study proposes a framework to improve sanitation systems' efficiency, sustainability, and resilience. The article reviews recent literature (2016-24), identifies gaps, and presents case studies, including Singapore's NEWater Program and Nairobi's fecal sludge-to-energy initiatives, to demonstrate the applicability of IWRM tools in sanitation. Findings suggest that repurposing IWRM tools can enhance wastewater management, resource recovery, and equitable service delivery, particularly in low- and middle-income countries (LMICs). This study contributes by providing a comprehensive framework for integrating IWRM tools into sanitation systems, offering practical insights for policymakers and practitioners. The article concludes with recommendations for future research and practice, emphasizing the potential of smart sanitation systems and the circular economy to advance sustainable sanitation. © 2026 Elsevier Inc. All rights reserved..",Scopus,SEARCH_021b
Risk management and safety auditing in anaerobic digestion: Driving operational excellence,Nagi G.E.; Hassanein A.,2025,10.1016/B978-0-443-34005-5.00002-6,https://www.scopus.com/pages/publications/105027039032?origin=resultslist,"Anaerobic digestion (AD) has emerged as a game-changing technology, revolutionizing renewable energy generation and sustainable waste management by unlocking the energy potential of organic waste streams. By converting organic matter such as agricultural residues, industrial process by-products, and municipal biosolids into biogas and nutrient-rich digestate, AD provides significant environmental and economic benefits. However, the safe and efficient operation of AD facilities requires rigorous auditing procedures and robust safety standards tailored to specific contexts. These operations require a cohesive approach, integrating thorough auditing practices, comprehensive safety protocols, and advanced technological tools to streamline processes, minimize risks, and enhance overall reliability. Challenges vary across agricultural, industrial, and municipal AD systems. Agricultural systems often face seasonal feedstock variability and nutrient management demands, industrial systems must manage uniform but large-volume waste streams under stringent workplace regulations, and municipal systems require integration with sludge stabilization and odor control protocols. These diverse needs demand tailored audits to address feedstock characteristics, regulatory compliance, and operational scalability. Effective compliance and risk management frameworks rooted in ISO standards, Hazard and Operability (HAZOP) studies, and structured emergency action plans enable facilities to safeguard worker safety, maintain environmental integrity, and ensure process stability. AD facilities face numerous safety challenges, including the risks of drowning and falls near open tanks, as well as biogas-related hazards such as asphyxiation and fire. Addressing these dangers requires confined space entry protocols, robust electrical system safeguards, and comprehensive safety measures that tackle chemical, mechanical, and thermal risks. Employing protective equipment, enforcing lockout/tagout procedures, and utilizing real-time hazard monitoring systems are essential practices that enhance safety and mitigate risks effectively. Predictive maintenance, artificial intelligence (AI), and immersive training platforms play pivotal roles in reinforcing proactive safety cultures within AD operations. These technologies interact by providing real-time data insights, automating adjustments to process variables, and enhancing workforce preparedness through realistic simulations, creating a cohesive framework for safety and efficiency. These technologies, combined with best practices and case studies, reveal tangible benefits, including improved biogas yields, reduced downtime, and stronger community relations. Through the integration of rigorous auditing processes and advanced technologies, AD operators can unlock the full potential of the process, driving innovation, enhancing sustainability, and paving the way for a resilient and cleaner future. © 2026 Elsevier Ltd. All rights reserved..",Scopus,SEARCH_021b
Bridging the Health Divide: A Policy Perspective on Indigenous Healthcare in Bangladesh,Mamun A.A.,2025,10.1002/hsr2.71563,https://www.scopus.com/pages/publications/105022722765?origin=resultslist,"Background: Indigenous populations in Bangladesh—often referred to as Adibashi or Upojati—experience persistent health disparities. Geographic isolation, linguistic and cultural exclusion, and poverty drive these disparities. These communities, estimated at over two million, report considerably higher rates of maternal mortality, undernutrition, and limited access to institutional healthcare. This situation persists despite constitutional protections and national development goals. Objective: This perspective examines the structural, cultural, and policy-level barriers to healthcare access among Bangladesh's tribal communities. It also proposes evidence-based, inclusive strategies designed to achieve health equity. Methods: A narrative review approach was guided by the SANRA checklist. Literature was identified through PubMed, Google Scholar, and government portals. Sources included national surveys, ethnographic studies, and comparative policy models from Canada, Nepal, and the Philippines. Key themes analyzed were infrastructure deficits, workforce shortages, traditional medicine, linguistic barriers, and WASH access. A SWOT framework synthesizes insights and informs recommendations. Key Findings: Tribal health inequities in Bangladesh stem from weak infrastructure, cultural exclusion, workforce shortages, and poor health governance. International models show the benefits of decentralized, culturally adapted, community-led care. Conclusion: Achieving SDG 3 for indigenous populations requires urgent political commitment, targeted investment, and inclusive planning. Priorities include the establishment of a Tribal Health Desk, integration of traditional medicine, mobile health delivery, and culturally adapted training. Advancing indigenous health equity aligns with constitutional commitments and global standards of public health justice. © 2025 The Author(s). Health Science Reports published by Wiley Periodicals LLC.",Scopus,SEARCH_021b
Water and wastewater applications in developed and developing countries: extant experience and plan for the future,Ogunro O.B.; Fakayode A.E.; Joseph O.J.,2025,10.1016/B978-0-443-33038-4.00037-4,https://www.scopus.com/pages/publications/105026831634?origin=resultslist,"Water and wastewater management are crucial for sustaining growing populations while ensuring environmental sustainability. Developed nations benefit from advanced infrastructure, robust regulatory frameworks, and cutting-edge technologies such as membrane filtration, desalination, and wastewater reuse. These measures enhance water efficiency and sustainability, particularly in water-scarce regions. In contrast, developing countries struggle with inadequate infrastructure, financial limitations, and rapid urbanization, resulting in water pollution and limited clean water access. However, emerging solutions such as decentralized treatment systems, rainwater harvesting, and affordable filtration technologies offer promising alternatives, though they require more substantial policy support and investment to scale effectively. In modern water management, technological advancements function critically. The artificial intelligence, internet of things, and big data analytics optimize water distribution and treatment in developed nations, thereby improving efficiency and reducing losses. Meanwhile, resource-limited regions increasingly adopt cost-effective technologies like solar desalination and small-scale filtration systems to enhance water security. Governance and policy frameworks significantly impact water management, with strong institutions and enforcement ensuring sustainability in developed nations. In contrast, weak governance, corruption, and political instability often hinder progress in developing countries. Climate change further complicates water security, exacerbating worldwide droughts, floods, and water stress. Adaptive strategies such as circular economy models, integrated water resource management, and sustainable financing mechanisms are essential for long-term resilience. This chapter highlights the significance of innovation, policy reform, and international cooperation in bridging the gap between developing and developed nations. Nations can move toward a future of equitable and sustainable water management by implementing scalable solutions and strengthening governance structures. © 2026 Elsevier Inc. All rights reserved..",Scopus,SEARCH_021b
