"Authors","Author full names","Author(s) ID","Title","Year","Source title","Volume","Issue","Art. No.","Page start","Page end","Cited by","DOI","Link","Document Type","Publication Stage","Open Access","Source","EID"
"Yao Y.; Zhou J.; Jia C.; Su P.; Song Y.","Yao, Yanzhong (57545156500); Zhou, Junru (60362599900); Jia, Changgeng (58236669100); Su, Pinjie (57383594000); Song, Youtao (7404920149)","57545156500; 60362599900; 58236669100; 57383594000; 7404920149","Delineating spatiotemporal variations of coastal ecosystem service value from the ‘past-current-future’ perspective","2026","Anthropocene Coasts","9","1","7","","","0","10.1007/s44218-026-00124-1","https://www.scopus.com/pages/publications/105028956632?origin=resultslist","Article","Final","All Open Access; Gold Open Access","Scopus","2-s2.0-105028956632"
"Asfaw T.D.; Dejen Z.A.; Mekonen S.; Kassegn M.; Melaku A.; Gezahegn K.; Abera Z.","Asfaw, Tilahun Derib (59221697700); Dejen, Zeleke Agide (56646464400); Mekonen, Seblework (55504168700); Kassegn, Mamo (60334893500); Melaku, Abayneh (57428459500); Gezahegn, Kiya (60334035100); Abera, Zelalem (56685770700)","59221697700; 56646464400; 55504168700; 60334893500; 57428459500; 60334035100; 56685770700","Water Utilities Capacity and Governance: Insights into Sustainable Service Improvement","2026","Water Conservation Science and Engineering","11","1","12","","","1","10.1007/s41101-025-00462-0","https://www.scopus.com/pages/publications/105027523038?origin=resultslist","Article","Final","","Scopus","2-s2.0-105027523038"
"Tappeh M.M.B.; Vahedi A.","Tappeh, Mohammad Mirzaie Banafsh (57208672337); Vahedi, Abolfazl (8724148400)","57208672337; 8724148400","Development of an Efficient Corona Discharge Generator Based on Resonant for Water Disinfection Applications","2026","AIP Conference Proceedings","3421","1","030023","","","0","10.1063/5.0339282","https://www.scopus.com/pages/publications/105042998046?origin=resultslist","Conference paper","Final","","Scopus","2-s2.0-105042998046"
"Sathiskumar S.; Priyanka E.B.; Thangavel S.; Anand A.J.; Bhuvarasudhan T.; Aakash A.","Sathiskumar, S. (58506515000); Priyanka, E.B. (60522775000); Thangavel, S. (56275957300); Anand, A. Jose (57202414907); Bhuvarasudhan, T. (60640287200); Aakash, A. (60640287300)","58506515000; 60522775000; 56275957300; 57202414907; 60640287200; 60640287300","Decentralized Blockchain-Enabled Smart Contracts for Transparent Water Distribution and Sanitation Service Auditing in Rural Communities","2026","Smart Technologies for Sustainable Development Goals: Clean Water and Sanitation","","","","118","133","0","10.1201/9781003714774-8","https://www.scopus.com/pages/publications/105039405587?origin=resultslist","Book chapter","Final","","Scopus","2-s2.0-105039405587"
"Tabassum S.; Rahman M.M.","Tabassum, Sumaya (58953230800); Rahman, Md. Mushfiqur (60709167900)","58953230800; 60709167900","Circular economy and nature-based solutions for WASH resilience in Bangladesh’s Hill tracts","2026","Discover Sustainability","7","1","1260","","","0","10.1007/s43621-026-03656-1","https://www.scopus.com/pages/publications/105047049116?origin=resultslist","Article","Final","All Open Access; Gold Open Access","Scopus","2-s2.0-105047049116"
"Anwar N.; Shahzadi K.; Raja M.A.Z.; Ahmad I.; Shoaib M.; Kiani A.K.","Anwar, Nabeela (57189843355); Shahzadi, Kiran (59389983100); Raja, Muhammad Asif Zahoor (36739939800); Ahmad, Iftikhar (55809924800); Shoaib, Muhammad (57213458638); Kiani, Adiqa Kausar (26531252800)","57189843355; 59389983100; 36739939800; 55809924800; 57213458638; 26531252800","Machine intelligent expedition with supervised Bayesian adaptive neural networks for stochastic cholera epidemic model in a periodic environment","2026","Nonlinear Dynamics","114","2","141","","","8","10.1007/s11071-025-12006-1","https://www.scopus.com/pages/publications/105028294820?origin=resultslist","Article","Final","","Scopus","2-s2.0-105028294820"
"Gowtham H.; Gopal J.N.; Swapna S.; Raveendran L.S.; Krishnan S.; Anand A.J.","Gowtham, H. (59398030800); Gopal, J. Nandha (59180104100); Swapna, S. (57196298733); Raveendran, Lekshmi S. (58565639400); Krishnan, Saravanan (60570182000); Anand, A. Jose (57202414907)","59398030800; 59180104100; 57196298733; 58565639400; 60570182000; 57202414907","The Thirst for Governance: Challenges in Water and Sanitation Reforms","2026","Smart Technologies for Sustainable Development Goals: Clean Water and Sanitation","","","","17","35","1","10.1201/9781003714774-2","https://www.scopus.com/pages/publications/105039405342?origin=resultslist","Book chapter","Final","","Scopus","2-s2.0-105039405342"
"Sidlakone S.; Ichiki A.","Sidlakone, Sengsavath (60726241600); Ichiki, Atsushi (7003420026)","60726241600; 7003420026","Fecal sludge management system approach for establishing policy framework in urban areas of Vientiane Capital, Lao PDR","2026","Journal of Water Sanitation and Hygiene for Development","16","6","","497","514","0","10.2166/washdev.2026.251","https://www.scopus.com/pages/publications/105043937417?origin=resultslist","Article","Final","All Open Access; Gold Open Access","Scopus","2-s2.0-105043937417"
"Zhang Q.; Gao C.; Ge X.; Sun Y.; Liu P.; Zhang X.-X.","Zhang, Qifeng (57216187157); Gao, Chuanzuo (60508698200); Ge, Xinyue (60508698300); Sun, Yuchen (59388229000); Liu, Peng (57199213290); Zhang, Xu-Xiang (8555121100)","57216187157; 60508698200; 60508698300; 59388229000; 57199213290; 8555121100","Tracking viral variants by wastewater surveillance, from laboratory diagnosis towards on-site monitoring: lessons learned from the SARS-CoV-2 pandemic","2026","Journal of Environmental Management","404","","129353","","","2","10.1016/j.jenvman.2026.129353","https://www.scopus.com/pages/publications/105032922469?origin=resultslist","Review","Final","","Scopus","2-s2.0-105032922469"
"Saifudin T.; Lu'Lu'A N.; Putra M.R.A.; Wardhani V.N.P.; Galena M.V.; Yuniar M.A.D.P.","Saifudin, Toha (55639625400); Lu'Lu'A, Na'Imatul (60544623000); Putra, Mochamad Rasyid Aditya (60544623100); Wardhani, Vrisca Natalia Putri (60543831300); Galena, Marcelena Vicky (60544423400); Yuniar, Muhammad Alvito Dzaky Putra (60543438100)","55639625400; 60544623000; 60544623100; 60543831300; 60544423400; 60543438100","Application of Co-Kriging method to estimate water hardness with secondary variable PH in West Surabaya","2026","AIP Conference Proceedings","3326","1","080014","","","0","10.1063/5.0308887","https://www.scopus.com/pages/publications/105034281302?origin=resultslist","Conference paper","Final","","Scopus","2-s2.0-105034281302"
"Fobi Kontor M.; Núñez Collado J.R.; Brown A.","Fobi Kontor, Maxwell (59964429100); Núñez Collado, José Rafael (57211349485); Brown, André (55147021900)","59964429100; 57211349485; 55147021900","Bridging the Gap in Urban Water Accessibility: Exploring the Barriers to Equity in Water Access in Ghana","2026","Sustainable Development Goals Series","Part F2020","","","51","70","0","10.1007/978-3-032-20649-7_4","https://www.scopus.com/pages/publications/105040166221?origin=resultslist","Book chapter","Final","","Scopus","2-s2.0-105040166221"
"Lv J.; Zhang Y.; Wang Y.; Wang Z.; Sun D.; Ma H.; Zhang X.","Lv, Jiaojiao (59655692100); Zhang, Yu (57226371195); Wang, Yifan (60649709000); Wang, Zhihui (60650666500); Sun, Dongyong (44261801900); Ma, Huan (58735548200); Zhang, Xuedi (44261713900)","59655692100; 57226371195; 60649709000; 60650666500; 44261801900; 58735548200; 44261713900","Watershed Water Supply Security Reliability Assessment and Risk Node Identification in Mountain Piedmont Transition Zones Under Extreme Drought Stress: A Case Study from the Feng River Basin","2026","Water (Switzerland)","18","10","1121","","","0","10.3390/w18101121","https://www.scopus.com/pages/publications/105040066616?origin=resultslist","Article","Final","All Open Access; Gold Open Access","Scopus","2-s2.0-105040066616"
"Singh S.R.; Blanco-Arévalo A.; Gupta A.; Chee J.Y.; Aligui A.A.A.F.; Hor S.W.; Shou Y.; Saravanan R.; Leong J.; Charani E.; Mo Y.","Singh, Shweta R. (57195055756); Blanco-Arévalo, Alejandro (57226504582); Gupta, Atharvi (60200064100); Chee, Jia Yi (59383448800); Aligui, Alec Ann Alissa F. (58723413100); Hor, Stanton Winter (60216831000); Shou, Yiyun (57217845994); Saravanan, Rathi (57196616740); Leong, James (55754713000); Charani, Esmita (57208140595); Mo, Yin (57191850214)","57195055756; 57226504582; 60200064100; 59383448800; 58723413100; 60216831000; 57217845994; 57196616740; 55754713000; 57208140595; 57191850214","Barriers to accessing newer antibiotics in countries with high burden of bacterial antimicrobial resistant infections—a qualitative study","2026","The Lancet Regional Health - Western Pacific","72","","101917","","","0","10.1016/j.lanwpc.2026.101917","https://www.scopus.com/pages/publications/105044721021?origin=resultslist","Article","Final","All Open Access; Gold Open Access; Green Open Access","Scopus","2-s2.0-105044721021"
"Breen M.; Marks D.","Breen, Michael (55259628800); Marks, Danny (56927689600)","55259628800; 56927689600","Corruption and SDG 6: Clean Water and Sanitation for All","2026","Corruption and the Sustainable Development Goals","","","","85","99","0","10.4324/9781003570912-7","https://www.scopus.com/pages/publications/105039408625?origin=resultslist","Book chapter","Final","","Scopus","2-s2.0-105039408625"
"Johnson R.; Shank S.E.; Aaltonen P.M.; Blatchley E.R., III; Payne L.; Simpson V.; Bhadelia A.","Johnson, Rebecca (60681142600); Shank, Sophie E (58981392400); Aaltonen, Pamela M (7003820464); Blatchley, Ernest R (7004623927); Payne, Lindsey (55337010800); Simpson, Vicki (36657739800); Bhadelia, Afsan (8295773300)","60681142600; 58981392400; 7003820464; 7004623927; 55337010800; 36657739800; 8295773300","Barriers and facilitators to the utilisation of point-of-use water treatment systems during and immediately following flood-related disasters: a scoping review protocol","2026","BMJ Open ","16","6","e115870","","","0","10.1136/bmjopen-2025-115870","https://www.scopus.com/pages/publications/105041173500?origin=resultslist","Article","Final","All Open Access; Gold Open Access; Green Open Access","Scopus","2-s2.0-105041173500"
"Sow M.M.; Delpy L.; Ciss M.; Fall A.G.; Diouf N.D.; Caffin J.-H.; Dia N.M.; Bordier M.","Sow, Mouhamadou Moustapha (26323419700); Delpy, Léo (57222630423); Ciss, Mamadou (55534143500); Fall, Assane Gueye (55395928300); Diouf, Nicolas Djighnoum (57204338618); Caffin, Jean-Hugues (57483818800); Dia, Ndeye Mery (6602244552); Bordier, Marion (56002508200)","26323419700; 57222630423; 55534143500; 55395928300; 57204338618; 57483818800; 6602244552; 56002508200","Governing antibiotic resistance through One Health: Insights from the political and legal landscape in Senegal","2026","PLOS Global Public Health","6","3","e0005889","","","1","10.1371/journal.pgph.0005889","https://www.scopus.com/pages/publications/105032881704?origin=resultslist","Article","Final","All Open Access; Gold Open Access; Green Open Access","Scopus","2-s2.0-105032881704"
"Kokanutaporn S.; Rachuratchata L.; Aung E.D.; Sasaki N.","Kokanutaporn, Sineenuch (60685795900); Rachuratchata, Laddawan (60685532300); Aung, Eain Dray (60008243800); Sasaki, Nophea (15127920200)","60685795900; 60685532300; 60008243800; 15127920200","Industrial Symbiosis as a Carbon-Centered Operational Strategy: Evidence from Thailand’s Eastern Economic Corridor","2026","Sustainability (Switzerland)","18","11","5547","","","0","10.3390/su18115547","https://www.scopus.com/pages/publications/105041435899?origin=resultslist","Article","Final","All Open Access; Gold Open Access","Scopus","2-s2.0-105041435899"
"Guo Y.; Wei A.; Shi H.; Wang Z.; Yue S.; Chang X.; Tang K.; Zou J.; Li N.","Guo, Yangyang (59938028500); Wei, Anlei (7102889818); Shi, Hanxiao (58821274800); Wang, Zixuan (59305745700); Yue, Shengbo (59936949300); Chang, Xiaofan (59937846400); Tang, Kangrong (59142217900); Zou, Jirui (59141632100); Li, Nan (57223946314)","59938028500; 7102889818; 58821274800; 59305745700; 59936949300; 59937846400; 59142217900; 59141632100; 57223946314","Ensemble LSTM models for short-term early warning of nitrous oxide emissions: A case study of a full-scale wastewater treatment plant in Copenhagen","2026","Journal of Water Process Engineering","87","","110153","","","2","10.1016/j.jwpe.2026.110153","https://www.scopus.com/pages/publications/105037029117?origin=resultslist","Article","Final","","Scopus","2-s2.0-105037029117"
"Yan S.; Irvine A.; Akunwafo C.U.; Pickering T.A.; Feldman C.T.; Kogan A.C.","Yan, Sean (60735266300); Irvine, Audrey (60734768900); Akunwafo, Clarice U. (60734769000); Pickering, Trevor A. (24332597700); Feldman, Corinne T. (57217252854); Kogan, Alexis Coulourides (60735266400)","60735266300; 60734768900; 60734769000; 24332597700; 57217252854; 60735266400","Changes in access to basic needs among people experiencing unsheltered homelessness in Los Angeles County during and after the COVID-19 pandemic: a large-scale repeated cross-sectional survey","2026","BMC Public Health","26","1","2121","","","0","10.1186/s12889-026-27652-2","https://www.scopus.com/pages/publications/105044460449?origin=resultslist","Article","Final","All Open Access; Gold Open Access; Green Open Access","Scopus","2-s2.0-105044460449"
"Si Y.; Li Q.; Khan F.; Hernández D.","Si, Yutong (57218366246); Li, Qian (60407715800); Khan, Farzana (59285869000); Hernández, Diana (55250330300)","57218366246; 60407715800; 59285869000; 55250330300","The felt experience of energy insecurity: Revealing an affective continuum based on sentiment analysis among New York City residents","2026","Energy Research and Social Science","139","","104844","","","0","10.1016/j.erss.2026.104844","https://www.scopus.com/pages/publications/105045294788?origin=resultslist","Article","Final","","Scopus","2-s2.0-105045294788"
"Salazar-Gámez L.; Ojeda-Ocaña R.; Rosero-Lombana P.; Calpa-Villarreal J.; Chañag-Checa S.; Insuasty-Enríquez J.; Cerón-Rosales A.; Garzón T.","Salazar-Gámez, L. (56815165400); Ojeda-Ocaña, R. (60540364300); Rosero-Lombana, P. (60540643800); Calpa-Villarreal, J. (60540781100); Chañag-Checa, S. (60540781200); Insuasty-Enríquez, J. (60540504600); Cerón-Rosales, A. (60540643900); Garzón, T. (60541193700)","56815165400; 60540364300; 60540643800; 60540781100; 60540781200; 60540504600; 60540643900; 60541193700","Leveraging Artificial Intelligence for Comprehensive Analysis of Community and Rural Aqueduct Systems","2026","Civil Engineering Journal (Iran)","12","3","","882","905","0","10.28991/CEJ-2026-012-03-03","https://www.scopus.com/pages/publications/105034086530?origin=resultslist","Article","Final","All Open Access; Gold Open Access","Scopus","2-s2.0-105034086530"
"Hunt H.; Indraratna B.; Malisetty R.S.; Qi Y.; Rujikiatkamjorn C.","Hunt, Haydn (57782262800); Indraratna, Buddhima (7005875329); Malisetty, Rakesh Sai (57216130821); Qi, Yujie (59874622600); Rujikiatkamjorn, Cholachat (9241717900)","57782262800; 7005875329; 57216130821; 59874622600; 9241717900","Predicting the shear strength of rubber-incorporated granular waste mixtures with a machine learning approach","2026","Acta Geotechnica","21","4","","2405","2426","0","10.1007/s11440-025-02890-7","https://www.scopus.com/pages/publications/105025906785?origin=resultslist","Article","Final","","Scopus","2-s2.0-105025906785"
"Fajarwati B.; Fahmid I.M.; Ali M.S.S.","Fajarwati, Betty (59151900500); Fahmid, Imam Mujahidin (55991519600); Ali, M. Saleh S. (57214676018)","59151900500; 55991519600; 57214676018","Governing a Wildlife-Based Regional Economy: A Prospective Policy Analysis of Swiftlet’s Nest Trade in Indonesia Supporting SDGs 6 and 9","2026","Sustainability (Switzerland)","18","6","2997","","","0","10.3390/su18062997","https://www.scopus.com/pages/publications/105033872666?origin=resultslist","Article","Final","All Open Access; Gold Open Access","Scopus","2-s2.0-105033872666"
"Ramdani F.T.; Roestamy M.; Rahmawati R.; Ilyanawati R.Y.A.; Sudarsa A.S.","Ramdani, Faisal Tri (58601805800); Roestamy, Martin (57208395049); Rahmawati, Rita (58787534300); Ilyanawati, R. Yuniar Anisa (59553512500); Sudarsa, Agus Suarman (57952800900)","58601805800; 57208395049; 58787534300; 59553512500; 57952800900","Techno-Economic Household-Scale Solar Power Plants in Support of The Policy of Presidential Regulation Number 112 of 2022 Concerning the Acceleration of Renewable Energy Development","2026","Indonesian Journal of Science and Technology","11","2","","205","216","2","10.17509/ijost.v11i2.89708","https://www.scopus.com/pages/publications/105015532657?origin=resultslist","Article","Final","All Open Access; Gold Open Access","Scopus","2-s2.0-105015532657"
"Saldías C.; Echeverría I.; Vargas V.; Saavedra O.","Saldías, Cecilia (55347139700); Echeverría, Ivette (57214220231); Vargas, Valeria (60676734200); Saavedra, Oliver (60676298700)","55347139700; 57214220231; 60676734200; 60676298700","Flows against the current: governance and politics of wastewater reuse in Valle Alto, Bolivia","2026","International Journal of Water Resources Development","42","4","","497","518","0","10.1080/07900627.2026.2677000","https://www.scopus.com/pages/publications/105040961806?origin=resultslist","Article","Final","","Scopus","2-s2.0-105040961806"
"Sciurba L.; Settanni L.; Scalenghe R.","Sciurba, Lino (59425947200); Settanni, Luca (6507252349); Scalenghe, Riccardo (6505902111)","59425947200; 6507252349; 6505902111","Sampling techniques for extended soil microbiological studies: a review and a proposal for unified guidelines","2026","Applied Soil Ecology","221","","106928","","","4","10.1016/j.apsoil.2026.106928","https://www.scopus.com/pages/publications/105033002744?origin=resultslist","Review","Final","All Open Access; Green Open Access; Hybrid Gold Open Access","Scopus","2-s2.0-105033002744"
"Pan W.; Zhang W.; Han D.","Pan, Wang (60574030500); Zhang, Wei (57221430118); Han, Dong (56424567700)","60574030500; 57221430118; 56424567700","Optimal Operation Strategy for Island Multi-Energy Microgrids Considering the Water-Energy Nexus of Wastewater Treatment and Desalination","2026","Sustainability (Switzerland)","18","7","3297","","","0","10.3390/su18073297","https://www.scopus.com/pages/publications/105035491324?origin=resultslist","Article","Final","All Open Access; Gold Open Access","Scopus","2-s2.0-105035491324"
"Somvanshi J.; Patil-Nikam A.M.; Singh N.; Bhattacharjee M.; Kumar R.; Dutta N.; Dash S.S.","Somvanshi, Jaya (60716043700); Patil-Nikam, Anita M (60720922600); Singh, Namrata (60720922700); Bhattacharjee, Mamta (60720508000); Kumar, Ravi (60693599500); Dutta, Namah (60014262400); Dash, Sidhartha Sekhar (60571360900)","60716043700; 60720922600; 60720922700; 60720508000; 60693599500; 60014262400; 60571360900","Legal Frameworks for Equitable Water Governance: Strengthening Policy Mechanisms for Sustainable Water Access and Rights","2026","International Journal of Special Education","41","9S","","882","892","0","","https://www.scopus.com/pages/publications/105043578069?origin=resultslist","Article","Final","","Scopus","2-s2.0-105043578069"
"Mahmud M.; Potale A.F.H.; Husnan R.","Mahmud, Marike (57209496470); Potale, Alqi Fahriansa H. (60695628200); Husnan, Rawiyah (60695804700)","57209496470; 60695628200; 60695804700","Evaluation of the quality of Paguyaman river as a source of raw water and as a source of community drinking water from water supply company (PDAM) Wonosari Unit","2026","AIP Conference Proceedings","3319","1","030005","","","0","10.1063/5.0296110","https://www.scopus.com/pages/publications/105042104494?origin=resultslist","Conference paper","Final","","Scopus","2-s2.0-105042104494"
"Rhazzali A.L.; Lakatos E.S.; Portik-Szabó R.; Hossu E.C.; Cioca L.-I.; Moldovan A.","Rhazzali, Andreea Loredana (60190314300); Lakatos, Elena Simina (55015972000); Portik-Szabó, Ráhel (60418402500); Hossu, Elena Cristina (60418073900); Cioca, Lucian-Ionel (15077890400); Moldovan, Alina (59492453800)","60190314300; 55015972000; 60418402500; 60418073900; 15077890400; 59492453800","Sustainable Membrane Technologies for Enhancing Urban Climate Resilience","2026","Membranes","16","2","70","","","1","10.3390/membranes16020070","https://www.scopus.com/pages/publications/105031215069?origin=resultslist","Review","Final","All Open Access; Gold Open Access; Green Open Access","Scopus","2-s2.0-105031215069"
"Kimwaga R.; Magambo H.; Ndezi T.","Kimwaga, Richard (6507907462); Magambo, Hezron (57924426600); Ndezi, Tim (6505697833)","6507907462; 57924426600; 6505697833","Financial insecurity among sanitation workers and its impacts on safe service reliability: a case study of the Arusha depot manual emptying group","2026","Journal of Water Sanitation and Hygiene for Development","16","7","","628","646","0","10.2166/washdev.2026.007","https://www.scopus.com/pages/publications/105046847110?origin=resultslist","Article","Final","All Open Access; Gold Open Access","Scopus","2-s2.0-105046847110"
"Nyokabi N.; Muunda E.; Moore H.; Korir L.; Ndambi A.; Omanga C.; Korir L.; Phelan L.","Nyokabi, Ndungu (58150080800); Muunda, Emmanuel (57203620741); Moore, Henrietta (7202287031); Korir, Luke (56663260800); Ndambi, Asaah (19640518900); Omanga, Charles (60357230700); Korir, Lilian (57218398323); Phelan, Lisette (57734660900)","58150080800; 57203620741; 7202287031; 56663260800; 19640518900; 60357230700; 57218398323; 57734660900","Adoption of food safety measures in smallholder dairy farms in Kenya: Implications for milk safety and public health","2026","One Health","22","","101342","","","0","10.1016/j.onehlt.2026.101342","https://www.scopus.com/pages/publications/105028899854?origin=resultslist","Article","Final","All Open Access; Gold Open Access; Green Open Access","Scopus","2-s2.0-105028899854"
"Carrard N.; Gonzalez D.; MacArthur J.; Anh Minh N.; Giang Nam N.D.; Rodgers D.; Foster T.","Carrard, Naomi (22833324000); Gonzalez, Diana (57455286300); MacArthur, Jess (57221446312); Anh Minh, Nguyen (59299958500); Giang Nam, Nguyen Dinh (58864888600); Rodgers, David (60682944600); Foster, Tim (58746420200)","22833324000; 57455286300; 57221446312; 59299958500; 58864888600; 60682944600; 58746420200","Groundwater-based water services as complex socio-hydrogeological systems: insights from Vietnam’s Mekong Delta; [作为复杂社会—水文地质系统的地下水型供水服务：来自越南湄公河三角洲的启示]; [Services d’eau fondés sur les eaux souterraines en tant que systèmes socio-hydrologiques complexes: enseignements tirés du delta du Mékong au Vietnam]; [Serviços de água baseados em águas subterrâneas como sistemas socio-hidrogeológicos complexos: Percepções do Delta do Mekong, no Vietnã]; [Servicios de agua basados en aguas subterráneas como sistemas socio-hidrogeológicos complejos: perspectivas del delta del Mekong en Vietnam]; [Các dịch vụ cấp nước dựa vào nước ngầm như những hệ thống địa chất thủy văn - xã hội phức tạp: Góc nhìn từ Đồng bằng sông Cửu Long, Việt Nam]","2026","Hydrogeology Journal","","","","","","0","10.1007/s10040-026-03100-8","https://www.scopus.com/pages/publications/105041652596?origin=resultslist","Article","Article in press","All Open Access; Hybrid Gold Open Access","Scopus","2-s2.0-105041652596"
"Williams H.; Upendram S.; Mingie J.; Cho S.-H.","Williams, Hannah (60413577000); Upendram, Sreedhar (57192084015); Mingie, James (56516913300); Cho, Seong-Hoon (22940061400)","60413577000; 57192084015; 56516913300; 22940061400","Assessing the Targeting Efficiency of Clean Water Subsidies Under Uncertainty","2026","Environmental Management","76","9","276","","","0","10.1007/s00267-026-02581-3","https://www.scopus.com/pages/publications/105047556857?origin=resultslist","Article","Final","","Scopus","2-s2.0-105047556857"
"Ranjan A.; Mallick S.; Mandal K.K.","Ranjan, Avinash (57216616976); Mallick, Sambit (35275937600); Mandal, Kajal Kumar (57216611645)","57216616976; 35275937600; 57216611645","Political Ecology and Social Production of Drinking Water Scarcity in India's Contaminated Landscapes","2026","Geographical Journal","192","2","e70087","","","0","10.1111/geoj.70087","https://www.scopus.com/pages/publications/105038927372?origin=resultslist","Article","Final","","Scopus","2-s2.0-105038927372"
"de Lima M.D.S.; Silva W.D.O.; Neto M.M.; Fontana M.E.; Silva A.E.A.","de Lima, Marcos dos Santos (60678692200); Silva, Wesley Douglas Oliveira (57218679106); Neto, Manoel Mariano (60677465300); Fontana, Marcele Elisa (37103724100); Silva, Andressa Ellen Apolinário (60677704700)","60678692200; 57218679106; 60677465300; 37103724100; 60677704700","Expert group decision-making on ESG strategies for water public sanitation utilities under fiscal and budgetary constraints in Brazil","2026","Utilities Policy","102","","102252","","","0","10.1016/j.jup.2026.102252","https://www.scopus.com/pages/publications/105040972926?origin=resultslist","Article","Final","","Scopus","2-s2.0-105040972926"
"Ma J.; Fu L.; Chen Y.; Zhu S.; Fan Y.; Wang W.","Ma, Junkai (60515251300); Fu, Liwei (60514051400); Chen, Yanan (60515251200); Zhu, Shaoqing (60567996400); Fan, Yaofang (57192265265); Wang, Wenshuo (57225120281)","60515251300; 60514051400; 60515251200; 60567996400; 57192265265; 57225120281","Surface engineering of stainless-steel mesh with superwettability toward efficient water treatment through electroflotation","2026","Journal of Materials Chemistry A","14","29","","18617","18626","0","10.1039/d6ta01017b","https://www.scopus.com/pages/publications/105035249312?origin=resultslist","Article","Final","","Scopus","2-s2.0-105035249312"
"Feldman D.","Feldman, David Lewis (7402702751)","7402702751","Achieving Transboundary Water Security Through Water Innovations: A Framework and Cases","2026","World Water Policy","12","1","e70044","","","0","10.1002/wwp2.70044","https://www.scopus.com/pages/publications/105025593292?origin=resultslist","Note","Final","All Open Access; Hybrid Gold Open Access","Scopus","2-s2.0-105025593292"
"Tasnim F.; Oeishik M.Z.; Sarkar N.U.; Islam M.T.; Adib H.I.; Mamshad M.M.; Jahan H.","Tasnim, Faria (57210170366); Oeishik, Md Zarif (59341474700); Sarkar, Nijam Uddin (59449140200); Islam, Md Tahmidul (57215368653); Adib, Hossain Ishrath (57212565186); Mamshad, M.M. (60349795200); Jahan, Hasin (55538010900)","57210170366; 59341474700; 59449140200; 57215368653; 57212565186; 60349795200; 55538010900","Barriers to health care access for sanitation workers in five municipalities of Bangladesh: an evaluation of Shasthya Nirapotta Scheme using multinomial logistic regression approach","2026","International Journal for Equity in Health","25","1","23","","","0","10.1186/s12939-025-02739-1","https://www.scopus.com/pages/publications/105028483005?origin=resultslist","Article","Final","All Open Access; Gold Open Access; Green Open Access","Scopus","2-s2.0-105028483005"
"Dhar S.; Imran M.","Dhar, Sushmita (60525022900); Imran, Mohd (60526385500)","60525022900; 60526385500","Corporate Sustainability Metrics and Environmental Human Rights: Developing Rights-Based Indicators for Science-Based SDGs'Targets in India and China","2026","BIO Web of Conferences","225","","07004","","","0","10.1051/bioconf/202622507004","https://www.scopus.com/pages/publications/105033709243?origin=resultslist","Conference paper","Final","All Open Access; Gold Open Access; Green Open Access","Scopus","2-s2.0-105033709243"
"Legass A.M.; Alamirew T.; Gebrehiwot S.G.; Haro-Monteagudo D.; Tsegaye L.; Begashaw G.B.","Legass, Abebe M. (59806927500); Alamirew, Tena (22033431800); Gebrehiwot, Solomon G. (36084330100); Haro-Monteagudo, David (55348817800); Tsegaye, Lewoye (57214315606); Begashaw, Getnet Bogale (57792219600)","59806927500; 22033431800; 36084330100; 55348817800; 57214315606; 57792219600","Assessing urban water security in Awash River Basin, Addis Ababa, and its surrounding towns using Integrated Urban Water S ecurity Index","2026","Discover Sustainability","7","1","354","","","0","10.1007/s43621-025-02575-x","https://www.scopus.com/pages/publications/105031933820?origin=resultslist","Article","Final","All Open Access; Gold Open Access; Green Open Access","Scopus","2-s2.0-105031933820"
"Annan K.K.; Mariwah S.; Annan A.; Chirisa I.","Annan, Kingsford Kobina (60362146800); Mariwah, Simon (49663759800); Annan, Alice (60362342200); Chirisa, Innocent (55555185500)","60362146800; 49663759800; 60362342200; 55555185500","Management of water, sanitation and hygiene facilities in basic schools within the Mfantseman Municipality, Ghana","2026","Discover Sustainability","7","1","160","","","0","10.1007/s43621-025-02504-y","https://www.scopus.com/pages/publications/105028956745?origin=resultslist","Article","Final","All Open Access; Gold Open Access","Scopus","2-s2.0-105028956745"
"Selva C.; Butragueño M.N.; de Miquel C.","Selva, Clara (54880923800); Butragueño, Mónica Natalia (60365727600); de Miquel, Carlota (57217292502)","54880923800; 60365727600; 57217292502","Gender equity and menstrual justice: a psychosocial review on stigma and discrimination in access to reproductive health","2026","Reproductive health","23","1","","27","","2","10.1186/s12978-025-02255-z","https://www.scopus.com/pages/publications/105029053585?origin=resultslist","Review","Final","All Open Access; Gold Open Access; Green Open Access","Scopus","2-s2.0-105029053585"
"Ouargani Y.; Khattabi E.; Amine F.-E.M.","Ouargani, Younes (58621444300); Khattabi, El (60779745600); Amine, Fakhre-Eddine Mohamed (60779658000)","58621444300; 60779745600; 60779658000","Moroccan Dam level dataset: A high resolution satellite-based monitoring dataset for Moroccan Dams","2026","AIP Conference Proceedings","3495","1","030003","","","0","10.1063/12.0044636","https://www.scopus.com/pages/publications/105046770956?origin=resultslist","Conference paper","Final","","Scopus","2-s2.0-105046770956"
"John C.K.; Pu J.H.","John, Chukwuemeka Kingsley (57224580175); Pu, Jaan H. (55184014600)","57224580175; 55184014600","Climate-Driven Water Scarcity and Its Public Health Implications: A Multi-Regional Assessment Across Vulnerable Socio-Ecological Systems","2026","Water (Switzerland)","18","6","699","","","5","10.3390/w18060699","https://www.scopus.com/pages/publications/105034273803?origin=resultslist","Article","Final","All Open Access; Gold Open Access","Scopus","2-s2.0-105034273803"
"Afshari E.; Bavani A.R.M.; Mahabadi S.A.; Malekmohammadi B.; Mamaqani Y.A.A.; Gohari A.","Afshari, Ensieh (60622270400); Bavani, Ali Reza Massah (57226211948); Mahabadi, Samin Ansari (57204873281); Malekmohammadi, Bahram (27467529300); Mamaqani, Yousef Ali Ahmadi (60622246900); Gohari, Alireza (55499612200)","60622270400; 57226211948; 57204873281; 27467529300; 60622246900; 55499612200","A driver-pressure-state-impact-response and system dynamics framework for climate change adaptation in vulnerable wetlands","2026","Science of the Total Environment","1035","","181858","","","0","10.1016/j.scitotenv.2026.181858","https://www.scopus.com/pages/publications/105038185437?origin=resultslist","Article","Final","All Open Access; Hybrid Gold Open Access","Scopus","2-s2.0-105038185437"
"Munyayi R.; Swatuk L.A.; Mazvimavi D.; Chiramba T.; Mapani B.","Munyayi, Rennie (59751622800); Swatuk, Larry A. (6602921476); Mazvimavi, Dominic (55909894600); Chiramba, Thomas (55552971200); Mapani, Benjamin (6506980830)","59751622800; 6602921476; 55909894600; 55552971200; 6506980830","Household Water Insecurity Severity Across Urban Areas with Varying Aridity Levels in Sub-Saharan Africa: Examples from Namibia","2026","Water Security","28","","100200","","","0","10.1016/j.wasec.2026.100200","https://www.scopus.com/pages/publications/105034764603?origin=resultslist","Article","Final","","Scopus","2-s2.0-105034764603"
"Fuente D.; Mwaura M.; Gitu J.; Mulwa R.; Cook J.","Fuente, David (43861101200); Mwaura, Mbutu (57190252942); Gitu, Josiah (60644048800); Mulwa, Richard (26039342200); Cook, Joseph (7404183892)","43861101200; 57190252942; 60644048800; 26039342200; 7404183892","Improving payment for essential services – A field experiment in Nairobi, Kenya","2026","Utilities Policy","101","","102240","","","0","10.1016/j.jup.2026.102240","https://www.scopus.com/pages/publications/105039705978?origin=resultslist","Article","Final","All Open Access; Hybrid Gold Open Access","Scopus","2-s2.0-105039705978"
"Dehury S.; Tiwari S.; Los Rios P.D.","Dehury, Subhasis (59463794300); Tiwari, Satyam (55319308700); Los Rios, Paolo De (57224144267)","59463794300; 55319308700; 57224144267","Refolding-assisted purification of native full-length TDP-43 compatible with BSL-2 safety regulations","2026","Methods","248","","","83","91","0","10.1016/j.ymeth.2026.02.009","https://www.scopus.com/pages/publications/105031633780?origin=resultslist","Article","Final","All Open Access; Hybrid Gold Open Access","Scopus","2-s2.0-105031633780"
"Apsari S.L.; Kartikaningsih H.; Koentjoro M.P.","Apsari, Selfi’un Linda (60762604300); Kartikaningsih, Hartati (56720328000); Koentjoro, Maharani Pertiwi (55354732600)","60762604300; 56720328000; 55354732600","MULTI-CRITERIA PRIORITIZATION OF DOMESTIC WASTEWATER MITIGATION STRATEGIES IN URBAN RIVER SYSTEMS: AN AHP-BASED ENVIRONMENTAL SANITATION ASSESSMENT","2026","Jurnal Kesehatan Lingkungan","18","3","","187","198","0","10.20473/jkl.v18i3.2026.187-198","https://www.scopus.com/pages/publications/105045945573?origin=resultslist","Article","Final","All Open Access; Gold Open Access","Scopus","2-s2.0-105045945573"
"Rahimi M.; Ghorbani M.","Rahimi, Majid (57579161900); Ghorbani, Mehdi (56369877200)","57579161900; 56369877200","Tehran’s Water Scarcity Dilemma: Insights from a 150-Year Adaptive Cycle Assessment","2026","Water Conservation Science and Engineering","11","2","75","","","0","10.1007/s41101-026-00541-w","https://www.scopus.com/pages/publications/105043063288?origin=resultslist","Article","Final","","Scopus","2-s2.0-105043063288"
"Salauddin M.; Piracha A.","Salauddin, Md (57518995100); Piracha, Awais (25927992900)","57518995100; 25927992900","Issues of Bounded Geographies and Participatory Governance in Accessing Water in Informal Settlements: A Case of Khulna City, Bangladesh","2026","World Water Policy","12","2","e70088","","","0","10.1002/wwp2.70088","https://www.scopus.com/pages/publications/105038970091?origin=resultslist","Article","Final","All Open Access; Hybrid Gold Open Access","Scopus","2-s2.0-105038970091"
"Hernández-Vásquez A.; Vargas-Fernández R.","Hernández-Vásquez, Akram (57191620447); Vargas-Fernández, Rodrigo (57210289389)","57191620447; 57210289389","Health Inequalities Between Afro-descendants and Non-Afro-descendants in Peru: Evidence from the Demographic and Family Health Survey","2026","Journal of Racial and Ethnic Health Disparities","13","1","","529","539","1","10.1007/s40615-024-02265-w","https://www.scopus.com/pages/publications/85213995095?origin=resultslist","Article","Final","","Scopus","2-s2.0-85213995095"
"Akshaya N.; Kumar V.M.","Akshaya, N. (59736102100); Kumar, V. Mathan (59736059500)","59736102100; 59736059500","Public Satisfaction Towards Smart City Facilities in Coimbatore City","2026","Indian Journal of Information Sources and Services","16","1","","654","662","0","10.51983/ijiss-2026.16.1.68","https://www.scopus.com/pages/publications/105030976811?origin=resultslist","Article","Final","All Open Access; Hybrid Gold Open Access","Scopus","2-s2.0-105030976811"
"Jiménez N.N.V.; Montes J.E.O.; Álvarez C.V.","Jiménez, Nydia Nina Valencia (57199841979); Montes, Jorge Eliecer Ortega (57199837489); Álvarez, Consuelo Vélez (56504660600)","57199841979; 57199837489; 56504660600","Predictors of community empowerment against dengue in Córdoba, Colombia","2026","Journal of Health, Population and Nutrition","45","1","10","","","0","10.1186/s41043-025-01156-y","https://www.scopus.com/pages/publications/105027287410?origin=resultslist","Article","Final","All Open Access; Gold Open Access; Green Open Access","Scopus","2-s2.0-105027287410"
"Boasu B.Y.; Aduko J.; Saakuu F.","Boasu, Bismark Yeboah (57486744800); Aduko, Justice (59700982700); Saakuu, Francis (60685346700)","57486744800; 59700982700; 60685346700","Relationship between freshwater scarcity, rural livelihoods and coping strategies in Jirapa Municipality, Ghana","2026","Discover Environment","4","1","272","","","0","10.1007/s44274-026-00817-x","https://www.scopus.com/pages/publications/105041400761?origin=resultslist","Article","Final","All Open Access; Gold Open Access; Green Open Access","Scopus","2-s2.0-105041400761"
"Wu J.; Ma L.; Liang D.; Zhang L.; Varga L.","Wu, Junhao (58289991400); Ma, Ling (57782119600); Liang, Dongfang (15019276700); Zhang, Limao (55271615200); Varga, Liz (15081806200)","58289991400; 57782119600; 15019276700; 55271615200; 15081806200","Spatiotemporal synergy of rooftop rainwater harvesting: Dual benefits in flood mitigation and multi-purpose supply under climate change","2026","Sustainable Cities and Society","149","","107784","","","0","10.1016/j.scs.2026.107784","https://www.scopus.com/pages/publications/105046883432?origin=resultslist","Article","Final","","Scopus","2-s2.0-105046883432"
"Singh A.K.; Mishra S.; Singh A.K.; Polavarapu M.P.; Singh A.K.; Madhav S.; Singh A.; Kumar M.; Shukla S.K.","Singh, Akshay Kumar (58263315800); Mishra, Soham (60722992900); Singh, Aman Kumar (60723277800); Polavarapu, Mallikharjuna Prasad (60285649000); Singh, Amit K. (60789733100); Madhav, Sughosh (56946778800); Singh, Ajai (55757783136); Kumar, Manoj (57203913320); Shukla, Sushil Kumar (58636707800)","58263315800; 60722992900; 60723277800; 60285649000; 60789733100; 56946778800; 55757783136; 57203913320; 58636707800","Global Water Scarcity: Understanding Challenges, Causes, and Mitigation Measures","2026","Water Conservation Science and Engineering","11","2","78","","","0","10.1007/s41101-026-00540-x","https://www.scopus.com/pages/publications/105043689943?origin=resultslist","Review","Final","","Scopus","2-s2.0-105043689943"
"Vigurs C.; Oliver S.; Roy S.; Reddy H.; Parikh P.; Lall M.-C.; Lakhanpaul M.; Dasgupta R.; Lall M.; Sharma S.; Khanna R.; Manikam L.; Cupp M.; Santwani N.; Chaturverdi H.; Dang P.; Kumar Vijay V.; Prakash S.; Benton L.","Vigurs, Carol (56146169900); Oliver, Sandy (7202288559); Roy, Susrita (57214877618); Reddy, Hanimi (57718639400); Parikh, Priti (26031677400); Lall, Marie-Carine (60329866700); Lakhanpaul, Monica (6506572494); Dasgupta, Rajib (7005395350); Lall, Marie (18134178400); Sharma, Sanjay (57299626400); Khanna, Rajesh (55974237200); Manikam, Logan (36499843200); Cupp, Meghan (57209206574); Santwani, Neha (57433103300); Chaturverdi, Hemant (60329281800); Dang, Priyanka (57574116800); Kumar Vijay, Virendra (57215196396); Prakash, Satya (60329866800); Benton, Lorna (56108693300)","56146169900; 7202288559; 57214877618; 57718639400; 26031677400; 60329866700; 6506572494; 7005395350; 18134178400; 57299626400; 55974237200; 36499843200; 57209206574; 57433103300; 60329281800; 57574116800; 57215196396; 60329866800; 56108693300","Mapping policies and evidence addressing childhood malnutrition in India: A global scoping review of systematic reviews and India policy gap map","2026","BMJ Paediatrics Open","10","1","e004147","","","0","10.1136/bmjpo-2025-004147","https://www.scopus.com/pages/publications/105029061073?origin=resultslist","Review","Final","All Open Access; Gold Open Access; Green Open Access","Scopus","2-s2.0-105029061073"
"Hakasmanti E.; Semedi B.; Hardjoko A.T.; Koentjoro M.P.; Supriyadi","Hakasmanti, Erika (60557954400); Semedi, Bambang (57497598300); Hardjoko, Arief Tri (60557954500); Koentjoro, Maharani Pertiwi (55354732600); Supriyadi (60558034200)","60557954400; 57497598300; 60557954500; 55354732600; 60558034200","Effectiveness and Spatial Distribution of Wastewater Land Application Technical Approval in East Java","2026","Jurnal Presipitasi","23","1","","158","174","0","10.14710/presipitasi.v23i1.158-174","https://www.scopus.com/pages/publications/105034783224?origin=resultslist","Article","Final","All Open Access; Gold Open Access; Green Open Access","Scopus","2-s2.0-105034783224"
"Abass S.; Abbas U.; Abbass M.; Akhai S.","Abass, Sana (59884478900); Abbas, Uzma (59887302100); Abbass, Mahapara (57223910471); Akhai, Shalom (58966066200)","59884478900; 59887302100; 57223910471; 58966066200","Empowering Water and Sanitation Rights Through Digital Justice, Legal Reform, and Inclusive Governance","2026","Championing Civil Rights in the Digital Era","","","","193","231","0","10.4018/979-8-3693-3920-6.ch008","https://www.scopus.com/pages/publications/105032386784?origin=resultslist","Book chapter","Final","","Scopus","2-s2.0-105032386784"
"Rivera Á.M.R.","Rivera, Ángela Milena Rojas (57150148200)","57150148200","Drinking Water and Sewerage Provision at the Municipal Level in a Context of Regional Heterogeneity (2008-2019); [La provisión de agua potable y alcantarillado a nivel municipal en un contexto de heterogeneidad regional (2008-2019)]","2026","Apuntes del Cenes","45","81","","147","176","0","10.19053/UPTC.01203053.V45.N81.2026.18769","https://www.scopus.com/pages/publications/105038949064?origin=resultslist","Article","Final","All Open Access; Gold Open Access","Scopus","2-s2.0-105038949064"
"Puvaneyshwaran D.; Logie C.H.; Van Borek S.; Abrams A.; Grootboom L.; MacKenzie F.; Taing L.; Perez-Brumer A.; Gittings L.","Puvaneyshwaran, David (58927370500); Logie, Carmen H. (35174959000); Van Borek, Sarah (58502657100); Abrams, Amber (36056266200); Grootboom, Lauren (60389560500); MacKenzie, Frannie (58083375600); Taing, Lina (57196026970); Perez-Brumer, Amaya (36643073600); Gittings, Lesley (57185720100)","58927370500; 35174959000; 58502657100; 36056266200; 60389560500; 58083375600; 57196026970; 36643073600; 57185720100","Co-Creating an Intersectional Water Justice Toolkit and Documentary in Cape Town, South Africa","2026","Health Promotion Practice","","","","","","0","10.1177/15248399261421596","https://www.scopus.com/pages/publications/105030064583?origin=resultslist","Article","Article in press","All Open Access; Hybrid Gold Open Access","Scopus","2-s2.0-105030064583"
"Francis D.L.; Reddy S.S.P.","Francis, Delfin Lovelina (57957358000); Reddy, Saravanan Sampoornam Pape (56710868500)","57957358000; 56710868500","Strengthening the Structure of Public Health: Suggesting the Incorporation of ‘People’ Component as the ‘Seventh Block’","2026","Annals of Global Health","92","1","26","","","0","10.5334/aogh.5012","https://www.scopus.com/pages/publications/105034278691?origin=resultslist","Article","Final","All Open Access; Gold Open Access; Green Open Access","Scopus","2-s2.0-105034278691"
"Chirwa E.; Mwalwanda A.; Soko M.; Mbakaya B.C.","Chirwa, Ellacy (60380808000); Mwalwanda, Atusaye (58797489900); Soko, Margret (58485419200); Mbakaya, Balwani Chingatichifwe (57193825999)","60380808000; 58797489900; 58485419200; 57193825999","Effectiveness of emergency WASH strategies in disaster-prone areas of Africa: a systematic review","2026","Journal of Water Sanitation and Hygiene for Development","16","7","","710","734","0","10.2166/washdev.2026.166","https://www.scopus.com/pages/publications/105046841709?origin=resultslist","Review","Final","All Open Access; Gold Open Access","Scopus","2-s2.0-105046841709"
"Hendarto T.; Wahyuni E.S.; Dharmawan Y.S.; Bomdzele E.J.","Hendarto, Totok (57222963598); Wahyuni, E.S. (60678794600); Dharmawan, Y.S. (57214668310); Bomdzele, E.J. (57820336700)","57222963598; 60678794600; 57214668310; 57820336700","REVITALIZATION STRATEGIES FOR THE TRADITIONAL FISH PROCESSING INDUSTRY IN PUGER: A VALUE CHAIN APPROACH TO STRENGTHENING COASTAL ECONOMIC RESILIENCE","2026","African Journal of Food, Agriculture, Nutrition and Development","26","4","","29454","29469","0","10.18697/ajfand.151.26560","https://www.scopus.com/pages/publications/105041010132?origin=resultslist","Article","Final","All Open Access; Gold Open Access","Scopus","2-s2.0-105041010132"
"Atem N.V.; Lee J.-Y.; Akom E.B.; Chia R.W.; Bello F.A.","Atem, Ntegang Venant (59335279400); Lee, Jin-Yong (56470869800); Akom, Ekuri Brian (60568131100); Chia, Rogers Wainkwa (57193849166); Bello, Fatimo Ajoke (59701963300)","59335279400; 56470869800; 60568131100; 57193849166; 59701963300","Barriers to Effective Water Resource Management in Foumbot, Cameroon: Infrastructure, Policy, and Community Engagement","2026","Journal of Engineering Geology","36","1","","15","30","0","10.9720/kseg.2026.1.015","https://www.scopus.com/pages/publications/105035240448?origin=resultslist","Article","Final","","Scopus","2-s2.0-105035240448"
"Ogata R.; Matsumoto S.; Otsuka T.; Hattori Y.; Kitawaki H.","Ogata, Ryuji (57211457378); Matsumoto, Shigeyuki (57835743900); Otsuka, Takahiro (57223874890); Hattori, Yoko (60310620000); Kitawaki, Hidetoshi (6508349327)","57211457378; 57835743900; 57223874890; 60310620000; 6508349327","Influence of customer satisfaction and perceived water service quality on urban water supply management: A systematic review","2026","Cleaner and Responsible Consumption","21","","100389","","","2","10.1016/j.clrc.2026.100389","https://www.scopus.com/pages/publications/105027029389?origin=resultslist","Review","Final","All Open Access; Gold Open Access; Green Open Access","Scopus","2-s2.0-105027029389"
"Dhaundiyal S.","Dhaundiyal, Shruti (57218372753)","57218372753","Reconciling heritage and modern water infrastructures: design challenges from the Indian Himalayan Region","2026","Policy Design and Practice","9","1","","111","123","0","10.1080/25741292.2025.2552003","https://www.scopus.com/pages/publications/105015168732?origin=resultslist","Article","Final","All Open Access; Gold Open Access; Green Open Access","Scopus","2-s2.0-105015168732"
"Shorkar M.A.N.; Rahman K.M.A.; Alam M.B.; Uddin B.","Shorkar, Md. Abu Naim (57311954300); Rahman, K. M. Atikur (57213474160); Alam, Md. Bayezid (60414755100); Uddin, Baha (60414632600)","57311954300; 57213474160; 60414755100; 60414632600","Urban Green Space and Social Inclusion: Focused on Public Park’s Contribution to Elderly Population","2026","SAGE Open","16","1","","","","1","10.1177/21582440251412792","https://www.scopus.com/pages/publications/105030970166?origin=resultslist","Article","Final","All Open Access; Gold Open Access; Green Open Access","Scopus","2-s2.0-105030970166"
"Russo S.; Mirra L.; Caracciolo F.; Giannoccaro G.","Russo, S. (57440112800); Mirra, L. (57223045522); Caracciolo, F. (57200742905); Giannoccaro, G. (57001281500)","57440112800; 57223045522; 57200742905; 57001281500","Water governance matters: Self-supplied versus collective irrigation services and their impact on technical efficiency and production in olive oil farming","2026","Agricultural Water Management","324","","110148","","","1","10.1016/j.agwat.2026.110148","https://www.scopus.com/pages/publications/105027539532?origin=resultslist","Article","Final","All Open Access; Gold Open Access","Scopus","2-s2.0-105027539532"
"Jansz J.; Roupcová P.; Slaný J.; Roy D.K.; Callaghan S.; Ghosh A.; Wu Z.; Dong L.","Jansz, Janis (12759704400); Roupcová, Petra (57203481327); Slaný, Jan (57726944200); Roy, Dilip Kumar (57191596678); Callaghan, Saasha (60769799800); Ghosh, Apurna (16315650800); Wu, Zhiliang (57218957712); Dong, Lisha (55856670300)","12759704400; 57203481327; 57726944200; 57191596678; 60769799800; 16315650800; 57218957712; 55856670300","Process engineering and techno-economic evaluation of integrated hybrid treatment systems for mining wastewater reuse in arid and semi-arid regions","2026","Journal of Water Process Engineering","92","","110641","","","0","10.1016/j.jwpe.2026.110641","https://www.scopus.com/pages/publications/105046328258?origin=resultslist","Review","Final","All Open Access; Hybrid Gold Open Access","Scopus","2-s2.0-105046328258"
"Osorio M.; Cobo M.; Ruiz-Pardo R.Y.; Wullner B.; Cano J.; Sanchez N.","Osorio, Manuel (57217790929); Cobo, Martha (24175520600); Ruiz-Pardo, Ruth Y. (58086183100); Wullner, Boris (60691064400); Cano, Juan (60691150900); Sanchez, Nestor (57190156146)","57217790929; 24175520600; 58086183100; 60691064400; 60691150900; 57190156146","Sustainability beyond the bean: A social life cycle perspective on a green coffee production facility in Colombia","2026","Sustainable Production and Consumption","67","","","27","46","0","10.1016/j.spc.2026.05.013","https://www.scopus.com/pages/publications/105041832016?origin=resultslist","Article","Final","","Scopus","2-s2.0-105041832016"
"Tangadpalliwar S.A.; Gupta T.B.","Tangadpalliwar, Samidha A. (60588886400); Gupta, Tripti B. (57659888800)","60588886400; 57659888800","Advanced Adsorbent for Sustainable Wastewater Treatment: A Review of Nanomaterials, Metal–Organic Frameworks, Zeolites, and Biochar Systems","2026","International Journal of Environmental Research","20","3","137","","","0","10.1007/s41742-026-01077-6","https://www.scopus.com/pages/publications/105036218160?origin=resultslist","Review","Final","","Scopus","2-s2.0-105036218160"
"Nuraisyah A.; Wulandari E.; Indrawan D.; Othman Z.","Nuraisyah, Ani (57193921532); Wulandari, Eliana (57193310070); Indrawan, Dikky (57202032071); Othman, Zakirah (35186433000)","57193921532; 57193310070; 57202032071; 35186433000","Postharvest processing efficiency and value addition in arabica coffee production in West Java Indonesia","2026","Discover Sustainability","7","1","1134","","","0","10.1007/s43621-026-03495-0","https://www.scopus.com/pages/publications/105045603967?origin=resultslist","Article","Final","All Open Access; Gold Open Access","Scopus","2-s2.0-105045603967"
"Kouadio M.","Kouadio, Michael (57747456500)","57747456500","Greenhouse gas emissions, regulatory quality, and health outcomes in West Africa","2026","African Geographical Review","","","","","","0","10.1080/19376812.2026.2697179","https://www.scopus.com/pages/publications/105044059352?origin=resultslist","Article","Article in press","","Scopus","2-s2.0-105044059352"
"Tantoh H.B.; McKay T.J.M.; Leonard L.","Tantoh, Henry Bikwibili (57190249637); McKay, T.J.M. (55922911400); Leonard, Llewellyn (35743030000)","57190249637; 55922911400; 35743030000","Local power dynamics of rural water supply in Bambili, Northwest Cameroon","2026","Local Environment","","","","","","0","10.1080/13549839.2026.2644481","https://www.scopus.com/pages/publications/105033058695?origin=resultslist","Article","Article in press","","Scopus","2-s2.0-105033058695"
"Kyambade M.; Mwesigwa R.; Alinda K.; Tumwine S.; Lwanga F.","Kyambade, Mahadih (58849047600); Mwesigwa, Rogers (57201464007); Alinda, Kassim (57220482192); Tumwine, Sulait (57889998100); Lwanga, Freddie (60124446400)","58849047600; 57201464007; 57220482192; 57889998100; 60124446400","Responsible leadership and sustainability performance of health and sanitation projects: the mediating role of resilience","2026","Frontiers in Sustainability","7","","1838166","","","0","10.3389/frsus.2026.1838166","https://www.scopus.com/pages/publications/105044543819?origin=resultslist","Article","Final","All Open Access; Gold Open Access; Green Open Access","Scopus","2-s2.0-105044543819"
"Zhao Y.; Wang Y.","Zhao, Yuan (57195913740); Wang, Yue (59862621300)","57195913740; 59862621300","The effect of post-success handwashing on insight problem solving","2026","Acta Psychologica","268","","107323","","","0","10.1016/j.actpsy.2026.107323","https://www.scopus.com/pages/publications/105042681735?origin=resultslist","Article","Final","All Open Access; Gold Open Access","Scopus","2-s2.0-105042681735"
"Bandala E.R.; Ayoko G.A.; Goonetilleke A.","Bandala, Erick R. (6602388224); Ayoko, Godwin A. (6603427055); Goonetilleke, Ashantha (6604084914)","6602388224; 6603427055; 6604084914","Disparities in Drinking Water Security: Implications for Achieving SDG 6 in Native American Nations in the United States","2026","Environmental Justice","","","","","","2","10.1177/19394071251414501","https://www.scopus.com/pages/publications/105046983067?origin=resultslist","Article","Article in press","","Scopus","2-s2.0-105046983067"
"Nassar N.; Al Zabadi H.; Chabaane Z.","Nassar, Nidal (60599337200); Al Zabadi, Hamzeh (18436204200); Chabaane, Zohra (15769385500)","60599337200; 18436204200; 15769385500","Environmental stress, water inequality, and environmental justice in Palestinian urban areas: a GIS-based assessment of sanitation and infrastructure disparities in the southern West Bank","2026","Environmental Health: A Global Access Science Source","25","1","39","","","0","10.1186/s12940-026-01286-8","https://www.scopus.com/pages/publications/105036655158?origin=resultslist","Article","Final","All Open Access; Gold Open Access; Green Open Access","Scopus","2-s2.0-105036655158"
"Rezagama A.; Hartono D.M.; Soesilo T.E.B.; Hasibuan H.S.","Rezagama, Arya (57201582369); Hartono, Djoko Mulyo (6507868342); Soesilo, Tri Edhi Budhi (57193915879); Hasibuan, Hayati Sari (56203735100)","57201582369; 6507868342; 57193915879; 56203735100","Exploring the Interplay Between Water Source Choices and Perceptions of Hydrological Disaster Risks: Insights from Semarang’s Coastal Communities","2026","International Journal of Environmental Research","20","1","68","","","0","10.1007/s41742-025-01021-0","https://www.scopus.com/pages/publications/105027575903?origin=resultslist","Article","Final","","Scopus","2-s2.0-105027575903"
"Molla M.H.; Chowdhury M.A.T.; Muhibbullah M.","Molla, Morshed Hossan (56383510700); Chowdhury, Mohammad Abu Taiyeb (57213779162); Muhibbullah, Muhammad (6506333499)","56383510700; 57213779162; 6506333499","Water for All: A Strategic Assessment of Drinking Water Management at Cox's Bazar of Bangladesh in the Light of SDGs","2026","Sustainable Development","","","","","","0","10.1002/sd.70770","https://www.scopus.com/pages/publications/105029533073?origin=resultslist","Article","Article in press","","Scopus","2-s2.0-105029533073"
"Nurmaningtyas A.R.; Hamzah B.; Aprianti E.","Nurmaningtyas, Anggia Riani (57212482434); Hamzah, Baharuddin (7409682695); Aprianti, Evi (56411961000)","57212482434; 7409682695; 56411961000","Characteristics of Settlement on Water in Tobati Village, Papua: Challenges and Sustainability Strategies","2026","Journal of Design and Built Environment","26","1","","88","105","0","","https://www.scopus.com/pages/publications/105037845612?origin=resultslist","Article","Final","","Scopus","2-s2.0-105037845612"
"Sharma Bhattarai S.; Kisi K.; Dhakal R.; Kim H.","Sharma Bhattarai, Sushmit (58043438600); Kisi, Krishna (56287503500); Dhakal, Rabindra (60136182800); Kim, Hyunhwan (56227317200)","58043438600; 56287503500; 60136182800; 56227317200","Water Supply Megaproject in a Developing Nation: Lessons in Stakeholder Dynamics and Postcompletion Resilience from Prolonged Delays","2026","Journal of Legal Affairs and Dispute Resolution in Engineering and Construction","18","1","05025012","","","0","10.1061/JLADAH.LADR-1362","https://www.scopus.com/pages/publications/105018459067?origin=resultslist","Article","Final","","Scopus","2-s2.0-105018459067"
"Singhania D.; Roy Chowdhury S.","Singhania, Deepak (57194333973); Roy Chowdhury, Soumi (57196482625)","57194333973; 57196482625","Women as teammates: Gender composition of village councils and policy outcomes in India","2026","Local Government Studies","","","","","","0","10.1080/03003930.2026.2690384","https://www.scopus.com/pages/publications/105042404538?origin=resultslist","Article","Article in press","","Scopus","2-s2.0-105042404538"
"Pezzato M.; Giardina D.; Valsangiacomo C.; Sorlini S.","Pezzato, Maria (60713022000); Giardina, Daniela (35784197300); Valsangiacomo, Claudio (60712252900); Sorlini, Sabrina (6508128165)","60713022000; 35784197300; 60712252900; 6508128165","Review of methodologies to assess and evaluate the climate resilience of rural community-managed drinking-water supply systems in low-income contexts","2026","Environmental Science: Water Research and Technology","12","8","","2381","2394","0","10.1039/d6ew00063k","https://www.scopus.com/pages/publications/105042851891?origin=resultslist","Review","Final","All Open Access; Hybrid Gold Open Access","Scopus","2-s2.0-105042851891"
"Mazingisa A.V.; Wiysonge C.S.; Kgware M.","Mazingisa, Akhona Victress (57218885983); Wiysonge, Charles Shey (6507441509); Kgware, Moeti (60479393700)","57218885983; 6507441509; 60479393700","Evaluation of Sustainable Water, Sanitation and Hygiene Systems in Primary Schools in the eThekwini District of South Africa","2026","Sustainability (Switzerland)","18","11","5333","","","0","10.3390/su18115333","https://www.scopus.com/pages/publications/105041558573?origin=resultslist","Article","Final","All Open Access; Gold Open Access","Scopus","2-s2.0-105041558573"
"Dbouk H.M.; Attieh L.; Dbouk N.; Ezzeddine M.","Dbouk, Haytham M. (57211499924); Attieh, Layal (59329438200); Dbouk, Nour (59561634300); Ezzeddine, Mariam (59561205700)","57211499924; 59329438200; 59561634300; 59561205700","Wastewater treatment technologies and digital integration: A review of pathways toward circularity and sustainability","2026","Journal of Environmental Chemical Engineering","14","2","121718","","","4","10.1016/j.jece.2026.121718","https://www.scopus.com/pages/publications/105030921167?origin=resultslist","Review","Final","","Scopus","2-s2.0-105030921167"
"Singh R.K.; Kumar S.; Jew E.K.K.; Singh A.; Sheoran P.; Kumar S.; Singh D.; Gautam U.S.","Singh, Ranjay K. (57837700200); Kumar, Suresh (57301686200); Jew, Eleanor K.K. (45561196500); Singh, Anshuman (57217562411); Sheoran, Parvender (24330138600); Kumar, Satyendra (57219813989); Singh, Dheeraj (59259297300); Gautam, U.S. (14622411200)","57837700200; 57301686200; 45561196500; 57217562411; 24330138600; 57219813989; 59259297300; 14622411200","Wetland socio-ecological systems: Diversifying livelihoods and building capacity to learn increases resilience in India","2026","Sustainable Futures","12","","102003","","","0","10.1016/j.sftr.2026.102003","https://www.scopus.com/pages/publications/105043780648?origin=resultslist","Article","Final","All Open Access; Gold Open Access; Green Open Access","Scopus","2-s2.0-105043780648"
"Giridharan P.; Arangba S.; Nagarajan K.; Frederick A.; Thiruvengadam K.; Selvaraju S.","Giridharan, Prathiksha (57202040406); Arangba, Stephen (57961199500); Nagarajan, Karikalan (55539192000); Frederick, Asha (56286188800); Thiruvengadam, Kannan (57208210497); Selvaraju, Sriram (51664164400)","57202040406; 57961199500; 55539192000; 56286188800; 57208210497; 51664164400","Predictors of healthcare seeking for tuberculosis symptoms in the private healthcare facilities: findings from a cross-sectional population-based survey in Tamil Nadu","2026","BMJ Open ","16","1","e098806","","","0","10.1136/bmjopen-2025-098806","https://www.scopus.com/pages/publications/105027619309?origin=resultslist","Article","Final","All Open Access; Gold Open Access; Green Open Access","Scopus","2-s2.0-105027619309"
"Preña E.M.; Labayo C.P.; Lorenzana E.A.; Poja J.G.; Montas M.M.P.","Preña, Emmanuel M. (59353341600); Labayo, Cherrylyn P. (58547065400); Lorenzana, Elmer A. (60514106500); Poja, Janet G. (60546305100); Montas, Melody Mae. P. (60546305200)","59353341600; 58547065400; 60514106500; 60546305100; 60546305200","Household Perspectives on Urban Water Service Delivery: Implications for Policy and Practice in the Philippines","2026","Public Works Management and Policy","","","","","","0","10.1177/1087724X261439281","https://www.scopus.com/pages/publications/105034418725?origin=resultslist","Article","Article in press","","Scopus","2-s2.0-105034418725"
"Abungu V.; Firouzjaei M.D.; Terry L.G.; Elliott M.A.","Abungu, Vivian (57995263900); Firouzjaei, Mostafa Dadashi (57217029188); Terry, Leigh G. (57193517306); Elliott, Mark A. (57189616985)","57995263900; 57217029188; 57193517306; 57189616985","Water supply and infrastructure challenges in rural low-Income arid and semi-arid lands (ASALs): A case study of Turkana, Kenya","2026","PLOS Water","5","3","e0000509","","","2","10.1371/journal.pwat.0000509","https://www.scopus.com/pages/publications/105032129478?origin=resultslist","Article","Final","All Open Access; Gold Open Access","Scopus","2-s2.0-105032129478"
"Agyeman N.K.; Tantoh H.B.; Kamika I.","Agyeman, Nana Kwame (57213153402); Tantoh, Henry Bikwibili (57190249637); Kamika, Ilunga (37107713200)","57213153402; 57190249637; 37107713200","Assessing water security and governance complexity in the Owabi river catchment in Ghana","2026","Discover Sustainability","7","1","934","","","0","10.1007/s43621-026-03268-9","https://www.scopus.com/pages/publications/105042554884?origin=resultslist","Article","Final","All Open Access; Gold Open Access","Scopus","2-s2.0-105042554884"
"Barragán-Ochoa F.; Morales-Granda M.","Barragán-Ochoa, Fernando (57221980531); Morales-Granda, Marjorie (60795148000)","57221980531; 60795148000","From Rural Periphery to Peripheral Centralities: Rural Gentrification and Second Homes in San José de Quichinche, Ecuador; [Da periferia rural às centralidades periféricas: gentrificação rural e segundas residências em San José de Quichinche – Equador]; [De periferia rural a centralidades periféricas: gentrificación rural y segundas residencias en San José de Quichinche, Ecuador]","2026","Revista INVI","41","117","","174","207","0","10.5354/0718-8358.2026.78394","https://www.scopus.com/pages/publications/105047612756?origin=resultslist","Article","Final","All Open Access; Gold Open Access","Scopus","2-s2.0-105047612756"
"Donkor P.; Siabi E.K.; Mensah S.K.; Frimpong K.","Donkor, Peter (15063876600); Siabi, Ebenezer Kwadwo (57368303200); Mensah, Samuel Kofi (56966416200); Frimpong, Kwasi (57060335400)","15063876600; 57368303200; 56966416200; 57060335400","Green dreams and toxic realities: Exploring the environmental health risks and coping strategies of women in mining settlements in Obuasi, Ghana","2026","Resources Policy","118","","105957","","","1","10.1016/j.resourpol.2026.105957","https://www.scopus.com/pages/publications/105039867405?origin=resultslist","Article","Final","","Scopus","2-s2.0-105039867405"
"Payravand V.; Salajegheh A.; Sayadi M.","Payravand, Vahid (60774826200); Salajegheh, Ali (55153520800); Sayadi, Mohamadreza (60775409900)","60774826200; 55153520800; 60775409900","Developing a management model for the implementation of underground dams using the Strauss and Corbin approach; [تدوین الگوی مدیریت اجرای سدهای زیرزمی ن ی با استفاده از رویکرد اشتراوس و کوربین]","2026","Watershed Engineering and Management","18","2","","203","222","0","10.22092/ijwmse.2026.371150.2136","https://www.scopus.com/pages/publications/105046466243?origin=resultslist","Article","Final","","Scopus","2-s2.0-105046466243"
"Kyambade M.; Mwesigwa R.; Alinda K.; Tumwine S.; Lwanga F.","Kyambade, Mahadih (58849047600); Mwesigwa, Rogers (57201464007); Alinda, Kassim (57220482192); Tumwine, Sulait (57889998100); Lwanga, Freddie (60124446400)","58849047600; 57201464007; 57220482192; 57889998100; 60124446400","Exploring the role of institutional governance in enhancing sustainability performance of health and sanitation projects in Uganda: a qualitative inquiry","2026","Social Responsibility Journal","22","8","","1684","1702","5","10.1108/SRJ-11-2025-1179","https://www.scopus.com/pages/publications/105040955670?origin=resultslist","Article","Final","","Scopus","2-s2.0-105040955670"
"Kakala J.; Gidudu A.; Makabayi B.; Semyalo R.","Kakala, John (60780778500); Gidudu, Anthony (35810169300); Makabayi, Brian (60780551100); Semyalo, Ronald (31367592400)","60780778500; 35810169300; 60780551100; 31367592400","Identification of groundwater potential zones in Agago district, northern Uganda using GIS-based multicriteria decision analysis","2026","Water Supply","26","7","","607","629","0","10.2166/ws.2026.173","https://www.scopus.com/pages/publications/105046823260?origin=resultslist","Article","Final","All Open Access; Hybrid Gold Open Access","Scopus","2-s2.0-105046823260"
"Gupta N.; Das A.K.; Patra S.; Granados C.","Gupta, Nandini (58888604600); Das, Ajoy Kanti (56522119700); Patra, Suman (60218568000); Granados, Carlos (57221614189)","58888604600; 56522119700; 60218568000; 57221614189","An innovative hesitant fuzzy and traditional-ecological approach to water quality assessment and sustainable management of the Gomati River (the largest river in Tripura, India)","2026","Environmental Science and Pollution Research","33","7","","2783","2804","0","10.1007/s11356-026-37464-x","https://www.scopus.com/pages/publications/105029176060?origin=resultslist","Article","Final","","Scopus","2-s2.0-105029176060"
"Herdiyanti H.; Suyanto B.; Mas'Udah S.","Herdiyanti, H. (60025310100); Suyanto, B. (57193081790); Mas'Udah, S. (57213150183)","60025310100; 57193081790; 57213150183","Sustainable rehabilitation of post-mining land through community-driven ecological practices in Bangka Belitung, Indonesia","2026","IOP Conference Series: Earth and Environmental Science","1580","1","012040","","","0","10.1088/1755-1315/1580/1/012040","https://www.scopus.com/pages/publications/105028193182?origin=resultslist","Conference paper","Final","All Open Access; Gold Open Access","Scopus","2-s2.0-105028193182"
"Isnan W.; Achmad A.; Nugroho H.Y.S.H.; Demmalino E.B.","Isnan, Wahyudi (57214990589); Achmad, Amran (55773790500); Nugroho, Hunggul Y. S. H. (57194607752); Demmalino, Eymal B. (57217217078)","57214990589; 55773790500; 57194607752; 57217217078","Towards Safe and Equitable Water Access in Karst Landscapes: Lessons from a Community Water System in Bantimurung Bulusaraung National Park, Indonesia","2026","Environment and Ecology Research","14","4","","492","501","0","10.13189/eer.2026.140408","https://www.scopus.com/pages/publications/105046905839?origin=resultslist","Article","Final","All Open Access; Gold Open Access","Scopus","2-s2.0-105046905839"
"Nurmaningtyas A.R.; Hamzah B.; Aprianti E.","Nurmaningtyas, Anggia Riani (57212482434); Hamzah, Baharuddin (7409682695); Aprianti, Evi (56411961000)","57212482434; 7409682695; 56411961000","Priority Strategy for Managing Water Settlement Using Eco-Settlement: SWOT-AHP Approach in Tobati Village, Jayapura, Indonesia","2026","SSRG International Journal of Civil Engineering","13","6","","308","321","0","10.14445/23488352/IJCE-V13I6P121","https://www.scopus.com/pages/publications/105043801831?origin=resultslist","Article","Final","All Open Access; Hybrid Gold Open Access","Scopus","2-s2.0-105043801831"
"Opdyke A.; Latiph A.A.; Shrief M.C.; Yape E.","Opdyke, Aaron (56716198500); Latiph, Acram Abubacar (57222517951); Shrief, Mouhammad Camal (60572801500); Yape, Erlinda (55986273000)","56716198500; 57222517951; 60572801500; 55986273000","Displacement, infrastructure deficits and public health risks in post-conflict Marawi during the COVID-19 pandemic","2026","International Journal of Disaster Resilience in the Built Environment","17","2","","297","313","0","10.1108/IJDRBE-06-2025-0069","https://www.scopus.com/pages/publications/105035419113?origin=resultslist","Article","Final","All Open Access; Hybrid Gold Open Access","Scopus","2-s2.0-105035419113"
"Mwetulundila P.; Lewis E.; Indongo N.","Mwetulundila, Paulus (57205135067); Lewis, Earl (57202321407); Indongo, Nelago (26423601000)","57205135067; 57202321407; 26423601000","Challenges faced by older adults in Namibia and strategies to improve their health and well-being","2026","Social Sciences and Humanities Open","13","","102957","","","0","10.1016/j.ssaho.2026.102957","https://www.scopus.com/pages/publications/105041213395?origin=resultslist","Article","Final","All Open Access; Gold Open Access","Scopus","2-s2.0-105041213395"
"Zhang W.; Yao J.; Berbel J.; Yao W.; Shen Z.; Hu H.; Li S.; Xiao P.","Zhang, Wenmin (59951651800); Yao, Jingwei (57193537780); Berbel, Julio (55944681800); Yao, Wenyi (7202290754); Shen, Zhenzhou (59951783300); Hu, Hao (57155482400); Li, Shuangjiang (60574218200); Xiao, Peiqing (7103089125)","59951651800; 57193537780; 55944681800; 7202290754; 59951783300; 57155482400; 60574218200; 7103089125","Enhancing Agricultural Water System Resilience Under Climate Change: A Socio-Ecological Framework and Future Pathways","2026","Agronomy","16","12","1141","","","1","10.3390/agronomy16121141","https://www.scopus.com/pages/publications/105042862191?origin=resultslist","Review","Final","All Open Access; Gold Open Access","Scopus","2-s2.0-105042862191"
"Yang M.; Li X.; Song K.; Ma R.; Wang D.; He J.; Jing H.; Zhang X.; Wang L.","Yang, Mingzhi (57195071110); Li, Xinyang (57203689907); Song, Keying (60388559000); Ma, Rui (60029350300); Wang, Dong (60388419400); He, Jun (60388979200); Jing, Huan (60159369500); Zhang, Xinyi (57201901092); Wang, Liang (57075056900)","57195071110; 57203689907; 60388559000; 60029350300; 60388419400; 60388979200; 60159369500; 57201901092; 57075056900","Multi-Source Joint Water Allocation and Route Interconnection Under Low-Flow Conditions: An IMWA-IRRS Framework for the Yellow River Water Supply Region Within Water Network Layout","2026","Sustainability (Switzerland)","18","3","1541","","","2","10.3390/su18031541","https://www.scopus.com/pages/publications/105030110185?origin=resultslist","Article","Final","All Open Access; Gold Open Access","Scopus","2-s2.0-105030110185"
"Margini N.F.; Jbs I.D.B.; Tatika B.A.D.; Wahyu I.N.; Teguh N.A.","Margini, Nastasia F. (57220090089); Jbs, I.D. Bagus (60395551200); Tatika, Belia A.D. (60394683500); Wahyu, Ichwan N. (60394683600); Teguh, Novi Andriany (57225898179)","57220090089; 60395551200; 60394683500; 60394683600; 57225898179","Cost Optimization Using Several Transportation Model Solution Methods for Water Distribution in the PDAM Wae Manurung Bone Regency","2026","International Journal on Advanced Science, Engineering and Information Technology","16","1","","41","49","0","10.18517/ijaseit.16.1.21205","https://www.scopus.com/pages/publications/105030193652?origin=resultslist","Article","Final","All Open Access; Hybrid Gold Open Access","Scopus","2-s2.0-105030193652"
"Andoh C.N.; Ackerson N.O.B.; Antwi M.; Agbeko E.; Adu-Boahen K.; Attiogbe F.K.","Andoh, Collins Nana (58852866400); Ackerson, Nana Osei Bonsu (57202197576); Antwi, Mary (57215600756); Agbeko, Etornyo (58960401700); Adu-Boahen, Kofi (56444498100); Attiogbe, Francis Kwaku (36658922400)","58852866400; 57202197576; 57215600756; 58960401700; 56444498100; 36658922400","Assessment of residential solid waste management practices along Lake Volta, Ghana","2026","Aquatic Ecology","60","1","8","","","0","10.1007/s10452-025-10250-6","https://www.scopus.com/pages/publications/105025365283?origin=resultslist","Article","Final","","Scopus","2-s2.0-105025365283"
"Ghimire A.; Neupane M.S.","Ghimire, Animesh (59325970800); Neupane, Mamata Sharma (59353002400)","59325970800; 59353002400","Training under planetary risk: planetary health ethics in clinical education and governance","2026","BMC Medical Education","26","1","1306","","","0","10.1186/s12909-026-09424-z","https://www.scopus.com/pages/publications/105047458185?origin=resultslist","Article","Final","All Open Access; Gold Open Access; Green Open Access","Scopus","2-s2.0-105047458185"
"Oussadou S.E.; Shanableh A.; Backer S.N.; Parambath J.B.M.; Almanassra I.W.; Mousa M.; Bhattacharjee S.; Atieh M.A.","Oussadou, Samy Elhadi (58611595800); Shanableh, Abdallah (7003825668); Backer, Sumina Namboorimadathil (57223965222); Parambath, Javad B.M. (57226697054); Almanassra, Ismail W. (57190193180); Mousa, Muath (58256159300); Bhattacharjee, Sourjya (56708123400); Atieh, Muataz Ali (6701842430)","58611595800; 7003825668; 57223965222; 57226697054; 57190193180; 58256159300; 56708123400; 6701842430","Effect of salt modification on the performance of layer-by-layer NF membranes for pharmaceuticals removal","2026","Journal of Environmental Chemical Engineering","14","3","122668","","","0","10.1016/j.jece.2026.122668","https://www.scopus.com/pages/publications/105035631990?origin=resultslist","Article","Final","","Scopus","2-s2.0-105035631990"
"Sardana P.; Javernick-Will A.; Cook S.M.","Sardana, Prakriti (57222288671); Javernick-Will, Amy (34867962900); Cook, Sherri M. (55221384800)","57222288671; 34867962900; 55221384800","A Fuzzy-Set Qualitative Comparative Analysis of Potable Water Reuse Implementation Pathways","2026","Environmental Science and Technology","60","14","","10704","10716","0","10.1021/acs.est.5c18300","https://www.scopus.com/pages/publications/105035704010?origin=resultslist","Article","Final","All Open Access; Green Open Access; Hybrid Gold Open Access","Scopus","2-s2.0-105035704010"
"Mndzebele M.G.; Onatu G.","Mndzebele, Mhlalisi Gavu (60228898700); Onatu, George (55584943100)","60228898700; 55584943100","Assessing the current access to water and sanitation in informal settlements: a case study of Lerato Park, Northern Cape Province, South Africa","2026","Frontiers in Human Dynamics","8","","1746745","","","0","10.3389/fhumd.2026.1746745","https://www.scopus.com/pages/publications/105032435842?origin=resultslist","Article","Final","All Open Access; Gold Open Access","Scopus","2-s2.0-105032435842"
"Soler-Vargas C.A.; De-Luque-Villa M.A.; Gómez-Rendón C.P.","Soler-Vargas, Cándida Angelina (60686878500); De-Luque-Villa, Miguel A. (57210983214); Gómez-Rendón, Claudia Patricia (57219852862)","60686878500; 57210983214; 57219852862","Resilience and risk perception in water scarcity: an analysis from Bourdieu's theory","2026","Frontiers in Water","8","","1707226","","","0","10.3389/frwa.2026.1707226","https://www.scopus.com/pages/publications/105041512350?origin=resultslist","Article","Final","All Open Access; Gold Open Access; Green Open Access","Scopus","2-s2.0-105041512350"
"Andhi D.D.; Yulfiah Y.","Andhi, Dinar Dwi (60695578700); Yulfiah, Y. (60695396500)","60695578700; 60695396500","Strategy formulation for accelerating safe sanitation improvement in Lamongan","2026","Sustinere: Journal of Environment and Sustainability","10","1","","47","60","0","10.22515/y379nm75","https://www.scopus.com/pages/publications/105042076726?origin=resultslist","Article","Final","","Scopus","2-s2.0-105042076726"
"Hernando-Arrese M.; Ibarra M.I.; Bolados P.","Hernando-Arrese, Maite (57142076000); Ibarra, María Ignacia (57218649479); Bolados, Paola (36337521800)","57142076000; 57218649479; 36337521800","Reimagining water governance through feminist perspectives: Women’s everyday experiences in the Toltén Hydrosocial Territory, Southern Chile","2026","Environmental Science and Policy","180","","104408","","","1","10.1016/j.envsci.2026.104408","https://www.scopus.com/pages/publications/105039993548?origin=resultslist","Article","Final","","Scopus","2-s2.0-105039993548"
"Yanquiling R.S.; Dressler W.H.; Smith W.","Yanquiling, Rhomir S. (58745389600); Dressler, Wolfram H. (56072132200); Smith, Will (60147464100)","58745389600; 56072132200; 60147464100","Water, pipes and the cholera pathogen: The colonial politics of germs and water infrastructures in the Philippines","2026","Singapore Journal of Tropical Geography","","","","","","2","10.1111/sjtg.70081","https://www.scopus.com/pages/publications/105047229906?origin=resultslist","Article","Article in press","All Open Access; Hybrid Gold Open Access","Scopus","2-s2.0-105047229906"
"Kadiri Y.","Kadiri, Yeshashwini (60798229900)","60798229900","Toxic waters and broken promises: The struggle for health equity in informal settlements","2026","Urban Studies","","","","","","0","10.1177/00420980261470590","https://www.scopus.com/pages/publications/105047815075?origin=resultslist","Article","Article in press","All Open Access; Hybrid Gold Open Access","Scopus","2-s2.0-105047815075"
"Byansi J.Z.; Semiyaga S.; Katukiza A.Y.; Bateganya N.L.; Nakaye A.M.; Kansiime F.; Kulabako R.N.","Byansi, Jude Zziwa (58619307100); Semiyaga, Swaib (56196100600); Katukiza, Alex Yasoni (36537265800); Bateganya, Najib Lukooya (56578701200); Nakaye, Angella Mercy (60656899900); Kansiime, Frank (6602282120); Kulabako, Robinah Nakawunde (26324955500)","58619307100; 56196100600; 36537265800; 56578701200; 60656899900; 6602282120; 26324955500","Stakeholder priorities for sustaining operations and maintenance of school sanitation facilities in Kampala City, Uganda","2026","Discover public health","23","1","795","","","0","10.1186/s12982-026-02148-x","https://www.scopus.com/pages/publications/105040542431?origin=resultslist","Article","Final","All Open Access; Gold Open Access; Green Open Access","Scopus","2-s2.0-105040542431"
"Hailu Tesfaye A.; Kabito G.G.; Gelaye K.A.; Eyachew D.; Dessie A.; Hussein N.; Abere G.; Mekonnen T.H.","Hailu Tesfaye, Amensisa (60779023300); Kabito, Gebisa Guyasa (57213825881); Gelaye, Kassahun Alemu (55551589600); Eyachew, Dagnachew (57864322300); Dessie, Awrajaw (56288806600); Hussein, Nardos (60779023400); Abere, Giziew (57208780692); Mekonnen, Tesfaye Hambisa (57195195947)","60779023300; 57213825881; 55551589600; 57864322300; 56288806600; 60779023400; 57208780692; 57195195947","Access to safe sanitation services and factors associated with personal protective equipment utilisation among sanitation workers in Ethiopia: a mixed-methods study","2026","BMJ open","16","8","","e116558","","0","10.1136/bmjopen-2026-116558","https://www.scopus.com/pages/publications/105046724938?origin=resultslist","Article","Final","All Open Access; Gold Open Access; Green Open Access","Scopus","2-s2.0-105046724938"
"Abbas M.; Alam M.M.; Ben Hamida M.B.; Hassani M.K.","Abbas, Munawar (58885071600); Alam, Md. Mahbub (9636139800); Ben Hamida, Mohamed Bechir (36171647100); Hassani, Murad Khan (58821008600)","58885071600; 9636139800; 36171647100; 58821008600","Simulation of oxytactic microbes in hybrid nanofluid with activation energy and LTNE effects using Bayesian regularization neural network technique","2026","Discover Nano","21","1","358","","","0","10.1186/s11671-026-04600-y","https://www.scopus.com/pages/publications/105045280660?origin=resultslist","Article","Final","All Open Access; Gold Open Access; Green Open Access","Scopus","2-s2.0-105045280660"
"Villagómez-Reséndiz R.","Villagómez-Reséndiz, Radamés (57204422597)","57204422597","From the Paramos to the City: Environmental History, Water Sources, and More-Than-Human Governance for the City of Quito, Ecuador; [Dos páramos à cidade: história ambiental, fontes de água e governança mais que humana para a cidade de Quito, Equador]; [De los páramos a la urbe: historia ambiental, fuentes de agua y gobernanza más que humana para la ciudad de Quito, Ecuador]","2026","Historia Critica","","99","","63","83","0","10.7440/histcrit99.2026.04","https://www.scopus.com/pages/publications/105032780064?origin=resultslist","Article","Final","All Open Access; Gold Open Access; Green Open Access","Scopus","2-s2.0-105032780064"
"Malongweni S.O.","Malongweni, Siviwe Odwa (57208584820)","57208584820","Reframing Climate Justice in South Africa: Addressing the Socio-Political, Economic, Land and Soil Dimensions of Environmental Inequality","2026","Sustainability (Switzerland)","18","12","6169","","","0","10.3390/su18126169","https://www.scopus.com/pages/publications/105043106382?origin=resultslist","Review","Final","All Open Access; Gold Open Access","Scopus","2-s2.0-105043106382"
"Sichen X.; Mingmin X.; Hongyi X.; Rongrong Z.; Shuke T.","Sichen, Xiong (60231528800); Mingmin, Xu (60231175600); Hongyi, Xu (57197771525); Rongrong, Zhou (58738486200); Shuke, Tang (60230993100)","60231528800; 60231175600; 57197771525; 58738486200; 60230993100","Construction and optimization of machine learning models based on remote sensing inversion of NH3-N and TP pollution in the Qiantang River Basin, China","2026","Environmental Research","300","","124481","","","1","10.1016/j.envres.2026.124481","https://www.scopus.com/pages/publications/105035539432?origin=resultslist","Article","Final","","Scopus","2-s2.0-105035539432"
"Snyder J.","Snyder, Jonathan (60750450200)","60750450200","Receipt of Incidental Take Permit Application and Proposed Habitat Conservation Plan for Los Angeles County Sanitation Districts Joint Outfall J Unit 1E Trunk Sewer Rehabilitation Project, City of Rancho Palos Verdes, CA; Categorical Exclusion","2026","Federal Register","91","138","","45824","45826","0","","https://www.scopus.com/pages/publications/105045325095?origin=resultslist","Note","Final","","Scopus","2-s2.0-105045325095"
"Koli K.; Begum S.; Efat M.D.A.G.","Koli, Kamrunnahar (60558794700); Begum, Salma (60558620600); Efat, MD. Abujar Gifary (60558794800)","60558794700; 60558620600; 60558794800","Health Insecurity and Occupational Risk Factors Among Urban Waste Collectors in Dhaka City, Bangladesh: A Cross-Sectional Study","2026","Health Science Reports","9","4","e72281","","","0","10.1002/hsr2.72281","https://www.scopus.com/pages/publications/105034781573?origin=resultslist","Article","Final","All Open Access; Gold Open Access; Green Open Access","Scopus","2-s2.0-105034781573"
"Wang Z.; Zhang Y.; Li N.; Zhang J.","Wang, Zhoufeng (57218257549); Zhang, Yanjing (58293841700); Li, Ning (60397289200); Zhang, Jingxuan (57222185992)","57218257549; 58293841700; 60397289200; 57222185992","Spatiotemporal patterns and drivers of carbon emissions from on-site wastewater treatment: Evidence from a city-wide long-term network","2026","Environmental Research","296","","123948","","","8","10.1016/j.envres.2026.123948","https://www.scopus.com/pages/publications/105030192501?origin=resultslist","Article","Final","","Scopus","2-s2.0-105030192501"
"Bulti D.T.; Eshete A.L.","Bulti, Dejene Tesema (57216872922); Eshete, Anteneh Lemmi (60586804100)","57216872922; 60586804100","Bridging policy and space: A GIS-AHP framework for sustainable industrial land-use governance in secondary cities—evidence from Adama, Ethiopia","2026","Land Use Policy","167","","108066","","","0","10.1016/j.landusepol.2026.108066","https://www.scopus.com/pages/publications/105036059625?origin=resultslist","Article","Final","","Scopus","2-s2.0-105036059625"
"Aliyah I.; Sugiarti R.; Werdinityas R.; Taukida A.; Firzatullah F.E.; Amrulloh R.","Aliyah, Istijabatul (57194500146); Sugiarti, Rara (57190402739); Werdinityas, Ratri (60785105300); Taukida, Arzaq (60785787300); Firzatullah, Fausta Ezra (60785299400); Amrulloh, Reyza (60785396500)","57194500146; 57190402739; 60785105300; 60785787300; 60785299400; 60785396500","EMBEDDING CREATIVE COMMUNITIES IN URBAN TOURISM PLANNING: TOWARD A SMART CULTURE ECOSYSTEM FOR SUSTAINABLE CITY DEVELOPMENT IN SURAKARTA, INDONESIA","2026","Journal of Environmental Science and Sustainable Development","9","1","","348","370","1","10.7454/jessd.v9i1.1477","https://www.scopus.com/pages/publications/105047073740?origin=resultslist","Article","Final","All Open Access; Gold Open Access","Scopus","2-s2.0-105047073740"
"Liu Q.; Xu N.; Li K.; Wang Q.; Fan L.; Wan Y.; Hu X.; Huang Z.","Liu, Qiao (57200647211); Xu, Nong (16837425500); Li, Kaiming (59233084200); Wang, Qing (57212048720); Fan, Long (35324312800); Wan, Yinhua (7402417332); Hu, Xiang (60478801000); Huang, Zhifeng (57194636683)","57200647211; 16837425500; 59233084200; 57212048720; 35324312800; 7402417332; 60478801000; 57194636683","Pore engineering and charge attenuation for covalent organic framework membranes: A new approach to high-performance molecular–ion separation","2026","Water Research","297","","125738","","","3","10.1016/j.watres.2026.125738","https://www.scopus.com/pages/publications/105032514097?origin=resultslist","Article","Final","","Scopus","2-s2.0-105032514097"
"Hong B.; Sun Z.; Wu Z.; Meng Y.; Chen Z.; Chen X.; Wang W.; Liu D.","Hong, Bingyuan (57203901613); Sun, Zhongjian (60684993700); Wu, Zenan (60684779800); Meng, Yu (60684683100); Chen, Zhiwei (57218199509); Chen, Xianlei (57205078118); Wang, Weiqiang (35206645600); Liu, Daiwei (57200686748)","57203901613; 60684993700; 60684779800; 60684683100; 57218199509; 57205078118; 35206645600; 57200686748","Advances in Electrofusion Welding Technology for Polymeric Pipelines: From Process Optimization to Mechanism-Driven Control","2026","Polymers","18","11","1402","","","0","10.3390/polym18111402","https://www.scopus.com/pages/publications/105041384388?origin=resultslist","Review","Final","All Open Access; Gold Open Access; Green Open Access","Scopus","2-s2.0-105041384388"
"Joy N.S.; Rahman M.M.","Joy, Nafew Sajed (59733693800); Rahman, Md. Mahfuzur (59039882200)","59733693800; 59039882200","Sustainable Development in the Printing Industry of Bangladesh: A Qualitative Assessment of Gender Equality, Decent Work, and Hygiene Standards","2026","Journal of Developing Societies","42","1","","132","163","1","10.1177/0169796X251371355","https://www.scopus.com/pages/publications/105016624431?origin=resultslist","Article","Final","","Scopus","2-s2.0-105016624431"
"Ogunbode T.O.","Ogunbode, Timothy O. (57192102538)","57192102538","The State of SDG 6 in Nigeria (2016-2024): A Critical Review of Progress and Future Strategies","2026","Environmental Health Insights","20","","11786302261417003","","","0","10.1177/11786302261417003","https://www.scopus.com/pages/publications/105040151111?origin=resultslist","Review","Final","All Open Access; Gold Open Access; Green Open Access","Scopus","2-s2.0-105040151111"
"Wada O.Z.; Ige A.O.; Egbewole B.I.; Olawade D.B.","Wada, Ojima Z. (57223679195); Ige, Abimbola O. (58891268100); Egbewole, Bamise I. (57966872000); Olawade, David B. (57219597340)","57223679195; 58891268100; 57966872000; 57219597340","Circular economy from wastewater resource recovery: A review of recent advances and global disparities","2026","Sustainable Chemistry One World","9","","100187","","","10","10.1016/j.scowo.2026.100187","https://www.scopus.com/pages/publications/105028040239?origin=resultslist","Review","Final","All Open Access; Green Open Access; Hybrid Gold Open Access","Scopus","2-s2.0-105028040239"
"Rojas C.; Riascos-Ochoa J.; Clerici N.; Longo-Sánchez M.C.","Rojas, Cesar (59420791000); Riascos-Ochoa, Javier (55386887000); Clerici, Nicola (8721963900); Longo-Sánchez, Magnolia Constanza (60577971900)","59420791000; 55386887000; 8721963900; 60577971900","Integrating local perceptions and Bayesian belief networks into model ecosystem services multifunctionality in the Colombian Andes","2026","Modeling Earth Systems and Environment","12","3","136","","","0","10.1007/s40808-026-02735-6","https://www.scopus.com/pages/publications/105035617005?origin=resultslist","Article","Final","All Open Access; Green Open Access; Hybrid Gold Open Access","Scopus","2-s2.0-105035617005"
"Tang L.; Li Y.; Dong M.; Li J.; Ji W.; Zhang S.; Nian P.; Wei Y.","Tang, Lili (59418701000); Li, Yanan (57202364564); Dong, Mengyao (60657902000); Li, Junzhi (59790000100); Ji, Wenlan (57208829790); Zhang, Shihao (59170209200); Nian, Pei (56140641800); Wei, Yibin (56599424900)","59418701000; 57202364564; 60657902000; 59790000100; 57208829790; 59170209200; 56140641800; 56599424900","Constructing tea polyphenol-trimesoyl chloride-induced 3D phenolic ester cross-linked networks into MXene membranes for superior cation separation","2026","Journal of Membrane Science","755","","125738","","","1","10.1016/j.memsci.2026.125738","https://www.scopus.com/pages/publications/105040592260?origin=resultslist","Article","Final","","Scopus","2-s2.0-105040592260"
"Lenka A.K.; Chanchal R.; Sheemar V.","Lenka, Ajit Kumar (57193989050); Chanchal, Rajshree (58244356400); Sheemar, Vikas (60634636300)","57193989050; 58244356400; 60634636300","Urban India’s water supply woes: A review of policies and provisioning","2026","Humanities and Social Sciences: A Multidisciplinary Approach","","","","666","676","0","10.1201/9781003771937-102","https://www.scopus.com/pages/publications/105039036228?origin=resultslist","Book chapter","Final","","Scopus","2-s2.0-105039036228"
"Hossain H.; Muktadir M.A.; Binte Sayeed S.S.; Ahmed S.; Ali M.H.; Brishty K.A.; Chowdhury M.S.R.; Rahman M.M.","Hossain, Hemayet (56278087600); Muktadir, Md. Al (60606760400); Binte Sayeed, Snigdha Sharmin (60428683100); Ahmed, Sojib (60449259200); Ali, Md. Hasan (60512487900); Brishty, Khadiza Akter (59548494500); Chowdhury, Md. Shahidur Rahman (57213266814); Rahman, Md. Mahfujur (57225857401)","56278087600; 60606760400; 60428683100; 60449259200; 60512487900; 59548494500; 57213266814; 57225857401","Scabies Outbreak in Pediatric Populations of Bangladesh: A Perspective on Therapeutic Management, Risk Factors, and Public Health Implications","2026","Health Science Reports","9","5","e72450","","","0","10.1002/hsr2.72450","https://www.scopus.com/pages/publications/105037402712?origin=resultslist","Article","Final","All Open Access; Gold Open Access; Green Open Access","Scopus","2-s2.0-105037402712"
"Badakshi F.; Zahid K.","Badakshi, Farah (51664490700); Zahid, Kiran (60782390900)","51664490700; 60782390900","Bacteriophage cocktails and bacterial coevolution: a systematic review of resistance prevention strategies against multidrug-resistant pathogens in sewage water","2026","Iranian Journal of Microbiology","18","4","","460","472","0","10.18502/ijm.v18i4.22189","https://www.scopus.com/pages/publications/105046885437?origin=resultslist","Article","Final","All Open Access; Gold Open Access","Scopus","2-s2.0-105046885437"
"Alejo K.G.; Villanueva-Peyraube J.D.; Faustino-Eslava D.V.; Cui L.E.","Alejo, Kennethjer G. (57210409967); Villanueva-Peyraube, Jessica D. (58069587000); Faustino-Eslava, Decibel V. (57201114254); Cui, Loucel E. (57218139922)","57210409967; 58069587000; 57201114254; 57218139922","Access to sustainable water supply: Community insights and economic valuation for the conservation of Viray watershed in the Philippines","2026","Cleaner Water","6","","100246","","","0","10.1016/j.clwat.2026.100246","https://www.scopus.com/pages/publications/105033669504?origin=resultslist","Article","Final","All Open Access; Gold Open Access","Scopus","2-s2.0-105033669504"
"Nayak B.; Panda P.K.","Nayak, Bhaktishree (59157080900); Panda, Prafulla Kumar (54399112000)","59157080900; 54399112000","A Comprehensive Review of Water Quality Analysis","2026","International Journal of Image and Graphics","26","4","2650033","","","6","10.1142/S0219467826500336","https://www.scopus.com/pages/publications/85209078416?origin=resultslist","Review","Final","","Scopus","2-s2.0-85209078416"
"Ahmed S.; Al-Meer S.; Ben Ali A.; Nasser M.S.; Hussein I.A.","Ahmed, Somaya (57220888469); Al-Meer, Saeed (57192994732); Ben Ali, Ahmed (58205030300); Nasser, Mustafa S. (14047243100); Hussein, Ibnelwaleed A. (7006902814)","57220888469; 57192994732; 58205030300; 14047243100; 7006902814","Clay-Based Technologies for Produced Water Treatment: A Bibliometric Analysis of Global Trends and SDG Contributions (1996–2025)","2026","ACS Omega","11","25","","36568","36584","0","10.1021/acsomega.5c10571","https://www.scopus.com/pages/publications/105043514007?origin=resultslist","Article","Final","All Open Access; Gold Open Access; Green Open Access","Scopus","2-s2.0-105043514007"
"Murebwayire M.L.; Nilsson E.; Wali U.G.; Nhapi I.","Murebwayire, Marie Leonce (60101850300); Nilsson, Erik (57207891605); Wali, Umaru Garba (34969762500); Nhapi, Innocent (6602713629)","60101850300; 57207891605; 34969762500; 6602713629","A compliance assessment tool for household pit latrines and cesspits against RS ISO 24521: evidence from Kigali City","2026","Frontiers in Public Health","14","","1795680","","","0","10.3389/fpubh.2026.1795680","https://www.scopus.com/pages/publications/105042358174?origin=resultslist","Article","Final","All Open Access; Gold Open Access; Green Open Access","Scopus","2-s2.0-105042358174"
"Simuziya N.J.","Simuziya, Nsama Jonathan (57314814000)","57314814000","A Juxtaposed Analysis of the Challenges and Prospects of Attaining Universal Human Rights in African Polities","2026","International Journal on Minority and Group Rights","33","1","","177","203","0","10.1163/15718115-bja10204","https://www.scopus.com/pages/publications/85216254220?origin=resultslist","Review","Final","","Scopus","2-s2.0-85216254220"
"Maliva R.; Wallis M.; Law L.","Maliva, Robert (6701911301); Wallis, Monica (60565599900); Law, Logan (60565525800)","6701911301; 60565599900; 60565525800","Reclaimed Water ASR in a Sand-and-Gravel Aquifer: Destin Water Users System (Florida, USA) †","2026","Water (Switzerland)","18","6","722","","","0","10.3390/w18060722","https://www.scopus.com/pages/publications/105035055049?origin=resultslist","Article","Final","All Open Access; Gold Open Access","Scopus","2-s2.0-105035055049"
"Wang R.; Zhao Y.; Zhu G.","Wang, Rui (59445867000); Zhao, Yang (57226709515); Zhu, Guangcan (8644888600)","59445867000; 57226709515; 8644888600","Electrode–microbe–catalyst triple coupling for efficient nitrogen conversion and recovery in wastewater","2026","Journal of Environmental Chemical Engineering","14","1","121091","","","0","10.1016/j.jece.2026.121091","https://www.scopus.com/pages/publications/105027404754?origin=resultslist","Review","Final","","Scopus","2-s2.0-105027404754"
"Dinsa H.T.; Nurhusein M.M.","Dinsa, Hawinet Teso (58521686600); Nurhusein, Mebruk Mohammed (58521430100)","58521686600; 58521430100","A systems thinking approach to operationalizing integrated water resources management in Ethiopia through leverage points and feedback loops","2026","Discover Sustainability","7","1","733","","","0","10.1007/s43621-026-03103-1","https://www.scopus.com/pages/publications/105039421668?origin=resultslist","Article","Final","All Open Access; Gold Open Access","Scopus","2-s2.0-105039421668"
"Glavanits J.; Fényes Z.","Glavanits, Judit (57219257277); Fényes, Zsolt (60710649500)","57219257277; 60710649500","Beyond “Potty Parity”: Public Toilets, Gendered Time Costs, and Institutional Accountability in Everyday Mobility","2026","Laws","15","3","55","","","0","10.3390/laws15030055","https://www.scopus.com/pages/publications/105042872695?origin=resultslist","Article","Final","All Open Access; Gold Open Access","Scopus","2-s2.0-105042872695"
"Chimatiro C.S.; Mianda S.; Hajison P.; Lembani M.","Chimatiro, Chancy Skenard (57203945163); Mianda, Solange (57200552995); Hajison, Precious (57194692025); Lembani, Martina (56884603800)","57203945163; 57200552995; 57194692025; 56884603800","Health system strategies and responses to the effects of Climate Change in Sub-Saharan Africa: A scoping review","2026","PLOS ONE","21","6 June","e0349448","","","0","10.1371/journal.pone.0349448","https://www.scopus.com/pages/publications/105042352876?origin=resultslist","Article","Final","All Open Access; Gold Open Access; Green Open Access","Scopus","2-s2.0-105042352876"
"Pandey S.; Acharya S.; Bhandari S.; Running K.","Pandey, Subash (60705993400); Acharya, Suman (57215577176); Bhandari, Sabina (58126902800); Running, Katrina (55653771100)","60705993400; 57215577176; 58126902800; 55653771100","Effectiveness and equity of local climate adaptation: Evidence from a comparative LAPA case study in rural Nepal","2026","Regional Environmental Change","26","3","140","","","1","10.1007/s10113-026-02624-9","https://www.scopus.com/pages/publications/105042686026?origin=resultslist","Article","Final","All Open Access; Hybrid Gold Open Access","Scopus","2-s2.0-105042686026"
"de Biase C.; Napolitano A.; Redouane Z.; Menna D.","de Biase, Claudia (57202351559); Napolitano, Antonetta (60002324100); Redouane, Zomorrouda (60002509600); Menna, Daniela (60002509700)","57202351559; 60002324100; 60002509600; 60002509700","Urban and Valuation Aspects of an Illegal Neighborhood: The Case of Campo Sorbo in Ancient Capua","2026","Lecture Notes in Computer Science","15897 LNCS","","","459","482","0","10.1007/978-3-031-97660-5_30","https://www.scopus.com/pages/publications/105010824346?origin=resultslist","Conference paper","Final","","Scopus","2-s2.0-105010824346"
"Sosnowska-Sienkiewicz P.; Łohynowicz A.; Januszkiewicz-Lewandowska D.","Sosnowska-Sienkiewicz, Patrycja (57221003204); Łohynowicz, Anna (60798026000); Januszkiewicz-Lewandowska, Danuta (6602679067)","57221003204; 60798026000; 6602679067","Clinical guidelines for the management of cytostatic extravasation in children","2026","Wspolczesna Onkologia","30","2","","103","109","0","10.5114/wo.2026.163773","https://www.scopus.com/pages/publications/105047767129?origin=resultslist","Review","Final","All Open Access; Gold Open Access","Scopus","2-s2.0-105047767129"
"Paclauna Y.M.; Mancilla G.B.; Jara O.B.E.; Ganding J.A.; Ng N.C.-S.; Chan S.W.S.","Paclauna, Ysaren Mae (60731402700); Mancilla, Gabrielle Bennet (60731509000); Jara, Onikka Bernice E. (60731611600); Ganding, Jomar Adams (60515575800); Ng, Nancy Choon-Si (59760476300); Chan, Shealtiel William S. (57812983800)","60731402700; 60731509000; 60731611600; 60515575800; 59760476300; 57812983800","Wastewater-based epidemiology for early detection of viral outbreaks: Global evidence and insights from the Philippines","2026","Asian Journal of Water, Environment and Pollution","23","3","025460351","","","1","10.36922/AJWEP025460351","https://www.scopus.com/pages/publications/105044127077?origin=resultslist","Review","Final","All Open Access; Hybrid Gold Open Access","Scopus","2-s2.0-105044127077"
"Laaser U.; Karabasil N.; Wenzel H.; Bjegović Mikanović V.","Laaser, Ulrich (7005289486); Karabasil, Nedjeljko (57218216272); Wenzel, Helmut (57194147519); Bjegović Mikanović, Vesna (55848108800)","7005289486; 57218216272; 57194147519; 55848108800","Dynamising One Health Through a Structured Global Networking Model","2026","Veterinary Sciences","13","7","720","","","0","10.3390/vetsci13070720","https://www.scopus.com/pages/publications/105045944875?origin=resultslist","Article","Final","All Open Access; Gold Open Access; Green Open Access","Scopus","2-s2.0-105045944875"
"Jacob J.H.; Kotzebue J.R.","Jacob, Jabari Hollis (60478968100); Kotzebue, Julia R. (36157969000)","60478968100; 36157969000","Sustainable development goal 11.1 in the Caribbean: assessing informal settlement upgrading in Trinidad and Tobago","2026","Frontiers in Sustainable Cities","8","","1731817","","","0","10.3389/frsc.2026.1731817","https://www.scopus.com/pages/publications/105032563970?origin=resultslist","Article","Final","All Open Access; Gold Open Access","Scopus","2-s2.0-105032563970"
"Rajasekaran N.K.; Ashok C.; Jeyabalan S.; Veeraraghavan G.; Subramaniyan V.; S D.D.P.; Wong L.S.; Sekar M.; Jaganathan R.","Rajasekaran, Naveen Kumar (60000324000); Ashok, Chetan (58308817300); Jeyabalan, Srikanth (57191287817); Veeraraghavan, Gayathri (60745320700); Subramaniyan, Vetriselvan (56721233900); S, Devaraja Dravida Pandiyan (59918856500); Wong, Ling Shing (55819849800); Sekar, Mahendran (36080944800); Jaganathan, Ravindran (54585299400)","60000324000; 58308817300; 57191287817; 60745320700; 56721233900; 59918856500; 55819849800; 36080944800; 54585299400","Persistent lead neurotoxicity as a consequence of global regulatory failure and trade-driven exposure inequities","2026","Discover public health","23","1","1186","","","0","10.1186/s12982-026-02436-6","https://www.scopus.com/pages/publications/105045052083?origin=resultslist","Review","Final","All Open Access; Gold Open Access","Scopus","2-s2.0-105045052083"
"Leite J.; Carmo C.; Correia G.","Leite, Joaquim (57223243183); Carmo, Cecília (57438070600); Correia, Gastão (60761082500)","57223243183; 57438070600; 60761082500","Enhancing Efficiency in Urban Water Services: Applying the Balanced Scorecard to the Portuguese Municipal Company AEP","2026","IBIMA Business Review","2026","","765158","","","0","10.5171/2026.765158","https://www.scopus.com/pages/publications/105045895145?origin=resultslist","Article","Final","All Open Access; Gold Open Access","Scopus","2-s2.0-105045895145"
"Gori A.; Garretto V.; Vannucci P.; Liuzzo G.; Munaò G.; Tinacci L.; Nuvoloni R.; Armani A.","Gori, Andrea (59255856800); Garretto, Valentina (60418049700); Vannucci, Paola (60418379800); Liuzzo, Gaetano (7003774021); Munaò, Giovanni (58941454600); Tinacci, Lara (36946310500); Nuvoloni, Roberta (6505981510); Armani, Andrea (6602240100)","59255856800; 60418049700; 60418379800; 7003774021; 58941454600; 36946310500; 6505981510; 6602240100","A Structured Analytical Framework to Facilitate EU Food Exports to the USA: A Case Study Analyzing Barriers and Support Strategies","2026","Foods","15","4","761","","","0","10.3390/foods15040761","https://www.scopus.com/pages/publications/105031261354?origin=resultslist","Article","Final","All Open Access; Gold Open Access; Green Open Access","Scopus","2-s2.0-105031261354"
"Gusti A.; Djafri D.","Gusti, Aria (57202148178); Djafri, Defriman (56582131600)","57202148178; 56582131600","Baseline assessment of waste management practices and opportunities for smart waste technologies in traditional markets in Indonesia","2026","Frontiers in public health","14","","","1829762","","1","10.3389/fpubh.2026.1829762","https://www.scopus.com/pages/publications/105042939801?origin=resultslist","Article","Final","All Open Access; Gold Open Access; Green Open Access","Scopus","2-s2.0-105042939801"
"Ezenwaka U.; Ojiakor I.; Okeke C.; Nwankwo J.; Onwujekwe O.","Ezenwaka, Uchenna (57211752148); Ojiakor, Iheomimichineke (59173984200); Okeke, Chinyere (57195680787); Nwankwo, Joseph (60513203400); Onwujekwe, Obinna (7003992855)","57211752148; 59173984200; 57195680787; 60513203400; 7003992855","Exploring demand and supply-side barriers to safe water, sanitation, and hygiene services in urban slums in southeast Nigeria","2026","Discover public health","23","1","331","","","0","10.1186/s12982-026-01725-4","https://www.scopus.com/pages/publications/105033487263?origin=resultslist","Article","Final","All Open Access; Gold Open Access; Green Open Access","Scopus","2-s2.0-105033487263"
"Dipura R.","Dipura, Romeo (57222338401)","57222338401","Heterogeneous sanitation infrastructure and the governance of trade-offs in Cape Town: A critical institutionalist perspective","2026","Journal of Urban Management","15","3","","1008","1023","1","10.1016/j.jum.2026.01.006","https://www.scopus.com/pages/publications/105029052639?origin=resultslist","Article","Final","All Open Access; Gold Open Access","Scopus","2-s2.0-105029052639"
"Shayo G.M.; Ligate F.J.","Shayo, Godfrey Michael (58848521300); Ligate, Fanuel Josephat (57193829134)","58848521300; 57193829134","The burden of waterborne diseases: a review of cholera and giardiasis associated with contaminated groundwater in developing countries","2026","Journal of Hazardous Materials Advances","23","","101290","","","0","10.1016/j.hazadv.2026.101290","https://www.scopus.com/pages/publications/105041991137?origin=resultslist","Review","Final","All Open Access; Gold Open Access","Scopus","2-s2.0-105041991137"
"Sharma L.; Singh S.; Anand A.; Thakur P.","Sharma, Lokeshwer (59467198000); Singh, Sandeep (60575959500); Anand, Abhineet (56159814200); Thakur, Prerna (60773921700)","59467198000; 60575959500; 56159814200; 60773921700","Intelligent Water Infrastructure and Policy Programs for Sustainability","2026","Smart Technologies for Water Sustainability and Policy","","","","192","206","0","10.1201/9781003742227-12","https://www.scopus.com/pages/publications/105046460906?origin=resultslist","Book chapter","Final","","Scopus","2-s2.0-105046460906"
"Sinharoy S.S.; Xia D.; Patrick M.; McManus S.; Chipungu J.; Reddy Y.M.; Ahmed T.; Mink T.; Pan Y.; Bhan T.; Conrad A.; Caruso B.A.","Sinharoy, Sheela S. (57190564740); Xia, Derun (59216919700); Patrick, Madeleine (57225050851); McManus, Shauna (57208281327); Chipungu, Jenala (57188875253); Reddy, Y. Malini (58606914300); Ahmed, Tanvir (59704491100); Mink, Thea (59217065100); Pan, Yuzhou (59217355400); Bhan, Tanushree (57665792700); Conrad, Amelia (57225039330); Caruso, Bethany A. (36940904600)","57190564740; 59216919700; 57225050851; 57208281327; 57188875253; 58606914300; 59704491100; 59217065100; 59217355400; 57665792700; 57225039330; 36940904600","The Agency, Resources, and Institutional Structures for Sanitation-related Empowerment (ARISE) scales: Psychometric evaluation across eight cities in Asia and Africa","2026","PLOS Water","5","6 June","e0000555","","","0","10.1371/journal.pwat.0000555","https://www.scopus.com/pages/publications/105041050739?origin=resultslist","Article","Final","All Open Access; Gold Open Access","Scopus","2-s2.0-105041050739"
"Khalid R.B.; Buhari J.; Rosli M.I.; Idris M.I.; Abdullah S.R.S.","Khalid, Rostam Bin (59932327700); Buhari, Junaidah (55982870400); Rosli, Masli Irwan (36161293700); Idris, Mohd Idzat (56785419200); Abdullah, Siti Rozaimah Sheikh (36953938000)","59932327700; 55982870400; 36161293700; 56785419200; 36953938000","Water Security Management in Malaysia: Challenges, Technological Innovations, and Strategic Lessons from Global Practice","2026","Water, Air, and Soil Pollution","237","9","509","","","0","10.1007/s11270-026-09201-0","https://www.scopus.com/pages/publications/105029470302?origin=resultslist","Review","Final","","Scopus","2-s2.0-105029470302"
"Dwivedi A.K.; De K.","Dwivedi, Arvind Kumar (55322369800); De, Kritish (57211006038)","55322369800; 57211006038","Reclaiming Blue: Confronting the Global Freshwater Crisis Through Collective Action","2026","National Academy Science Letters","","","","","","2","10.1007/s40009-026-02132-8","https://www.scopus.com/pages/publications/105035343933?origin=resultslist","Article","Article in press","","Scopus","2-s2.0-105035343933"
"Ribeiro F.W.; de Aquino Cabral A.C.; dos Santos S.M.; Guimarães D.B.","Ribeiro, Francisco Wellington (57223240441); de Aquino Cabral, Augusto Cézar (57200102768); dos Santos, Sandra Maria (35184996400); Guimarães, Daniel Barboza (56938247600)","57223240441; 57200102768; 35184996400; 56938247600","Does cooperation pay off over time? Evidence from water and wastewater services","2026","Utilities Policy","103","","102306","","","0","10.1016/j.jup.2026.102306","https://www.scopus.com/pages/publications/105047658175?origin=resultslist","Article","Final","All Open Access; Green Open Access; Hybrid Gold Open Access","Scopus","2-s2.0-105047658175"
"Moon H.; Oh M.; Kang H.; Choi H.","Moon, Heeseok (60310133600); Oh, Myoungjin (57204122448); Kang, Hyeongsik (8699816100); Choi, Hyunhong (57192874505)","60310133600; 57204122448; 8699816100; 57192874505","Firms’ willingness to pay for an integrated desalination-based high-purity industrial water service under a centralized supply system: Evidence from South Korea","2026","Utilities Policy","102","","102285","","","0","10.1016/j.jup.2026.102285","https://www.scopus.com/pages/publications/105045268869?origin=resultslist","Article","Final","","Scopus","2-s2.0-105045268869"
"Ralehike M.M.; Mulaudzi F.M.; Sepeng N.V.; Nyandeni S.","Ralehike, Makhotso M. (60413843400); Mulaudzi, Fhumulani M. (57202645711); Sepeng, Nombulelo V. (57201280339); Nyandeni, Sinethemba (58849059000)","60413843400; 57202645711; 57201280339; 58849059000","Assessing existing infection prevention and control measures used by nurses in water-scarce healthcare in a global setting: A scoping review","2026","African Journal of Primary Health Care and Family Medicine","18","1","a5429","","","0","10.4102/phcfm.v18i1.5429","https://www.scopus.com/pages/publications/105044353920?origin=resultslist","Review","Final","All Open Access; Gold Open Access; Green Open Access","Scopus","2-s2.0-105044353920"
"Lindt K.","Lindt, Katharina (60418840600)","60418840600","Community-based to centralized provision: the transformation of aflaj beyond Oman’s national drinking water strategy","2026","International Journal of Water Resources Development","42","4","","476","496","0","10.1080/07900627.2026.2649586","https://www.scopus.com/pages/publications/105035597773?origin=resultslist","Article","Final","All Open Access; Hybrid Gold Open Access","Scopus","2-s2.0-105035597773"
"García-López M.; López-Ruiz S.; Cuadrado-Quesada G.","García-López, Marcos (57216885540); López-Ruiz, Samara (57213172451); Cuadrado-Quesada, Gabriela (56399344400)","57216885540; 57213172451; 56399344400","Does Economic Growth Drive Equitable Water and Sanitation Access? Assessing Inequality Reduction Across 64 Nations","2026","Sustainable Development","","","","","","0","10.1002/sd.70894","https://www.scopus.com/pages/publications/105032480418?origin=resultslist","Article","Article in press","All Open Access; Green Open Access; Hybrid Gold Open Access","Scopus","2-s2.0-105032480418"
"Brum M.; Pathiraja V.; Haddadi M.; Saraswath L.; Kurmi O.; Rathnayake N.; Eleje G.U.; Mbwele B.; Ikwuka D.C.; Mitra P.K.; Nguyen N.T.; Wijamuni N.; Benetti-Pinto C.; Tweneboah-Koduah F.; Martyn-Dickens C.; Mintah-Afful N.; Kemp H.F.; Shi J.Q.; Elneil S.; Phiri P.; Delanerolle G.","Brum, Matheus (60792975800); Pathiraja, Vindya (58055233200); Haddadi, Mohammad (58348818300); Saraswath, Lucky (59503529700); Kurmi, Om (23389886800); Rathnayake, Nirmala (57202504764); Eleje, George Uchenna (35791630500); Mbwele, Bernard (55487128600); Ikwuka, David Chibuike (57215845828); Mitra, Pradip K. (60135736600); Nguyen, Nhan Thi (57226342800); Wijamuni, Nimesha (60520396200); Benetti-Pinto, Cristina (6506576334); Tweneboah-Koduah, Fred (60135736500); Martyn-Dickens, Charles (57220174650); Mintah-Afful, Nana (60413657400); Kemp, Helen Felicity (58755293800); Shi, Jian Qing (55326088300); Elneil, Sohier (12775353100); Phiri, Peter (24778536400); Delanerolle, Gayathri (57221806524)","60792975800; 58055233200; 58348818300; 59503529700; 23389886800; 57202504764; 35791630500; 55487128600; 57215845828; 60135736600; 57226342800; 60520396200; 6506576334; 60135736500; 57220174650; 60413657400; 58755293800; 55326088300; 12775353100; 24778536400; 57221806524","Brazil's national menstrual health program–Progress, gaps, and pathways to equity: A concept note (PLATO WP1)","2026","International Journal of Gynecology and Obstetrics","","","","","","0","10.1002/ijgo.71231","https://www.scopus.com/pages/publications/105047507098?origin=resultslist","Review","Article in press","","Scopus","2-s2.0-105047507098"
"Koros J.K.; Juuti P.S.; Juuti R.P.; Mutie J.","Koros, Japheth K. (57545073700); Juuti, Petri S. (8833481200); Juuti, Riikka P. (57222474651); Mutie, Jamlick (60045979600)","57545073700; 8833481200; 57222474651; 60045979600","Accelerating Safe Water and Sanitation Access in Urban Periphery and Low-Income Areas: The Case of Kenya","2026","Public Works Management and Policy","31","2","","172","199","1","10.1177/1087724X251356460","https://www.scopus.com/pages/publications/105013366069?origin=resultslist","Article","Final","All Open Access; Green Open Access; Hybrid Gold Open Access","Scopus","2-s2.0-105013366069"
"Gallegos A.; Grigg N.S.; Llano W.","Gallegos, Armando (60429105500); Grigg, Neil S. (7005653169); Llano, Wendy (60428717600)","60429105500; 7005653169; 60428717600","Enablers and Obstacles in Integrated Water Resources Management (IWRM) Implementation and Their Contributions to Sustainable Territorial Development","2026","Land","15","2","270","","","0","10.3390/land15020270","https://www.scopus.com/pages/publications/105031510634?origin=resultslist","Article","Final","All Open Access; Gold Open Access","Scopus","2-s2.0-105031510634"
"Pierce G.; Downs K.; El-Khattabi A.R.; Levine L.","Pierce, Gregory (55378453800); Downs, Kristen (14038704200); El-Khattabi, Ahmed Rachid (57209883455); Levine, Lawrence (60704820200)","55378453800; 14038704200; 57209883455; 60704820200","Water utility residential customer disconnections and sociodemographic effects from across pandemic-era policy shifts: Evidence from New Jersey","2026","Utilities Policy","102","","102263","","","0","10.1016/j.jup.2026.102263","https://www.scopus.com/pages/publications/105042611704?origin=resultslist","Article","Final","","Scopus","2-s2.0-105042611704"
"Wirdiastuti C.; Sulistiowati D.; Mutya F.K.; Amalina R.N.; Yahputri N.","Wirdiastuti, C. (58108856300); Sulistiowati, D. (57207964009); Mutya, F.K. (60607110100); Amalina, R.N. (60606793900); Yahputri, N. (60607427200)","58108856300; 57207964009; 60607110100; 60606793900; 60607427200","EVALUATION OF THE PERFORMANCE OF LASSO, GROUP LASSO, AND SPARSE GROUP LASSO IN IDENTIFYING FACTORS THAT HAVE A SIGNIFICANT INFLUENCE ON DENGUE HEMORRHAGIC FEVER IN INDONESIA","2026","Communications in Mathematical Biology and Neuroscience","2026","","29","","","0","10.28919/cmbn/9724","https://www.scopus.com/pages/publications/105037409561?origin=resultslist","Article","Final","All Open Access; Gold Open Access","Scopus","2-s2.0-105037409561"
"Chowdhury S.A.","Chowdhury, Shahana Afrose (15838829700)","15838829700","Climate Migration and Urban Vulnerability: Livelihood and Health Implications in Dhaka's Slum Settlements","2026","Growth and Change","57","2","e70137","","","0","10.1111/grow.70137","https://www.scopus.com/pages/publications/105038677844?origin=resultslist","Article","Final","","Scopus","2-s2.0-105038677844"
"Oteng-Ababio M.; Grant R.; Stacey P.; Rasmussen J.; Torm N.","Oteng-Ababio, Martin (35812501100); Grant, Richard (55429467500); Stacey, Paul (56417494700); Rasmussen, Jacob (60609959000); Torm, Nina (26027334900)","35812501100; 55429467500; 56417494700; 60609959000; 26027334900","Hybrid sanitation infrastructure in Tema, Ghana","2026","Journal of Urban Affairs","","","","","","0","10.1080/07352166.2026.2655740","https://www.scopus.com/pages/publications/105037526346?origin=resultslist","Article","Article in press","","Scopus","2-s2.0-105037526346"
"Ellinport B.; Galaitsi S.E.; Pavur G.; Baher A.; Marcellin M.C.; Lambert J.H.; Trump B.D.; Linkov I.","Ellinport, Beth (57807759400); Galaitsi, S.E. (56780463400); Pavur, Gertrude (57210788146); Baher, Ashraf (60618689800); Marcellin, Megan C. (58754849300); Lambert, James H. (7401837124); Trump, Benjamin D. (55329862400); Linkov, Igor (6701532645)","57807759400; 56780463400; 57210788146; 60618689800; 58754849300; 7401837124; 55329862400; 6701532645","Water Security in Fragile States: Mapping Governance and Water Access in Libya","2026","Risk Analysis","46","5","e70255","","","1","10.1111/risa.70255","https://www.scopus.com/pages/publications/105038164644?origin=resultslist","Article","Final","","Scopus","2-s2.0-105038164644"
"Shojaei S.","Shojaei, Saeed (56074126600)","56074126600","Near-threshold environmental and health risks of untreated wastewater irrigation under informal water supply networks in the Zabol Plain","2026","Environmental Challenges","24","","101540","","","0","10.1016/j.envc.2026.101540","https://www.scopus.com/pages/publications/105041118147?origin=resultslist","Article","Final","All Open Access; Gold Open Access","Scopus","2-s2.0-105041118147"
"Wang R.Y.","Wang, Raymond Yu (55842709200)","55842709200","(Re)producing uneven waterscapes in South China: the materiality and spatiality of the Dongshen inter-basin water supply project","2026","Geographical Research","64","1","e12684","","","4","10.1111/1745-5871.12684","https://www.scopus.com/pages/publications/85210084808?origin=resultslist","Article","Final","","Scopus","2-s2.0-85210084808"
"Nassar N.; Zabadi H.A.; Chabaane Z.L.","Nassar, Nidal (60599337200); Zabadi, Hamzeh Al (18436204200); Chabaane, Zohra Lili (15769385500)","60599337200; 18436204200; 15769385500","Wastewater, air quality, and environmental justice in the Southern West Bank: an integrated analysis using remote sensing, geospatial analysis, and terrain modeling (2019–2024)","2026","Euro-Mediterranean Journal for Environmental Integration","11","5","182","","","0","10.1007/s41207-026-01143-7","https://www.scopus.com/pages/publications/105039008900?origin=resultslist","Article","Final","","Scopus","2-s2.0-105039008900"
"Ta A.T.; Dao Ho N.A.; Tran V.-N.","Ta, Anh Tuan (57210154215); Dao Ho, Ngo Anh (57195059495); Tran, Van-Nghia (60518564600)","57210154215; 57195059495; 60518564600","Decentralized greywater treatment and reuse for non-potable purposes in Southeast Asian Nations: Toward sustainable water management","2026","Journal of Environmental Management","404","","129387","","","1","10.1016/j.jenvman.2026.129387","https://www.scopus.com/pages/publications/105033437942?origin=resultslist","Review","Final","","Scopus","2-s2.0-105033437942"
"ElMerehbi H.; Sabat M.; Romanos J.; Sabat M.","ElMerehbi, Hana (59154891000); Sabat, Macole (56432431200); Romanos, Jimmy (54684889600); Sabat, Mira (36919219900)","59154891000; 56432431200; 54684889600; 36919219900","Water-Energy Status Under Economic Collapse: A Statistical Perspective From Lebanon","2026","Air, Soil and Water Research","19","","","","","0","10.1177/11786221261437582","https://www.scopus.com/pages/publications/105034902323?origin=resultslist","Article","Final","All Open Access; Gold Open Access; Green Open Access","Scopus","2-s2.0-105034902323"
"Bertz J.; Quinn M.; Feeney O.","Bertz, Julie (56014782600); Quinn, Martin (54392308200); Feeney, Orla (57190128884)","56014782600; 54392308200; 57190128884","Accounting, actor-networks and water supply: a city corporation in the 1880s","2026","Accounting History Review","36","1","","59","80","0","10.1080/21552851.2026.2639144","https://www.scopus.com/pages/publications/105037491557?origin=resultslist","Article","Final","All Open Access; Bronze Open Access; Green Open Access","Scopus","2-s2.0-105037491557"
"Kamara I.F.; Tengbe S.M.; Vandi M.; Ashubwe J.; Hailu B.; Fofanah B.D.; Anissette B.; Osborne A.; Tolhurst R.; Minssen T.","Kamara, Ibrahim Franklyn (57384203600); Tengbe, Sia Morenike (57549543900); Vandi, Morie (60700490300); Ashubwe, Jacklyne (59450250200); Hailu, Binyam (57210999092); Fofanah, Bobson Derrick (57542274300); Anissette, Busi (60647301700); Osborne, Augustus (57740557000); Tolhurst, Rachel (8833527700); Minssen, Timo (23100333700)","57384203600; 57549543900; 60700490300; 59450250200; 57210999092; 57542274300; 60647301700; 57740557000; 8833527700; 23100333700","Climate justice as a public health imperative: a perspective from Sierra Leone considering the 2025 International Court of Justice opinion","2026","Infectious Diseases of Poverty","15","1","59","","","0","10.1186/s40249-026-01460-7","https://www.scopus.com/pages/publications/105039908174?origin=resultslist","Letter","Final","All Open Access; Gold Open Access; Green Open Access","Scopus","2-s2.0-105039908174"
"Guo H.; Yuan R.; Wang T.; Li R.; Li Y.; Su Y.; Zhang H.; Huang T.","Guo, Honghong (57194590046); Yuan, Ruopu (60413395300); Wang, Tongtong (57194467062); Li, Rong (59167130300); Li, Yijia (60769526900); Su, Yuhang (59404658800); Zhang, Haihan (24382162400); Huang, Tinglin (57192441019)","57194590046; 60413395300; 57194467062; 59167130300; 60769526900; 59404658800; 24382162400; 57192441019","From descriptive digital twins to closed-loop intelligent agents: Adaptive biogeochemical management in river-reservoir systems","2026","Water Research","306","","126501","","","0","10.1016/j.watres.2026.126501","https://www.scopus.com/pages/publications/105046304202?origin=resultslist","Article","Final","","Scopus","2-s2.0-105046304202"
"Redfield P.; Robins S.","Redfield, Peter (8674343200); Robins, Steven (7103121326)","8674343200; 7103121326","The pressure of waste: technopolitical crisis, ecological imaginaries and toilet redesign in South Africa","2026","Third World Quarterly","47","9","","1786","1803","1","10.1080/01436597.2025.2504959","https://www.scopus.com/pages/publications/105007297129?origin=resultslist","Article","Final","All Open Access; Hybrid Gold Open Access","Scopus","2-s2.0-105007297129"
"Zounemat-Kermani M.; Kheimi M.","Zounemat-Kermani, Mohammad (57217118938); Kheimi, Marwan (57221472344)","57217118938; 57221472344","Ensemble Boosting Methods for Surface Water Quality Modeling: A Review","2026","Archives of Computational Methods in Engineering","33","3","","3983","4020","6","10.1007/s11831-025-10422-5","https://www.scopus.com/pages/publications/105017887192?origin=resultslist","Review","Final","","Scopus","2-s2.0-105017887192"
"Alwidyan M.I.; Jaradat A.I.; Ahmad O.A.; Al Assaf A.","Alwidyan, Mohamad I. (60796899000); Jaradat, Amal I. (56717438300); Ahmad, Omar A. (56624264800); Al Assaf, Anwar (55810606800)","60796899000; 56717438300; 56624264800; 55810606800","Optimizing Water and Energy Efficiency in Jordan: Challenges, Opportunities, and Sustainable Solutions for the Future","2026","Jordan Journal of Mechanical and Industrial Engineering","20","1","","97","113","0","10.59038/jjmie/200109","https://www.scopus.com/pages/publications/105047652644?origin=resultslist","Article","Final","All Open Access; Bronze Open Access","Scopus","2-s2.0-105047652644"
"Liu W.; Nie Y.; Behzad H.M.; Luo Z.; Huang L.; Wang Z.; Huang Y.; Chen H.","Liu, Wenna (57222084382); Nie, Yunpeng (36562260200); Behzad, Hamid M. (57220181615); Luo, Zidong (57189579096); Huang, Li (60526598600); Wang, Zhongyun (57970672100); Huang, Yuyao (60526682700); Chen, Hongsong (55743064800)","57222084382; 36562260200; 57220181615; 57189579096; 60526598600; 57970672100; 60526682700; 55743064800","Trade-offs between root water uptake and xylem-leaf water-use traits underpin contrasting plant adaptation strategies in limestone and dolomite habitats","2026","Tree Physiology","46","3","tpag013","","","2","10.1093/treephys/tpag013","https://www.scopus.com/pages/publications/105033855312?origin=resultslist","Article","Final","","Scopus","2-s2.0-105033855312"
"Kpodzro S.; Cronk R.; Lineberger H.; Lansing L.; Anderson D.M.","Kpodzro, Sena (59144488200); Cronk, Ryan (35766082400); Lineberger, Hannah (59144573200); Lansing, Lauren (59354814400); Anderson, Darcy M. (57194513307)","59144488200; 35766082400; 59144573200; 59354814400; 57194513307","Implementation and adaptation of WASH FIT in healthcare facilities: A systematic scoping review","2026","World Development Sustainability","8","","100291","","","0","10.1016/j.wds.2026.100291","https://www.scopus.com/pages/publications/105034806359?origin=resultslist","Article","Final","All Open Access; Gold Open Access","Scopus","2-s2.0-105034806359"
"Mazigo A.F.","Mazigo, Almas Fortunatus (57192894844)","57192894844","Localizing global ESG frameworks and sustainable development goals in multinational breweries in Tanzania","2026","Discover Sustainability","7","1","242","","","0","10.1007/s43621-025-02531-9","https://www.scopus.com/pages/publications/105029863215?origin=resultslist","Article","Final","All Open Access; Gold Open Access","Scopus","2-s2.0-105029863215"
"Salehi A.; Rafiee M.; Fatahi Valilai O.","Salehi, Amirreza (58917738300); Rafiee, Majid (57204529737); Fatahi Valilai, Omid (57221673999)","58917738300; 57204529737; 57221673999","Stratified tripartite framework for assessing national pandemic performance: Process-oriented evaluation and policy-relevant insights of COVID-19","2026","Health Policy and Technology","15","4","101182","","","1","10.1016/j.hlpt.2026.101182","https://www.scopus.com/pages/publications/105031458573?origin=resultslist","Article","Final","All Open Access; Hybrid Gold Open Access","Scopus","2-s2.0-105031458573"
"Terzi S.; Delves J.L.; Clark V.R.; Belle J.; Otomo P.V.; Schneiderbauer S.","Terzi, Stefano (57214032987); Delves, Jess L. (57223084673); Clark, Vincent Ralph (36247096500); Belle, Johanes (56035207800); Otomo, Patricks Voua (57221680363); Schneiderbauer, Stefan (35108039400)","57214032987; 57223084673; 36247096500; 56035207800; 57221680363; 35108039400","Historical legacies and contemporary mismanagement aggravated the 2015-2020 drought impacts in Qwaqwa, South Africa","2026","International Journal of Disaster Risk Reduction","144","","106311","","","0","10.1016/j.ijdrr.2026.106311","https://www.scopus.com/pages/publications/105047628484?origin=resultslist","Article","Final","All Open Access; Hybrid Gold Open Access","Scopus","2-s2.0-105047628484"
"Loodin N.; Singh V.P.; Eckstein G.; Sanchez R.; Gatson S.N.","Loodin, Najibullah (57217092429); Singh, Vijay P. (57211219633); Eckstein, Gabriel (8927571600); Sanchez, Rosario (55537542700); Gatson, Sarah N. (8518201800)","57217092429; 57211219633; 8927571600; 55537542700; 8518201800","The Role of Emotions in Water-Related Decision-Making Processes: A Systematic Scoping Review","2026","Environmental Management","76","4","129","","","0","10.1007/s00267-026-02425-0","https://www.scopus.com/pages/publications/105034704444?origin=resultslist","Article","Final","","Scopus","2-s2.0-105034704444"
"Escobar Jaramillo D.; Coderoni S.; Sckokai P.","Escobar Jaramillo, Diana (59243006800); Coderoni, Silvia (55804324200); Sckokai, Paolo (8436809000)","59243006800; 55804324200; 8436809000","Economic implications of synergies and trade-offs in nutrient and water circular systems. A review in water-stressed agricultural contexts","2026","Current Opinion in Environmental Sustainability","82","","101660","","","0","10.1016/j.cosust.2026.101660","https://www.scopus.com/pages/publications/105040362698?origin=resultslist","Review","Final","All Open Access; Hybrid Gold Open Access","Scopus","2-s2.0-105040362698"
"Shi S.; Rao X.","Shi, Su (60561760200); Rao, Xiaojun (57192409055)","60561760200; 57192409055","Technological transformation and spatial restructuring of hydraulic infrastructure in modern Guangzhou (1859–1938)","2026","Planning Perspectives","","","","","","0","10.1080/02665433.2026.2637688","https://www.scopus.com/pages/publications/105034887532?origin=resultslist","Article","Article in press","","Scopus","2-s2.0-105034887532"
"Farhadi N.; Yarahmadi A.; Afkhami H.","Farhadi, Nima (60410564700); Yarahmadi, Aref (58888503400); Afkhami, Hamed (57218532013)","60410564700; 58888503400; 57218532013","Infectious Diseases and Antimicrobial Resistance in the Gaza Strip: Epidemiological Drivers, Health System Disruptions, and Global Implications: A Narrative Review","2026","Health Science Reports","9","5","e72074","","","0","10.1002/hsr2.72074","https://www.scopus.com/pages/publications/105039166748?origin=resultslist","Review","Final","All Open Access; Gold Open Access; Green Open Access","Scopus","2-s2.0-105039166748"
"Qu J.; Qin C.; Wang H.; Zhao Y.; He F.; Guan Z.; Chang H.; Shi L.","Qu, Junlin (57998435800); Qin, Changhai (16234705600); Wang, Hao (57212881406); Zhao, Yong (57254285600); He, Fan (57189387381); Guan, Ziyu (58148136000); Chang, Huanyu (57208928171); Shi, Linrui (57202398165)","57998435800; 16234705600; 57212881406; 57254285600; 57189387381; 58148136000; 57208928171; 57202398165","Water stress evolution and redistribution pathways under global inequality in consumption","2026","Water Research","291","","125112","","","2","10.1016/j.watres.2025.125112","https://www.scopus.com/pages/publications/105024754963?origin=resultslist","Article","Final","All Open Access; Hybrid Gold Open Access","Scopus","2-s2.0-105024754963"
"Savelli L.B.; Koonce D.; Viera K.E.; Thapa S.; Woods C.G.","Savelli, Lindsay B (58294936500); Koonce, Danielle (57214438911); Viera, Kristen Elyssa (60536356000); Thapa, Smritee (60056616900); Woods, Courtney G (13908040000)","58294936500; 57214438911; 60536356000; 60056616900; 13908040000","‘Bad water just means bad health’: identifying barriers and promoters of safe drinking water in rural Eastern North Carolina","2026","Environmental Research: Health","4","2","025001","","","0","10.1088/2752-5309/ae4f17","https://www.scopus.com/pages/publications/105033915661?origin=resultslist","Article","Final","All Open Access; Gold Open Access; Green Open Access","Scopus","2-s2.0-105033915661"
"Zhu Z.-L.; Wu Y.-Y.; Wang L.; Guan G.-H.","Zhu, Zhe-Li (57211445028); Wu, Yong-Yan (57189897593); Wang, Lei (58879189800); Guan, Guang-Hua (8943546300)","57211445028; 57189897593; 58879189800; 8943546300","Research on the Modeling Method of Multi-Point Hydraulic Control for Irrigation Open Canals; [灌溉明渠多点水力控制建模方法研究]","2026","China Rural Water and Hydropower","","2","","20","27","0","10.12396/znsd.2500586","https://www.scopus.com/pages/publications/105033750675?origin=resultslist","Article","Final","","Scopus","2-s2.0-105033750675"
"Alphonso R.; Arumugam T.D.; Cheela V.R.S.","Alphonso, Rachael (59314028800); Arumugam, Thirumani Devi (60367948400); Cheela, Venkata Ravi Sankar (57218142423)","59314028800; 60367948400; 57218142423","Integrated environmental and economic trade-offs in rice cultivation in emerging economies using a life cycle approach","2026","Discover Environment","4","1","47","","","0","10.1007/s44274-026-00546-1","https://www.scopus.com/pages/publications/105029163492?origin=resultslist","Article","Final","All Open Access; Gold Open Access; Green Open Access","Scopus","2-s2.0-105029163492"
"Ward K.; Srinivasan J.; Alvord D.; Senier L.; Davis M.; Harlan S.L.; Manela R.; Krista S.; Deodhar A.","Ward, Kayleigh (57222598758); Srinivasan, Jaishri (57385941200); Alvord, Daniel (57201379415); Senier, Laura (55787248600); Davis, Martha (7404851318); Harlan, Sharon L. (12647436600); Manela, Romi (59201968800); Krista, Sabrina (59203096000); Deodhar, Anika (59201968900)","57222598758; 57385941200; 57201379415; 55787248600; 7404851318; 12647436600; 59201968800; 59203096000; 59201968900","Values at the tap: how organizational culture shapes water unaffordability and Environmental justice in U.S. Cities","2026","Environmental Sociology","","","","","","0","10.1080/23251042.2026.2666400","https://www.scopus.com/pages/publications/105037622416?origin=resultslist","Article","Article in press","All Open Access; Bronze Open Access","Scopus","2-s2.0-105037622416"
"Spencer J.; Rajan S.; Sawant R.; Patil S.; Pantvaidya S.; D’Souza V.; Das S.","Spencer, Jennifer (57199426697); Rajan, Sheetal (57220863505); Sawant, Rijuta (57193346858); Patil, Sarita (57208826773); Pantvaidya, Shanti (6603314816); D’Souza, Vanessa (58961076500); Das, Sushmita (56802961300)","57199426697; 57220863505; 57193346858; 57208826773; 6603314816; 58961076500; 56802961300","“Everywhere you see, C-sections are happening”: examining trends and reasons for a rise in cesarean-section deliveries among women in urban informal settlements, Mumbai Metropolitan Region, using a mixed methods approach","2026","BMC Pregnancy and Childbirth","26","1","673","","","0","10.1186/s12884-026-09160-8","https://www.scopus.com/pages/publications/105042410241?origin=resultslist","Article","Final","All Open Access; Gold Open Access","Scopus","2-s2.0-105042410241"
"Röhrig A.; Grasse N.; Krauss M.; Bücher D.; Brack W.; Kamjunke N.; Matousu A.; Sanders T.; Bussmann I.; Achterberg E.P.; Reemtsma T.; Fu Q.","Röhrig, Anne (60638436000); Grasse, Nico (57819392200); Krauss, Martin (7102444436); Bücher, Dana (60638857100); Brack, Werner (6603688969); Kamjunke, Norbert (6603577283); Matousu, Anna (56607318700); Sanders, Tina (57191584424); Bussmann, Ingeborg (6602092190); Achterberg, Eric P. (7003373116); Reemtsma, Thorsten (7004552587); Fu, Qiuguo (57203914208)","60638436000; 57819392200; 7102444436; 60638857100; 6603688969; 6603577283; 56607318700; 57191584424; 6602092190; 7003373116; 7004552587; 57203914208","Beyond Legacy PFAS: Dominant Role of Ultrashort-Chain and Emerging PFAS in the Elbe River−Sea Continuum","2026","ACS Environmental Au","6","3","","421","434","0","10.1021/acsenvironau.5c00219","https://www.scopus.com/pages/publications/105039277031?origin=resultslist","Article","Final","All Open Access; Gold Open Access; Green Open Access","Scopus","2-s2.0-105039277031"
"Ahmed Mohamed O.M.; Osman A.I.","Ahmed Mohamed, Omar Mohamud (59505872700); Osman, Abdullahi Ilyas (59152735800)","59505872700; 59152735800","The Role of Local Governments in Addressing Rural-Urban Migration through Service Provision in Somalia","2026","Journal of Somali Studies","13","1","","9","29","0","10.31920/2056-5682/2026/v13n1a1","https://www.scopus.com/pages/publications/105041373328?origin=resultslist","Article","Final","","Scopus","2-s2.0-105041373328"
"Gaudry A.; Colon M.; Baron C.","Gaudry, Alexandre (60238781500); Colon, Marine (15041804100); Baron, Catherine (26435116400)","60238781500; 15041804100; 26435116400","REVISITING: Off-grid, the New Water Supply Solution","2026","Best Practices in Global Water Policy: Revisiting Water Mantras","","","","231","243","0","10.4324/9781003745532-20","https://www.scopus.com/pages/publications/105045835192?origin=resultslist","Book chapter","Final","","Scopus","2-s2.0-105045835192"
"Vogelmann E.S.; Prevedello J.; Tiruneh G.A.","Vogelmann, Eduardo Saldanha (36495966900); Prevedello, Juliana (55643541500); Tiruneh, Gizachew Ayalew (57224903214)","36495966900; 55643541500; 57224903214","Drinking Water Quality Regulations: A Contrast Between Germany and Latin America","2026","Environmental Quality Management","35","3","e70278","","","0","10.1002/tqem.70278","https://www.scopus.com/pages/publications/105027110667?origin=resultslist","Review","Final","All Open Access; Hybrid Gold Open Access","Scopus","2-s2.0-105027110667"
"Soegijono S.P.; Ratumurun S.; Paulus N.; Lameky V.Y.","Soegijono, Simon Pieter (57216528465); Ratumurun, Samuel (60082050000); Paulus, Nikolas (60082400100); Lameky, Vernando Yanry (58667034900)","57216528465; 60082050000; 60082400100; 58667034900","Modeling for rural poverty reduction by utilizing village funds in maluku province of Indonesia","2026","Multidisciplinary Science Journal","8","2","e2026046","","","0","10.31893/multiscience.2026046","https://www.scopus.com/pages/publications/105014883619?origin=resultslist","Article","Final","All Open Access; Gold Open Access","Scopus","2-s2.0-105014883619"
"Pant R.R.; Gautam S.K.; Basnet N.; Awasthi M.P.; Joshi K.R.; Bishwakarma K.","Pant, Ramesh Raj (57199053512); Gautam, Surendra Kumar (57216269298); Basnet, Niru (59238254100); Awasthi, Mahesh Prasad (58746780100); Joshi, Keshab Raj (60619051200); Bishwakarma, Kiran (57222741402)","57199053512; 57216269298; 59238254100; 58746780100; 60619051200; 57222741402","Water Governance and Sustainable Development Goal 6: Strategies and Insights from Central Himalaya, Nepal","2026","Technologies in Developing Countries to Achieve Sustainable Development Goals","","","","49","76","0","","https://www.scopus.com/pages/publications/105038150014?origin=resultslist","Book chapter","Final","","Scopus","2-s2.0-105038150014"
"Dumo W.M.","Dumo, Wogene Markos (59987660300)","59987660300","Institutional trust as a critical determinant of households’ willingness to pay for improved water services in Leku Town, Ethiopia","2026","Discover Sustainability","7","1","1242","","","0","10.1007/s43621-026-03655-2","https://www.scopus.com/pages/publications/105046965376?origin=resultslist","Article","Final","All Open Access; Gold Open Access","Scopus","2-s2.0-105046965376"
"Ezz H.","Ezz, H. (55650501000)","55650501000","Integrating remote sensing and multi-criteria decision analysis for groundwater zoning in the Eastern Desert of Egypt","2026","Scientific Reports","16","1","18346","","","0","10.1038/s41598-026-55824-y","https://www.scopus.com/pages/publications/105041602710?origin=resultslist","Article","Final","All Open Access; Gold Open Access; Green Open Access","Scopus","2-s2.0-105041602710"
"Martínez-Gómez C.; Gallego-Valero L.; Moral-Pajares E.","Martínez-Gómez, Cristina (57220114860); Gallego-Valero, Leticia (57200316578); Moral-Pajares, Encarnación (51061412600)","57220114860; 57200316578; 51061412600","Water, Sanitation and Health: The World Bank's Financing of Sustainable Development Goal 6","2026","Sustainable Development","","","","","","0","10.1002/sd.71348","https://www.scopus.com/pages/publications/105042092217?origin=resultslist","Article","Article in press","All Open Access; Hybrid Gold Open Access","Scopus","2-s2.0-105042092217"
"Oyelami A.A.; Ogunbode T.O.; Owoeye O.M.","Oyelami, Ayobami Alani (59221730300); Ogunbode, Timothy Oyebamiji (57192102538); Owoeye, Olumide Michael (60163780000)","59221730300; 57192102538; 60163780000","SPATIAL DISPARITIES IN HOUSEHOLD WATER ACCESS AND THEIR IMPLICATIONS FOR WATER MANAGEMENT IN OYO STATE, NIGERIA","2026","Water Conservation and Management","10","1","","201","209","0","10.26480/wcm.01.2026.201.209","https://www.scopus.com/pages/publications/105038653675?origin=resultslist","Article","Final","All Open Access; Gold Open Access","Scopus","2-s2.0-105038653675"
"Mabica A.P.; Chilaule S.M.; Tamele I.J.","Mabica, Alfredo Pedro (59402236100); Chilaule, Sérgio Mateus (58294970600); Tamele, Isidro José (57205371330)","59402236100; 58294970600; 57205371330","From Source to Sea: The Role of River Basins in Marine Pollution Under Development and Climate Change Variability in SADC","2026","Pollutants","6","2","28","","","0","10.3390/pollutants6020028","https://www.scopus.com/pages/publications/105043106365?origin=resultslist","Review","Final","All Open Access; Gold Open Access","Scopus","2-s2.0-105043106365"
"Pawar D.; Biswas R.","Pawar, Dipali (59931596200); Biswas, Rathin (57205889555)","59931596200; 57205889555","Public awareness, trust, and readiness to adopt AI-driven WASH policies","2026","Water Policy","28","4","","616","629","0","10.2166/wp.2026.207","https://www.scopus.com/pages/publications/105038776095?origin=resultslist","Article","Final","All Open Access; Gold Open Access","Scopus","2-s2.0-105038776095"
"Tan Z.; Lin Y.; Gong L.; Yao J.; Li Y.; Wang X.; Li X.; Cai Y.","Tan, Zhiqiang (56599660500); Lin, Yaling (57205352379); Gong, Leiqiang (58127322900); Yao, Jing (56037308400); Li, Yunliang (46661210500); Wang, Xiaolong (59454527000); Li, Xianghu (57209432334); Cai, Yongjiu (48761118300)","56599660500; 57205352379; 58127322900; 56037308400; 46661210500; 59454527000; 57209432334; 48761118300","Linking Hydrological Connectivity to Wetland Vegetation Carbon Storage: Insights From the Largest Freshwater Lake in China","2026","Water Resources Research","62","1","e2024WR039631","","","5","10.1029/2024WR039631","https://www.scopus.com/pages/publications/105028269002?origin=resultslist","Article","Final","All Open Access; Gold Open Access; Green Open Access","Scopus","2-s2.0-105028269002"
"Ainzúa J.; Donoso G.","Ainzúa, Javiera (60152879900); Donoso, Guillermo (24568403500)","60152879900; 24568403500","Global drivers of water conflicts: A systematic literature review and territorial analysis","2026","Ambio","55","3","","497","514","2","10.1007/s13280-025-02254-1","https://www.scopus.com/pages/publications/105019542677?origin=resultslist","Review","Final","","Scopus","2-s2.0-105019542677"
"Ciausu R.-A.; Nicoara M.N.; Chelaru I.-A.; Andronic G.A.; Ciobica A.S.; Ureche D.","Ciausu, Ramona-Alexandra (60605300900); Nicoara, Mircea Nicusor (56960343200); Chelaru, Ionut-Alexandru (58931945100); Andronic, Gabriel Andrei (60605191600); Ciobica, Alin Stelian (24175561600); Ureche, Dorel (55115876900)","60605300900; 56960343200; 58931945100; 60605191600; 24175561600; 55115876900","An Overview of the Presence of Cephalosporin Antibiotics in Aquatic Environments","2026","Pharmaceuticals","19","4","650","","","0","10.3390/ph19040650","https://www.scopus.com/pages/publications/105037222263?origin=resultslist","Review","Final","All Open Access; Gold Open Access; Green Open Access","Scopus","2-s2.0-105037222263"
"Ahenkan A.; Boon E.;  Nordjo E.; Otchere-Ankrah B.","Ahenkan, Albert (36084064700); Boon, Emmanuel (24478239500);  Nordjo, Eric (58605427100); Otchere-Ankrah, Benjamin (56595162300)","36084064700; 24478239500; 58605427100; 56595162300","Waste as economic resource: unlocking the opportunities for sustainable development in Ghana","2026","Journal of Material Cycles and Waste Management","28","3","","2351","2363","0","10.1007/s10163-026-02564-w","https://www.scopus.com/pages/publications/105035898773?origin=resultslist","Article","Final","All Open Access; Hybrid Gold Open Access","Scopus","2-s2.0-105035898773"
"Herbert C.W.; Weaver L.J.; Podrabsky D.J.; Singleton E.","Herbert, Claire W. (55646847400); Weaver, Lesley Jo (35147304100); Podrabsky, Dylan J. (59543484100); Singleton, Emma (60198165300)","55646847400; 35147304100; 59543484100; 60198165300","When penalties are framed as protections: Street-level bureaucrats and the expansion of homeless governance in the US","2026","Urban Studies","63","5","","1072","1089","1","10.1177/00420980251387814","https://www.scopus.com/pages/publications/105022131076?origin=resultslist","Article","Final","","Scopus","2-s2.0-105022131076"
"Koros J.K.; Juuti P.S.; Juuti R.P.; Asokan S.M.","Koros, Japheth K. (57545073700); Juuti, Petri S. (8833481200); Juuti, Riikka P. (57222474651); Asokan, Shilpa Muliyil (36602093200)","57545073700; 8833481200; 57222474651; 36602093200","Exploring Kenya’s Small-Scale Water Services for a More Sustainable Future","2026","Public Works Management and Policy","","","","","","0","10.1177/1087724X261447370","https://www.scopus.com/pages/publications/105037048680?origin=resultslist","Article","Article in press","All Open Access; Green Open Access; Hybrid Gold Open Access","Scopus","2-s2.0-105037048680"
"Tian J.; Watcharajit S.; Rattanapun S.","Tian, Jiashen (60707581200); Watcharajit, Suraphong (60707408600); Rattanapun, Supot (57205608582)","60707581200; 60707408600; 57205608582","The Roles of Structural Features, Micro-Entrepreneurial Behavior, and Visitor Experience on Vendor Performance in Bangkok Night Markets","2026","International Journal of Computer Information Systems and Industrial Management Applications","18","2","","319","329","0","10.70917/ijcisim-2026-2627","https://www.scopus.com/pages/publications/105044981846?origin=resultslist","Article","Final","","Scopus","2-s2.0-105044981846"
"Yasmin S.; Ghafran C.","Yasmin, Sofia (55736079900); Ghafran, Chaudhry (55347495900)","55736079900; 55347495900","Accountability to “the other”: conceptualising NGO accountability through differentiated governmentality","2026","Accounting, Auditing and Accountability Journal","39","1","","101","130","2","10.1108/AAAJ-06-2024-7127","https://www.scopus.com/pages/publications/105042395474?origin=resultslist","Article","Final","All Open Access; Green Open Access","Scopus","2-s2.0-105042395474"
"Ogwu M.C.; Ulimboka R.; Izah S.C.","Ogwu, Matthew Chidozie (57204350388); Ulimboka, Rehema (57837490900); Izah, Sylvester Chibueze (55657319000)","57204350388; 57837490900; 55657319000","Advancing Water Quality and Safety in the Global South Through International Partnerships and Sustainable Development Goals","2026","Springer Water","Part F1314","","","401","430","0","10.1007/978-3-032-10602-5_14","https://www.scopus.com/pages/publications/105028199210?origin=resultslist","Book chapter","Final","","Scopus","2-s2.0-105028199210"
"Ginting E.M.E.; Naibaho M.; Anawati A.; Ginting M.; Rianjanu A.; Gultom N.S.; Hung W.-S.; Widakdo J.","Ginting, Elza May Elizabeth (60775986100); Naibaho, Marzuki (57224011529); Anawati, Anawati (7409570091); Ginting, Masno (57195038269); Rianjanu, Aditya (57191992296); Gultom, Noto Susanto (57193213215); Hung, Wei-Song (22940523500); Widakdo, Januar (57202287469)","60775986100; 57224011529; 7409570091; 57195038269; 57191992296; 57193213215; 22940523500; 57202287469","Performance of graphene oxide-based membranes modified with PDA/PEI/SiO2 nanoparticles in crossflow nanofiltration for efficient dye removal from aqueous solutions","2026","Journal of Molecular Liquids","459","","129779","","","0","10.1016/j.molliq.2026.129779","https://www.scopus.com/pages/publications/105046573707?origin=resultslist","Article","Final","","Scopus","2-s2.0-105046573707"
"Mendes A.T.; Alves C.D.M.A.","Mendes, Alesi Teixeira (58546778200); Alves, Conceição de Maria Albuquerque (55925283800)","58546778200; 55925283800","Asymmetries in water and sanitation services and how they are shaping urban drainage and stormwater management in Brazil","2026","Utilities Policy","98","","102114","","","0","10.1016/j.jup.2025.102114","https://www.scopus.com/pages/publications/105022876386?origin=resultslist","Article","Final","All Open Access; Hybrid Gold Open Access","Scopus","2-s2.0-105022876386"
"Gärtner N.; Lindhe A.","Gärtner, Nadine (57614710300); Lindhe, Andreas (25958732200)","57614710300; 25958732200","Disparities in drinking water services: Private well dependence and public supply inequities in Western Sweden","2026","Environmental Advances","23","","100692","","","0","10.1016/j.envadv.2026.100692","https://www.scopus.com/pages/publications/105034309970?origin=resultslist","Article","Final","All Open Access; Gold Open Access; Green Open Access","Scopus","2-s2.0-105034309970"
"Hessami N.; Al-Hammadi A.; Rawashdeh M.; Al-Harahsheh M.; Abu Samra R.; Iriqat R.; Makahleh S.; Al-Delaimy W.K.","Hessami, Natasha (60719263800); Al-Hammadi, Alaeddin (60719467800); Rawashdeh, Motaz (60719402500); Al-Harahsheh, Maha (60719191700); Abu Samra, Raghad (60719673400); Iriqat, Rawan (60362750200); Makahleh, Samer (59458783300); Al-Delaimy, Wael K (6701600643)","60719263800; 60719467800; 60719402500; 60719191700; 60719673400; 60362750200; 59458783300; 6701600643","Water management practices under climate and infrastructure stress in Zaatari Refugee Camp: A gendered qualitative study","2026","International Journal of Hygiene and Environmental Health","276","","114860","","","0","10.1016/j.ijheh.2026.114860","https://www.scopus.com/pages/publications/105043542807?origin=resultslist","Article","Final","All Open Access; Hybrid Gold Open Access","Scopus","2-s2.0-105043542807"
"Shen R.; Guo H.D.; Alam S.Y.U.","Shen, Ruowen (57202643800); Guo, Hai (David) (60248428700); Alam, Salman Yousuf UI (60149512300)","57202643800; 60248428700; 60149512300","Enhancing Service Delivery Efficiency Through Inter-Local Collaboration: A Network Analysis in Water Service Context","2026","American Review of Public Administration","56","1","","40","52","0","10.1177/02750740251384215","https://www.scopus.com/pages/publications/105019369709?origin=resultslist","Article","Final","","Scopus","2-s2.0-105019369709"
"Chandrashekar S.; Prasad S.N.; Masthi N R R.; Walia S.; Trikha A.; Sadanandan R.","Chandrashekar, Sudha (36888987300); Prasad, Shambhavi Nimisha (60328195200); Masthi N R, Ramesh (60327867400); Walia, Sheilja (60327867500); Trikha, Anushree (60328108500); Sadanandan, Rajeev (55970347300)","36888987300; 60328195200; 60327867400; 60327867500; 60328108500; 55970347300","Antimicrobial resistance in India: Integrating the response into health systems for universal health coverage","2026","Journal of Global Antimicrobial Resistance","46","","","195","202","1","10.1016/j.jgar.2025.12.001","https://www.scopus.com/pages/publications/105027143230?origin=resultslist","Review","Final","All Open Access; Gold Open Access","Scopus","2-s2.0-105027143230"
"Zaman M.N.U.; Sai A.; Yamauchi T.","Zaman, Md. Nahid Uz (60591758800); Sai, Akira (57202785831); Yamauchi, Taro (7401704842)","60591758800; 57202785831; 7401704842","Knowledge, economic, and WASH challenges affecting menstrual health and hygiene among nursing students in Bangladesh using a mixed-methods approach","2026","Scientific Reports","16","1","12932","","","0","10.1038/s41598-026-41531-1","https://www.scopus.com/pages/publications/105036328591?origin=resultslist","Article","Final","All Open Access; Gold Open Access; Green Open Access","Scopus","2-s2.0-105036328591"
"Bui X.-N.; Khandelwal M.; Nguyen N.; Vu D.A.; Nguyen A.H.; Le T.M.H.","Bui, Xuan-Nam (36892679300); Khandelwal, Manoj (8534619800); Nguyen, Nga (56623834400); Vu, Diep Anh (57210598965); Nguyen, Anh Hoa (60653409800); Le, Thi Minh Hoa (60653740000)","36892679300; 8534619800; 56623834400; 57210598965; 60653409800; 60653740000","Assessing Circularity Readiness in Data-Scarce Contexts: A Regional Framework for Environmental Resource Sectors in Vietnam","2026","Sustainability (Switzerland)","18","10","5116","","","0","10.3390/su18105116","https://www.scopus.com/pages/publications/105040203531?origin=resultslist","Article","Final","All Open Access; Gold Open Access","Scopus","2-s2.0-105040203531"
"Li Z.; Deng Y.; Zheng M.; Yang L.; He C.; Yang C.; Li C.; Wang J.; Zhang X.; Zhao Y.; Liu B.","Li, Zhaoying (59961826900); Deng, Yi (60352677700); Zheng, Mingmei (60202249300); Yang, Lu (60202249400); He, Can (60352850400); Yang, Chunyan (57193562516); Li, Chaoyang (59548403400); Wang, Jiale (58796251900); Zhang, Xintong (57196397495); Zhao, Yangguang (60352593200); Liu, Baicang (15843497800)","59961826900; 60352677700; 60202249300; 60202249400; 60352850400; 57193562516; 59548403400; 58796251900; 57196397495; 60352593200; 15843497800","A review of global aquaculture wastewater treatment and management: Sustainable pathways through technological innovations and policy coordination","2026","Journal of Hazardous Materials","503","","141235","","","7","10.1016/j.jhazmat.2026.141235","https://www.scopus.com/pages/publications/105028553868?origin=resultslist","Review","Final","","Scopus","2-s2.0-105028553868"
"Awaleh M.O.; Omar G.M.; Adan A.-B.I.; Najafzadeh M.; Marlin C.; Al-Aghbary M.; Robleh M.A.; Iltireh A.D.; Al-Jawad J.; Waberi M.M.; Ragueh R.R.; Ragueh B.E.; Dabar O.A.; Ahmed M.M.; Chirdon M.A.; Adaneh A.E.; Ibrahim N.H.; Egueh N.M.; Guireh I.A.; Elmi O.I.","Awaleh, Mohamed Osman (9244831600); Omar, Golab Moussa (57433502600); Adan, Abdi-Basid Ibrahim (57388155400); Najafzadeh, Mohammad (54896489100); Marlin, Christelle (7003312142); Al-Aghbary, Magued (57928270900); Robleh, Mohamed Abdillahi (58980767800); Iltireh, Awaleh Djama (58965476000); Al-Jawad, Jafar (57193833800); Waberi, Moussa Mohamed (57812052700); Ragueh, Rachid Robleh (59262936700); Ragueh, Bahdon Elmi (60236570200); Dabar, Omar Assowe (57210156470); Ahmed, Moussa Mahdi (57203919555); Chirdon, Mahamoud Ali (6505627563); Adaneh, Abdillahi Elmi (57213676284); Ibrahim, Nasri Hassan (58980688500); Egueh, Nima Moussa (54785868700); Guireh, Ismail Abdillahi (60236661600); Elmi, Omar Ibrahim (57194606459)","9244831600; 57433502600; 57388155400; 54896489100; 7003312142; 57928270900; 58980767800; 58965476000; 57193833800; 57812052700; 59262936700; 60236570200; 57210156470; 57203919555; 6505627563; 57213676284; 58980688500; 54785868700; 60236661600; 57194606459","Groundwater vulnerability assessment of the Djibouti aquifer system (East Africa Rift System): A comparative study of DRASTIC, Hybrid-DRASTICs, and DRASTIC-based multi-objective evolutionary algorithm","2026","Groundwater for Sustainable Development","32","","101564","","","0","10.1016/j.gsd.2025.101564","https://www.scopus.com/pages/publications/105024705213?origin=resultslist","Article","Final","","Scopus","2-s2.0-105024705213"
"Anandhi R.J.; Sasikala T.; Pillai D.R.; Gadi P.; Aradya S.V.; Prasathkannan A.","Anandhi, R.J. (59849832100); Sasikala, T. (57203333644); Pillai, Divyesh Raj (60602163100); Gadi, Padmaja (60602270500); Aradya, S.V. (60602707800); Prasathkannan, Ashwini (60602493800)","59849832100; 57203333644; 60602163100; 60602270500; 60602707800; 60602493800","'Ooru Alert'- A Crowdsourced Urban Issue Reporting System for Bengaluru","2026","Proceedings of the 4th International Conference on Intelligent Data Communication Technologies and Internet of Things, IDCioT 2026","","","","1604","1608","0","10.1109/IDCIoT67589.2026.11455709","https://www.scopus.com/pages/publications/105036994712?origin=resultslist","Conference paper","Final","","Scopus","2-s2.0-105036994712"
"Geagea D.; Pharr K.; Valin N.; Hinton R.; Bijlsma I.; de la Rosa S.; Koehler J.","Geagea, Dona (58242911400); Pharr, Kathryn (57540412900); Valin, Nina (57819655900); Hinton, Rebekah (57325020900); Bijlsma, Iris (59229511600); de la Rosa, Sofia (59148458300); Koehler, Johanna (56708174000)","58242911400; 57540412900; 57819655900; 57325020900; 59229511600; 59148458300; 56708174000","Engendering the policy debate on valuing water","2026","Environmental Science and Policy","179","","104378","","","0","10.1016/j.envsci.2026.104378","https://www.scopus.com/pages/publications/105035484901?origin=resultslist","Article","Final","All Open Access; Green Open Access; Hybrid Gold Open Access","Scopus","2-s2.0-105035484901"
"Petrizal; Syah N.; Heldi; Barlian E.; Dewata I.; Septiningsih E.; Syarief A.; Putra A.","Petrizal (60619601800); Syah, Nurhasan (57200419486); Heldi (56580343400); Barlian, Eri (57202293479); Dewata, Indang (57202287960); Septiningsih, Early (57478014600); Syarief, Azhari (57204826968); Putra, Aprizon (57192951135)","60619601800; 57200419486; 56580343400; 57202293479; 57202287960; 57478014600; 57204826968; 57192951135","Rural Drinking-Water Service Continuity under Flood and Landslide Hazards: A GIS Analysis of PAMSIMAS Pipeline Networks","2026","Civil Engineering and Architecture","14","3","","1805","1818","1","10.13189/cea.2026.140328","https://www.scopus.com/pages/publications/105038011299?origin=resultslist","Article","Final","All Open Access; Gold Open Access","Scopus","2-s2.0-105038011299"
"Motloutsi E.","Motloutsi, Elmon (59153713900)","59153713900","Municipalities as spaces for social innovation: A public relations and participation perspective","2026","Public Relations in the Global South: Perspectives from Southern Africa","","","","163","181","0","10.4324/9781003609513-8","https://www.scopus.com/pages/publications/105046601901?origin=resultslist","Book chapter","Final","","Scopus","2-s2.0-105046601901"
"Menon S.; Madheswaran S.","Menon, Shruthi (57381124000); Madheswaran, S. (60755946900)","57381124000; 60755946900","Unequal Beginnings: Inequality of Opportunity in Children’s Access to Education, Health, and Basic Services in India","2026","Indian Journal of Labour Economics","","","","","","0","10.1007/s41027-026-00626-z","https://www.scopus.com/pages/publications/105045611708?origin=resultslist","Article","Article in press","","Scopus","2-s2.0-105045611708"
"Reisler J.; Dykes P.; Latham N.K.; Digbeu B.; Polychronopoulou E.; Sainlaire M.; Thai T.; Kiesman M.; Hommel E.","Reisler, Jenna (57725025000); Dykes, Patricia (36886058600); Latham, Nancy K. (6603014923); Digbeu, Biai (57455433600); Polychronopoulou, Efstathia (57202434316); Sainlaire, Michael (57223231101); Thai, Tien (57223234381); Kiesman, Mackenzie (60763040400); Hommel, Erin (39761841000)","57725025000; 36886058600; 6603014923; 57455433600; 57202434316; 57223231101; 57223234381; 60763040400; 39761841000","Electronic Strategies for Tailored Exercise to Prevent Falls: Evaluating Implementation in Primary Care","2026","Applied Clinical Informatics","17","3","","642","651","0","10.1055/a-2896-8054","https://www.scopus.com/pages/publications/105045920493?origin=resultslist","Article","Final","All Open Access; Green Open Access; Hybrid Gold Open Access","Scopus","2-s2.0-105045920493"
"Simion T.V.; Țâbuleac R.-M.; Gavrilescu M.","Simion, Tiberiu Vlad (60625209300); Țâbuleac, Raluca-Maria (59481059800); Gavrilescu, Maria (7005941154)","60625209300; 59481059800; 7005941154","Water Quality and Footprint in the European Union Driven by Free Movement of People and Tourism","2026","Water (Switzerland)","18","9","1048","","","0","10.3390/w18091048","https://www.scopus.com/pages/publications/105038443592?origin=resultslist","Article","Final","All Open Access; Gold Open Access","Scopus","2-s2.0-105038443592"
"Odekunle F.; Fadeyi A.; Orelaja O.; Akindele-Sotunbo D.; Jinadu O.; Oyewole O.","Odekunle, Folasade (59911718500); Fadeyi, Ayomipo (59912356800); Orelaja, Olabode (55560620500); Akindele-Sotunbo, Dolapo (60106045700); Jinadu, Olawale (60105702100); Oyewole, Olademeji (60105363800)","59911718500; 59912356800; 55560620500; 60106045700; 60105702100; 60105363800","Assessment of accessibility to safe water and sanitation in Bẹẹrẹ community, Ibadan, Oyo state, Nigeria","2026","Multidisciplinary Reviews","9","3","e2026112","","","0","10.31893/multirev.2026112","https://www.scopus.com/pages/publications/105016493119?origin=resultslist","Article","Final","All Open Access; Gold Open Access","Scopus","2-s2.0-105016493119"
"Andualem Z.A.; Tarkegn T.G.; Ayalew A.K.","Andualem, Zemenu Awoke (57968173300); Tarkegn, Temesgen Gashaw (59935786700); Ayalew, Atinkut Kelemu (60750800900)","57968173300; 59935786700; 60750800900","The impacts of large-scale farming, refugees and resettlement on land use land cover changes and ecosystems services values in Abobo Woreda, Gambella Regional State, Ethiopia","2026","Discover Environment","4","1","373","","","0","10.1007/s44274-026-00881-3","https://www.scopus.com/pages/publications/105045245560?origin=resultslist","Article","Final","All Open Access; Gold Open Access","Scopus","2-s2.0-105045245560"
"Bhanye J.","Bhanye, Johannes (57209807322)","57209807322","Hydro-citizenship revisited: water, belonging, and the politics of adaptation in rough neighbourhoods in the Global South","2026","Regional Environmental Change","26","2","120","","","0","10.1007/s10113-026-02609-8","https://www.scopus.com/pages/publications/105039894021?origin=resultslist","Article","Final","All Open Access; Hybrid Gold Open Access","Scopus","2-s2.0-105039894021"
"Raj N.; Tiwari M.","Raj, Nihal (59223164600); Tiwari, Manish (57196753690)","59223164600; 57196753690","‘No Human Entry’ on Paper: Outsourcing Labour, Implementation Gaps, and Everyday Illegality of Manual Scavenging in India","2026","Journal of Labor and Society","29","1","","67","99","0","10.1163/24714607-bja10200","https://www.scopus.com/pages/publications/105030237586?origin=resultslist","Article","Final","","Scopus","2-s2.0-105030237586"
"Chen W.; Su Q.; Liu M.; Yuan X.; Zhang J.; Liu W.; Li J.","Chen, Weixin (59476863700); Su, Qian (60752447900); Liu, Mengyun (60259707700); Yuan, Xin (59181232900); Zhang, Jian (57200317114); Liu, Weimin (57226810924); Li, Jian (57209630147)","59476863700; 60752447900; 60259707700; 59181232900; 57200317114; 57226810924; 57209630147","All-weather solar-driven interfacial desalination: Overcoming solar intermittency through thermal energy storage, photothermal-electrothermal coupling, and mass-transport engineering","2026","Desalination","639","","120599","","","0","10.1016/j.desal.2026.120599","https://www.scopus.com/pages/publications/105046478876?origin=resultslist","Review","Final","","Scopus","2-s2.0-105046478876"
"Moloro A.H.; Sabo K.G.; Mare K.U.; Wengoro B.F.; Endrias E.E.; Ibrahim R.M.; Dubie T.; Ebrahim O.A.; Lahole B.K.","Moloro, Abdulkerim Hassen (57901871600); Sabo, Kebede Gemeda (57853285900); Mare, Kusse Urmale (57211906880); Wengoro, Beriso Furo (59460342100); Endrias, Eshetu Elfios (58165351500); Ibrahim, Roda Mehadi (58306348800); Dubie, Teshager (57217846582); Ebrahim, Oumer Abdulkadir (57224469149); Lahole, Begetayinoral Kussia (59294646500)","57901871600; 57853285900; 57211906880; 59460342100; 58165351500; 58306348800; 57217846582; 57224469149; 59294646500","Prevalence of stunting and its determinants among children under five in 35 Sub-Saharan African countries (2011–2024): Insights from recent demographic health survey data using a generalized linear mixed-effects model with robust poisson regression","2026","PLOS ONE","21","3 March","e0344358","","","0","10.1371/journal.pone.0344358","https://www.scopus.com/pages/publications/105032913228?origin=resultslist","Article","Final","All Open Access; Gold Open Access; Green Open Access","Scopus","2-s2.0-105032913228"
"Kumar S.; Mishra S.; Kumar A.","Kumar, Sandeep (58262719600); Mishra, Shradhanjalli (60526526000); Kumar, Anil (60525166100)","58262719600; 60526526000; 60525166100","Deciphering the Water Accessibility in Urban Neighbourhoods: A Case of Water Supply in Delhi","2026","Lecture Notes in Civil Engineering","727 LNCE","","","785","801","0","10.1007/978-981-95-0736-8_59","https://www.scopus.com/pages/publications/105033563899?origin=resultslist","Conference paper","Final","","Scopus","2-s2.0-105033563899"
"Arbi Y.; Syah N.; Umar I.; Dewata I.; Gusman M.; Sandra N.","Arbi, Yaumal (57202280139); Syah, Nurhasan (57200419486); Umar, Iswandi (60277735100); Dewata, Indang (57202287960); Gusman, Mulya (57202194685); Sandra, Nevy (57210233280)","57202280139; 57200419486; 60277735100; 57202287960; 57202194685; 57210233280","Spatial modelling of shallow groundwater quality in coastal areas with Kriging interpolation","2026","Teknomekanik","9","1","","60","76","0","10.24036/teknomekanik.v9i1.47272","https://www.scopus.com/pages/publications/105031681505?origin=resultslist","Article","Final","All Open Access; Gold Open Access","Scopus","2-s2.0-105031681505"
"François M.; Vaincoeur P.E.; Petit-Homme M.A.; Perrier F.","François, Mathurin (58136841100); Vaincoeur, Paul Edson (59566958400); Petit-Homme, Marc Arthur (57483172700); Perrier, Floriane (60631063400)","58136841100; 59566958400; 57483172700; 60631063400","Public attitudes toward wastewater reuse in Haiti from a circular economy and sustainable development perspective","2026","Aqua Water Infrastructure, Ecosystems and Society","75","4","","174","186","0","10.2166/aqua.2026.103","https://www.scopus.com/pages/publications/105038691814?origin=resultslist","Article","Final","","Scopus","2-s2.0-105038691814"
"Bano A.S.; Almomani F.; Rasool K.; Omar A.","Bano, Arjumand Shah (60091780800); Almomani, Fares (57351373000); Rasool, Kashif (28767865000); Omar, Abdullah (57339495700)","60091780800; 57351373000; 28767865000; 57339495700","Renewable biomethane production from sustainable agricultural waste co-digestion","2026","Journal of the Indian Chemical Society","103","10","102954","","","0","10.1016/j.jics.2026.102954","https://www.scopus.com/pages/publications/105047618316?origin=resultslist","Article","Final","All Open Access; Hybrid Gold Open Access","Scopus","2-s2.0-105047618316"
"Ramaswami A.; Nagpure A.","Ramaswami, Anu (7004297575); Nagpure, Ajay (36553095100)","7004297575; 36553095100","The urban burden of disease in India: modeling infrastructure, environmental and dietary risk factors associated with provisioning systems across forty cities (2022)","2026","Journal of Industrial Ecology","30","1","","103","119","0","10.1007/s44498-026-00008-0","https://www.scopus.com/pages/publications/105033291257?origin=resultslist","Article","Final","All Open Access; Hybrid Gold Open Access","Scopus","2-s2.0-105033291257"
"Saad S.A.; Md Isa K.; Gopinath S.C.B.; Kasim F.H.; Ibrahim N.; Abd Aziz M.A.","Saad, Saiful Azhar (36188475000); Md Isa, Khairudin (36188321600); Gopinath, Subash Candra Bose (59105767600); Kasim, Farizul Hafiz (36925239100); Ibrahim, Naimah (23767004300); Abd Aziz, Mohd Aizudin (57194443593)","36188475000; 36188321600; 59105767600; 36925239100; 23767004300; 57194443593","Carboxylated Adsorbent from Confiscated Cigarette Tobacco for Methylene Blue Removal","2026","International Journal of Integrated Engineering","18","3","","210","226","0","10.30880/ijie.2026.18.03.014","https://www.scopus.com/pages/publications/105041546963?origin=resultslist","Article","Final","All Open Access; Gold Open Access; Green Open Access","Scopus","2-s2.0-105041546963"
"De Lima e Silva A.; De Lima e Silva Y.C.; Alcoforado de Moraes M.M.G.","De Lima e Silva, Andrei (57195913900); De Lima e Silva, Yuri Cesar (57195913634); Alcoforado de Moraes, Márcia Maria Guedes (56572290500)","57195913900; 57195913634; 56572290500","Optimal water tariffs and trade-offs: a multi-objective analysis of municipalities in Pernambuco; [Tarifas ótimas de água e compensações: uma análise multiobjetivo dos municípios de Pernambuco]","2026","Revista Brasileira de Recursos Hidricos","31","","e27","","","0","10.1590/2318-0331.312620250186","https://www.scopus.com/pages/publications/105045389486?origin=resultslist","Article","Final","All Open Access; Gold Open Access","Scopus","2-s2.0-105045389486"
"Cai D.; Ji L.; Li Q.; Ge X.; Xu Y.; Gao Y.","Cai, Daran (58307887300); Ji, Lin (60258336500); Li, Qian (57221243489); Ge, Xiaocao (60254709300); Xu, Yi (60689296100); Gao, Yuanyuan (60689840300)","58307887300; 60258336500; 57221243489; 60254709300; 60689296100; 60689840300","Achieving sustainable resettlement governance in urban water supply systems: Policy optimization of China's hydropower resettlement framework","2026","Physics and Chemistry of the Earth","144","","104524","","","0","10.1016/j.pce.2026.104524","https://www.scopus.com/pages/publications/105041681572?origin=resultslist","Article","Final","","Scopus","2-s2.0-105041681572"
"Jandoc K.R.L.; Abrigo M.R.M.","Jandoc, Karl Robert L. (35743044600); Abrigo, Michael Ralph M. (56018773400)","35743044600; 56018773400","Water policy reform’s effect on child health","2026","International Journal of Economic Policy Studies","20","1","","145","160","0","10.1007/s42495-025-00164-4","https://www.scopus.com/pages/publications/105022415582?origin=resultslist","Article","Final","","Scopus","2-s2.0-105022415582"
"Iosif A.","Iosif, Anna (60692060900)","60692060900","Mining legacies and urban dynamics: socio-environmental injustice in Baia Mare","2026","Local Environment","","","","","","0","10.1080/13549839.2026.2687418","https://www.scopus.com/pages/publications/105041787603?origin=resultslist","Article","Article in press","All Open Access; Hybrid Gold Open Access","Scopus","2-s2.0-105041787603"
"Liberty J.T.","Liberty, Jacob Tizhe (57210806111)","57210806111","Synergizing CRISPR diagnostics and interpretive biosensing into smart urban health systems for pandemic-resilient cities","2026","Sustainable Cities and Society","142","","107332","","","0","10.1016/j.scs.2026.107332","https://www.scopus.com/pages/publications/105034146017?origin=resultslist","Review","Final","","Scopus","2-s2.0-105034146017"
"Albalawneh A.; Haddad N.","Albalawneh, Abeer (55600177200); Haddad, Nizar (8922896000)","55600177200; 8922896000","Constructed wetlands as a nature-based solution for sustainable use of non-conventional water in arid and semi-arid regions: A scoping review","2026","Next Sustainability","7","","100348","","","0","10.1016/j.nxsust.2026.100348","https://www.scopus.com/pages/publications/105040654538?origin=resultslist","Review","Final","All Open Access; Gold Open Access; Green Open Access","Scopus","2-s2.0-105040654538"
"Wannigama D.L.; Amarasiri M.; Sano D.; Hamamoto H.","Wannigama, Dhammika Leshan (57208346420); Amarasiri, Mohan (57163720000); Sano, Daisuke (35799046500); Hamamoto, Hiroshi (56083339400)","57208346420; 57163720000; 35799046500; 56083339400","Tracking Mpox through wastewater: Advances in environmental surveillance and analytical methodologies","2026","Methods in Microbiology","59","","","1","36","0","10.1016/bs.mim.2026.02.001","https://www.scopus.com/pages/publications/105033279485?origin=resultslist","Article","Final","","Scopus","2-s2.0-105033279485"
"Rajendran D.; Surya M.; Annie Darling Kanmani A.; Dharun R.; Isac Reegan G.; Danish Sugarstan S.","Rajendran, Deepalakshmi (57876110500); Surya, M. (60684287700); Annie Darling Kanmani, A. (60684524100); Dharun, R. (58237563200); Isac Reegan, G. (60684628800); Danish Sugarstan, S. (60684728100)","57876110500; 60684287700; 60684524100; 58237563200; 60684628800; 60684728100","Correlation Mapping of Sanitation Access and Public Health Outcomes in Tamil Nadu","2026","Proceedings - IEEE Madhya Pradesh Section Conference, MPCON 2026","","","","1494","1500","0","10.1109/MPCON69668.2026.11508588","https://www.scopus.com/pages/publications/105041453646?origin=resultslist","Conference paper","Final","","Scopus","2-s2.0-105041453646"
"Xiang S.; Yang Q.; Pang Y.; Yu X.","Xiang, Song (56828800800); Yang, Qi (60563326800); Pang, Yan (9839380900); Yu, Xiaomei (58687686200)","56828800800; 60563326800; 9839380900; 58687686200","Machine learning reveals eutrophication mechanisms and governing thresholds in an engineered throughflow lake","2026","Ecological Informatics","95","","103755","","","0","10.1016/j.ecoinf.2026.103755","https://www.scopus.com/pages/publications/105035012049?origin=resultslist","Article","Final","All Open Access; Gold Open Access","Scopus","2-s2.0-105035012049"
"Kanyesigye C.; Ferrero G.; Marks S.J.; Niwagaba C.B.; Kulabako R.N.; Kansiime F.","Kanyesigye, Christopher (57211493789); Ferrero, Giuliana (56022491200); Marks, Sara J. (55195343000); Niwagaba, Charles B. (24554331100); Kulabako, Robinah N. (26324955500); Kansiime, Frank (6602282120)","57211493789; 56022491200; 55195343000; 24554331100; 26324955500; 6602282120","Evaluation of Water Safety Plan outcomes and impacts in Bushenyi-Ishaka Municipality, Uganda","2026","Utilities Policy","98","","102106","","","0","10.1016/j.jup.2025.102106","https://www.scopus.com/pages/publications/105022606098?origin=resultslist","Article","Final","All Open Access; Green Open Access","Scopus","2-s2.0-105022606098"
"Alha A.; Ram K.","Alha, Akhil (57219395400); Ram, Krishna (57320721300)","57219395400; 57320721300","From Promise to Precarity: A Critical Review of SC/ST Scholarship Schemes in India","2026","Contemporary Education Dialogue","","","","","","0","10.1177/09731849261461376","https://www.scopus.com/pages/publications/105047012514?origin=resultslist","Article","Article in press","","Scopus","2-s2.0-105047012514"
"Pérez Rocamora E.; González A.E.","Pérez Rocamora, Esteban (17346834900); González, Alice Elizabeth (8310405300)","17346834900; 8310405300","A Multi-Criteria Decision Framework for Sustainable Sewer Technology Selection Under Environmental Constraints: An Application in Uruguay","2026","Sustainability (Switzerland)","18","14","7316","","","0","10.3390/su18147316","https://www.scopus.com/pages/publications/105045861656?origin=resultslist","Article","Final","All Open Access; Gold Open Access","Scopus","2-s2.0-105045861656"
"Igbokwe J.O.; Isere E.E.; Adeyemi O.; Adebayo A.; Asogun D.; Olayemi A.","Igbokwe, Joseph Odunayo (57185601000); Isere, Elvis Efe (56483278700); Adeyemi, Olubunmi (60466555600); Adebayo, Aduragbemi (60465201800); Asogun, Danny (8927884000); Olayemi, Ayodeji (24067525100)","57185601000; 56483278700; 60466555600; 60465201800; 8927884000; 24067525100","Household practices associated with reported household Lassa fever occurrence in hyperendemic communities of Edo state, Nigeria","2026","Discover public health","23","1","1226","","","0","10.1186/s12982-026-02539-0","https://www.scopus.com/pages/publications/105045392781?origin=resultslist","Article","Final","All Open Access; Gold Open Access","Scopus","2-s2.0-105045392781"
"Peddibhotla U.S.; Sobin C.C.; Kumar R.","Peddibhotla, Usha Sri (58919168200); Sobin, C.C. (55305618200); Kumar, Randhir (58566255200)","58919168200; 55305618200; 58566255200","Blockchain-Enabled Dual-Layer Authentication Framework for Securing Water Supply Chains","2026","ACS ES and T Water","6","5","","3209","3220","0","10.1021/acsestwater.6c00285","https://www.scopus.com/pages/publications/105038285939?origin=resultslist","Article","Final","","Scopus","2-s2.0-105038285939"
"Pasandideh A.S.; Ezaan G.","Pasandideh, Ashraf Sadat (55927491500); Ezaan, Ghazaleh (58759801200)","55927491500; 58759801200","Social dimensions analysis of infrastructure crisis management in environmentally vulnerable regions: focus on the power outage incident in Khuzestan province, Iran","2026","Energy and Climate Change","7","","100265","","","0","10.1016/j.egycc.2026.100265","https://www.scopus.com/pages/publications/105045932962?origin=resultslist","Article","Final","All Open Access; Gold Open Access","Scopus","2-s2.0-105045932962"
"Lefutso D.","Lefutso, David (55654854000)","55654854000","Reconceptualising water insecurity as a slow-onset disaster: A systems-based analysis of risk accumulation in South Africa","2026","Progress in Disaster Science","31","","100638","","","0","10.1016/j.pdisas.2026.100638","https://www.scopus.com/pages/publications/105043586352?origin=resultslist","Article","Final","All Open Access; Gold Open Access","Scopus","2-s2.0-105043586352"
"Fulgar D.; Muller T.; Lott S.","Fulgar, Dexter (60646795300); Muller, Tracy (59928895800); Lott, Simon (59928864600)","60646795300; 59928895800; 59928864600","Enhancing agricultural water resource management: Colour coding system for water distribution systems","2026","Cleaner Waste Systems","14","","100535","","","0","10.1016/j.clwas.2026.100535","https://www.scopus.com/pages/publications/105039941406?origin=resultslist","Article","Final","All Open Access; Gold Open Access","Scopus","2-s2.0-105039941406"
"Paran R.C.; Ocampo C.O.V.; Aparente M.E.A.; Calibo-Senit D.I.; Ybañez A.P.","Paran, Rolina C. (60396841700); Ocampo, Christine Omela V. (57189059063); Aparente, Maria Elena A. (57216817968); Calibo-Senit, Dawn Iris (57201518783); Ybañez, Adrian P. (6504655748)","60396841700; 57189059063; 57216817968; 57201518783; 6504655748","Water Security System Assessment in a Philippine Rural Area","2026","Environment and Ecology Research","14","1","","61","70","0","10.13189/eer.2026.140106","https://www.scopus.com/pages/publications/105032794871?origin=resultslist","Article","Final","All Open Access; Gold Open Access","Scopus","2-s2.0-105032794871"
"Trushna T.; Yadav M.; Sahoo K.C.; Singh S.; Parashar V.; Pandey A.K.; Sabde Y.D.; Pati S.; Tiwari R.R.; Diwan V.","Trushna, Tanwi (56037542900); Yadav, Manju (60060177500); Sahoo, Krushna Chandra (36619062900); Singh, Surya (57206711903); Parashar, Vivek (6701316763); Pandey, Ashok Kumar (59642515300); Sabde, Yogesh D. (54793337800); Pati, Sanghamitra (55441302100); Tiwari, Rajnarayan R. (7202259343); Diwan, Vishal (54793024900)","56037542900; 60060177500; 36619062900; 57206711903; 6701316763; 59642515300; 54793337800; 55441302100; 7202259343; 54793024900","Contextualising household waste segregation in India’s small cities: a multi-stakeholder qualitative study","2026","Frontiers in Sustainable Cities","8","","1716184","","","1","10.3389/frsc.2026.1716184","https://www.scopus.com/pages/publications/105033579653?origin=resultslist","Article","Final","All Open Access; Gold Open Access; Green Open Access","Scopus","2-s2.0-105033579653"
"Chimphero L.M.; Tembo M.; Gadama R.","Chimphero, Lamech Malekano (60371157900); Tembo, Mavuto (35796450300); Gadama, Richard (60371447000)","60371157900; 35796450300; 60371447000","Community engagement and capacity building as determinants of rural water supply functionality: a case of traditional authority Mankhambira in Nkhata Bay District, Malawi","2026","Journal of Water Sanitation and Hygiene for Development","16","1","","22","35","0","10.2166/washdev.2025.149","https://www.scopus.com/pages/publications/105029394513?origin=resultslist","Review","Final","All Open Access; Gold Open Access","Scopus","2-s2.0-105029394513"
"Hasnat M.; Khan A.S.","Hasnat, Mariya (57200854124); Khan, Ambrina Sardar (58402607000)","57200854124; 58402607000","The Effect of Water Access on Female Health, Nutrition and Economic Empowerment—A Case Study of Kaudihar Block, Prayagraj, India","2026","Lecture Notes in Civil Engineering","773 LNCE","","","219","231","0","10.1007/978-981-95-3775-4_14","https://www.scopus.com/pages/publications/105034974881?origin=resultslist","Conference paper","Final","","Scopus","2-s2.0-105034974881"
"Hlongwa N.; Parry V.; Makhahlela B.; Kibirige D.; Carden K.","Hlongwa, Nhlanhla (57219846113); Parry, Victor (57207914764); Makhahlela, Bridget (60521526200); Kibirige, Daniel (57218660025); Carden, Kirsty (17343365600)","57219846113; 57207914764; 60521526200; 57218660025; 17343365600","From global north to south: governing contaminants of emerging concern in water systems","2026","Environmental Research Letters ","21","3","033001","","","0","10.1088/1748-9326/ae3782","https://www.scopus.com/pages/publications/105033693440?origin=resultslist","Review","Final","All Open Access; Gold Open Access","Scopus","2-s2.0-105033693440"
"Alawode-Atoki R.A.; Esan D.T.","Alawode-Atoki, Ruth Adenike (60797508700); Esan, Deborah Tolulope (56958592900)","60797508700; 56958592900","Breaking Barriers: Assessing the Educational and Reproductive Health Implications of Period Poverty Among Secondary School Girls","2026","Journal of Pediatric and Adolescent Gynecology","","","","","","0","10.1016/j.jpag.2026.06.014","https://www.scopus.com/pages/publications/105047804836?origin=resultslist","Review","Article in press","","Scopus","2-s2.0-105047804836"
"Arantegui L.; Kemp S.; Rodriguez-Roda I.","Arantegui, Laura (57222229355); Kemp, Steven (57215663016); Rodriguez-Roda, Ignasi (6602289317)","57222229355; 57215663016; 6602289317","Managing Cybersecurity in the Water Sector: When the Human Factor Does Matter","2026","Journal of Water Resources Planning and Management","152","5","05026009","","","0","10.1061/JWRMD5.WRENG-7075","https://www.scopus.com/pages/publications/105032999430?origin=resultslist","Article","Final","","Scopus","2-s2.0-105032999430"
"Rahman M.A.; Zuthi M.F.R.; Fakhrul T.B.; Alam M.J.","Rahman, Md. Ajijur (60080539900); Zuthi, Mst. Farzana Rahman (59247446400); Fakhrul, Tanveer Bin (60346220900); Alam, Md. Jakaria (60345807400)","60080539900; 59247446400; 60346220900; 60345807400","Status of occupational health and safety of waste workers in Chattogram city and the associated challenges","2026","Discover public health","23","1","64","","","0","10.1186/s12982-026-01356-9","https://www.scopus.com/pages/publications/105028247490?origin=resultslist","Article","Final","All Open Access; Gold Open Access","Scopus","2-s2.0-105028247490"
"Cortés Páez L.E.; Caicedo Bejarano J.R.; Sarria Carabalí M.M.","Cortés Páez, Luis Enrique (57211907447); Caicedo Bejarano, Julia Rosa (60513499400); Sarria Carabalí, Margarita Maria (57211910308)","57211907447; 60513499400; 57211910308","Nitrogen removal mechanisms in duckweed-based stabilization tanks with and without aerobic zones and intermediate feeding stream","2026","Journal of Environmental Management","411","","130194","","","0","10.1016/j.jenvman.2026.130194","https://www.scopus.com/pages/publications/105043166945?origin=resultslist","Article","Final","All Open Access; Hybrid Gold Open Access","Scopus","2-s2.0-105043166945"
"Wijnhoud L.; Miedema E.A.J.","Wijnhoud, L. (60776890800); Miedema, E.A.J. (39061702400)","60776890800; 39061702400","Beyond 'Community': Social Differentiation and Lived Experiences of Heavy Mineral Sands Mining in Southern Mozambique","2026","Extractive Industries and Society","28","","102024","","","0","10.1016/j.exis.2026.102024","https://www.scopus.com/pages/publications/105046544543?origin=resultslist","Article","Final","All Open Access; Hybrid Gold Open Access","Scopus","2-s2.0-105046544543"
"Chen L.; Wang C.; Shuai C.; Chen X.; Ye X.; Xu Z.; Zhao B.; Qu S.; Chai H.; Xu M.","Chen, Lu (59653743500); Wang, Chenglong (57190132465); Shuai, Chenyang (57190883908); Chen, Xi (57327390800); Ye, Xianmin (60708683800); Xu, Zhenci (56815847700); Zhao, Bu (57224334037); Qu, Shen (56937768600); Chai, Hongxiang (35219582100); Xu, Ming (55519747200)","59653743500; 57190132465; 57190883908; 57327390800; 60708683800; 56815847700; 57224334037; 56937768600; 35219582100; 55519747200","Towards a unified principal indicator system for global water quality assessment","2026","Water Research","304","","126364","","","0","10.1016/j.watres.2026.126364","https://www.scopus.com/pages/publications/105042861853?origin=resultslist","Article","Final","","Scopus","2-s2.0-105042861853"
"Kothadia A.; Salmon-Mulanovich G.; Ingham S.; Rusyidi B.; Cole S.; Tallman P.","Kothadia, Aman (57915845900); Salmon-Mulanovich, Gabriela (22942200300); Ingham, Sofia (60725632300); Rusyidi, Binahayati (55778489900); Cole, Stroma (7401503573); Tallman, Paula (54380767100)","57915845900; 22942200300; 60725632300; 55778489900; 7401503573; 54380767100","Infrastructural violence, water insecurity, and gender in northern Peru","2026","Social Science and Medicine","404","","119452","","","0","10.1016/j.socscimed.2026.119452","https://www.scopus.com/pages/publications/105043909604?origin=resultslist","Article","Final","","Scopus","2-s2.0-105043909604"
"Swahn M.H.; Kalulu P.; Sseviiri H.; Namuyiga J.; Palmier J.; Twinomuhangi R.","Swahn, Monica H. (7003475674); Kalulu, Peter (59768962300); Sseviiri, Hakimu (57205064783); Namuyiga, Josephine (60213682900); Palmier, Jane (37102389200); Twinomuhangi, Revocatus (56682818000)","7003475674; 59768962300; 57205064783; 60213682900; 37102389200; 56682818000","Rethinking Urbanicity: Conceptualizing Neighborhood Effects on Women’s Mental Health in Kampala’s Urban Slums","2026","International Journal of Environmental Research and Public Health","23","1","41","","","1","10.3390/ijerph23010041","https://www.scopus.com/pages/publications/105028555295?origin=resultslist","Article","Final","All Open Access; Gold Open Access; Green Open Access","Scopus","2-s2.0-105028555295"
"Mian H.R.; Avila J.; De Coste M.; Saleem S.; Mohseni M.; Hewage K.; Sadiq R.","Mian, Haroon R. (59756338400); Avila, Juan (60243454300); De Coste, Michael (57195302923); Saleem, Sana (57203961551); Mohseni, Madjid (7005809210); Hewage, Kasun (8384286700); Sadiq, Rehan (7003604679)","59756338400; 60243454300; 57195302923; 57203961551; 7005809210; 8384286700; 7003604679","Assessing the water infrastructure in Small and Rural Indigenous (SRI) communities: a risk assessment framework","2026","Journal of Water and Health","24","5","","673","692","0","10.2166/wh.2026.151","https://www.scopus.com/pages/publications/105041133648?origin=resultslist","Article","Final","All Open Access; Gold Open Access","Scopus","2-s2.0-105041133648"
"Basnet G.B.; Sherchan S.","Basnet, Ganga B. (60714331100); Sherchan, Samendra (37052722500)","60714331100; 37052722500","Urban Water Insecurity and Public Health in Kathmandu Valley, Nepal: A Systematic Review of Contamination Sources, Health Risks, and Governance Gaps","2026","Water (Switzerland)","18","12","1514","","","0","10.3390/w18121514","https://www.scopus.com/pages/publications/105043012352?origin=resultslist","Review","Final","All Open Access; Gold Open Access","Scopus","2-s2.0-105043012352"
"Berhanu E.G.","Berhanu, Elshaday Girma (60309522800)","60309522800","Strengthening climate resilience in water, sanitation and hygiene: Evaluating women-led enterprises in rural Ethiopia","2026","African Evaluation Journal","14","2","a857","","","0","10.4102/aej.v14i2.867","https://www.scopus.com/pages/publications/105037206252?origin=resultslist","Article","Final","All Open Access; Gold Open Access; Green Open Access","Scopus","2-s2.0-105037206252"
"Saroughi M.; Achite M.; Çelik M.A.; Pandey K.","Saroughi, Mohsen (57928814100); Achite, Mohammed (6506127655); Çelik, Mehmet Ali (58104871200); Pandey, Kusum (57219363840)","57928814100; 6506127655; 58104871200; 57219363840","From Scarcity to Security Multidimensional Perspectives on Water in a Changing World: From Scarcity to Security","2026","Interdisciplinary Studies on Global Disasters","","","","1","30","0","10.4018/979-8-3373-6274-8.ch001","https://www.scopus.com/pages/publications/105033427598?origin=resultslist","Book chapter","Final","","Scopus","2-s2.0-105033427598"
"Garcia-Barrios J.; Laird B.; Kocsis E.; Wyngaarden S.; Roblero M.; Aguilar R.; Brubacher L.J.; Little M.; Neufeld H.; Dodd W.","Garcia-Barrios, Joshua (57219979213); Laird, Brian (22980194400); Kocsis, Emily (57215052757); Wyngaarden, Sara (56997382000); Roblero, Magnolia (60416560400); Aguilar, Rony (60378504200); Brubacher, Laura Jane (57204247825); Little, Matthew (57189597269); Neufeld, Hannah (57215799033); Dodd, Warren (57188988113)","57219979213; 22980194400; 57215052757; 56997382000; 60416560400; 60378504200; 57204247825; 57189597269; 57215799033; 57188988113","Characterizing water-health pathways among diverse system actors in rural Guatemala: a qualitative study","2026","Environmental Research: Health","4","1","015006","","","0","10.1088/2752-5309/ae405a","https://www.scopus.com/pages/publications/105031120044?origin=resultslist","Article","Final","All Open Access; Gold Open Access; Green Open Access","Scopus","2-s2.0-105031120044"
"Saikia B.B.; Dutta M.; Dutta S.B.","Saikia, Bristy Bonya (60711167700); Dutta, Mridul (60711701100); Dutta, Sudipta Bashab (60711344500)","60711167700; 60711701100; 60711344500","Pots to Pipelines: Ethnographic Narratives of Women's Engagements With Water in Jorhat District of Assam","2026","World Water Policy","12","3","e70092","","","0","10.1002/wwp2.70092","https://www.scopus.com/pages/publications/105043178859?origin=resultslist","Article","Final","","Scopus","2-s2.0-105043178859"
"Obodai E.; Asante Ntim N.A.; Duker E.O.; Gberbi E.; Antwi C.N.; Mensah J.Y.; Odame D.; Boakye J.D.; Bimpong S.A.; Agbotse G.D.; Odoom N.; Adams P.L.; Acquah N.K.; Dickson A.E.; Odoom C.; Achempem K.K.; Baffoe-Nyarko I.; Egbi G.; Laryea D.; Asiedu-Bekoe F.; Odoom J.K.","Obodai, Evangeline (56422164400); Asante Ntim, Nana Afia (56133430900); Duker, Ewurabena Oduma (57207689026); Gberbi, Emmanuel (57838525000); Antwi, Comfort Nuamah (59318020600); Mensah, Jude Yayra (59317494100); Odame, Deborah (59449575800); Boakye, Jessica Dufie (60163109400); Bimpong, Sharon Ansong (59449575700); Agbotse, Gayheart Deladem (58979772700); Odoom, Nancy (59974920200); Adams, Patience Lartekai (58364542000); Acquah, Nana Kobina (60336777500); Dickson, Angelina Evelyn (58979625200); Odoom, Christabel (59974077800); Achempem, Kwame Kodom (58912199200); Baffoe-Nyarko, Isaac (57386903900); Egbi, Godfred (56499212300); Laryea, Dennis (57201281307); Asiedu-Bekoe, Franklin (55987037700); Odoom, John Kofi (24765405900)","56422164400; 56133430900; 57207689026; 57838525000; 59318020600; 59317494100; 59449575800; 60163109400; 59449575700; 58979772700; 59974920200; 58364542000; 60336777500; 58979625200; 59974077800; 58912199200; 57386903900; 56499212300; 57201281307; 55987037700; 24765405900","Effectiveness of poliovirus environmental surveillance in Ghana: an indicator-based performance evaluation across seven regions, 2018–2022","2026","BMJ Open ","16","1","e109733","","","1","10.1136/bmjopen-2025-109733","https://www.scopus.com/pages/publications/105027705511?origin=resultslist","Article","Final","All Open Access; Gold Open Access; Green Open Access","Scopus","2-s2.0-105027705511"
"Isunju J.B.; Magala J.; Wafula S.T.; Tamas P.; Namanya D.; Mukasa C.H.; Mugambe R.K.; Yimam D.A.; Akello T.; Galiwango J.; Nakalembe D.; Mubiru S.; Ndyanabo R.; Naamala M.; Ogwok R.; Nalugya A.; Tamale B.N.; Geofrey A.; Mukasa M.M.; Mukama T.; Ssekamatte D.; Ssekamatte T.","Isunju, John Bosco (37665082300); Magala, Joyce (59391335300); Wafula, Solomon T. (57193238711); Tamas, Peter (14053046300); Namanya, Didacus (56256451500); Mukasa, Comfort Hajra (57801689700); Mugambe, Richard K. (53983147100); Yimam, Dereje Amene (57924380200); Akello, Trophy (59300260900); Galiwango, Jovan (59181608800); Nakalembe, Doreen (57685980400); Mubiru, Shakiim (60200379500); Ndyanabo, Remegio (58304759300); Naamala, Mirandah (60199752700); Ogwok, Ronald (60200942300); Nalugya, Aisha (57217992482); Tamale, Bridget Nagawa (57838068200); Geofrey, Anguzu (60201555700); Mukasa, Martin Mujjabi (60199752800); Mukama, Trasias (57063506300); Ssekamatte, David (57201425356); Ssekamatte, Tonny (57204817969)","37665082300; 59391335300; 57193238711; 14053046300; 56256451500; 57801689700; 53983147100; 57924380200; 59300260900; 59181608800; 57685980400; 60200379500; 58304759300; 60199752700; 60200942300; 57217992482; 57838068200; 60201555700; 60199752800; 57063506300; 57201425356; 57204817969","Household vulnerability to climate impacts on WASH and risk mitigation in informal settlements of Eastern Uganda","2026","Scientific Reports","16","1","21154","","","0","10.1038/s41598-026-50977-2","https://www.scopus.com/pages/publications/105044009831?origin=resultslist","Article","Final","All Open Access; Gold Open Access; Green Open Access","Scopus","2-s2.0-105044009831"
"Karunananthan M.","Karunananthan, Meera (57203526654)","57203526654","Sustainable development, climate resilience and the technologies of water apartheid","2026","Geoforum","172","","104607","","","0","10.1016/j.geoforum.2026.104607","https://www.scopus.com/pages/publications/105034064182?origin=resultslist","Article","Final","All Open Access; Hybrid Gold Open Access","Scopus","2-s2.0-105034064182"
"Zhang H.; Qiao H.; Gu X.; Uddin I.; Li X.; He Z.; Zhang X.","Zhang, Hong (58917681000); Qiao, Haixiang (60238492900); Gu, Xiao (60628387800); Uddin, Ijaz (57803897400); Li, Xiuping (60238637200); He, Zhenhua (60628017900); Zhang, Xiaolan (58550924000)","58917681000; 60238492900; 60628387800; 57803897400; 60238637200; 60628017900; 58550924000","Impact of air pollution on life expectancy: the role of digitalization, urbanization and institutional quality in BRICS economies","2026","Frontiers in public health","14","","","1681381","","0","10.3389/fpubh.2026.1681381","https://www.scopus.com/pages/publications/105038503707?origin=resultslist","Article","Final","All Open Access; Gold Open Access; Green Open Access","Scopus","2-s2.0-105038503707"
"Souza-Dal Bó G.C.D.; Bernardin A.M.","Souza-Dal Bó, Gláucia Cardoso de (60231098300); Bernardin, Adriano Michael (8550927400)","60231098300; 8550927400","The (de)valuation of solid waste in developing countries: The Brazilian case (2012–2022) after the national solid waste policy","2026","Cleaner Waste Systems","13","","100457","","","1","10.1016/j.clwas.2025.100457","https://www.scopus.com/pages/publications/105024343124?origin=resultslist","Article","Final","All Open Access; Gold Open Access","Scopus","2-s2.0-105024343124"
"Chirumamilla V.","Chirumamilla, Varudhini (60046637900)","60046637900","Waste disposal and management practices in fruit and vegetable processing plants in Gujarat","2026","Discover Sustainability","7","1","631","","","0","10.1007/s43621-026-02964-w","https://www.scopus.com/pages/publications/105038039007?origin=resultslist","Article","Final","All Open Access; Gold Open Access","Scopus","2-s2.0-105038039007"
"Chen C.-Y.; Cai Y.-S.; Hung Y.-J.; You G.J.-Y.","Chen, Chieh-Ying (57224534444); Cai, Yu-Syuan (60749548100); Hung, Yu-Ju (59380183800); You, Gene Jiing-Yun (60749548200)","57224534444; 60749548100; 59380183800; 60749548200","Institutional conflicts of interest in regional water management: a case study of the water supply in the Taipei metropolitan area","2026","Geoscience Letters","13","1","50","","","0","10.1186/s40562-026-00498-7","https://www.scopus.com/pages/publications/105045263697?origin=resultslist","Article","Final","All Open Access; Gold Open Access","Scopus","2-s2.0-105045263697"
"Ebenehi I.Y.; Diwa B.B.; Zakari M.","Ebenehi, Ibrahim Yakubu (57199323482); Diwa, Benjamin Bilari (60592931400); Zakari, Mukailu (60592828000)","57199323482; 60592931400; 60592828000","Assessing the Potential and Utilization of Renewable Energy for Sustainable Building Services Systems","2026","Lecture Notes in Civil Engineering","772 LNCE","","","567","580","0","10.1007/978-3-032-08992-2_47","https://www.scopus.com/pages/publications/105036375680?origin=resultslist","Conference paper","Final","","Scopus","2-s2.0-105036375680"
"Azimi M.N.; Rahman M.M.","Azimi, Mohammad Naim (57421637100); Rahman, Mohammad Mafizur (55295683900)","57421637100; 55295683900","Governance, structure, and access: a Bayesian hierarchical analysis of water, sanitation, and hygiene in South Asia","2026","Globalization and Health","22","1","62","","","0","10.1186/s12992-026-01219-7","https://www.scopus.com/pages/publications/105046524940?origin=resultslist","Article","Final","All Open Access; Gold Open Access; Green Open Access","Scopus","2-s2.0-105046524940"
"Liu C.; Ju R.; Han C.; Zeng B.; Wu H.; Tao X.","Liu, Chongtao (58846764100); Ju, Ran (58846911200); Han, Chunxiao (59147291500); Zeng, Bing (59957893400); Wu, Houkai (57190167600); Tao, Xiuping (12785286700)","58846764100; 58846911200; 59147291500; 59957893400; 57190167600; 12785286700","Construction and performance optimization of five-chamber microbial desalination cell for enhanced desalination and bioelectricity generation; [多室微生物脱盐燃料电池的构建与脱盐产电性能优化研究]","2026","Huagong Xuebao/CIESC Journal","77","3","","1411","1423","0","10.11949/0438-1157.20250921","https://www.scopus.com/pages/publications/105044525700?origin=resultslist","Article","Final","","Scopus","2-s2.0-105044525700"
"Amoo O.T.; Nakin M.D.V.; Ikudayisi A.; Lukman Y.","Amoo, Oseni Taiwo (57213265661); Nakin, Motebang Dominic Vincent (18234253400); Ikudayisi, Akinola (57204480824); Lukman, Yusuf (57264255400)","57213265661; 18234253400; 57204480824; 57264255400","A system dynamics approach to stormwater harvesting under increasing drought variability","2026","iScience","29","7","116472","","","0","10.1016/j.isci.2026.116472","https://www.scopus.com/pages/publications/105043702888?origin=resultslist","Article","Final","All Open Access; Gold Open Access; Green Open Access","Scopus","2-s2.0-105043702888"
"Yang L.; Fu P.; Yang C.; Tan S.; Liang S.-X.; Yang Y.","Yang, Lansong (57906829900); Fu, Peixin (57221931415); Yang, Chen (59877597900); Tan, Shixin (59723412300); Liang, Shun-Xing (57221992414); Yang, Yuanzheng (57220182904)","57906829900; 57221931415; 59877597900; 59723412300; 57221992414; 57220182904","Enhanced Fenton-like catalytic performance of Fe-based metallic glass by nitrogen microalloying","2026","Intermetallics","189","","109099","","","3","10.1016/j.intermet.2025.109099","https://www.scopus.com/pages/publications/105023437917?origin=resultslist","Article","Final","","Scopus","2-s2.0-105023437917"
"Irannezhad M.; Hassani Nezhad Gashti M.","Irannezhad, Masoud (56554177200); Hassani Nezhad Gashti, Maryam (60795225400)","56554177200; 60795225400","Water at risk: conflict-driven vulnerabilities in desalination-dependent systems","2026","Environmental Sustainability","","","","","","0","10.1007/s42398-026-00468-x","https://www.scopus.com/pages/publications/105047630868?origin=resultslist","Article","Article in press","","Scopus","2-s2.0-105047630868"
"Montoya-Lozano A.; Grillos T.","Montoya-Lozano, Ariana (60209923400); Grillos, Tara (57191228029)","60209923400; 57191228029","Effect of women's inclusion on conservation and management practices of Water User Associations","2026","World Development","199","","107255","","","1","10.1016/j.worlddev.2025.107255","https://www.scopus.com/pages/publications/105022785647?origin=resultslist","Article","Final","","Scopus","2-s2.0-105022785647"
"Nasrin R.; Ali M.M.; Ahmed A.; Rahman A.","Nasrin, Rubaya (60436534600); Ali, Mir Mohammad (57214142357); Ahmed, Ali (56427059100); Rahman, Ataur (56234266400)","60436534600; 57214142357; 56427059100; 56234266400","Water at the Crossroads: Challenges and Opportunities for SDG Integration in Bangladesh","2026","Lecture Notes in Civil Engineering","822 LNCE","","","879","892","0","10.1007/978-3-032-18708-6_78","https://www.scopus.com/pages/publications/105031889212?origin=resultslist","Conference paper","Final","","Scopus","2-s2.0-105031889212"
"Kaur K.P.","Kaur, Komal Preet (57760027600)","57760027600","Streamlining governance for urban cleanliness: Insights from Indore in India","2026","Elementa","14","1","","","","0","10.1525/elementa.2025.00012","https://www.scopus.com/pages/publications/105034853092?origin=resultslist","Article","Final","All Open Access; Gold Open Access","Scopus","2-s2.0-105034853092"
"Sayiwal S.; Joshi M.C.; Garhwal Y.S.","Sayiwal, Shalini (60632627200); Joshi, Mahesh Chandra (56970519300); Garhwal, Yogita S. (60633070900)","60632627200; 56970519300; 60633070900","Jaipur on the Smart Track: A Citizen-Centric Review of the Smart City Vision","2026","Springer Proceedings in Business and Economics","","","","477","485","0","10.1007/978-981-95-4200-0_27","https://www.scopus.com/pages/publications/105039180020?origin=resultslist","Conference paper","Final","","Scopus","2-s2.0-105039180020"
"Ma H.; Marsani M.F.; Mansor M.A.; Kasihmuddin M.S.M.; Long C.","Ma, Hong (59249985700); Marsani, Muhammad Fadhil (57217535953); Mansor, Mohd. Asyraf (57190938125); Kasihmuddin, Mohd Shareduwan Mohd (57192191975); Long, Caiyan (60465651600)","59249985700; 57217535953; 57190938125; 57192191975; 60465651600","Optimized decomposition and deep learning with bias correction for reliable runoff point-interval prediction","2026","Scientific Reports","16","1","9616","","","1","10.1038/s41598-025-33713-0","https://www.scopus.com/pages/publications/105034323620?origin=resultslist","Article","Final","All Open Access; Gold Open Access; Green Open Access","Scopus","2-s2.0-105034323620"
"Lai C.; Zhang W.; Meng F.; Zhao S.","Lai, Cunxian (57362860600); Zhang, Wentian (57218909099); Meng, Fangang (8691579400); Zhao, Shanshan (57203221541)","57362860600; 57218909099; 8691579400; 57203221541","Sequential monomer immersion guided by density contrast tailors pore structure and surface chemistry in nanofiltration membranes for lithium recovery","2026","Journal of Membrane Science","758","","126069","","","0","10.1016/j.memsci.2026.126069","https://www.scopus.com/pages/publications/105047677663?origin=resultslist","Article","Final","","Scopus","2-s2.0-105047677663"
"Kyambade M.; Mwesigwa R.; Alinda K.; Tumwine S.; Lwanga F.","Kyambade, Mahadih (58849047600); Mwesigwa, Rogers (57201464007); Alinda, Kassim (57220482192); Tumwine, Sulait (57889998100); Lwanga, Freddie (60124446400)","58849047600; 57201464007; 57220482192; 57889998100; 60124446400","Resilience and Sustainability Performance of Health and Sanitation Projects in Uganda","2026","Sustainable Development","","","","","","0","10.1002/sd.71483","https://www.scopus.com/pages/publications/105045355394?origin=resultslist","Article","Article in press","","Scopus","2-s2.0-105045355394"
"Krasniqi V.","Krasniqi, Vlerë (58055185800)","58055185800","Bridging infrastructure gaps in water and environmental management: A case study from Kosovo and North Macedonia","2026","Journal of Ecological Engineering ","27","2","","80","90","0","10.12911/22998993/210923","https://www.scopus.com/pages/publications/105029381120?origin=resultslist","Article","Final","All Open Access; Gold Open Access","Scopus","2-s2.0-105029381120"
"Lee I.; Lee H.; Shin M.; Kim J.-W.; Verma M.; Jee M.H.; Kim H.","Lee, Ingyu (56124866200); Lee, Hyoyoung (60558066100); Shin, Mingyeong (60015224300); Kim, Jae-Woo (60558143400); Verma, Monu (56399005800); Jee, Min Ho (37047214400); Kim, Hyunook (57208153877)","56124866200; 60558066100; 60015224300; 60558143400; 56399005800; 37047214400; 57208153877","Rapid Assessment of Synthetic Fibers Released During Laundering Using Total Organic Carbon-Based Analysis","2026","Fibers and Polymers","27","6","","3049","3060","0","10.1007/s12221-026-01401-z","https://www.scopus.com/pages/publications/105034809590?origin=resultslist","Article","Final","","Scopus","2-s2.0-105034809590"
"Corrêa L.P.; Medeiros P.C.; Hadad R.M.; Rangel Rigotti J.I.; Figueiredo Gomes U.A.","Corrêa, Lívia Pita (60636616600); Medeiros, Patrícia Conceição (60636616700); Hadad, Renato Moreira (55534526100); Rangel Rigotti, José Irineu (59658007500); Figueiredo Gomes, Uende Aparecida (57223146864)","60636616600; 60636616700; 55534526100; 59658007500; 57223146864","Water, sanitation, and hygiene (WASH): a study of Brazilian rural public elementary schools; [Água, saneamento e higiene (WASH): um estudo das escolas públicas rurais de Ensino Fundamental brasileiras]; [Agua, saneamiento e higiene (WASH): un estudio de las escuelas públicas rurales de educación primaria brasileñas]","2026","Cadernos de Saude Publica","42","","e00128025","","","0","10.1590/0102-311XPT128025","https://www.scopus.com/pages/publications/105039130969?origin=resultslist","Article","Final","All Open Access; Gold Open Access; Green Open Access","Scopus","2-s2.0-105039130969"
"","","","Retraction: “Exploring Water Supply Challenges to Selected Villages of Greater Giyani Municipality in Limpopo Province, South Africa”","2026","Journal of Asian and African Studies","61","5","","4409","4410","0","10.1177/00219096261466037","https://www.scopus.com/pages/publications/105044228505?origin=resultslist","Erratum","Final","","Scopus","2-s2.0-105044228505"
"Baker J.M.; Chand K.","Baker, J. Mark (57201006335); Chand, Kesar (37123381900)","57201006335; 37123381900","The potential contributions of irrigation channel networks to urban climate-resilience in the Hindu Kush Himalaya","2026","Current Opinion in Environmental Sustainability","80","","101634","","","0","10.1016/j.cosust.2026.101634","https://www.scopus.com/pages/publications/105035784691?origin=resultslist","Review","Final","All Open Access; Hybrid Gold Open Access","Scopus","2-s2.0-105035784691"
"Nagarajan D.; P S.V.; Amri Z.A.; Babu M.D.","Nagarajan, D. (9434932500); P, Shyaman V (60731143900); Amri, Zakiya Al (60730936300); Babu, M. Dinesh (56826144500)","9434932500; 60731143900; 60730936300; 56826144500","Multi–Criteria Assessment of Wastewater Treatment Technologies for Circular Economy Implementation Using an m–Polar Fuzzy Decision Model","2026","Water, Air, and Soil Pollution","237","18","1058","","","0","10.1007/s11270-026-09736-2","https://www.scopus.com/pages/publications/105044079402?origin=resultslist","Article","Final","","Scopus","2-s2.0-105044079402"
"Runokunda J.C.; Matsa M.M.; Dzawanda B.","Runokunda, Juliet Chidochashe (60139603800); Matsa, Mark Makomborero (57195566711); Dzawanda, Beauty (57212376105)","60139603800; 57195566711; 57212376105","Pathways to open market sustainability at Mtapa Open Market in Gweru, Zimbabwe","2026","Discover Sustainability","7","1","513","","","0","10.1007/s43621-026-02910-w","https://www.scopus.com/pages/publications/105041705304?origin=resultslist","Article","Final","All Open Access; Gold Open Access; Green Open Access","Scopus","2-s2.0-105041705304"
"Gupta N.; Verma S.K.; Anand S.; Anand Y.; Kumar R.","Gupta, Navin (57209931733); Verma, Shubham Kumar (57219112947); Anand, Sanjeev (36476017300); Anand, Yatheshth (56692727300); Kumar, Ramesh (57749415900)","57209931733; 57219112947; 36476017300; 56692727300; 57749415900","Advancing urban resilience in heritage cities through spatial and community-based analysis","2026","Discover Sustainability","7","1","1256","","","0","10.1007/s43621-026-03369-5","https://www.scopus.com/pages/publications/105046887425?origin=resultslist","Article","Final","All Open Access; Gold Open Access","Scopus","2-s2.0-105046887425"
"Zahir A.; Ahmadzai M.A.; Azizi M.N.","Zahir, Ahmadullah (57211332221); Ahmadzai, Mohammad Aman (57729396700); Azizi, Mohammad Naeem (57221770537)","57211332221; 57729396700; 57221770537","Epidemiology and Control of Foodborne Diseases in Resource-Limited Settings: Insights from Afghanistan","2026","Journal of Food Protection","89","8","100843","","","1","10.1016/j.jfp.2026.100843","https://www.scopus.com/pages/publications/105044607717?origin=resultslist","Review","Final","All Open Access; Gold Open Access","Scopus","2-s2.0-105044607717"
"Ayala Cabana L.; Arcas A.; López-Heras I.; de Santiago-Martín A.; Meffe R.","Ayala Cabana, Lesly (59232799400); Arcas, Alejandra (57388343700); López-Heras, Isabel (57204967471); de Santiago-Martín, Ana (55498651300); Meffe, Raffaella (35219150500)","59232799400; 57388343700; 57204967471; 55498651300; 35219150500","Suspect Screening and Prioritization as an Analytical Strategy for the Identification of Persistent, Mobile, and Toxic (PMT) Substances in Surface Water","2026","Analytical Chemistry","98","8","","5923","5937","0","10.1021/acs.analchem.5c04907","https://www.scopus.com/pages/publications/105031571325?origin=resultslist","Article","Final","All Open Access; Green Open Access; Hybrid Gold Open Access","Scopus","2-s2.0-105031571325"
"Moroz D.; Laré A.; Subramaniam N.; Madzivanyika C.","Moroz, David (57210255399); Laré, Amandine (55863978700); Subramaniam, Navaneetham (22036029500); Madzivanyika, Cuthbert (60512407700)","57210255399; 55863978700; 22036029500; 60512407700","Mapping the research landscape on SDG 6: A bibliometric analysis","2026","Sustainable Futures","11","","101810","","","0","10.1016/j.sftr.2026.101810","https://www.scopus.com/pages/publications/105034653211?origin=resultslist","Article","Final","All Open Access; Gold Open Access; Green Open Access","Scopus","2-s2.0-105034653211"
"Mash R.; Blows S.; Lahri S.; McRae M.; Lokotola C.; Jobanputra K.; Nayna Schwerdtle P.","Mash, Robert (60196466100); Blows, Stacey (58019970900); Lahri, Sa'ad (8531426000); McRae, Melissa (60078532800); Lokotola, Christian (57215662432); Jobanputra, Kiran (56173666400); Nayna Schwerdtle, Patricia (57218390470)","60196466100; 58019970900; 8531426000; 60078532800; 57215662432; 56173666400; 57218390470","Building climate-resilient primary care: A convergent mixed-methods climate vulnerability and capacity assessment in the Cederberg subdistrict, South Africa","2026","Public Health","252","","106106","","","6","10.1016/j.puhe.2025.106106","https://www.scopus.com/pages/publications/105027681352?origin=resultslist","Article","Final","","Scopus","2-s2.0-105027681352"
"Clark C.; van Senten J.; Engle C.R.","Clark, Charles (57226107602); van Senten, Jonathan (57193847650); Engle, Carole R (7005192559)","57226107602; 57193847650; 7005192559","The regulatory cost burden on Atlantic coast shellfish farms","2026","North American Journal of Aquaculture","88","2","","117","131","0","10.1093/naaqua/vraf039","https://www.scopus.com/pages/publications/105035750336?origin=resultslist","Article","Final","","Scopus","2-s2.0-105035750336"
"Abebe T.A.; Sebastian S.; Tucho G.T.","Abebe, Thomas Ayalew (57219775650); Sebastian, Semella (60216614100); Tucho, Gudina Terefe (56332894700)","57219775650; 60216614100; 56332894700","Spatial analysis of human fecal waste in rural Oromia, Ethiopia: biomethane and nutrient recovery potential","2026","Environmental Science: Advances","5","2","","591","605","0","10.1039/d5va00356c","https://www.scopus.com/pages/publications/105028108092?origin=resultslist","Article","Final","All Open Access; Gold Open Access; Green Open Access","Scopus","2-s2.0-105028108092"
"Izah S.C.; Jacob D.E.; Alum E.U.; Fayiah M.","Izah, Sylvester Chibueze (55657319000); Jacob, Daniel Etim (58626267000); Alum, Esther Ugo (57205654369); Fayiah, Moses (57210733104)","55657319000; 58626267000; 57205654369; 57210733104","Water Safety in Sub-Saharan Africa","2026","Springer Water","Part F1314","","","245","271","0","10.1007/978-3-032-10602-5_9","https://www.scopus.com/pages/publications/105027014218?origin=resultslist","Book chapter","Final","","Scopus","2-s2.0-105027014218"
"de Cortes J.P.S.; Andrade I.M.F.; da Silva Less D.F.; de Fraga R.; Marshall A.; Wohl E.","de Cortes, João Paulo Soares (57220934411); Andrade, Iezabelly Maria Farias (60585386300); da Silva Less, Diani Fernanda (57193890236); de Fraga, Rafael (37048571800); Marshall, Anna (57190490890); Wohl, Ellen (7003663265)","57220934411; 60585386300; 57193890236; 37048571800; 57190490890; 7003663265","Multidimensional drought impacts in the lower Amazon: local perspectives on social-ecological vulnerability","2026","Regional Environmental Change","26","2","83","","","0","10.1007/s10113-026-02578-y","https://www.scopus.com/pages/publications/105035865959?origin=resultslist","Article","Final","All Open Access; Hybrid Gold Open Access","Scopus","2-s2.0-105035865959"
"Dhanusk K.; Devkota N.; Khanal G.; Byanjankar R.; Danuwar R.K.","Dhanusk, Krishna (60348351300); Devkota, Niranjan (57205266523); Khanal, Ghanashyam (57221286501); Byanjankar, Rohan (59182833000); Danuwar, Ranjana Kumari (59291832500)","60348351300; 57205266523; 57221286501; 59182833000; 59291832500","Decade-long waits for drinking water in Nepal’s capital city: urban household’s willingness to pay for improved water services","2026","Urban Water Journal","23","5","","856","880","0","10.1080/1573062X.2026.2618690","https://www.scopus.com/pages/publications/105028443310?origin=resultslist","Article","Final","","Scopus","2-s2.0-105028443310"
"Bambara S.; Isingizwe M.C.; Adegboyega T.T.; Mutesa L.","Bambara, Sylvie (60710627200); Isingizwe, Marie Claire (60710158500); Adegboyega, Taofeek Tope (57218440252); Mutesa, Leon (22135493200)","60710627200; 60710158500; 57218440252; 22135493200","A Systematic Review of Gastrointestinal and Respiratory Pathogen Detection in Wastewater in Africa, with Focus on Rwanda: Implications for Early Warning and Public Health Surveillance","2026","Pathogens","15","6","574","","","0","10.3390/pathogens15060574","https://www.scopus.com/pages/publications/105042697546?origin=resultslist","Review","Final","All Open Access; Gold Open Access; Green Open Access","Scopus","2-s2.0-105042697546"
"Gupta S.; Das S.; Chaudhuri R.","Gupta, S. (58143859300); Das, S. (60625619500); Chaudhuri, R. (57195060639)","58143859300; 60625619500; 57195060639","Evaluating Policies for Restoration of a Forest Catchment: An Institutional Analysis","2026","International Forestry Review","27","","","74","88","0","10.1505/146554825840449614","https://www.scopus.com/pages/publications/105038423821?origin=resultslist","Article","Final","","Scopus","2-s2.0-105038423821"
"Mansouri M.; Afrashteh S.; Farhadi A.; Moftian N.; Zanganeh Z.; Yazdi N.B.; Arfaeinia H.; Soleimani F.; Farhadi M.","Mansouri, Maryam (60148168900); Afrashteh, Sima (57202707215); Farhadi, Akram (57188975751); Moftian, Nazilla (57194651277); Zanganeh, Zivar (57218990202); Yazdi, Niloufar Borhani (57545826000); Arfaeinia, Hossein (57039118000); Soleimani, Farshid (57172345200); Farhadi, Majid (57192815454)","60148168900; 57202707215; 57188975751; 57194651277; 57218990202; 57545826000; 57039118000; 57172345200; 57192815454","Integrated Network Analysis of Toxic Elements Co-exposure and Pathophysiological Changes Triggered by Oxidative Stress/Inflammation in Urban Sanitation Workers","2026","Biological Trace Element Research","204","5","","2939","2953","1","10.1007/s12011-025-04866-w","https://www.scopus.com/pages/publications/105019196280?origin=resultslist","Article","Final","","Scopus","2-s2.0-105019196280"
"Belmeziti A.; M’hammedi Bouzina A.; De Gouvello B.","Belmeziti, Ali (55839542800); M’hammedi Bouzina, Adlane (59146005300); De Gouvello, Bernard (30267584900)","55839542800; 59146005300; 30267584900","Household resilience under intermittent water supply in Algeria social housing","2026","Urban Research and Practice","","","","","","0","10.1080/17535069.2026.2682476","https://www.scopus.com/pages/publications/105040984066?origin=resultslist","Article","Article in press","","Scopus","2-s2.0-105040984066"
"Mitchell A.; Wineman A.; Kessler H.; Warner Y.; Gharge S.; Fredenberg E.","Mitchell, Arlene (57222001390); Wineman, Ayala (57188826083); Kessler, Heidi (56499957600); Warner, Yale (57740153800); Gharge, Shivani (57298855500); Fredenberg, Emily (59513844500)","57222001390; 57188826083; 56499957600; 57740153800; 57298855500; 59513844500","A comprehensive and standardized dataset on school feeding activities worldwide: The Global Survey of School Meal Programs","2026","Data in Brief","67","","113018","","","0","10.1016/j.dib.2026.113018","https://www.scopus.com/pages/publications/105043383549?origin=resultslist","Article","Final","All Open Access; Gold Open Access; Green Open Access","Scopus","2-s2.0-105043383549"
"Pirzada Z.A.; Shafaat N.; Mahar S.A.","Pirzada, Zubair Ahmed (60370954000); Shafaat, Nida (60371248900); Mahar, Shoukat Ali (59144444800)","60370954000; 60371248900; 59144444800","Decentralization on paper, centralization in practice: exploring the structural barriers to effective urban governance in Pakistan’s decentralized systems","2026","International Review of Public Administration","31","3","","329","348","1","10.1080/12294659.2026.2623585","https://www.scopus.com/pages/publications/105029424231?origin=resultslist","Article","Final","","Scopus","2-s2.0-105029424231"
"Hoang P.D.; Plan E.L.C.V.I.M.; Nguyen N.T.H.","Hoang, Phi Dinh (57224366315); Plan, Emmanuel Lance Christopher VI M. (57195361073); Nguyen, Nga T. H. (60113201900)","57224366315; 57195361073; 60113201900","Before and After Wash Trade Detection in Ethereum NFTs: Evidence for the Mixture of Distribution Hypothesis and Sequential Information Arrival Hypothesis and Effect of Collection Characteristics","2026","Emerging Markets Finance and Trade","62","5","","1362","1373","1","10.1080/1540496X.2025.2555376","https://www.scopus.com/pages/publications/105017063045?origin=resultslist","Article","Final","","Scopus","2-s2.0-105017063045"
"Turkman N.; Ibrahim M.S.; Ayyad D.; Alfarra M.; Qurie M.","Turkman, Nour (60781439500); Ibrahim, Maysaa Shaikh (60781439600); Ayyad, Dalia (60781507100); Alfarra, Mabadee (60781159300); Qurie, Mohannad (26423914500)","60781439500; 60781439600; 60781507100; 60781159300; 26423914500","Water, Sanitation, and Hygiene (WASH) crisis in Gaza: a case study of public health collapse and governance failure","2026","Journal of Water and Health","24","7","","987","998","0","10.2166/wh.2026.271","https://www.scopus.com/pages/publications/105046859096?origin=resultslist","Article","Final","All Open Access; Gold Open Access","Scopus","2-s2.0-105046859096"
"Eniola J.O.; Sizirici B.; Yildiz I.; Alfantazi A.; Fadel M.E.","Eniola, Jamiu O. (57211510227); Sizirici, Banu (52063861200); Yildiz, Ibrahim (12780869400); Alfantazi, Akram (7003739667); Fadel, Mutasem El (60606993200)","57211510227; 52063861200; 12780869400; 7003739667; 60606993200","Revisiting regulatory standards for treated wastewater utilization in edible crop irrigation","2026","Resources, Conservation and Recycling Advances","30","","200338","","","0","10.1016/j.rcradv.2026.200338","https://www.scopus.com/pages/publications/105037341271?origin=resultslist","Article","Final","All Open Access; Gold Open Access","Scopus","2-s2.0-105037341271"
"Wang Q.; Zhang P.; Sun Y.; Miao Y.; Wu W.","Wang, Qingyang (58024460900); Zhang, Ping (57701444400); Sun, Yude (60376821400); Miao, Yujie (60515371400); Wu, Weifeng (55943315800)","58024460900; 57701444400; 60376821400; 60515371400; 55943315800","The dynamic behavior and stability of the water-lubricated hybrid journal bearing under dynamic load in the single-screw steam compressor","2026","International Journal of Refrigeration","186","","106908","","","0","10.1016/j.ijrefrig.2026.106908","https://www.scopus.com/pages/publications/105033020512?origin=resultslist","Article","Final","","Scopus","2-s2.0-105033020512"
"Huan Y.; Ji L.; Su Y.; Kong F.; Lan Y.; Feng Z.; Wang S.; Liang T.; Wang M.; Mo P.; Hu J.; Wang L.; Zhou G.; Li X.; Wang Y.","Huan, Yizhong (57209801336); Ji, Linjiang (60171050500); Su, Yiming (59385446400); Kong, Feng (60214852900); Lan, Yang (58137577000); Feng, Zhaohui (57470920600); Wang, Siyu (58742653400); Liang, Tao (57192805219); Wang, Mingyuan (59311933400); Mo, Pengpeng (60106869400); Hu, Jian (55600250300); Wang, Lingqing (55959905700); Zhou, Guangjin (57996784600); Li, Xiaoyun (56270253500); Wang, Yazhu (57208034941)","57209801336; 60171050500; 59385446400; 60214852900; 58137577000; 57470920600; 58742653400; 57192805219; 59311933400; 60106869400; 55600250300; 55959905700; 57996784600; 56270253500; 57208034941","Global governance priorities derived from SDG spatiotemporal dynamics and causal interactions","2026","Gondwana Research","151","","","242","253","5","10.1016/j.gr.2025.10.027","https://www.scopus.com/pages/publications/105023194675?origin=resultslist","Article","Final","","Scopus","2-s2.0-105023194675"
"Ezenwaka U.; Okeke C.; Ojiakor I.; Nwankwo J.; Nzeadibe C.; Onwujekwe O.","Ezenwaka, Uchenna (57211752148); Okeke, Chinyere (57195680787); Ojiakor, Iheomimichineke (59173984200); Nwankwo, Joseph (60513203400); Nzeadibe, Chidi (24437461800); Onwujekwe, Obinna (7003992855)","57211752148; 57195680787; 59173984200; 60513203400; 24437461800; 7003992855","Effectiveness and implementation contexts of water, sanitation, and hygiene (WASH) interventions in Anglophone sub-Saharan Africa: a scoping review","2026","International Journal of Environmental Health Research","","","","","","0","10.1080/09603123.2026.2645408","https://www.scopus.com/pages/publications/105033116154?origin=resultslist","Review","Article in press","","Scopus","2-s2.0-105033116154"
"Crimmins G.; Casey S.; Carruthers Thomas K.; Tsouroufli M.","Crimmins, Gail (56444297400); Casey, Sarah (57218438964); Carruthers Thomas, Kate (57221118963); Tsouroufli, Maria (24333741300)","56444297400; 57218438964; 57221118963; 24333741300","How Gender Equity Schemes Might Inadvertently “Gender-Wash” Universities, Provoke Backlash, and Propagate Inequality","2026","Gender, Work and Organization","33","1","","234","245","0","10.1111/gwao.70032","https://www.scopus.com/pages/publications/105014797718?origin=resultslist","Article","Final","All Open Access; Hybrid Gold Open Access","Scopus","2-s2.0-105014797718"
"Babalola A.S.; Busari L.O.; Adewale B.; Omitola O.O.; Gbadewole A.O.; Fawole J.K.; Olaonipekun O.F.; Adekunle T.A.; Babalola O.A.; Oyelude F.; Adigun A.B.; Idemili C.J.; Adeniran O.; Mogaji H.O.; Ajayi O.A.; Gyang V.P.; Bayegun D.; Ajisafe K.; Adedeji A.M.; Babatunde T.P.; Surakat O.A.; Adeogun A.O.; Adeleke M.A.; Idowu O.A.","Babalola, A.S. (57219380471); Busari, L.O. (57221490083); Adewale, B. (8585099600); Omitola, O.O. (57194193061); Gbadewole, A.O. (60721903900); Fawole, J.K. (59747863800); Olaonipekun, O.F. (60721788200); Adekunle, T.A. (59896941700); Babalola, O.A. (60722029400); Oyelude, F. (60039437400); Adigun, A.B. (56597867200); Idemili, C.J. (58856767400); Adeniran, O. (60520516600); Mogaji, H.O. (56638663400); Ajayi, O.A. (55629205100); Gyang, V.P. (55825337000); Bayegun, D. (60722526000); Ajisafe, K. (60721660500); Adedeji, A.M. (57212478721); Babatunde, T.P. (60520361300); Surakat, O.A. (46461988700); Adeogun, A.O. (54901658600); Adeleke, M.A. (25951222300); Idowu, O.A. (57224873758)","57219380471; 57221490083; 8585099600; 57194193061; 60721903900; 59747863800; 60721788200; 59896941700; 60722029400; 60039437400; 56597867200; 58856767400; 60520516600; 56638663400; 55629205100; 55825337000; 60722526000; 60721660500; 57212478721; 60520361300; 46461988700; 54901658600; 25951222300; 57224873758","Spatial modelling of household and environmental correlates of inequitable WASH access in Ogun State, Nigeria","2026","Discover Environment","4","1","319","","","0","10.1007/s44274-026-00857-3","https://www.scopus.com/pages/publications/105043750536?origin=resultslist","Article","Final","All Open Access; Gold Open Access","Scopus","2-s2.0-105043750536"
"Atigaku A.K.; Tchakala I.; Agbovi K.K.; Ebri K.M.; Nikabou K.C.; Tsipoaka K.; Komi A.A.; Mahe J.P.; Sondou T.","Atigaku, Afelete Kossi (60412414700); Tchakala, Ibrahim (57192715339); Agbovi, Komlan Kwassi (15130958400); Ebri, Kokouvi Michel (60412264700); Nikabou, Kouyole Clément (60411965900); Tsipoaka, Kossiwa (60412339700); Komi, Aline Amevi (60412264800); Mahe, Jean Pierre (60412491400); Sondou, Tchakouni (58787601800)","60412414700; 57192715339; 15130958400; 60412264700; 60411965900; 60412339700; 60412264800; 60412491400; 58787601800","Community governance and access to drinking water in semi-urban Togo: Dynamics and impacts in Kovié and Noèpé","2026","Asian Journal of Water, Environment and Pollution","23","2","025380294","","","0","10.36922/AJWEP025380294","https://www.scopus.com/pages/publications/105037401267?origin=resultslist","Article","Final","All Open Access; Hybrid Gold Open Access","Scopus","2-s2.0-105037401267"
"Jacob D.E.","Jacob, D.E. (58626267000)","58626267000","Education and Behavioral Changes for Safe Water Usage","2026","Springer Water","Part F1314","","","217","244","1","10.1007/978-3-032-10602-5_8","https://www.scopus.com/pages/publications/105026998830?origin=resultslist","Book chapter","Final","","Scopus","2-s2.0-105026998830"
"Mehta L.; Kennedy-Walker R.; Vohra A.; Bhatkal T.; Harshe P.; Jadhav V.; Kulkarni S.","Mehta, Lyla (16200006900); Kennedy-Walker, Ruth (55981877400); Vohra, Apeksha (60620903000); Bhatkal, Tanvi (57197854797); Harshe, Pallavi (57292457700); Jadhav, Veena (60621087900); Kulkarni, Seema (55878151300)","16200006900; 55981877400; 60620903000; 57197854797; 57292457700; 60621087900; 55878151300","Urban community-led total sanitation: opportunities, barriers and lessons from Nanded, India","2026","World Development","205","","107336","","","0","10.1016/j.worlddev.2026.107336","https://www.scopus.com/pages/publications/105038251719?origin=resultslist","Article","Final","All Open Access; Hybrid Gold Open Access","Scopus","2-s2.0-105038251719"
"Ngubane Z.; Aliyu Yaro N.S.; Ziqubu S.M.; Adedeji J.A.","Ngubane, Zesizwe (57675392300); Aliyu Yaro, Nura Shehu (57201774278); Ziqubu, Scelokuhle Mpilenhle (60584231000); Adedeji, Jacob Adedayo (57193801989)","57675392300; 57201774278; 60584231000; 57193801989","A Systematic Overview of Institutional Pathways and Constraints in the Integration of Local and Indigenous Knowledge into Water Resource Policy: An African Perspective","2026","Water (Switzerland)","18","7","827","","","1","10.3390/w18070827","https://www.scopus.com/pages/publications/105035861114?origin=resultslist","Review","Final","All Open Access; Gold Open Access","Scopus","2-s2.0-105035861114"
"Mili K.; Argoubi M.; Aldossari S.A.","Mili, Khaled (58884148700); Argoubi, Majd (24764712700); Aldossari, Shaykhah Abdullah (57891411200)","58884148700; 24764712700; 57891411200","A Rolling Horizon MILP Framework for Strategic Well Drilling Planning in Semi-Arid Regions: Integration of Spatial Interference Constraints and Resource Allocation","2026","Journal of Water Resources Planning and Management","152","10","04026041","","","0","10.1061/JWRMD5.WRENG-7444","https://www.scopus.com/pages/publications/105045827893?origin=resultslist","Article","Final","All Open Access; Hybrid Gold Open Access","Scopus","2-s2.0-105045827893"
"Aydın R.; Cardak F.S.","Aydın, Rozelin (55246733400); Cardak, Fatma Seda (59961156500)","55246733400; 59961156500","The Ecological Cost of Post-Disaster Reconstruction: Environmental and Public Health Risks of Temporary Concrete Plants and an Integrated Assessment Framework","2026","Architecture","6","2","83","","","0","10.3390/architecture6020083","https://www.scopus.com/pages/publications/105042969349?origin=resultslist","Article","Final","All Open Access; Gold Open Access","Scopus","2-s2.0-105042969349"
"Hasan N.; Ejigu D.; Abba A.; Mustapha R.A.; Mbye F.; Pushpalatha R.; Sankarannair S.; Ramesh M.V.; Jayaprakash S.K.; Brahmmanandan D.; Upadhyay G.","Hasan, Nuru (58566171200); Ejigu, Demisie (58085137100); Abba, Aji (59209794100); Mustapha, Raihana Aliyu (59349081700); Mbye, Fatou (60580542500); Pushpalatha, Raji (51864630200); Sankarannair, Sabarinath (57201259522); Ramesh, Maneesha Vinodini (55411983300); Jayaprakash, Sajithkumar Kuruduparambu (57191269587); Brahmmanandan, Deepak (60580542600); Upadhyay, Ghanshyam (59565893800)","58566171200; 58085137100; 59209794100; 59349081700; 60580542500; 51864630200; 57201259522; 55411983300; 57191269587; 60580542600; 59565893800","Drinking water quality perspectives in rural India through the integration of Participatory Rural Appraisal, Driver-Pressure-State-Impact-Actor-Response-Framework, and Water Quality Index","2026","Environmental Science and Pollution Research","33","14","","6756","6770","0","10.1007/s11356-026-37742-8","https://www.scopus.com/pages/publications/105035750105?origin=resultslist","Article","Final","","Scopus","2-s2.0-105035750105"
"Yazawa T.; Juanites S.; Baring K.M.; Andres R.; Dela Peña A.M.; Macabata-Rubite P.E.","Yazawa, Taishi (57222089364); Juanites, Serbelle (60556958100); Baring, Krizia Magabilin (60138563700); Andres, Ravenmar (60556926500); Dela Peña, Anna Mae (60556958200); Macabata-Rubite, Princess Eden (59043659500)","57222089364; 60556958100; 60138563700; 60556926500; 60556958200; 59043659500","Unequal water quality under decentralization: A case study of rural barangays in Antique, Philippines","2026","Journal of water and health","24","3","","402","414","0","10.2166/wh.2026.211","https://www.scopus.com/pages/publications/105034704036?origin=resultslist","Article","Final","All Open Access; Gold Open Access","Scopus","2-s2.0-105034704036"
"Liu Y.; Zhang Z.; Chen X.; Liu G.; Li D.; Li J.; Song Y.; Duan J.; Sun K.; Feng Y.","Liu, Yanbo (58134973800); Zhang, Zhaohan (35276724500); Chen, Xinyi (59782287200); Liu, Guohong (55706607500); Li, Da (56201137700); Li, Jiannan (57215001031); Song, Yanfang (57219722399); Duan, Jinhao (58017094600); Sun, Kuokai (59707208400); Feng, Yujie (7404543985)","58134973800; 35276724500; 59782287200; 55706607500; 56201137700; 57215001031; 57219722399; 58017094600; 59707208400; 7404543985","Multi-objective decision model for wastewater treatment technology selection based on machine learning","2026","Bioresource Technology","446","","134087","","","1","10.1016/j.biortech.2026.134087","https://www.scopus.com/pages/publications/105030855946?origin=resultslist","Article","Final","","Scopus","2-s2.0-105030855946"
"Irfan M.; Arora P.","Irfan, Mohammad (57221767823); Arora, Paridhi (60773899200)","57221767823; 60773899200","Liquid Assets: Financing Clean Water and Sanitation for Sustainable Development","2026","Innovations in Eco-Friendly Materials and Sustainable Energy","","","","371","388","0","10.4018/979-8-3373-6048-5.ch015","https://www.scopus.com/pages/publications/105046474668?origin=resultslist","Book chapter","Final","","Scopus","2-s2.0-105046474668"
"Nayak S.; Singh P.K.","Nayak, Sanatan (57193919214); Singh, Pushpendra Kumar (60041344200)","57193919214; 60041344200","Willingness to pay for demand for improvement in drinking water, sanitation, and micro-environmental facilities: case study from Lucknow slums in India","2026","Environment, Development and Sustainability","","","","","","0","10.1007/s10668-025-07081-8","https://www.scopus.com/pages/publications/105030382851?origin=resultslist","Article","Article in press","","Scopus","2-s2.0-105030382851"
"Zhang X.; Deng Z.; Sun X.; Ge X.; Liu B.","Zhang, Xuran (60239994000); Deng, Zhao (57775975000); Sun, Xuehang (57765628800); Ge, Xinyue (60424104400); Liu, Bangfan (55898880900)","60239994000; 57775975000; 57765628800; 60424104400; 55898880900","Spatiotemporal variations and spatial heterogeneity of ecosystem service value in Hebei Province, China","2026","Frontiers in Environmental Science","14","","1782629","","","0","10.3389/fenvs.2026.1782629","https://www.scopus.com/pages/publications/105041076961?origin=resultslist","Article","Final","All Open Access; Gold Open Access; Green Open Access","Scopus","2-s2.0-105041076961"
"Musa N.; Mhereyenyoka E.; Banda K.E.","Musa, Namasani (60733098300); Mhereyenyoka, Everjoy (60733098400); Banda, Kawawa Eddy (23011189500)","60733098300; 60733098400; 23011189500","Vulnerabilities and adaptive capacities of rural communities to climate change impacts on water supply in the Upper Zambezi River Basin","2026","Frontiers in Water","8","","1797252","","","0","10.3389/frwa.2026.1797252","https://www.scopus.com/pages/publications/105044350184?origin=resultslist","Article","Final","All Open Access; Gold Open Access; Green Open Access","Scopus","2-s2.0-105044350184"
"Abourida M.; Short M.; Klymenko O.V.; Khamis N.M.; Mahammedi C.; Al-Mhdawi M.K.S.; Sakr A.-H.","Abourida, Mohamed (59525455000); Short, Michael (56941458200); Klymenko, Oleksiy V. (6701835082); Khamis, Noor M. (57204178107); Mahammedi, Charf (57219086693); Al-Mhdawi, M.K.S. (57215859291); Sakr, Abdel-Hamed (57197726034)","59525455000; 56941458200; 6701835082; 57204178107; 57219086693; 57215859291; 57197726034","The evolving landscape of AI-driven risk management in the biogas production: A systematic and bibliometric review","2026","Waste Management Bulletin","4","1","100271","","","3","10.1016/j.wmb.2025.100271","https://www.scopus.com/pages/publications/105025144503?origin=resultslist","Article","Final","All Open Access; Gold Open Access; Green Open Access","Scopus","2-s2.0-105025144503"
"Saleh K.A.; Naji H.A.; Kaur I.; Aldulaimi A.; Tawfiq M.M.; Thakur K.K.; Azizjanov K.; Ozodbek E.; Sarhan N.","Saleh, Kamel A. (60262509700); Naji, Hasanain Amer (58706100700); Kaur, Irwanjot (58862764700); Aldulaimi, Ahmed (57205326581); Tawfiq, Maha Mohammed (59125173300); Thakur, Kamal Kishore (57213620560); Azizjanov, Khushnud (60356223700); Ozodbek, Eshkobilov (60352817400); Sarhan, Neda (60660112500)","60262509700; 58706100700; 58862764700; 57205326581; 59125173300; 57213620560; 60356223700; 60352817400; 60660112500","Interface-engineered ratiometric and dual-emission carbon quantum dot sensors for tetracycline detection in complex matrices","2026","Results in Surfaces and Interfaces","25","","100929","","","0","10.1016/j.rsurfi.2026.100929","https://www.scopus.com/pages/publications/105047640630?origin=resultslist","Review","Final","All Open Access; Gold Open Access","Scopus","2-s2.0-105047640630"
"Melaku A.; Admasu T.; Ambelu A.","Melaku, A. (6507060496); Admasu, T. (57760262600); Ambelu, A. (35279317000)","6507060496; 57760262600; 35279317000","Determinants of hand hygiene compliance among healthcare workers in public and private hospitals of Addis Ababa, Ethiopia","2026","Infection Prevention in Practice","8","1","100488","","","0","10.1016/j.infpip.2025.100488","https://www.scopus.com/pages/publications/105022262945?origin=resultslist","Article","Final","All Open Access; Gold Open Access; Green Open Access","Scopus","2-s2.0-105022262945"
"Leonova N.; Konovalova O.; Tarábek P.","Leonova, Nataliia (57212033298); Konovalova, Olga (24773554100); Tarábek, Peter (57199579861)","57212033298; 24773554100; 57199579861","Development of an LC–ESI-MS/MS method for the determination of contaminants of emerging concern – towards extending quality surveillance of water resources","2026","Journal of Chromatography A","1768","","466717","","","4","10.1016/j.chroma.2026.466717","https://www.scopus.com/pages/publications/105028244900?origin=resultslist","Article","Final","","Scopus","2-s2.0-105028244900"
"Souiai M.; Alkhowar H.; Al-Obaidli H.; Al-Muhannadi M.; Alkhelaifi N.; Al-Kubaisi M.; Al-Khayareen N.; Al-Sahoti S.; Hahladakis J.N.","Souiai, Maryem (60692280600); Alkhowar, Hind (60691822400); Al-Obaidli, Haya (60692579500); Al-Muhannadi, Moza (60691534600); Alkhelaifi, Noora (60692280700); Al-Kubaisi, Maythaa (60691534700); Al-Khayareen, Najlaa (60692579600); Al-Sahoti, Shooq (60692124300); Hahladakis, John N. (8633412400)","60692280600; 60691822400; 60692579500; 60691534600; 60692280700; 60691534700; 60692579600; 60692124300; 8633412400","Peace and Inclusive Governance in Sustainable Development: Strengthening Institutions and Environmental Services","2026","Sustainable Development","","","","","","0","10.1002/sd.71330","https://www.scopus.com/pages/publications/105041806995?origin=resultslist","Article","Article in press","All Open Access; Hybrid Gold Open Access","Scopus","2-s2.0-105041806995"
"Asokwah G.A.; Gyamfi G.O.; Abubakari M.","Asokwah, Gertrude Amissah (57215189475); Gyamfi, Gabriel Osei (60779671700); Abubakari, Mohammed (57203146427)","57215189475; 60779671700; 57203146427","The water and sanitation sector of Ghana – what is missing from a governance perspective?","2026","Water Policy","28","7","","1036","1061","0","10.2166/wp.2026.169","https://www.scopus.com/pages/publications/105046738304?origin=resultslist","Article","Final","All Open Access; Gold Open Access","Scopus","2-s2.0-105046738304"
"Broudic L.; Pinault M.; Bajjouk T.; Wicquart J.; Mazé-Lambrechts C.; Nikolic N.; Crochelet E.; Bergerot B.","Broudic, L. (57445267500); Pinault, Mathieu (55671092000); Bajjouk, Touria (6507129456); Wicquart, Jérémy (57205511276); Mazé-Lambrechts, Camille (60571608800); Nikolic, Natacha (26025157200); Crochelet, Estelle (55898634100); Bergerot, Benjamin (26657874600)","57445267500; 55671092000; 6507129456; 57205511276; 60571608800; 26025157200; 55898634100; 26657874600","Coral reefs under land-based stressors: a framework to identify management levers along the land–sea continuum","2026","Ocean and Coastal Management","278","","108245","","","0","10.1016/j.ocecoaman.2026.108245","https://www.scopus.com/pages/publications/105039793802?origin=resultslist","Article","Final","","Scopus","2-s2.0-105039793802"
"Gupta B.; Kirchhoff C.J.; Oluwatumise J.; Conrad S.A.; Wiseman H.","Gupta, Bhavik (59974496100); Kirchhoff, Christine J. (35098784000); Oluwatumise, Joshua (60408310500); Conrad, Steven A. (36801865200); Wiseman, Hannah (36011291600)","59974496100; 35098784000; 60408310500; 36801865200; 36011291600","Beyond technical and financial feasibility: The role of collaborative governance in renewable energy adoption at municipal wastewater treatment plants in the United States","2026","Energy Research and Social Science","136","","104729","","","0","10.1016/j.erss.2026.104729","https://www.scopus.com/pages/publications/105038058055?origin=resultslist","Article","Final","","Scopus","2-s2.0-105038058055"
"Chen H.; Wang Q.; Gao W.; Yu S.; Zhao H.; Zhou Y.","Chen, Hao (57198887056); Wang, Quan (59956601600); Gao, Wenjun (60554706600); Yu, Sha (57201474867); Zhao, Hongying (55588220600); Zhou, Yuanzhen (12796598500)","57198887056; 59956601600; 60554706600; 57201474867; 55588220600; 12796598500","Reconstructing lattice Cu2+ to surface Cu0 in CuCo spinel drives reverse charge transfer for selective peracetic acid activation toward water decontamination","2026","Journal of Hazardous Materials","516","","143243","","","0","10.1016/j.jhazmat.2026.143243","https://www.scopus.com/pages/publications/105047649200?origin=resultslist","Article","Final","","Scopus","2-s2.0-105047649200"
"Hoque S.F.; Hope R.; Charles K.J.; Alam M.M.; Osman M.N.; Mazomder M.S.I.","Hoque, Sonia Ferdous (55824258700); Hope, Rob (7102539082); Charles, Katrina J. (9337584000); Alam, Mohammad Monirul (58274468600); Osman, Md Nurul (60336375200); Mazomder, Mohammad Saiful Islam (60336660200)","55824258700; 7102539082; 9337584000; 58274468600; 60336375200; 60336660200","Driving impacts through science-practitioner partnership: Professionalising water service delivery in rural Bangladesh","2026","Environmental Science and Policy","176","","104316","","","3","10.1016/j.envsci.2026.104316","https://www.scopus.com/pages/publications/105027647582?origin=resultslist","Article","Final","All Open Access; Hybrid Gold Open Access","Scopus","2-s2.0-105027647582"
"Ogwu M.C.; Merritt H.; Martínez M.O.","Ogwu, Matthew Chidozie (57204350388); Merritt, Humberto (53464057400); Martínez, Maribel Ovando (60321361000)","57204350388; 53464057400; 60321361000","Latin America’s Water Crisis: Pollution, Governance, and Community Responses","2026","Springer Water","Part F1314","","","273","300","1","10.1007/978-3-032-10602-5_10","https://www.scopus.com/pages/publications/105027001119?origin=resultslist","Book chapter","Final","","Scopus","2-s2.0-105027001119"
"Das S.; Malhari M.; Sahoo S.S.; Mishra P.; Starkl M.; Brunner N.; Behera M.","Das, Sukanya (7406323179); Malhari, Mehak (59734656000); Sahoo, Swosti Subhrajyoti (58019072100); Mishra, Pulak (36154728200); Starkl, Markus (6506320828); Brunner, Nobert (60005089900); Behera, Manaswini (26645964200)","7406323179; 59734656000; 58019072100; 36154728200; 6506320828; 60005089900; 26645964200","Measuring household affordability for treated wastewater for non-potable purposes","2026","Journal of Water Sanitation and Hygiene for Development","16","4","","237","255","0","10.2166/washdev.2026.191","https://www.scopus.com/pages/publications/105038783464?origin=resultslist","Article","Final","All Open Access; Gold Open Access","Scopus","2-s2.0-105038783464"
"Dionísio F.; Ascenso A.; Gil D.; José S.; Teixeira P.; Oleastro M.; Valério E.","Dionísio, Filipa (60429840200); Ascenso, Ana (60431122700); Gil, Débora (59342007000); José, Sílvia (16458787400); Teixeira, Pedro (60024057200); Oleastro, Mónica (6603067224); Valério, Elisabete (15747783300)","60429840200; 60431122700; 59342007000; 16458787400; 60024057200; 6603067224; 15747783300","Addressing Which Pathogens Are More Suitable to Ensure Water Reuse Safety—A Proof-of-Concept","2026","Microorganisms","14","2","430","","","0","10.3390/microorganisms14020430","https://www.scopus.com/pages/publications/105031625203?origin=resultslist","Article","Final","All Open Access; Gold Open Access; Green Open Access","Scopus","2-s2.0-105031625203"
"Dwiyanti L.; Agustawijaya D.S.","Dwiyanti, Linda (60654730500); Agustawijaya, Didi Supriadi (57200576900)","60654730500; 57200576900","Sanitation Management Strategy In East Lombok Using SSK Instruments","2026","AIP Conference Proceedings","3336","1","200001","","","0","10.1063/5.0340077","https://www.scopus.com/pages/publications/105040370817?origin=resultslist","Conference paper","Final","","Scopus","2-s2.0-105040370817"
"Singh S.; Pandey R.R.; Venkatesh U.; Rath R.S.; Koparkar A.R.; Kharya P.; Pandey H.; Besra N.; Joshi H.S.; Dixit A.M.; Agarwal V.; Wahl B.","Singh, Shalini (57723823500); Pandey, Raghukul Ratan (57222594228); Venkatesh, U. (57218892210); Rath, Ram Shankar (57196051098); Koparkar, Anil Ramesh (56465054300); Kharya, Pradip (56575035300); Pandey, Hariom (60556976600); Besra, Neetisha (60557022600); Joshi, Hari Shanker (12806066600); Dixit, Anand Mohan (55359158300); Agarwal, Vikasendu (60556959100); Wahl, Brian (56592444000)","57723823500; 57222594228; 57218892210; 57196051098; 56465054300; 56575035300; 60556976600; 60557022600; 12806066600; 55359158300; 60556959100; 56592444000","Participatory action research to align Health and Demographic Surveillance System (HDSS) priorities with community needs in Uttar Pradesh, India","2026","Primary Health Care Research and Development","27","","e46","","","0","10.1017/S1463423626101157","https://www.scopus.com/pages/publications/105034704269?origin=resultslist","Article","Final","All Open Access; Gold Open Access; Green Open Access","Scopus","2-s2.0-105034704269"
"Sarmah D.; Husson S.M.","Sarmah, Deepraj (57313786100); Husson, Scott M. (6701747936)","57313786100; 6701747936","IROP: Ionic regulation of permeation for high-yield AAV purification","2026","Journal of Membrane Science Letters","6","2","100120","","","0","10.1016/j.memlet.2026.100120","https://www.scopus.com/pages/publications/105042895892?origin=resultslist","Article","Final","All Open Access; Gold Open Access","Scopus","2-s2.0-105042895892"
"Shomar B.; Rahman M.","Shomar, Basem (8970721800); Rahman, Mahfuzur (57215630192)","8970721800; 57215630192","How does water security look like in 2050? Critical elements from national to global perspectives","2026","Water Security","28","","100204","","","0","10.1016/j.wasec.2026.100204","https://www.scopus.com/pages/publications/105036631863?origin=resultslist","Review","Final","","Scopus","2-s2.0-105036631863"
"Bayar F.V.; Çetinkaya İ.D.","Bayar, Frances Varty (60747514200); Çetinkaya, İrem Daloğlu (57219780984)","60747514200; 57219780984","Efficiency and equity of water transfers to megacities: reconfiguring urban water security in Istanbul","2026","PeerJ","14","","e21241","","","0","10.7717/peerj.21241","https://www.scopus.com/pages/publications/105044553067?origin=resultslist","Article","Final","All Open Access; Gold Open Access; Green Open Access","Scopus","2-s2.0-105044553067"
"Mondjo S.B.; Xia J.; Bobona Kalombelombe A.","Mondjo, Stevy Baurel (60725634200); Xia, Jia (60726242700); Bobona Kalombelombe, Aimé (60726141900)","60725634200; 60726242700; 60726141900","Water quality and health risks in Nzeng-Ayong, Libreville: An analysis of waterborne disease exposure and household WASH practices","2026","Journal of Water Sanitation and Hygiene for Development","16","6","","467","482","0","10.2166/washdev.2026.116","https://www.scopus.com/pages/publications/105043889882?origin=resultslist","Article","Final","All Open Access; Gold Open Access","Scopus","2-s2.0-105043889882"
"Rajput A.D.; Goud S.C.; Jagtap M.D.","Rajput, Akshay D. (60629939900); Goud, S. Chakradhar (59332837400); Jagtap, Mayur D. (60191236600)","60629939900; 59332837400; 60191236600","Experimental Evaluation of Pressure Stability under Adaptive Mechanical Control in WASH-Compliant Water Systems","2026","Waterlines","44","1","","14","28","0","10.3362/waterlines.v44i1.615","https://www.scopus.com/pages/publications/105038706409?origin=resultslist","Article","Final","","Scopus","2-s2.0-105038706409"
"Tela Y.T.; Kipkulei H.","Tela, Yonas Tesfay (59495111900); Kipkulei, Harison (57578999400)","59495111900; 57578999400","Socioeconomic impacts and spatiotemporal assessment of environmental pollution in Mekelle City, Northern Ethiopia","2026","Theoretical and Applied Climatology","157","9","576","","","0","10.1007/s00704-026-06485-4","https://www.scopus.com/pages/publications/105047469871?origin=resultslist","Article","Final","","Scopus","2-s2.0-105047469871"
"Zuo Q.; Zhang Z.; Ma J.; Wu Q.; Ji Y.","Zuo, Qiting (59315375000); Zhang, Zhizhuo (57219899437); Ma, Junxia (17435282300); Wu, Qingsong (57223224745); Ji, Yihu (58291065900)","59315375000; 57219899437; 17435282300; 57223224745; 58291065900","Revealing the potential geographic convergence of global water scarcity risk and virtual water trade inequality: A three-module integrated analytical approach","2026","Geography and Sustainability","7","1","100399","","","1","10.1016/j.geosus.2025.100399","https://www.scopus.com/pages/publications/105027394116?origin=resultslist","Article","Final","All Open Access; Gold Open Access; Green Open Access","Scopus","2-s2.0-105027394116"
"de Gouveia A.G.; Formiga-Johnsson R.M.; de Paiva Britto A.L.N.","de Gouveia, Andreza Garcia (58631858100); Formiga-Johnsson, Rosa Maria (15924718000); de Paiva Britto, Ana Lucia Nogueira (55586757500)","58631858100; 15924718000; 55586757500","The invisibility of hydrosocial scarcity in São Gonçalo, Rio de Janeiro Metropolitan Region","2026","Ambiente e Sociedade","29","","","","","0","10.1590/1809-4422asoc00802vu29L1OA","https://www.scopus.com/pages/publications/105038226681?origin=resultslist","Article","Final","All Open Access; Gold Open Access","Scopus","2-s2.0-105038226681"
"Liu J.; Zhuang M.; Wang C.; Feng M.; Zha D.; Li H.; Hu X.; Ren Y.; Pang M.; Wang Q.; Zhang L.","Liu, Jinliang (59426143700); Zhuang, Minghao (40662252200); Wang, Changbo (55643982100); Feng, Meili (55889110000); Zha, Donglan (23098582100); Li, Hao (60784736100); Hu, Xiurong (57205726330); Ren, Yanan (57200006736); Pang, Mingyue (60784588100); Wang, Qunwei (55510938700); Zhang, Lixiao (22036875200)","59426143700; 40662252200; 55643982100; 55889110000; 23098582100; 60784736100; 57205726330; 57200006736; 60784588100; 55510938700; 22036875200","Mitigating China’s food-related water scarcity and spatial inequality via integrated basin–city management","2026","Proceedings of the National Academy of Sciences of the United States of America","123","33","e2610855123","","","0","10.1073/pnas.2610855123","https://www.scopus.com/pages/publications/105047056634?origin=resultslist","Article","Final","All Open Access; Hybrid Gold Open Access","Scopus","2-s2.0-105047056634"
"Jelili M.O.; Oyewole K.A.; Simon F.R.","Jelili, Musibau O. (55910874400); Oyewole, Kehinde A. (57214836127); Simon, Funsho R. (59662330300)","55910874400; 57214836127; 59662330300","From Expansion to Exclusion: Urbanization, Spatial Inequality, and Child Streetism in Nigeria","2026","Nigeria's Street Children: Lives and Dreams","","","","249","262","1","10.4324/9781003681397-24","https://www.scopus.com/pages/publications/105031194981?origin=resultslist","Book chapter","Final","","Scopus","2-s2.0-105031194981"
"Alataweneh H.","Alataweneh, Haroon (60204866500)","60204866500","Enhancing economic development in Palestine through green and circular economy applications in the olive sector: an analytical study of agricultural value chains","2026","Journal of the Saudi Society of Agricultural Sciences","25","5","64","","","0","10.1007/s44447-026-00145-9","https://www.scopus.com/pages/publications/105036214013?origin=resultslist","Article","Final","All Open Access; Gold Open Access; Green Open Access","Scopus","2-s2.0-105036214013"
"Nartey M.; Poleacovschi C.; Hill C.G.","Nartey, Marcus (58955898000); Poleacovschi, Cristina (60510135600); Hill, Christina Gish (59454659600)","58955898000; 60510135600; 59454659600","Indigenous Water Infrastructure: Lessons from Alaska Native Communities","2026","The Handbook of Infrastructure Communication","","","","161","172","0","","https://www.scopus.com/pages/publications/105036925234?origin=resultslist","Book chapter","Final","","Scopus","2-s2.0-105036925234"
"Pan-In P.; Pan-In P.; Decharat S.","Pan-In, Pimpenjun (60411558000); Pan-In, Pimpiengjun (60411858700); Decharat, Somsiri (54994069500)","60411558000; 60411858700; 54994069500","Impact of a Food Sanitation Literacy Program on Food Handlers’ Behavior: A Quasi-Experimental Evaluation in the Upper Tapi Basin, Thailand","2026","Media Publikasi Promosi Kesehatan Indonesia","9","2","","213","224","0","10.56338/mppki.v9i2.8786","https://www.scopus.com/pages/publications/105030867934?origin=resultslist","Article","Final","All Open Access; Gold Open Access","Scopus","2-s2.0-105030867934"
"ter Schure A.C.; van Streun S.P.; de Beaufort C.M.C.; van Leeuwen J.; van Dorp M.; van Velsen-Knobbout S.; Bols J.; Benninga M.A.; Derikx J.P.M.; Gorter R.R.","ter Schure, A.C. (60228076200); van Streun, S.P. (57220957623); de Beaufort, C.M.C. (58030984500); van Leeuwen, J. (60228356800); van Dorp, M. (60228356900); van Velsen-Knobbout, S. (60228169500); Bols, J. (60227796100); Benninga, M.A. (7003532912); Derikx, J.P.M. (13613023500); Gorter, R.R. (35726681900)","60228076200; 57220957623; 58030984500; 60228356800; 60228356900; 60228169500; 60227796100; 7003532912; 13613023500; 35726681900","School toilet facilities perception of children with hirschsprung disease: a parents perspective","2026","Pediatric Surgery International","42","1","35","","","0","10.1007/s00383-025-06263-9","https://www.scopus.com/pages/publications/105024106116?origin=resultslist","Article","Final","All Open Access; Green Open Access","Scopus","2-s2.0-105024106116"
"de Gouveia A.G.; Formiga-Johnsson R.M.; de Paiva Britto A.L.N.","de Gouveia, Andreza Garcia (58631858100); Formiga-Johnsson, Rosa Maria (15924718000); de Paiva Britto, Ana Lucia Nogueira (55586757500)","58631858100; 15924718000; 55586757500","The invisibility of hydrosocial scarcity in São Gonçalo, Rio de Janeiro Metropolis; [A invisibilidade da escassez hidrossocial em São Gonçalo, Metrópole do Rio de Janeiro]; [La invisibilidad de la escasez hidrosocial en São Gonçalo, Metrópole del Río de Janeiro]","2026","Ambiente e Sociedade","29","","","","","0","10.1590/1809-4422asoc00802vu29L1AO","https://www.scopus.com/pages/publications/105040976352?origin=resultslist","Article","Final","All Open Access; Gold Open Access","Scopus","2-s2.0-105040976352"
"Twum-Yeboah C.; Sarah M.E.; Elijah A.T.; Asamoah D.K.O.","Twum-Yeboah, Collins (60753063700); Sarah, Manso E. (60753063800); Elijah, Abonia T. (60753209700); Asamoah, Daniel K. O. (59929054800)","60753063700; 60753063800; 60753209700; 59929054800","Characterization of Physicochemical, Microbial, and Heavy Metal Profiles in Academic Laboratory Wastewater: Compliance With EPA Regulatory Standards","2026","Environmental Quality Management","36","1","e70427","","","0","10.1002/tqem.70427","https://www.scopus.com/pages/publications/105045470191?origin=resultslist","Article","Final","","Scopus","2-s2.0-105045470191"
"Chasiotis A.; Mathiou P.; Bousdeki M.; Pappa A.; Manthos T.; Nastos P.T.","Chasiotis, Angelos (59349931000); Mathiou, Panagiota (60247464300); Bousdeki, Maria (60624824400); Pappa, Antonia (60625393300); Manthos, Theofanis (60625393400); Nastos, Panagiotis T. (6506393061)","59349931000; 60247464300; 60624824400; 60625393300; 60625393400; 6506393061","Municipal Carbon Footprint and Water Infrastructure: A Comparative Assessment of Emission Reduction Plans in Three Greek Municipalities","2026","Water (Switzerland)","18","9","1020","","","0","10.3390/w18091020","https://www.scopus.com/pages/publications/105038385277?origin=resultslist","Article","Final","All Open Access; Gold Open Access","Scopus","2-s2.0-105038385277"
"Zhang J.; Meng J.; Dong Z.; Solomatine D.; Xu H.; Wang W.; Wang D.; Zhang T.; Yang G.","Zhang, Jitao (57211472818); Meng, Jinyu (57979128900); Dong, Zengchuan (55559953600); Solomatine, Dimitri (6601958160); Xu, Hui (56236964500); Wang, Wenzhuo (57202945450); Wang, Daoli (59336059700); Zhang, Tianyan (57211444656); Yang, Guang (57219653441)","57211472818; 57979128900; 55559953600; 6601958160; 56236964500; 57202945450; 59336059700; 57211444656; 57219653441","Robust multi-objective optimization with multi-scenario coupling: Spatial equilibrium-based water resources allocation in the upper and middle reaches of the Huaihe River Basin","2026","Journal of Hydrology","665","","134690","","","2","10.1016/j.jhydrol.2025.134690","https://www.scopus.com/pages/publications/105029896736?origin=resultslist","Article","Final","","Scopus","2-s2.0-105029896736"
"Ogunbode T.O.; Awolola V.O.","Ogunbode, Timothy Oyebamiji (57192102538); Awolola, Victor Olanrewaju (60309915100)","57192102538; 60309915100","Examining awareness, implementation, and challenges of sustainable development goal 6 in rural Osun State, Nigeria","2026","Scientific Reports","16","1","654","","","2","10.1038/s41598-025-23154-0","https://www.scopus.com/pages/publications/105027005934?origin=resultslist","Article","Final","All Open Access; Gold Open Access; Green Open Access","Scopus","2-s2.0-105027005934"
"Wang J.; Lin D.; Ge C.; Zhang Y.; Li Z.; Wang S.; Li T.; Chen D.","Wang, Jingqi (60083207300); Lin, Dejin (60083856600); Ge, Cong (60703604200); Zhang, Yifan (60411307300); Li, Ziheng (60704236700); Wang, Sihao (60680488200); Li, Tingting (59310087300); Chen, Da (57188717114)","60083207300; 60083856600; 60703604200; 60411307300; 60704236700; 60680488200; 59310087300; 57188717114","A sensitive ratiometric fluorescence sensor for Pb(II) and Cr(VI) simultaneous detection based on microfluidic chip utilizing dual-emission-channel carbon dots strategy","2026","Talanta","310","","130179","","","0","10.1016/j.talanta.2026.130179","https://www.scopus.com/pages/publications/105042532126?origin=resultslist","Article","Final","","Scopus","2-s2.0-105042532126"
"Wu W.; Chao A.C.","Wu, Wenhan (60695116500); Chao, Angela C. (56235933800)","60695116500; 56235933800","Firm-level nature dependence and access to bank credit","2026","Journal of Environmental Management","412","","130252","","","0","10.1016/j.jenvman.2026.130252","https://www.scopus.com/pages/publications/105042083082?origin=resultslist","Article","Final","","Scopus","2-s2.0-105042083082"
"Gessie G.S.; Mengistu D.A.; Waktola D.K.","Gessie, Getachew Sinku (60625869100); Mengistu, Daniel Ayalew (55337441500); Waktola, Daniel Kassahun (55337475200)","60625869100; 55337441500; 55337475200","Trend and change-point dynamics of urban water supply in Gondar City, Ethiopia: a sequential mixed-methods analysis","2026","Scientific Reports","16","1","14399","","","0","10.1038/s41598-026-47100-w","https://www.scopus.com/pages/publications/105038405539?origin=resultslist","Article","Final","All Open Access; Gold Open Access; Green Open Access","Scopus","2-s2.0-105038405539"
"Allaire M.C.; Ignacio R.","Allaire, Maura C. (55900903800); Ignacio, Romeo (60087443300)","55900903800; 60087443300","Do water board elections matter for utility performance?","2026","Journal of Urban Affairs","","","","","","0","10.1080/07352166.2026.2685611","https://www.scopus.com/pages/publications/105044159682?origin=resultslist","Article","Article in press","","Scopus","2-s2.0-105044159682"
"Gallego-Álvarez I.; Amor-Esteban V.; Martín-Gallego E.","Gallego-Álvarez, Isabel (24173328300); Amor-Esteban, Víctor (57196276446); Martín-Gallego, Eugenio (59559933000)","24173328300; 57196276446; 59559933000","A Global Perspective on the Status of Artificial Intelligence and the Sustainable Development Goals: A Multivariate Analysis","2026","Sustainable Development","34","3","","3123","3141","0","10.1002/sd.70509","https://www.scopus.com/pages/publications/105023529962?origin=resultslist","Article","Final","All Open Access; Bronze Open Access","Scopus","2-s2.0-105023529962"
"Mjadu L.","Mjadu, L. (60142840200)","60142840200","Water inequality and the constitutional right to water: evaluating the effectiveness of free basic water policies in South Africa's rural municipalities","2026","Water Policy","28","1","","148","162","1","10.2166/wp.2025.282","https://www.scopus.com/pages/publications/105029368518?origin=resultslist","Article","Final","All Open Access; Gold Open Access","Scopus","2-s2.0-105029368518"
"Brant S.; Williams K.; Longboat D.","Brant, Suzanne (57215683285); Williams, Keith (57215685919); Longboat, Dan (56366258900)","57215683285; 57215685919; 56366258900","Reclaiming and reimagining Indigenous higher education: empowering learners and communities through FNTI’s culture-based transformative model","2026","Frontiers in Education","11","","1702361","","","1","10.3389/feduc.2026.1702361","https://www.scopus.com/pages/publications/105040577768?origin=resultslist","Article","Final","All Open Access; Gold Open Access; Green Open Access","Scopus","2-s2.0-105040577768"
"Mvongo V.D.; Defo C.","Mvongo, Victor Dang (57222058726); Defo, Celestin (56505624400)","57222058726; 56505624400","Assessment of sanitation service availability in public facilities in rural areas in Mandjou Council in Cameroon (Central Africa)","2026","Sustainable Futures","11","","101884","","","1","10.1016/j.sftr.2026.101884","https://www.scopus.com/pages/publications/105036638958?origin=resultslist","Article","Final","All Open Access; Gold Open Access; Green Open Access","Scopus","2-s2.0-105036638958"
"Hussein S.A.; Ali A.A.; Osman M.M.; Ibrahim A.M.; Adem R.; Hassan M.M.; Hassan Y.S.A.; Hussein A.A.; Awale M.A.; Fuje M.M.A.; Salad R.M.; Mohamed A.H.; Mohamud K.H.; Hussein A.A.; Ahmed A.D.; Mohamud A.M.; Hashi M.A.; Mohamed H.A.; Ali A.N.; Mohamud M.F.Y.; Mohamud O.M.","Hussein, Saadaq Adan (58880014100); Ali, AbdulJalil Abdullahi (60152488900); Osman, Marian Muse (57236016700); Ibrahim, Abdirahman Moallim (59410734300); Adem, Rage (58961195600); Hassan, Mohamed Mohamoud (60152902100); Hassan, Yahye Sheikh Abdulle (58628718500); Hussein, Abdirahman Aden (58879541700); Awale, Mohamed Abdullahi (57221553272); Fuje, Mohamed M. Ali (58640736500); Salad, Rufai Mohamed (60220872100); Mohamed, Abdinur Hussein (58709512400); Mohamud, Khadar Hussein (60151934200); Hussein, Abdinur Adan (60184037600); Ahmed, Abdirahman Dahir (60320841700); Mohamud, Abdishakur Mohamed (60220990400); Hashi, Mohamed Abdurahman (59279348300); Mohamed, Hassan Ahmed (60319886900); Ali, Ayan Nur (58879700500); Mohamud, Mohamed Farah Yusuf (57212568795); Mohamud, Omar Mohamed (60184261700)","58880014100; 60152488900; 57236016700; 59410734300; 58961195600; 60152902100; 58628718500; 58879541700; 57221553272; 58640736500; 60220872100; 58709512400; 60151934200; 60184037600; 60320841700; 60220990400; 59279348300; 60319886900; 58879700500; 57212568795; 60184261700","Prolonged multisectoral aid-driven reliance on health systems and governance post-conflict era in Somalia","2026","Tropical Medicine and Health","54","1","10","","","9","10.1186/s41182-025-00861-y","https://www.scopus.com/pages/publications/105027228036?origin=resultslist","Review","Final","All Open Access; Gold Open Access; Green Open Access","Scopus","2-s2.0-105027228036"
"Ma Y.; Wang L.; Zheng Z.; Li W.; Ma Z.; Zhao J.; Zheng Y.; Duan Y.; Gao X.","Ma, Yue (60761581700); Wang, Longfeng (57343487900); Zheng, Ziyan (35110663700); Li, Wenpeng (60539025800); Ma, Zhuguo (18434662400); Zhao, Junjie (60761018500); Zheng, Yuejun (56130674800); Duan, Yawen (57191662969); Gao, Xubo (16238388000)","60761581700; 57343487900; 35110663700; 60539025800; 18434662400; 60761018500; 56130674800; 57191662969; 16238388000","Spatiotemporal Variations in Terrestrial Water Storage and Water Scarcity Assessment Across China Based on TWSA_BTCH","2026","Remote Sensing","18","14","2324","","","0","10.3390/rs18142324","https://www.scopus.com/pages/publications/105045855374?origin=resultslist","Article","Final","All Open Access; Gold Open Access","Scopus","2-s2.0-105045855374"
"Dimitrov S.; Duarte F.; Barbalho C.L.F.; Ferreira S.M.; Ratti C.; Alvim A.A.T.B.","Dimitrov, Stefania (60230671300); Duarte, Fabio (55150497000); Barbalho, Cezar Lima Ferreira (60231029300); Ferreira, Silvia Maria (60794436700); Ratti, Carlo (35230766400); Alvim, Angélica Aparecida Tanus Benatti (59025358700)","60230671300; 55150497000; 60231029300; 60794436700; 35230766400; 59025358700","Evaluation of LiDAR devices and data to conduct terrestrial surveys in favelas","2026","Scientific Data ","13","1","1191","","","0","10.1038/s41597-026-07222-2","https://www.scopus.com/pages/publications/105047640603?origin=resultslist","Data paper","Final","All Open Access; Gold Open Access","Scopus","2-s2.0-105047640603"
"Yongquan L.; Yan Z.; Hao W.; Baoyuan W.; Jinzhan S.","Yongquan, Lai (60513316800); Yan, Zhang (60513919700); Hao, Wang (60513516600); Baoyuan, Wang (60513113700); Jinzhan, Su (60513113800)","60513316800; 60513919700; 60513516600; 60513113700; 60513113800","Modeling and simulation of a novel dual-channel photovoltaic thermal system; [新型双通道光伏光热系统的建模仿真]","2026","Chinese Science Bulletin","71","8","","1806","1816","1","10.1360/CSB-2025-5316","https://www.scopus.com/pages/publications/105033010528?origin=resultslist","Article","Final","All Open Access; Bronze Open Access","Scopus","2-s2.0-105033010528"
"Xu X.; Ge Y.; Fu C.; Wang R.; Liu C.; Yin Z.; Zhou Q.; Yang W.","Xu, Xinbing (58997203900); Ge, Yu (58547662500); Fu, Chenchen (60175404200); Wang, Ruoding (58188849500); Liu, Changmin (60227047300); Yin, Zhonglong (57194268291); Zhou, Qing (56454597500); Yang, Weiben (14122688500)","58997203900; 58547662500; 60175404200; 58188849500; 60227047300; 57194268291; 56454597500; 14122688500","Electrochemically reconstructed defect-rich Cu/Co nanoreactor for ultrafast ammonia electrosynthesis from low-concentration nitrate","2026","Journal of Colloid and Interface Science","706","","139749","","","5","10.1016/j.jcis.2025.139749","https://www.scopus.com/pages/publications/105025458072?origin=resultslist","Article","Final","","Scopus","2-s2.0-105025458072"
"Cui T.; Ma G.; Wang L.","Cui, Tiantian (59008245300); Ma, Guoyuan (7202153200); Wang, Lei (57207495421)","59008245300; 7202153200; 57207495421","Research progress of CO2 air source heat pump system for heating","2026","Renewable Energy","259","","125083","","","4","10.1016/j.renene.2025.125083","https://www.scopus.com/pages/publications/105025471397?origin=resultslist","Review","Final","","Scopus","2-s2.0-105025471397"
"Lu L.; Yang F.; Zhong X.; Shi H.; Zhang J.; Liu X.; Zhang W.; Zhang L.","Lu, Lihong (59941435200); Yang, Fang (59176985900); Zhong, Xingyu (58759835000); Shi, Hongfa (59941734000); Zhang, Junran (60633051700); Liu, Xin (59115969400); Zhang, Wenqing (57219189160); Zhang, Lingfan (8352452300)","59941435200; 59176985900; 58759835000; 59941734000; 60633051700; 59115969400; 57219189160; 8352452300","Correction to “Fabrication of a Congo Red/Chitosan@Melamine sponge composite for efficient U(VI) removal: Adsorption behavior, mechanistic insights, and machine learning-assisted performance modeling”(Desalination, (2026), (120436), (S0011916426005928), 10.1016/j.desal.2026.120436)","2026","Desalination","637","","120437","","","0","10.1016/j.desal.2026.120437","https://www.scopus.com/pages/publications/105042599638?origin=resultslist","Erratum","Final","All Open Access; Bronze Open Access","Scopus","2-s2.0-105042599638"
"Ahmed F.; Malik N.I.; Anjum R.; Ahmad J.B.; Zia S.; Al Sabbah H.; Dincer H.; Yüksel S.","Ahmed, Farooq (57223382509); Malik, Najma Iqbal (56804470900); Anjum, Razia (57215693349); Ahmad, Jam Bilal (59305420300); Zia, Sidra (57352906300); Al Sabbah, Haleama (17134193300); Dincer, Hasan (55567227600); Yüksel, Serhat (57190620397)","57223382509; 56804470900; 57215693349; 59305420300; 57352906300; 17134193300; 55567227600; 57190620397","Experiencing modular adaptive decentralized water security systems in southern Pakistan and implications for public health and nutrition: a qualitative exploratory study","2026","Frontiers in public health","14","","","1780817","","0","10.3389/fpubh.2026.1780817","https://www.scopus.com/pages/publications/105039302872?origin=resultslist","Article","Final","All Open Access; Gold Open Access; Green Open Access","Scopus","2-s2.0-105039302872"
"Mugoti A.; Macherera M.; Chimbari M.; Mpofu N.; Kaiyo M.; Dube S.; Chikava T.; Chisadza B.","Mugoti, Alban (59467089000); Macherera, Margaret (56079343600); Chimbari, Moses (6603694073); Mpofu, Nkululeko (57203842789); Kaiyo, Memory (60747771800); Dube, Sithabile (60747109300); Chikava, Tendai (57957457300); Chisadza, Bright (55873325700)","59467089000; 56079343600; 6603694073; 57203842789; 60747771800; 60747109300; 57957457300; 55873325700","Mapping waste mediated zoonotic and antimicrobial resistance risks in rural One Health systems","2026","Discover public health","23","1","1206","","","0","10.1186/s12982-026-02519-4","https://www.scopus.com/pages/publications/105044772364?origin=resultslist","Review","Final","All Open Access; Gold Open Access","Scopus","2-s2.0-105044772364"
"Li L.; Li G.; Han X.; Ma X.; Zhang C.; Yang Q.","Li, Lianhong (59809095500); Li, Guang (55714169600); Han, Xinrui (59812467400); Ma, Xiaoning (58918126400); Zhang, Chungui (60763365100); Yang, Qiang (60710008900)","59809095500; 55714169600; 59812467400; 58918126400; 60763365100; 60710008900","Single-atom catalyst cathodes for wastewater-to-hydrogen conversion in microbial electrolysis cells: Neutral HER kinetics, bio-abiotic interfaces, and sustainability","2026","Journal of Environmental Chemical Engineering","14","5","124334","","","0","10.1016/j.jece.2026.124334","https://www.scopus.com/pages/publications/105045955094?origin=resultslist","Review","Final","","Scopus","2-s2.0-105045955094"
"Akuriba G.A.; Wongnaa C.A.; Owusu-Afriyie R.; Hagan M.A.S.; Akuriba M.A.; Awunyo-Vitor D.","Akuriba, George Agana (57224114262); Wongnaa, Camillus Abawiera (55316991300); Owusu-Afriyie, Richard (58340515100); Hagan, Margaret Aba Sam (7102762646); Akuriba, Margaret Atosina (55804508500); Awunyo-Vitor, Dadson (55751330000)","57224114262; 55316991300; 58340515100; 7102762646; 55804508500; 55751330000","Compliance with meat Safety Guidelines Among Butchers and Fresh meat Retailers in Ghana: Assessing Adherence Levels and Influencing Factors","2026","Food Ethics","11","1","20","","","0","10.1007/s41055-026-00209-0","https://www.scopus.com/pages/publications/105031676760?origin=resultslist","Article","Final","","Scopus","2-s2.0-105031676760"
"Xerente V.S.; Naval L.P.","Xerente, Valcir Sumekwa (57200030147); Naval, Liliana Pena (54790090300)","57200030147; 54790090300","Water, health, and rights: challenges of drinking water and sanitation for indigenous communities in Tocantins, Brazil; [Água, saúde e direitos: desafios do abastecimento de água potável e saneamento para comunidades indígenas no Tocantins, Brasil]","2026","Revista Brasileira de Ciencias Ambientais","61","","e2592","","","0","10.5327/Z2176-94782592","https://www.scopus.com/pages/publications/105037198900?origin=resultslist","Article","Final","All Open Access; Gold Open Access; Green Open Access","Scopus","2-s2.0-105037198900"
"Tian H.; Li Y.; Wu J.; Yu X.; Xin P.","Tian, Huiwen (60258763000); Li, Yue (60259122600); Wu, Junjie (59656484700); Yu, Xiayang (56984796200); Xin, Pei (23478939900)","60258763000; 60259122600; 59656484700; 56984796200; 23478939900","Freeze-thaw processes induce soil water and salt migration in farmland-ditch systems","2026","Journal of Hydrology","667","","134897","","","0","10.1016/j.jhydrol.2025.134897","https://www.scopus.com/pages/publications/105027733591?origin=resultslist","Article","Final","","Scopus","2-s2.0-105027733591"
"Mokhaloane S.M.","Mokhaloane, Sam Mokgothu (59894897800)","59894897800","Local Economic Development in South Africa Amid Crises: Exploring Its Potential to Mitigate Socio-Economic Disparities","2026","Global Perspectives on Local Economic Development and Innovation","","","","55","76","0","10.4018/979-8-3373-1474-7.ch003","https://www.scopus.com/pages/publications/105047270225?origin=resultslist","Book chapter","Final","","Scopus","2-s2.0-105047270225"
"Wang S.; Liang H.; Zhou Q.","Wang, Shengjie (60437649700); Liang, Hongyun (60437176700); Zhou, Qilong (60437272100)","60437649700; 60437176700; 60437272100","Data-driven optimization of the University’s campus water infrastructure for sustainable smart teaching campuses using entropy weighting and NSGA-II","2026","Applied Water Science","16","5","139","","","0","10.1007/s13201-026-02831-z","https://www.scopus.com/pages/publications/105037450022?origin=resultslist","Article","Final","All Open Access; Gold Open Access; Green Open Access","Scopus","2-s2.0-105037450022"
"Amente G.; Muleta D.; Gadissa F.; Chombe D.; Abreha K.B.; Hammenhag C.; Tesfaye K.; Geleta M.","Amente, Gerema (57755598300); Muleta, Diriba (23393010800); Gadissa, Fekadu (57204152727); Chombe, Dagmawit (57195261175); Abreha, Kibrom B. (56716525700); Hammenhag, Cecilia (57219602562); Tesfaye, Kassahun (23981434500); Geleta, Mulatu (7801539204)","57755598300; 23393010800; 57204152727; 57195261175; 56716525700; 57219602562; 23981434500; 7801539204","Farmers’ indigenous knowledge in the management of coffee berry disease caused by Colletotrichum kahawae and its status assessment","2026","Journal of Ethnobiology and Ethnomedicine","22","1","76","","","1","10.1186/s13002-026-00911-7","https://www.scopus.com/pages/publications/105046536076?origin=resultslist","Article","Final","All Open Access; Gold Open Access; Green Open Access","Scopus","2-s2.0-105046536076"
"Mamokhere J.; Kgobe F.K.L.","Mamokhere, John (57211793149); Kgobe, France Khutso Lavhelani (60435126000)","57211793149; 60435126000","Local Government Autonomy in South Africa: Governance, Service Delivery, and Development Agendas","2026","OIDA International Journal of Sustainable Development","19","1","","81","94","0","10.64211/oidaijsd190105","https://www.scopus.com/pages/publications/105031833165?origin=resultslist","Article","Final","All Open Access; Gold Open Access","Scopus","2-s2.0-105031833165"
"Yue C.; Wang H.; Peng B.; Li Y.; Wu L.; Liu C.; Wu H.","Yue, Changsheng (26029657000); Wang, Haitao (60226009200); Peng, Ben (35223727700); Li, Yeji (60750979800); Wu, Lei (55714306700); Liu, Changbo (60750942900); Wu, Hongyan (60751013400)","26029657000; 60226009200; 35223727700; 60750979800; 55714306700; 60750942900; 60751013400","Investigation and source apportionment of stormwater pollution sources in operating enterprises in coastal areas: A case study of a smelting company in the coastal region of southern China","2026","KSCE Journal of Civil Engineering","30","10","100678","","","0","10.1016/j.kscej.2026.100678","https://www.scopus.com/pages/publications/105045394098?origin=resultslist","Article","Final","All Open Access; Gold Open Access","Scopus","2-s2.0-105045394098"
"Mondal B.K.; Sikder B.B.; Bhattacharjee B.; Shahrujjaman S.M.; Khan M.S.","Mondal, Biplob Kanti (60563729300); Sikder, Bivuti Bhushan (57202742473); Bhattacharjee, Borshon (60148063500); Shahrujjaman, Sheikh Mohiuddin (59537110400); Khan, Md Sohan (59796694600)","60563729300; 57202742473; 60148063500; 59537110400; 59796694600","Water security challenges in coastal Bangladesh: a multi-dimensional approach","2026","Sustainable Water Resources Management","12","2","28","","","1","10.1007/s40899-026-01341-9","https://www.scopus.com/pages/publications/105035021373?origin=resultslist","Article","Final","","Scopus","2-s2.0-105035021373"
"Yimenu A.A.; Gemechu M.T.; Shimber E.T.; Ndugga P.","Yimenu, Abayneh Asrat (60365628800); Gemechu, Melaku Teshale (59380786500); Shimber, Emnet Tesfaye (57737698700); Ndugga, Patricia (55940307300)","60365628800; 59380786500; 57737698700; 55940307300","Barriers to water, sanitation, and hygiene (WASH) cluster coordination during emergencies in sub-Saharan Africa: A scoping review","2026","PLOS Water","5","2 February","e0000434","","","1","10.1371/journal.pwat.0000434","https://www.scopus.com/pages/publications/105029053170?origin=resultslist","Article","Final","All Open Access; Gold Open Access","Scopus","2-s2.0-105029053170"
"Chkirida S.","Chkirida, Soulaima (57217221587)","57217221587","Emerging Contaminants: Challenges and Limitations in Global Drinking Water","2026","Nanotechnology and Emerging Contaminants in Drinking Water: Advanced Solutions for Purification","","","","218","237","0","10.1201/9781003650690-17","https://www.scopus.com/pages/publications/105038802625?origin=resultslist","Book chapter","Final","","Scopus","2-s2.0-105038802625"
"Le Breton S.; Mithal A.; Ahmed T.; Huh J.; Papamichael K.; Cheifetz A.S.","Le Breton, Stephen (57702276600); Mithal, Aditya (57213196279); Ahmed, Tasnim (59279296600); Huh, Jini (60727933100); Papamichael, Konstantinos (6603388000); Cheifetz, Adam S. (10641917400)","57702276600; 57213196279; 59279296600; 60727933100; 6603388000; 10641917400","Assessing trial eligibility and real-world response to vedolizumab and ustekinumab in patients with ulcerative colitis","2026","Scandinavian Journal of Gastroenterology","","","","","","0","10.1080/00365521.2026.2697982","https://www.scopus.com/pages/publications/105044041896?origin=resultslist","Article","Article in press","","Scopus","2-s2.0-105044041896"
"Qin Y.; Yuan S.; Wang Y.; Wang L.","Qin, Yashu (59549698800); Yuan, Shiyao (60680001000); Wang, Yueyue (60679801300); Wang, Luwei (60199292700)","59549698800; 60680001000; 60679801300; 60199292700","Can water resource tax reform increase grain yield?—Evidence from China","2026","Frontiers in Sustainable Food Systems","10","","1806704","","","0","10.3389/fsufs.2026.1806704","https://www.scopus.com/pages/publications/105041030692?origin=resultslist","Article","Final","All Open Access; Gold Open Access; Green Open Access","Scopus","2-s2.0-105041030692"
"Dovie D.B.K.; Obuah G.A.; Miyittah M.; Christian A.K.","Dovie, Delali Benjamin K. (58787227800); Obuah, Grace Abena (60749171200); Miyittah, Michael (6507604871); Christian, Aaron K. (56954678200)","58787227800; 60749171200; 6507604871; 56954678200","Settlement morphology, demographics, and governance challenges of water, sanitation, and hygiene in low-income urban communities in Ghana","2026","Discover Environment","4","1","371","","","0","10.1007/s44274-026-00894-y","https://www.scopus.com/pages/publications/105045287406?origin=resultslist","Article","Final","All Open Access; Gold Open Access","Scopus","2-s2.0-105045287406"
"Nzinga J.M.; Kok M.; Raven J.; Taegtmeyer M.","Nzinga, Jacinta Mwikali (33167733800); Kok, Maryse (56050550600); Raven, Joanna (17342515500); Taegtmeyer, Miriam (9637332900)","33167733800; 56050550600; 17342515500; 9637332900","Whose crisis is it? Local experiences and health governance in the era of polycrisis","2026","BMJ Global Health","11","5","","","","0","10.1136/bmjgh-2026-023610","https://www.scopus.com/pages/publications/105038227579?origin=resultslist","Note","Final","All Open Access; Gold Open Access; Green Open Access","Scopus","2-s2.0-105038227579"
"Frascaroli G.; Barera S.; Cella R.; Pinnola A.","Frascaroli, Gabriele (57226360317); Barera, Simone (54390899000); Cella, Rino (7004238420); Pinnola, Alberta (55390962500)","57226360317; 54390899000; 7004238420; 55390962500","Microalgae for organic wastewater valorisation: From regulatory barriers to technology readiness","2026","Algal Research","99","","104877","","","0","10.1016/j.algal.2026.104877","https://www.scopus.com/pages/publications/105047195949?origin=resultslist","Review","Final","","Scopus","2-s2.0-105047195949"
"Chandra B.; Jain P.; Parasar A.","Chandra, Borun (58866493100); Jain, Priyanka (60791851900); Parasar, Anuradha (58866935900)","58866493100; 60791851900; 58866935900","No One Left Behind? Barriers to Urban Inclusion for Harijan Communities in Bangladesh under SDG 2030","2026","International Journal of Community Well-Being","9","3","28","","","0","10.1007/s42413-026-00301-7","https://www.scopus.com/pages/publications/105047413312?origin=resultslist","Article","Final","All Open Access; Green Open Access","Scopus","2-s2.0-105047413312"
"Mozol A.G., Jr; Celestial R.R.; Rivera L.P.; Javier-Martinez D.P.","Mozol, Alvenio G. (60030873200); Celestial, Ronaldo R. (60497825500); Rivera, Lysander P. (60498307900); Javier-Martinez, Dorothy P. (60497669300)","60030873200; 60497825500; 60498307900; 60497669300","Reimagining water governance: theo-ethical analysis for virtuous systems and integral ecology","2026","Ethics in Science and Environmental Politics","26","","esep00226","","","1","10.3354/esep00226","https://www.scopus.com/pages/publications/105032708223?origin=resultslist","Article","Final","All Open Access; Gold Open Access; Green Open Access","Scopus","2-s2.0-105032708223"
"Chimhowu A.; Langnel Z.; Mensah J.K.; Agyabeng A.N.; Bawole J.N.","Chimhowu, Admos (11239517700); Langnel, Zechariah (57191419588); Mensah, James Kwame (57213457989); Agyabeng, Anthony Nkrumah (57225995020); Bawole, Justice Nyigmah (35075772600)","11239517700; 57191419588; 57213457989; 57225995020; 35075772600","Attaining Sustainable Development Goals in African Cities: A Systematic Literature Review","2026","Sustainable Development","","","","","","0","10.1002/sd.71086","https://www.scopus.com/pages/publications/105036096257?origin=resultslist","Article","Article in press","","Scopus","2-s2.0-105036096257"
"Etter-Phoya R.; O’Hare B.; Harsanyi B.; Hall S.; Hannah E.; Cobham A.","Etter-Phoya, Rachel (57225174016); O’Hare, Bernadette (6603935430); Harsanyi, Barbara (60750458000); Hall, Stephen (7402711415); Hannah, Eilish (57407601100); Cobham, Alex (8957429100)","57225174016; 6603935430; 60750458000; 7402711415; 57407601100; 8957429100","How Corporate Tax Supports Human Development: Quantifying Philips’ Contributions to the Sustainable Development Goals and the Cost of Profit Misalignment","2026","Sustainability (Switzerland)","18","13","6604","","","0","10.3390/su18136604","https://www.scopus.com/pages/publications/105045228995?origin=resultslist","Article","Final","All Open Access; Gold Open Access","Scopus","2-s2.0-105045228995"
"Yang D.; Peng X.; Li L.; Wu X.; Chen C.; Zhong W.","Yang, Dan (57445768200); Peng, Xin (55124451700); Li, Linlin (59198263400); Wu, Xiaolong (55753009500); Chen, Chaoyang (57205441786); Zhong, Weimin (59907172100)","57445768200; 55124451700; 59198263400; 55753009500; 57205441786; 59907172100","Dynamic bidirectional federated transfer learning with multi-source data fusion in unsupervised privacy-preserving prediction","2026","Knowledge-Based Systems","341","","115707","","","0","10.1016/j.knosys.2026.115707","https://www.scopus.com/pages/publications/105033659185?origin=resultslist","Article","Final","","Scopus","2-s2.0-105033659185"
"Muftiadi A.; Barkah C.S.; Sanusi N.A.; Alexandri M.B.","Muftiadi, Anang (57195585278); Barkah, Cecep Syafatul (57202704200); Sanusi, Nur Azura (36523822900); Alexandri, Mochammad Benny (60409516200)","57195585278; 57202704200; 36523822900; 60409516200","Micro-Small Enterprises Sanitation Sector Innovations and the Needs for Ecosystem Governance in Indonesia","2026","Review of Integrative Business and Economics Research","15","2","","79","89","0","","https://www.scopus.com/pages/publications/105030681155?origin=resultslist","Article","Final","","Scopus","2-s2.0-105030681155"
"Ilangovan K.; Sankar J.G.; Srinivasan M.","Ilangovan, K. (59738375100); Sankar, Jeganathan Gomathi (58630627000); Srinivasan, Malini (57205121685)","59738375100; 58630627000; 57205121685","Systematic review of rural drinking water interventions under Jal Jeevan mission","2026","Discover Environment","4","1","189","","","0","10.1007/s44274-026-00676-6","https://www.scopus.com/pages/publications/105037997686?origin=resultslist","Article","Final","All Open Access; Gold Open Access; Green Open Access","Scopus","2-s2.0-105037997686"
"Anika I.T.; Alam E.","Anika, Ishrar Tahmin (59939432300); Alam, Edris (37004349000)","59939432300; 37004349000","Towards cyclone resilience: Examining local challenges and best practices in shelter management in Sarankhola, Southwest Bangladesh","2026","Progress in Disaster Science","29","","100510","","","2","10.1016/j.pdisas.2025.100510","https://www.scopus.com/pages/publications/105029724745?origin=resultslist","Article","Final","All Open Access; Gold Open Access","Scopus","2-s2.0-105029724745"
"Majumdar K.; Chhandama L.; Pal S.; Prakash S.","Majumdar, Koustab (57222609114); Chhandama, Lal (59951432500); Pal, Subhadip (60641598300); Prakash, Shaurya (59934908000)","57222609114; 59951432500; 60641598300; 59934908000","Uranium mining, health risks and environmental injustice","2026","Discover public health","23","1","717","","","0","10.1186/s12982-026-02047-1","https://www.scopus.com/pages/publications/105039444079?origin=resultslist","Review","Final","All Open Access; Gold Open Access; Green Open Access","Scopus","2-s2.0-105039444079"
"Alemu A.M.; Addisu T.; Tolosa D.; Abduro S.; Fetene S.; Bekele B.","Alemu, Andargachew Melke (57979252400); Addisu, Tesfahun (60574076400); Tolosa, Dereje (58563657800); Abduro, Siraj (60574398000); Fetene, Sintayehu (60574558200); Bekele, Bewuket (60574156300)","57979252400; 60574076400; 58563657800; 60574398000; 60574558200; 60574156300","Reliability, functionality, and governance of community-managed rural water points in Ginir district, Ethiopia","2026","Utilities Policy","101","","102205","","","0","10.1016/j.jup.2026.102205","https://www.scopus.com/pages/publications/105035522763?origin=resultslist","Article","Final","","Scopus","2-s2.0-105035522763"
"Neves H.T.","Neves, Helena Telino (60738549600)","60738549600","Water and sanitation as rights, education as a path: An interface with the UN Sustainable Development Goals; [ÁGUA E SANEAMENTO COMO DIREITOS, EDUCAÇÃO COMO CAMINHO: UMA INTERFACE COM OS OBJETIVOS DE DESENVOLVIMENTO SUSTENTÁVEL DA ONU]","2026","Janus.net","17","2_DT2","","60","37","0","10.26619/1647-7251.DT0526.4","https://www.scopus.com/pages/publications/105044657203?origin=resultslist","Article","Final","All Open Access; Gold Open Access","Scopus","2-s2.0-105044657203"
"Gupta K.; Saini R.; Pandre K.; Wani L.K.; Tekade P.M.; Kaur L.; Arivukkodi R.","Gupta, Kashish (57642333600); Saini, Rajat (57216953659); Pandre, Karan (59697853800); Wani, Lalita Kiran (59665146800); Tekade, Pallavi M. (58140275900); Kaur, Lakhwinder (57210704225); Arivukkodi, R. (59702873400)","57642333600; 57216953659; 59697853800; 59665146800; 58140275900; 57210704225; 59702873400","Environmental Law Compliance Assessment in Livestock Enterprises Using Natural Language Processing and AI","2026","Journal of Animal Environment","18","2s","","882","893","0","10.70102/AEJ.2026.18.2s.95","https://www.scopus.com/pages/publications/105047369985?origin=resultslist","Article","Final","","Scopus","2-s2.0-105047369985"
"Fakorede E.O.; Ajibade F.O.; Adewumi J.R.; Ighalo J.O.","Fakorede, Ebenezer Oluwabusuyi (60403248700); Ajibade, Fidelis Odedishemi (57190341647); Adewumi, James Rotimi (26031266400); Ighalo, Joshua O. (57202955844)","60403248700; 57190341647; 26031266400; 57202955844","Antibiotic contamination in Nigeria: Occurrence, impacts, and sustainable wastewater management solutions","2026","Regional Studies in Marine Science","95","","104842","","","0","10.1016/j.rsma.2026.104842","https://www.scopus.com/pages/publications/105030372577?origin=resultslist","Article","Final","","Scopus","2-s2.0-105030372577"
"Li J.; Tian G.; Wu Z.; Niu X.; Liu X.; Zhang J.","Li, Jiawen (57474326500); Tian, Guiliang (35729905100); Wu, Zheng (57222094151); Niu, Xingchao (59778445600); Liu, Xinyu (59185242500); Zhang, Jinyi (59777914400)","57474326500; 35729905100; 57222094151; 59778445600; 59185242500; 59777914400","Construction of a fuzzy ranking learning-based water resources value assessment model and its application; [基于模糊排序学习的水资源价值评估模型构建及其应用]","2026","Resources Science","48","7","","1734","1748","0","10.18402/resci.2026.07.12","https://www.scopus.com/pages/publications/105046946496?origin=resultslist","Article","Final","All Open Access; Gold Open Access","Scopus","2-s2.0-105046946496"
"Samuel S.A.; Beardsworth R.; Spaiser V.","Samuel, Susan Ann (58993305900); Beardsworth, Richard (26038937100); Spaiser, Viktoria (53865684000)","58993305900; 26038937100; 53865684000","Climate Futures Across Disciplines: A Next Generation Approach","2026","Climate Futures across Disciplines: a Next Generation Approach","","","","1","240","0","10.4324/9781003583813","https://www.scopus.com/pages/publications/105039739286?origin=resultslist","Book","Final","","Scopus","2-s2.0-105039739286"
"Luo S.; Bi Z.; Xiong L.; Zheng T.; Wei X.; Nie Y.; Taye B.Z.; Zhou J.; Tauqeer H.A.; Gutsev L.; Vasenko A.; Gutsev G.; Prezhdo O.; Yu H.; Xu X.","Luo, Shizi (58477300900); Bi, Zhuoneng (56723550700); Xiong, Liyao (60226500000); Zheng, Tongjun (59123102200); Wei, Xiaochun (57378041300); Nie, Youliang (57457188100); Taye, Biniyam Zemene (57219333082); Zhou, Jing (57208583117); Tauqeer, Haider Ali (57223265749); Gutsev, Lavrenty (57219109699); Vasenko, Andrey (8964807800); Gutsev, Gennady (35495152700); Prezhdo, Oleg (7005883113); Yu, Huangzhong (23089597900); Xu, Xueqing (11141487500)","58477300900; 56723550700; 60226500000; 59123102200; 57378041300; 57457188100; 57219333082; 57208583117; 57223265749; 57219109699; 8964807800; 35495152700; 7005883113; 23089597900; 11141487500","Multiphosphorylated molecules for buried interface regulation of inverted perovskite solar cells in a two-step process","2026","Energy and Environmental Science","19","6","","2069","2083","2","10.1039/d6ee00231e","https://www.scopus.com/pages/publications/105031558612?origin=resultslist","Article","Final","","Scopus","2-s2.0-105031558612"
"Rashid S.A.; Rajendiran S.; Shahrir N.F.; Naserrudin N.A.; Chin T.T.Y.; Wen J.C.S.; Abdul Shukor I.H.; Khairul Hasni N.A.","Rashid, Siti Aishah (57213369533); Rajendiran, Sakshaleni (57292131400); Shahrir, Nurul Farehah (57217737012); Naserrudin, Nurul Athirah (57224846094); Chin, Terence Tan Yew (60648863700); Wen, Janice Chan Sue (60648304800); Abdul Shukor, Imanul Hassan (58554473200); Khairul Hasni, Nurul Amalina (58134334500)","57213369533; 57292131400; 57217737012; 57224846094; 60648863700; 60648304800; 58554473200; 58134334500","Methodological Approaches to Dengue Virus Detection in Wastewater: A Systematic Review and Meta-Analysis of Positivity Rate","2026","Viruses","18","5","531","","","0","10.3390/v18050531","https://www.scopus.com/pages/publications/105039970004?origin=resultslist","Review","Final","All Open Access; Gold Open Access; Green Open Access","Scopus","2-s2.0-105039970004"
"Chandra B.; Parasar A.","Chandra, Borun (58866493100); Parasar, Anuradha (58866935900)","58866493100; 58866935900","Empowerment and environmental vulnerability: a study of Harijan women waste workers in urban Dhaka","2026","GeoJournal ","91","1","13","","","0","10.1007/s10708-025-11560-w","https://www.scopus.com/pages/publications/105027315685?origin=resultslist","Article","Final","","Scopus","2-s2.0-105027315685"
"Alam M.-U.; Rahat M.A.; Eayashen M.; Nawaz S.; Neeher N.; Tabassum K.F.; Evans B.; Hutchings P.","Alam, Mahbub-Ul (57190745430); Rahat, Md Assaduzzaman (58613372500); Eayashen, Md (60169741000); Nawaz, Shahpara (58244359600); Neeher, Nishantika (59720624000); Tabassum, Kazy Farhat (58644101200); Evans, Barbara (57199313235); Hutchings, Paul (56900871400)","57190745430; 58613372500; 60169741000; 58244359600; 59720624000; 58644101200; 57199313235; 56900871400","Sewer misconnection: Recommendations for increasing sewer connections in low-income urban communities in Dhaka, Bangladesh","2026","International Journal of Hygiene and Environmental Health","271","","114707","","","0","10.1016/j.ijheh.2025.114707","https://www.scopus.com/pages/publications/105020914500?origin=resultslist","Review","Final","All Open Access; Green Open Access; Hybrid Gold Open Access","Scopus","2-s2.0-105020914500"
"Nurunnabi M.; Haque S.","Nurunnabi, Mohammad (56017470200); Haque, Sanjida (56481165600)","56017470200; 56481165600","From Alma-Ata to SDG 2030: Lessons From Three Decades of Health Policy in South Asia","2026","World Medical and Health Policy","18","1","e70068","","","0","10.1002/wmh3.70068","https://www.scopus.com/pages/publications/105032892010?origin=resultslist","Note","Final","","Scopus","2-s2.0-105032892010"
"Gaikwad N.; Thomas A.","Gaikwad, Nikhar (56121764600); Thomas, Anjali (58021210500)","56121764600; 58021210500","Getting on the grid: A field experiment on bottom-up political pressure and access to essential public services","2026","American Journal of Political Science","","","","","","0","10.1111/ajps.70068","https://www.scopus.com/pages/publications/105043369773?origin=resultslist","Article","Article in press","All Open Access; Hybrid Gold Open Access","Scopus","2-s2.0-105043369773"
"Mathew P.; Chandy S.J.; Lundborg C.S.","Mathew, Philip (57202723444); Chandy, Sujith John (57211164486); Lundborg, Cecilia Stålsby (6603775012)","57202723444; 57211164486; 6603775012","Hygiene measures and antimicrobial use practices in households of a rural community in South India: a cross-sectional study","2026","Frontiers in Public Health","13","","1753160","","","0","10.3389/fpubh.2025.1753160","https://www.scopus.com/pages/publications/105028564033?origin=resultslist","Article","Final","All Open Access; Gold Open Access; Green Open Access","Scopus","2-s2.0-105028564033"
"Tao C.; Dai S.; Chen Y.; Gu L.; Zhu T.","Tao, Cuicui (57256984600); Dai, Shuo (59982095300); Chen, Ying (60516085300); Gu, Liming (57218913053); Zhu, Tengyi (56293969700)","57256984600; 59982095300; 60516085300; 57218913053; 56293969700","Machine learning-based insights and optimization of membrane separation processes to remove antibiotic resistance genes","2026","Journal of Environmental Chemical Engineering","14","3","122258","","","1","10.1016/j.jece.2026.122258","https://www.scopus.com/pages/publications/105033066000?origin=resultslist","Article","Final","","Scopus","2-s2.0-105033066000"
"Zhang X.; Hou C.; An W.; Xin H.; Ji Q.; Zhang G.; Liu H.","Zhang, Xiaofeng (59352401100); Hou, Congyu (57226859720); An, Wenkai (57222873223); Xin, Huaijia (57797755400); Ji, Qinghua (36107927200); Zhang, Gong (56962914000); Liu, Huijuan (36067405700)","59352401100; 57226859720; 57222873223; 57797755400; 36107927200; 56962914000; 36067405700","Frequency-based paired mass distance method revealed the transformation pathway selection of organic compounds during mineralization treatment","2026","Water Research","291","","125247","","","2","10.1016/j.watres.2025.125247","https://www.scopus.com/pages/publications/105025420212?origin=resultslist","Article","Final","","Scopus","2-s2.0-105025420212"
"Abawari M.J.; Birhanu Z.; Taye F.N.; Amare H.G.; Templeton M.R.; Mekonnen Z.; Mekonnen H.; Levecke B.; Vande Velde F.","Abawari, Mohammed J. (58740544300); Birhanu, Zewdie (35785888600); Taye, Fitsum Nigatu (60680095900); Amare, Hanna Getachew (59244626400); Templeton, Michael R. (57205982798); Mekonnen, Zeleke (24491286700); Mekonnen, Habtamu (57193858795); Levecke, Bruno (23091505100); Vande Velde, Fiona (56743173400)","58740544300; 35785888600; 60680095900; 59244626400; 57205982798; 24491286700; 57193858795; 23091505100; 56743173400","Seeing sanitation: using photovoice for research and advocacy on WASH challenges in two Ethiopian urban primary schools","2026","Journal of Water Sanitation and Hygiene for Development","16","5","","409","425","0","10.2166/washdev.2026.250","https://www.scopus.com/pages/publications/105041039078?origin=resultslist","Article","Final","All Open Access; Gold Open Access; Green Open Access","Scopus","2-s2.0-105041039078"
"O’Connor K.; Earnhart D.","O’Connor, Kegan (60565507300); Earnhart, Dietrich (56124163300)","60565507300; 56124163300","Focused Enforcement to Improve Compliance: Effects of the EPA Priority Sector Program on Clean Water Act Compliance","2026","Environmental and Resource Economics","89","4","33","","","0","10.1007/s10640-026-01077-2","https://www.scopus.com/pages/publications/105035056741?origin=resultslist","Article","Final","","Scopus","2-s2.0-105035056741"
"Yi W.; Liu H.; Peng L.; Liu Z.; Luo Z.; Rovenskaya E.; Ng S.H.; Strelkovskii N.; Yan R.; Wang X.; Yang Z.; He T.; Zhang W.; Cai F.; Zhang Q.; He K.","Yi, Wen (57266448900); Liu, Huan (36682647400); Peng, Li (60156099900); Liu, Ziluo (60653547800); Luo, Zhenyu (57217145539); Rovenskaya, Elena (6504768192); Ng, Szu Hui (24388862200); Strelkovskii, Nikita (56755369400); Yan, Ran (57209308101); Wang, Xueqing (57885117300); Yang, Zeyu (60653547900); He, Tingkun (57392643500); Zhang, Weiwei (59355735800); Cai, Feng (60653989000); Zhang, Qiang (55627873062); He, Kebin (7202010686)","57266448900; 36682647400; 60156099900; 60653547800; 57217145539; 6504768192; 24388862200; 56755369400; 57209308101; 57885117300; 60653547900; 57392643500; 59355735800; 60653989000; 55627873062; 7202010686","Drivers and environmental impacts of Arctic shipping","2026","Nature Reviews Earth and Environment","7","6","","343","358","0","10.1038/s43017-026-00790-2","https://www.scopus.com/pages/publications/105040138855?origin=resultslist","Review","Final","","Scopus","2-s2.0-105040138855"
"MEi Y.; Zhu X.; Li Y.; Fu Z.; Liu J.","MEi, Yufan (60728808800); Zhu, Xingye (9242467800); Li, Yanjun (35307424100); Fu, Zengyi (60728866200); Liu, Junping (36021331600)","60728808800; 9242467800; 35307424100; 60728866200; 36021331600","Design and hydraulic characteristics analysis of a small-scale two-way flow pumping station for paddy field irrigation and drainage; [稻田灌排小型双向流道泵站的设计与水力特性分析]","2026","Nongye Gongcheng Xuebao/Transactions of the Chinese Society of Agricultural Engineering","42","9","","46","55","0","10.11975/j.issn.1002-6819.202509256","https://www.scopus.com/pages/publications/105044084046?origin=resultslist","Article","Final","","Scopus","2-s2.0-105044084046"
"Verlicchi P.; Grillini V.; Bosi A.; Galletti A.","Verlicchi, Paola (25927704500); Grillini, Vittoria (57212446138); Bosi, Aurora (60503274600); Galletti, Alessio (34067606800)","25927704500; 57212446138; 60503274600; 34067606800","Treatment Reliability When Reusing Reclaimed Water for Irrigation: A Risk Assessment, Ranking and Management Methodology","2026","Water (Switzerland)","18","5","627","","","0","10.3390/w18050627","https://www.scopus.com/pages/publications/105032754248?origin=resultslist","Article","Final","All Open Access; Gold Open Access","Scopus","2-s2.0-105032754248"
"Zheng Y.; Gu Y.; Wang C.; Wang H.; Jin P.; Gan T.","Zheng, Ying (59512591900); Gu, Yu (59733164500); Wang, Chao (57211834280); Wang, Hailong (59733164600); Jin, Pengyu (58532604000); Gan, Tian (58532595100)","59512591900; 59733164500; 57211834280; 59733164600; 58532604000; 58532595100","Study on joint optimal scheduling of Jiaodong Water Transfer Project considering dynamic storage rules of reservoirs; [考虑水库动态调蓄规则的胶东调水工程协同优化调度研究]","2026","Shuili Fadian Xuebao/Journal of Hydroelectric Engineering","45","1","","19","30","0","10.11660/slfdxb.20260103","https://www.scopus.com/pages/publications/105029823159?origin=resultslist","Article","Final","","Scopus","2-s2.0-105029823159"
"Prasad S.; Nagda J.; Ahuja A.; Agrawal S.; Parmar V.","Prasad, Sai (60362530400); Nagda, Jay (58880064900); Ahuja, Aarushi (59672908700); Agrawal, Shaily (60520407800); Parmar, Vidhi (60362634300)","60362530400; 58880064900; 59672908700; 60520407800; 60362634300","ACE inhibitor–induced isolated intestinal angioedema mimicking functional bowel disorder: a case report","2026","BMC Gastroenterology","26","1","469","","","0","10.1186/s12876-026-04935-x","https://www.scopus.com/pages/publications/105045510537?origin=resultslist","Article","Final","All Open Access; Gold Open Access; Green Open Access","Scopus","2-s2.0-105045510537"
"Singh V.; Kumar P.; Singh M.K.","Singh, Vimla (60510840400); Kumar, Pramod (60046672800); Singh, Manvandra Kumar (57193759459)","60510840400; 60046672800; 57193759459","Evolution of the right to potable water as an aspect of the right to life: An overview","2026","Social Sciences and Humanities Open","13","","102708","","","0","10.1016/j.ssaho.2026.102708","https://www.scopus.com/pages/publications/105033265695?origin=resultslist","Article","Final","All Open Access; Gold Open Access","Scopus","2-s2.0-105033265695"
"Yang X.; Tan C.; Wang Z.; Qin M.; Chen Z.","Yang, Xi (57679806700); Tan, Chao (54790225900); Wang, Zhoujie (60406588100); Qin, Min (58083563700); Chen, Zhihe (55750392700)","57679806700; 54790225900; 60406588100; 58083563700; 55750392700","A Fuzzy Ensemble Framework for Multi-Criteria Water Resources Management Under Uncertainty","2026","Water Resources Management","40","4","151","","","2","10.1007/s11269-025-04367-4","https://www.scopus.com/pages/publications/105030616696?origin=resultslist","Article","Final","","Scopus","2-s2.0-105030616696"
"Sudsandee S.; Kliengchuay W.; Keawduanglek V.; Hongtong A.; Siriratruengsuk W.; Niampradit S.; Mingkhwan R.; Kiangkoo N.; Precha N.; Tantrakarnapa K.","Sudsandee, Suntorn (57194014450); Kliengchuay, Wissanupong (57205028517); Keawduanglek, Vivat (60234881800); Hongtong, Anuttara (57418626700); Siriratruengsuk, Weerayuth (57194776823); Niampradit, Sarima (57352386400); Mingkhwan, Rachaneekorn (39962294400); Kiangkoo, Nuttapohn (57695862600); Precha, Nopadol (57217670675); Tantrakarnapa, Kraichat (35220859500)","57194014450; 57205028517; 60234881800; 57418626700; 57194776823; 57352386400; 39962294400; 57695862600; 57217670675; 35220859500","Assessment of water quality and associated health risks in community-managed water systems in highland areas: A case study Chiang Rai province, Thailand","2026","One Health","22","","101290","","","2","10.1016/j.onehlt.2025.101290","https://www.scopus.com/pages/publications/105024592661?origin=resultslist","Article","Final","All Open Access; Gold Open Access; Green Open Access","Scopus","2-s2.0-105024592661"
"Neog K.; Bhuyan M.J.; Deka N.","Neog, Kasturi (57223022128); Bhuyan, Manash Jyoti (57211375488); Deka, Nityananda (57103199800)","57223022128; 57211375488; 57103199800","A novel participatory index-based approach to measuring household water security in Assam, India","2026","International Journal of Water Resources Development","","","","","","1","10.1080/07900627.2026.2635360","https://www.scopus.com/pages/publications/105033381301?origin=resultslist","Article","Article in press","","Scopus","2-s2.0-105033381301"
"Yang M.; Wang C.; Yang Q.; Zhang L.; Wang H.","Yang, Minghan (60094193600); Wang, Chao (57211834280); Yang, Qiu (58675911100); Zhang, Lina (58122411300); Wang, Hao (60431121600)","60094193600; 57211834280; 58675911100; 58122411300; 60431121600","Self-learning model predictive control for cascaded canal systems","2026","Ocean Engineering","365","P1","127235","","","0","10.1016/j.oceaneng.2026.127235","https://www.scopus.com/pages/publications/105045706679?origin=resultslist","Article","Final","","Scopus","2-s2.0-105045706679"
"Liu X.; Liu Z.; Li X.; Li J.; Dong Z.; Chen X.; Li X.","Liu, Xinjie (60216860400); Liu, Zengzhe (60216965600); Li, Xin (59297072800); Li, Jiajing (59297073000); Dong, Zhi (55633360200); Chen, Xinchuang (57214360021); Li, Xiaoqian (59270212800)","60216860400; 60216965600; 59297072800; 59297073000; 55633360200; 57214360021; 59270212800","Integrating polycyclic aromatic hydrocarbons risk into lake health assessment: A diagnostic framework for ecosystem integrity and services in Dongping Lake, China","2026","Ecological Indicators","184","","114716","","","0","10.1016/j.ecolind.2026.114716","https://www.scopus.com/pages/publications/105031896753?origin=resultslist","Article","Final","All Open Access; Gold Open Access; Green Open Access","Scopus","2-s2.0-105031896753"
"Singh S.; Soni R.; Lokhande P.E.; Kumar D.; Ghotekar S.; Praveenkumar S.; Singh K.; Mubarak N.M.; Suhas; Karri R.R.; Dehghani M.H.","Singh, S. (57206711834); Soni, R. (59007199300); Lokhande, P.E. (57200526011); Kumar, D. (57202478138); Ghotekar, S. (57201343611); Praveenkumar, S. (57195236454); Singh, K. (57189470075); Mubarak, N.M. (36634677600); Suhas (7409596327); Karri, R.R. (38061883200); Dehghani, M.H. (57192214256)","57206711834; 59007199300; 57200526011; 57202478138; 57201343611; 57195236454; 57189470075; 36634677600; 7409596327; 38061883200; 57192214256","Two-dimensional transition metal chalcogenides for water and wastewater remediation: a review","2026","International Journal of Environmental Science and Technology","23","4","339","","","0","10.1007/s13762-026-07116-1","https://www.scopus.com/pages/publications/105033334153?origin=resultslist","Review","Final","","Scopus","2-s2.0-105033334153"
"Elmi A.H.; Ibrahim R.K.","Elmi, Abdullahi Hassan (59367043200); Ibrahim, Rasha Kadri (58698690100)","59367043200; 58698690100","Beyond access: WASH, public health, and sustainable development priorities in Africa—a narrative review","2026","Tropical Medicine and Health","54","1","163","","","0","10.1186/s41182-026-01059-6","https://www.scopus.com/pages/publications/105047812620?origin=resultslist","Review","Final","","Scopus","2-s2.0-105047812620"
"Mwesongo C.S.","Mwesongo, Chaeka Semango (58249160700)","58249160700","Scale mismatches and the value of social networks in access to sanitation facilities in Mwanza City, Tanzania: A Socio-Ecological Network analysis","2026","Land Use Policy","160","","107814","","","1","10.1016/j.landusepol.2025.107814","https://www.scopus.com/pages/publications/105019092992?origin=resultslist","Article","Final","","Scopus","2-s2.0-105019092992"
"Sverdlik A.; Ouma S.; Dev S.; Patil-Deshmukh A.; Koyaro M.; Luka Z.; Subbaraman R.","Sverdlik, Alice (37089692900); Ouma, Smith (57216638574); Dev, Saloni (57205330485); Patil-Deshmukh, Anita (47061619100); Koyaro, Michelle (60581223900); Luka, Zilire (60797010400); Subbaraman, Ramnath (14018829500)","37089692900; 57216638574; 57205330485; 47061619100; 60581223900; 60797010400; 14018829500","Beyond land tenure and titling: legal recognition as a pivotal determinant of health in urban informal settlements","2026","The Lancet Global Health","","","104052","","","0","10.1016/j.langlo.2026.104052","https://www.scopus.com/pages/publications/105047696914?origin=resultslist","Review","Article in press","All Open Access; Gold Open Access","Scopus","2-s2.0-105047696914"
"Busayo E.T.; Kachenje Y.; Mngumi L.E.","Busayo, Emmanuel Tolulope (57208654424); Kachenje, Yohannes (57210793409); Mngumi, Lazaro Eliyah (57210998138)","57208654424; 57210793409; 57210998138","Nature-based solutions thinking for urban water management in the global South: Empirical insights from Dar es Salaam, Tanzania","2026","Urban Governance","6","2","","200","210","0","10.1016/j.ugj.2026.05.001","https://www.scopus.com/pages/publications/105043089517?origin=resultslist","Article","Final","All Open Access; Gold Open Access","Scopus","2-s2.0-105043089517"
"Essex R.; Jagnoor J.","Essex, Ryan (56997032200); Jagnoor, Jagnoor (26667828800)","56997032200; 26667828800","An analysis of global legislation and regulation related to drowning prevention","2026","PLOS Global Public Health","6","3 March","e0005337","","","0","10.1371/journal.pgph.0005337","https://www.scopus.com/pages/publications/105033963578?origin=resultslist","Article","Final","All Open Access; Gold Open Access; Green Open Access","Scopus","2-s2.0-105033963578"
"Shanker N.; Reckling S.; Snyder N.L.; Enright D.; Guidry V.T.; Christensen A.","Shanker, Neha (57355287800); Reckling, Stacie (6504783618); Snyder, Nicole L. (7005809304); Enright, Dianne (24777992400); Guidry, Virginia T. (8585206900); Christensen, Ariel (57945187600)","57355287800; 6504783618; 7005809304; 24777992400; 8585206900; 57945187600","Addressing gaps in surveillance: Use of emergency department accessibility and social vulnerability to identify potential wastewater surveillance sites in North Carolina","2026","PloS one","21","8","","e0346668","","0","10.1371/journal.pone.0346668","https://www.scopus.com/pages/publications/105047645135?origin=resultslist","Article","Final","All Open Access; Gold Open Access; Green Open Access","Scopus","2-s2.0-105047645135"
"Roy S.; Sowgat T.","Roy, Shilpi (57204960418); Sowgat, Tanjil (57190883528)","57204960418; 57190883528","Planning Challenges for Sustainable Cities in Bangladesh: A Radical Perspective","2026","Sustainable Development Goals Series","Part F2143","","","85","106","0","10.1007/978-981-95-7758-3_6","https://www.scopus.com/pages/publications/105042299511?origin=resultslist","Book chapter","Final","All Open Access; Hybrid Gold Open Access","Scopus","2-s2.0-105042299511"
"Thiliepan C.; Thennakoon T.M.S.P.K.; Madurapperuma B.","Thiliepan, Cavitha (60535840200); Thennakoon, T.M.S.P.K. (57223931475); Madurapperuma, Buddhika (55640200400)","60535840200; 57223931475; 55640200400","Influence of Morphological Characteristics on the Sustainability of Underserved Settlements: A Case Study in Jaffna Municipality and its Urban Fringe, Sri Lanka","2026","OIDA International Journal of Sustainable Development","19","2","","185","214","0","10.64211/oidaijsd190215","https://www.scopus.com/pages/publications/105033918242?origin=resultslist","Article","Final","All Open Access; Gold Open Access","Scopus","2-s2.0-105033918242"
"Abourida M.; Klymenko O.V.; Short M.","Abourida, Mohamed (59525455000); Klymenko, Oleksiy V. (6701835082); Short, Michael (56941458200)","59525455000; 6701835082; 56941458200","BiogAI-RMF: A trustworthy AI framework for risk governance in wastewater biogas systems","2026","Journal of Water Process Engineering","91","","110474","","","0","10.1016/j.jwpe.2026.110474","https://www.scopus.com/pages/publications/105043591850?origin=resultslist","Article","Final","","Scopus","2-s2.0-105043591850"
"Yang X.; Wan P.; Yang M.","Yang, Xiaolei (60348635900); Wan, Panbing (58856763500); Yang, Mian (56148498900)","60348635900; 58856763500; 56148498900","How polluting enterprises respond to Pigovian tax: Evidence from China's environmental protection tax law","2026","China Economic Review","98","","102723","","","0","10.1016/j.chieco.2026.102723","https://www.scopus.com/pages/publications/105039000960?origin=resultslist","Article","Final","","Scopus","2-s2.0-105039000960"
"Mamun A.A.; Kayenat M.S.A.","Mamun, Abdullaha Al (59768416200); Kayenat, Mustafa Sarwar A (60497797400)","59768416200; 60497797400","“Beyond the Crisis: Forging a Climate-Resilient Health System for Bangladesh”","2026","Health Science Reports","9","3","e72093","","","0","10.1002/hsr2.72093","https://www.scopus.com/pages/publications/105032709466?origin=resultslist","Article","Final","All Open Access; Gold Open Access; Green Open Access","Scopus","2-s2.0-105032709466"
"Silva L.M.T.; Borges C.P.; Abreu M.C.S.D.; Maldonado M.U.; Collaço F.M.D.A.","Silva, Luís Matheus Tavares (60378796700); Borges, Cosme Polese (57219878647); Abreu, Mônica Cavalcanti Sá De (24390508600); Maldonado, Mauricio Uriona (58615701700); Collaço, Flávia Mendes De Almeida (57221280944)","60378796700; 57219878647; 24390508600; 58615701700; 57221280944","Green hydrogen production in a semi-arid region: A system dynamics analysis of water supply alternatives","2026","Sustainable Futures","11","","101721","","","2","10.1016/j.sftr.2026.101721","https://www.scopus.com/pages/publications/105029722636?origin=resultslist","Article","Final","All Open Access; Gold Open Access","Scopus","2-s2.0-105029722636"
"Gamage D.; Ranasinghe P.; Nagabhatla N.; Chandrasena N.; Jayasena C.","Gamage, Devmi (59750443900); Ranasinghe, Padmi (58617956500); Nagabhatla, Nidhi (16402524600); Chandrasena, Nadeeshani (60526527400); Jayasena, Chandra (60524938000)","59750443900; 58617956500; 16402524600; 60526527400; 60524938000","Toward SDG 6 in the Deduru Oya Basin, Sri Lanka: Assessing Localized Progress in Rural and Urban Settings","2026","Lecture Notes in Civil Engineering","727 LNCE","","","15","33","0","10.1007/978-981-95-0736-8_2","https://www.scopus.com/pages/publications/105033608812?origin=resultslist","Conference paper","Final","","Scopus","2-s2.0-105033608812"
"Antar M.","Antar, Monia (57215025567)","57215025567","Blue gold dynamics – a multi-scale correlation analysis of the behavior of water-themed ETFs","2026","Review of Accounting and Finance","25","2","","129","148","2","10.1108/RAF-04-2025-0145","https://www.scopus.com/pages/publications/105028907321?origin=resultslist","Article","Final","","Scopus","2-s2.0-105028907321"
"Ramos–Parra Y.J.; Sánchez–Quitian Z.A.; León K.D.P.; Díaz-Gómez J.; Suárez-Escobar A.F.","Ramos–Parra, Yadi Johaira (60449680500); Sánchez–Quitian, Zilpa Adriana (59462534000); León, Karen Dayana Pulido (60449890900); Díaz-Gómez, Jaime (57189507771); Suárez-Escobar, Andrés Felipe (59386319200)","60449680500; 59462534000; 60449890900; 57189507771; 59386319200","Emerging contaminants in rural drinking water: Evidence from small communities in Boyacá, Colombia","2026","Results in Engineering","29","","109790","","","0","10.1016/j.rineng.2026.109790","https://www.scopus.com/pages/publications/105032192389?origin=resultslist","Article","Final","All Open Access; Gold Open Access","Scopus","2-s2.0-105032192389"
"Rawat G.; Dewali S.; Miglani R.; Parveen N.; Siddiqui U.; Kumar A.; Bora S.; Arya M.; Sharma N.; Melkani D.C.; Dash S.P.; Bisht S.S.","Rawat, Gaurav (57903093600); Dewali, Seeta (57418430500); Miglani, Rashi (57213199432); Parveen, Nagma (59322447600); Siddiqui, Uzma (57215087496); Kumar, Ankit (7408035917); Bora, Shikha (59268099500); Arya, Mansi (58906294100); Sharma, Netrapal (37035072500); Melkani, Deepak Chandra (57223247642); Dash, Sweta Padma (60502267900); Bisht, Satpal Singh (35268176200)","57903093600; 57418430500; 57213199432; 59322447600; 57215087496; 7408035917; 59268099500; 58906294100; 37035072500; 57223247642; 60502267900; 35268176200","Vital Role of Wastewater Treatment in Sustainable Development Goals for a Cleaner Future","2026","Biotechnology Innovations for a Sustainable Future: Integrating Clean Energy, Life on the Planet, Clean Water, and Climate Action","","","","1533","1568","1","10.1007/978-981-97-9859-9_74","https://www.scopus.com/pages/publications/105032731359?origin=resultslist","Book chapter","Final","","Scopus","2-s2.0-105032731359"
"Tsytlishvili K.; Zolotarova O.; Ushchapivska T.; Yatsukh O.; Franchuk Y.","Tsytlishvili, Kateryna (57207762844); Zolotarova, Olena (57222751001); Ushchapivska, Tetiana (14065627800); Yatsukh, Oleh (57502973700); Franchuk, Yaroslav (60576971000)","57207762844; 57222751001; 14065627800; 57502973700; 60576971000","COMPETITIVE INTELLIGENCE FOR SUSTAINABLE WATER GOVERNANCE: A DATA–INTELLIGENCE– DECISION FRAMEWORK FOR SDG 6; [INTELIGÊNCIA COMPETITIVA PARA A GOVERNANÇA SUSTENTÁVEL DA ÁGUA: UM FRAMEWORK DADOS–INTELIGÊNCIA–DECISÃO PARA O ODS 6]","2026","Journal of Sustainable Competitive Intelligence","16","","e0634","","","0","10.37497/eagleSustainable.v16i.634","https://www.scopus.com/pages/publications/105035618844?origin=resultslist","Article","Final","All Open Access; Green Open Access; Hybrid Gold Open Access","Scopus","2-s2.0-105035618844"
"Wang Y.; Chen R.; Wang A.; Chen W.; Ren Z.; Li X.; Liu P.","Wang, Yongzhi (60543540500); Chen, Rui (60543936100); Wang, Anming (55483870200); Chen, Wenli (60544727700); Ren, Zeyu (60544529700); Li, Xiaogen (35215343500); Liu, Pinghui (26664231900)","60543540500; 60543936100; 55483870200; 60544727700; 60544529700; 35215343500; 26664231900","Optimization of Thixotropic Slurry Ratio and Drag Reduction Effect Test for Circular Pipe-Jacking Construction in Pebble Stratum","2026","Materials","19","6","1148","","","2","10.3390/ma19061148","https://www.scopus.com/pages/publications/105034254547?origin=resultslist","Article","Final","All Open Access; Gold Open Access; Green Open Access","Scopus","2-s2.0-105034254547"
"Kakade D.N.; Talodhikar V.P.; Singh S.; Choure S.A.; Qadri S.A.S.A.; Ali Q.S.M.W.","Kakade, Deepak N. (60409978000); Talodhikar, Vijay Pundalik (59833652000); Singh, Shilpy (58003136600); Choure, Saurav Ashok (60625603300); Qadri, Syed Aherar Syed Anwar (60625800400); Ali, Quraishi Saihla Mishkwat Wasiq (60625800500)","60409978000; 59833652000; 58003136600; 60625603300; 60625800400; 60625800500","Enhancing Water Security through Hybrid Rainwater Harvesting and Storage Infrastructures","2026","Waterlines","44","1","","136","146","0","10.3362/waterlines.v44i1.623","https://www.scopus.com/pages/publications/105038470010?origin=resultslist","Article","Final","","Scopus","2-s2.0-105038470010"
"Rasweswe M.M.; Mothiba T.M.; Bopape M.A.","Rasweswe, Melitah Molatelo (57219836720); Mothiba, Tebogo Maria (34873143100); Bopape, Mamare Adelaide (57210282195)","57219836720; 34873143100; 57210282195","Menstrual hygiene practices in African correctional services: a narrative synthesis of barriers","2026","International Journal of Prison Health","22","1","","82","98","1","10.1108/IJOPH-12-2024-0079","https://www.scopus.com/pages/publications/105039391875?origin=resultslist","Review","Final","","Scopus","2-s2.0-105039391875"
"Sebert Kuhlmann A.; Li K.; MacMaster M.; Gellner S.; Gilmore A.; Shacham E.","Sebert Kuhlmann, Anne (41561574400); Li, Kenan (56797037900); MacMaster, Maire (60353259400); Gellner, Sydney (60353173100); Gilmore, Adam (59331216200); Shacham, Enbal (24333123900)","41561574400; 56797037900; 60353259400; 60353173100; 59331216200; 24333123900","Availability, accessibility, and functionality of public restrooms in the City of St. Louis, Missouri","2026","Health and Place","97","","103584","","","1","10.1016/j.healthplace.2025.103584","https://www.scopus.com/pages/publications/105028659260?origin=resultslist","Article","Final","All Open Access; Hybrid Gold Open Access","Scopus","2-s2.0-105028659260"
"Widiana D.A.; Ajrina F.I.; Antiqasari S.N.; Meraldha A.R.","Widiana, D.A. (60344252000); Ajrina, F.I. (59129694900); Antiqasari, S.N. (57742663200); Meraldha, A.R. (60344237500)","60344252000; 59129694900; 57742663200; 60344237500","Applying inclusive development as a strategy for sustainable development in South Sumatera Province","2026","IOP Conference Series: Earth and Environmental Science","1580","1","012078","","","0","10.1088/1755-1315/1580/1/012078","https://www.scopus.com/pages/publications/105028181006?origin=resultslist","Conference paper","Final","All Open Access; Gold Open Access","Scopus","2-s2.0-105028181006"
"De la Parra-Guerra A.C.; Acevedo-Barrios R.; Carvajal-Ruiz A.; Monroy-Licht A.; Retamoza-Chamorro K.","De la Parra-Guerra, Ana C (57192208583); Acevedo-Barrios, Rosa (56674579200); Carvajal-Ruiz, Angie (60578199700); Monroy-Licht, Andrea (57456149600); Retamoza-Chamorro, Katy (60578213700)","57192208583; 56674579200; 60578199700; 57456149600; 60578213700","Emerging and traditional contaminants in water resources: a review from the perspective of the American continent","2026","Environmental Toxicology and Chemistry","45","4","","768","790","2","10.1093/etojnl/vgaf279","https://www.scopus.com/pages/publications/105035647006?origin=resultslist","Review","Final","All Open Access; Hybrid Gold Open Access","Scopus","2-s2.0-105035647006"
"Al-Makhzoumi O.; Al-Amro D.H.E.","Al-Makhzoumi, Omar (57230843400); Al-Amro, Dina Hatem Eid (60184557300)","57230843400; 60184557300","The Future of Humanitarian Response in Crises: The Role of the International Committee of the Red Cross in Achieving Sustainability Through Advanced Technology","2026","Studies in Systems, Decision and Control","227","","","1201","1215","1","10.1007/978-3-031-95310-1_89","https://www.scopus.com/pages/publications/105027557787?origin=resultslist","Book chapter","Final","","Scopus","2-s2.0-105027557787"
"Wang Q.; Okadera T.; Kameyama S.; Huang X.","Wang, Qinxue (55789096600); Okadera, Tomohiro (14030370900); Kameyama, Satoshi (7005873020); Huang, Xinyi (60354462400)","55789096600; 14030370900; 7005873020; 60354462400","Pathways for SDG 6 in Japan: Challenges and Policy Directions for a Nature-Positive Water Future","2026","Sustainability (Switzerland)","18","2","994","","","0","10.3390/su18020994","https://www.scopus.com/pages/publications/105028803796?origin=resultslist","Review","Final","All Open Access; Gold Open Access","Scopus","2-s2.0-105028803796"
"Ogwu M.C.; Jintrawet A.","Ogwu, Matthew Chidozie (57204350388); Jintrawet, Attachai (25031452200)","57204350388; 25031452200","South and Southeast Asia’s Flooding and Water Contamination Crisis","2026","Springer Water","Part F1314","","","301","331","0","10.1007/978-3-032-10602-5_11","https://www.scopus.com/pages/publications/105026988309?origin=resultslist","Book chapter","Final","","Scopus","2-s2.0-105026988309"
"Kaindaneh S.; Kamara R.; Bangura A.B.; Basnet S.; Chailloux A.; De Kadt J.; Schmidt E.","Kaindaneh, Steven (36442845500); Kamara, Rosanna (60787763400); Bangura, Abu Bakarr (57208303376); Basnet, Sapana (59281012400); Chailloux, Alexandre (58903980700); De Kadt, Julia (36801113600); Schmidt, Elena (37096163100)","36442845500; 60787763400; 57208303376; 59281012400; 58903980700; 36801113600; 37096163100","Understanding school-related gender-based violence from the perspectives of children with disabilities and community stakeholders in Sierra Leone","2026","Social Science and Medicine","407","","119687","","","0","10.1016/j.socscimed.2026.119687","https://www.scopus.com/pages/publications/105047170867?origin=resultslist","Article","Final","","Scopus","2-s2.0-105047170867"
"Kourtchenko O.; Carnovale G.; Wulff A.; Tronholm A.; Al-Handal A.Y.; Appelgren M.; Spetea C.","Kourtchenko, Olga (14421186700); Carnovale, Giorgia (60796390100); Wulff, Angela (7004267909); Tronholm, Ana (24333821100); Al-Handal, Adil Y. (23466185000); Appelgren, Monica (60796970300); Spetea, Cornelia (6602753670)","14421186700; 60796390100; 7004267909; 24333821100; 23466185000; 60796970300; 6602753670","The Gothenburg University Marine Algae Culture Collection (GUMACC): A Nordic resource for marine microalgal research, biotechnology and education","2026","Algal Research","98","","104874","","","0","10.1016/j.algal.2026.104874","https://www.scopus.com/pages/publications/105047757095?origin=resultslist","Article","Final","All Open Access; Hybrid Gold Open Access","Scopus","2-s2.0-105047757095"
"Howell N.; Zimmerman P.-A.; Leong M.; Ravono A.N.K.; Mason M.","Howell, Naomi (58243650400); Zimmerman, Peta-Anne (22636509100); Leong, Margaret (59141878500); Ravono, Akisi Nailaba Kasami (55159733300); Mason, Matt (57217583517)","58243650400; 22636509100; 59141878500; 55159733300; 57217583517","Healthcare workers’ knowledge, attitudes, and practices regarding standard precautions in low- and middle-income member states of the Pacific community: A scoping review","2026","Infection, Disease and Health","31","2","100420","","","0","10.1016/j.idh.2026.100420","https://www.scopus.com/pages/publications/105031501686?origin=resultslist","Review","Final","All Open Access; Hybrid Gold Open Access","Scopus","2-s2.0-105031501686"
"Sethy M.; Sahoo D.M.","Sethy, Mayadhar (59761438500); Sahoo, Dipti Mayee (60695261300)","59761438500; 60695261300","Gendered inequalities in water sanitation and hygiene access increase time poverty health risks and socioeconomic exclusion in Odisha India","2026","Discover public health","23","1","1269","","","0","10.1186/s12982-026-02666-8","https://www.scopus.com/pages/publications/105046545700?origin=resultslist","Article","Final","All Open Access; Gold Open Access","Scopus","2-s2.0-105046545700"
"Arora V.K.; Rajpal S.; Anand A.","Arora, Vijay Kumar (35513966900); Rajpal, Sanjay (7003585209); Anand, Ankita (58678300000)","35513966900; 7003585209; 58678300000","Community empowerment in tuberculosis elimination","2026","Indian Journal of Tuberculosis","73","S1","","S1","S4","0","10.1016/j.ijtb.2026.04.001","https://www.scopus.com/pages/publications/105035402073?origin=resultslist","Editorial","Final","","Scopus","2-s2.0-105035402073"
"Li P.; Li J.; Deng N.; Tan Z.; Dong X.; Wang Z.","Li, Pengfei (60600582100); Li, Jiaqi (60758416100); Deng, Ning (57209617330); Tan, Zuowen (59695806600); Dong, Xingping (60758615300); Wang, Zhaocai (15137636500)","60600582100; 60758416100; 57209617330; 59695806600; 60758615300; 15137636500","From black-box prediction to transparent process control: A physics-informed interpretable AI framework for total nitrogen management in WWTPs","2026","Water Research","306","","126577","","","0","10.1016/j.watres.2026.126577","https://www.scopus.com/pages/publications/105045680103?origin=resultslist","Article","Final","","Scopus","2-s2.0-105045680103"
"Mishra P.","Mishra, Pallavi (57711430300)","57711430300","The TRIPS-CBD conflict: how global trade regimes undermine access and benefit-sharing and perpetuate biopiracy against biodiversity-rich nations","2026","Biodiversity and Conservation","35","6","154","","","0","10.1007/s10531-026-03348-2","https://www.scopus.com/pages/publications/105037546723?origin=resultslist","Review","Final","All Open Access; Hybrid Gold Open Access","Scopus","2-s2.0-105037546723"
"Sahar R.; Iqbal J.; Abid M.; saad E.","Sahar, Rahmanwali (59895983900); Iqbal, Javidullah (60655395400); Abid, Mustafa (60654118600); saad, Ehsanullah (60655029500)","59895983900; 60655395400; 60654118600; 60655029500","From farm to society reshipping the future of food systems through green technologies, with a bibliometric and literature review for a future research agenda","2026","Discover Environment","4","1","246","","","0","10.1007/s44274-026-00762-9","https://www.scopus.com/pages/publications/105040346568?origin=resultslist","Review","Final","All Open Access; Gold Open Access; Green Open Access","Scopus","2-s2.0-105040346568"
"Lin Z.; Harsanyi P.; Hennige S.","Lin, Zhaijun (60208778200); Harsanyi, Petra (57201996016); Hennige, Sebastian (25641315200)","60208778200; 57201996016; 25641315200","The impacts of personal care product pollution on seagrass (Zostera marina) health","2026","Marine Pollution Bulletin","223","","118978","","","0","10.1016/j.marpolbul.2025.118978","https://www.scopus.com/pages/publications/105022779213?origin=resultslist","Article","Final","All Open Access; Green Open Access; Hybrid Gold Open Access","Scopus","2-s2.0-105022779213"
"Adewumi I.P.; Adeyemi Q.O.; Babatope A.E.; Ajisafe D.O.; Adepoju K.O.","Adewumi, Idowu Peter (59013550100); Adeyemi, Queensly Opeyemi (60301364000); Babatope, Abisola Esther (59493772700); Ajisafe, Damola Olanipekun (59493930100); Adepoju, Kayode Olayiwola (58914813000)","59013550100; 60301364000; 59493772700; 59493930100; 58914813000","Intersectoral collaboration for strengthening infectious disease prevention and control in Nigeria: a narrative review","2026","Discover public health","23","1","19","","","3","10.1186/s12982-025-01220-2","https://www.scopus.com/pages/publications/105026920441?origin=resultslist","Review","Final","All Open Access; Gold Open Access; Green Open Access","Scopus","2-s2.0-105026920441"
"Jangir H.P.; Acharya S.S.","Jangir, Hemraj P. (57219536586); Acharya, Sanghmitra Sheel (57193989980)","57219536586; 57193989980","Reimagining Public Health in India Through Dr. B. R. Ambedkar: Caste, Rights, and Structural Justice","2026","World Medical and Health Policy","18","2","e70072","","","0","10.1002/wmh3.70072","https://www.scopus.com/pages/publications/105035920997?origin=resultslist","Article","Final","","Scopus","2-s2.0-105035920997"
"Dipura R.; Monstadt J.; Frank S.; Smith S.","Dipura, Romeo (57222338401); Monstadt, Jochen (24528836800); Frank, Sybille (57052206800); Smith, Shaun (57201698096)","57222338401; 24528836800; 57052206800; 57201698096","Governing infrastructure heterogeneity: an intraurban analysis of sewerage infrastructures in Cape Town","2026","Urban Research and Practice","","","","","","0","10.1080/17535069.2026.2662863","https://www.scopus.com/pages/publications/105037728028?origin=resultslist","Article","Article in press","All Open Access; Hybrid Gold Open Access","Scopus","2-s2.0-105037728028"
"Prasad H.; Singh V.","Prasad, Harsh (60644718700); Singh, Vivek (58890595900)","60644718700; 58890595900","Reimagining Restroom Spaces: A Question of Gender, Accessibility, and Inclusion in Lezlie Lowe’s No Place To Go","2026","Space and Culture","","","","","","0","10.1177/12063312261448030","https://www.scopus.com/pages/publications/105039822232?origin=resultslist","Article","Article in press","All Open Access; Bronze Open Access","Scopus","2-s2.0-105039822232"
