"Authors","Author full names","Author(s) ID","Title","Year","Source title","Volume","Issue","Art. No.","Page start","Page end","Cited by","DOI","Link","Abstract","Author Keywords","Index Keywords","Document Type","Publication Stage","Open Access","Source","EID"
"Mir B.H.; Eslamian S.; Rather N.A.","Mir, Bintul Huda (57201477343); Eslamian, Saeid (15724845200); Rather, Nasir Ahmad (57195739086)","57201477343; 15724845200; 57195739086","Unconventional water and groundwater vulnerability with implications of artificial intelligence on innovative management approaches","2026","Hydrosystem Restoration Handbook: Groundwater Artificial Recharge with Unconventional Water (GARU)","","","","171","198","0","10.1016/B978-0-443-29811-0.00012-1","https://www.scopus.com/pages/publications/105036916318?origin=resultslist","The intensifying global water deficit has necessitated the adoption of unconventional water resources (UWRs), which include desalinated seawater, advanced treated wastewater, atmospheric water harvesting, and managed stormwater. Concurrently, groundwater remains a critical buffer against hydrological variability, especially in semiarid and arid regions. Despite their strategic importance, both UWRs and GW systems are subject to a range of vulnerabilities that undermine long-term reliability, quality assurance, and sustainability. Increasingly, artificial intelligence is being applied to monitor, predict, and optimize the performance of these systems. AI-powered tools enable real-time water quality tracking, predictive maintenance of treatment infrastructure, optimization of energy use in desalination, and enhanced groundwater modeling through data-driven aquifer recharge assessments. This chapter presents a comprehensive technical assessment of these vulnerabilities, highlighting key environmental, infrastructural, economic, institutional, and technological risk vectors supported by empirical data, case studies, and emerging AI-enabled solutions. © 2026 Elsevier Inc. All rights reserved.","climate change; environmental monitoring; Hydrology; management; natural resources; sustainable development; water management","Arid regions; Climate change; Desalination; Environmental management; Groundwater resources; Predictive maintenance; Quality assurance; Wastewater treatment; Atmospheric water; Environmental Monitoring; Groundwater vulnerability; Stormwaters; Treated wastewater; Water deficits; Water harvesting; Water vulnerabilities; Waters managements; Waters resources; Hydrology; Sustainable development","Book chapter","Final","","Scopus","2-s2.0-105036916318"
"Shekaftik S.O.; Nasirzadeh N.; Mehrparvar N.","Shekaftik, Soqrat Omari (57215060775); Nasirzadeh, Nafiseh (57205325400); Mehrparvar, Neda (58655464900)","57215060775; 57205325400; 58655464900","Occupational hazards and health risks in the unorganized sectors","2026","Ergonomics Risk Assessment in Unorganized Sectors","","","","12","28","0","10.1201/9781003565727-2","https://www.scopus.com/pages/publications/105039569218?origin=resultslist","The unorganized sectors are characterized by informal work arrangements, a lack of social security, a lack of proper regulation, and exposure of workers to a multitude of occupational hazards and health risks. These risks are amplified by the absence of adequate safety measures, awareness, and access to healthcare. As in other work environments, common hazards and risks in unorganized sectors can be divided into Physical Hazards (Noise Pollution, Extreme Temperatures, Vibration, and Radiation), Ergonomic Hazards (Manual handling of heavy loads, repetitive movements, awkward postures, prolonged standing etc.), Safety Hazards (Unsafe Machinery and Equipment, Fires and Accidents, and Unsafe working conditions), Chemical Hazards (Hazardous Substances, Dust and Fumes, and Lack of Ventilation), Biological Hazards (Infectious Diseases, Vector-borne Diseases, Exposure to Animal Waste, and Poor Sanitation and Hygiene), and Psychosocial Hazards (Job Insecurity and Stress, Long Working Hours, Lack of Social Protection, Discrimination, and Harassment). This chapter examines these hazards and risks in the unorganized sectors. It looks at issues in tasks and activities related to agriculture, construction, mining, textiles, healthcare, waste management, leather, animal husbandry, small-scale manufacturing, street vending, and handcrafted goods and services. © 2026 selection and editorial matter, Durwesh Jhodkar, Prabir Mukhopadhyay; individual chapters, the contributors.","","Accidents; Agriculture; Animals; Biohazards; Employment; Ergonomics; Health care; Health hazards; Health risks; Occupational diseases; Occupational risks; Personnel; Radiation hazards; Risk assessment; Solid wastes; Waste management; Ergonomic hazards; Extreme temperatures; Heavy loads; Manual handling; Occupational hazards; Occupational health; Safety measures; Social Security; Work environments; Workers'; Chemical hazards","Book chapter","Final","","Scopus","2-s2.0-105039569218"
"Eliana L.; Arysta N.; Andriani L.; Dewi K.; Putri F.; Anggrainy C.R.; Rauf A.U.","Eliana, Lita (60709380300); Arysta, Neisry (60708992300); Andriani, Linda (57967922800); Dewi, Kharisma (59408476400); Putri, Febriani (58822625800); Anggrainy, Chaterine Rahel (60708798800); Rauf, Annisa Utami (57215346048)","60709380300; 60708992300; 57967922800; 59408476400; 58822625800; 60708798800; 57215346048","Tropical Diseases and One Health","2026","The One Health Concept in Asian Contexts","","","","207","227","0","10.1007/978-981-95-9880-9_10","https://www.scopus.com/pages/publications/105043084946?origin=resultslist","Tropical diseases remain a critical public health burden across Asia, disproportionately affecting vulnerable populations with limited access to healthcare, sanitation, and disease prevention. Despite significant progress in reducing major infectious diseases, the region still faces persistent challenges, including neglected tropical diseases (NTDs), vector-borne infections, foodborne and zoonotic diseases, and antimicrobial resistance. Their transmission is driven by complex interactions of environmental conditions, socioeconomic disparities, rapid urbanization, and ecological changes that sustain vectors, animal reservoirs, and pathogen circulation. As climate change and human movement continue to reshape disease patterns, integrated and collaborative solutions are urgently required. The One Health approach provides an effective framework to address these challenges through coordinated surveillance, multisectoral disease control programs, collaborative research, and cross-sector governance that links human, animal, and environmental health. Strengthening laboratory capacity, community engagement, and preventive strategies such as vaccination, vector control, and improved sanitation can reduce disease burden and enhance regional preparedness. Advancing One Health implementation in Asia is essential for controlling tropical diseases, protecting at-risk populations, and supporting sustainable development. © The Editor(s) (if applicable) and The Author(s), under exclusive license to Springer Nature Singapore Pte Ltd. 2026.","Animal reservoirs; Infectious diseases; Integrated controls; Neglected diseases; Surveillance systems","Animals; Climate change; Disease control; Diseases; Environmental protection; Health risks; Sustainable development; Vector control (Electric machinery); Animal reservoir; Disease prevention; Disease vectors; Foodborne disease; Infections disease; Infectious disease; Neglected disease; Neglected tropical disease; Surveillance systems; Tropical disease; Tropics","Book chapter","Final","","Scopus","2-s2.0-105043084946"
"Tappeh M.M.B.; Vahedi A.","Tappeh, Mohammad Mirzaie Banafsh (57208672337); Vahedi, Abolfazl (8724148400)","57208672337; 8724148400","Development of an Efficient Corona Discharge Generator Based on Resonant for Water Disinfection Applications","2026","AIP Conference Proceedings","3421","1","030023","","","0","10.1063/5.0339282","https://www.scopus.com/pages/publications/105042998046?origin=resultslist","The creation and use of an HV corona discharge generator for water disinfection provides a fresh and efficient way to fight new contaminants in water supplies, such as organic compounds, heavy metals, and microbes. This device generates non-thermal plasma using high-voltage corona discharge technology based on a self-resonant circuit architecture. Reactive species including hydroxyl radicals (OH), oxygen (O), and ozone (O3) are created when this plasma combines with water and ambient air. Numerous organic components decompose and microorganisms become inactive as a result of these produced reactive species. The created reactive species induce the decomposition of various organic compounds and the inactivation of microorganisms. These generated reactive species cause the decomposition of many organic materials and the inactivation of microorganisms. Due to its low energy consumption, reduced switching losses, and the production of an output voltage in the range of 16 kilovolts, this technology provides an efficiency of over 98% for disinfection. The design of the generator, using the zero voltage switching self-resonant method, ensures stable operation and precise regulation of the output voltage, thereby reducing the likelihood of damage to electronic components. The matching of simulation results with Pspice/Orcad software and experimental data confirms the accuracy of the generator’s performance. This process will lead to increased reliability and practical applicability of this technology. It provides a sustainable, economical, and environmentally friendly alternative to conventional water disinfection methods, which has the potential to revolutionize water treatment methods. © 2026 American Institute of Physics Inc.. All rights reserved.","Corona Discharge Generator; Energy Efficiency; Resonant Converter; Water Disinfection; ZVS","","Conference paper","Final","","Scopus","2-s2.0-105042998046"
"Thorn J.","Thorn, Jessica (56613034600)","56613034600","Chapter 7: Towards Design Principles of Nature-Based Solutions in Informal Settlements in Africa","2026","Rethinking Sustainability: Principles and Practice","","","","235","270","0","10.1007/978-3-032-13886-6_7","https://www.scopus.com/pages/publications/105048069695?origin=resultslist","As African cities continue to experience rapid urbanisation and face escalating climate risks, nature-based solutions offer a critical, yet underutilised approach for advancing urban resilience and the SDGs. In informal settlements—where environmental justice concerns are acute, and many residents lack access to safe sanitation, water (SDG 6) and green space—there is an urgent need to foster more inclusive, sustainable urban environments (SDG targets 11.3 and 11.6). Despite their potential, questions remain about how nature-based solutions can be designed in context-sensitive ways that reflect the unique social-ecological and governance realities of informal settlements, and how they can be effectively scaled beyond pilot project initiatives or isolated household efforts to broader city-wide or regional applications. Defined as actions that protect, sustainably manage, and restore natural or modified ecosystems while addressing key societal challenges, nature-based solutions can deliver a wide array of co-benefits. For instance, urban trees and forests filter harmful pollutants, reduce exposure to extreme heat (related to SDG 13), improve air quality, cognitive functioning, and mental health outcomes (SDG 3.9), slow flood waters and buffer against strong winds (SDG 11.5), support income generation of populations that disproportionately rely on local ecosystem resources (SDG 15.2) and avoid carbon-intensive lock-ins with infrastructure construction (SDG 116). However, implementing green spaces in overcrowded informal areas presents complex challenges, including maintenance, vandalism, overuse, risk of green gentrification, and the need for robust planning and equitable compensation mechanisms where relocation is unavoidable. Focusing on informal settlements in Africa, this chapter explores climate vulnerabilities, typologies of nature-based solutions, the multifunctional benefits of nature-based solutions, barriers to scaling, and cross-cutting guiding principles for effective and equitable implementation. Drawing on empirical case studies from across the continent—based on collaborative research with shack dwellers federations, local governments, NGOs, UN agencies, and academic institutions—I argue that the long-term success of nature-based solutions is contingent not only on ecological and technical considerations but also on inclusive co-design processes, sustained community engagement, multi-stakeholder collaboration, formalised land use arrangements, the application of social and environmental safeguards to mitigate trade-offs, multifunctionality, complementarity, and integration into broader urban planning and policy frameworks. © The Author(s) 2026.","","Ecodesign; Economic analysis; Ecosystems; Sustainable development; Urban planning; Context-sensitive; Design Principles; Environmental justice; Green spaces; In contexts; Informal settlements; Pilot programs; Rapid urbanizations; Sustainable urban environments; Urban resilience; Forestry","Book chapter","Final","All Open Access; Gold Open Access","Scopus","2-s2.0-105048069695"
"Sathiskumar S.; Priyanka E.B.; Thangavel S.; Anand A.J.; Bhuvarasudhan T.; Aakash A.","Sathiskumar, S. (58506515000); Priyanka, E.B. (57189575848); Thangavel, S. (56275957300); Anand, A. Jose (57202414907); Bhuvarasudhan, T. (60640287200); Aakash, A. (60640287300)","58506515000; 57189575848; 56275957300; 57202414907; 60640287200; 60640287300","Decentralized Blockchain-Enabled Smart Contracts for Transparent Water Distribution and Sanitation Service Auditing in Rural Communities","2026","Smart Technologies for Sustainable Development Goals: Clean Water and Sanitation","","","","118","133","0","10.1201/9781003714774-8","https://www.scopus.com/pages/publications/105039405587?origin=resultslist","Sustainable Development Goal 6 (SDG 6) emphasizes the need for universal access to water and sanitation and sustainable water management. In the face of rising global populations and climate change, managing water resources has become increasingly complex. This chapter examines how Artificial Intelligence (AI) and Machine Learning (ML) are transforming water resource management through data-driven, predictive, and adaptive solutions. AI and ML offer tools to address critical issues such as water scarcity, quality monitoring, distribution inefficiencies, and climate-induced variability. The chapter introduces fundamental concepts of AI and ML, including supervised, unsupervised, and reinforcement learning, and explains their relevance to environmental systems. It explores practical applications like smart water quality monitoring, flood and drought prediction, precision irrigation, and predictive maintenance of infrastructure. Case studies from around the world demonstrate the scalability and real-world impact of AI-driven solutions. The technological ecosystem—including IoT, remote sensing, GIS, and cloud computing—is also discussed. Ethical, legal, and governance considerations are critically examined. The chapter concludes by highlighting the future potential of AI and ML in advancing SDG 6 through interdisciplinary collaboration and responsible innovation. © 2026 A. Jose Anand and Saravanan Krishnan.","","Climate change; Ecosystems; Information management; Learning systems; Machine learning; Predictive maintenance; Smart contract; Sustainable development; Water conservation; Water management; Water quality; Artificial intelligence learning; Block-chain; Decentralised; Distribution services; Machine-learning; Rural community; Sanitation services; Universal access; Water distributions; Water sanitation; Remote sensing","Book chapter","Final","","Scopus","2-s2.0-105039405587"
"Hassen B.; Hassen W.; Hassen A.","Hassen, Bilel (57205416046); Hassen, Wafa (57194326534); Hassen, Abdennaceur (7005631805)","57205416046; 57194326534; 7005631805","Recycling Water for Developing Countries","2026","Water Economy in Industry","","","","51","83","0","10.1007/978-3-032-14545-1_3","https://www.scopus.com/pages/publications/105043082247?origin=resultslist","Water plays a crucial role in all facets of development and is intricately connected to numerous Sustainable Development Goals (SDGs). As a vital resource, it fuels economic advancement and supports ecosystem health. However, a significant portion of the global population, particularly those in impoverished regions, faces water scarcity, a situation worsened by factors such as population growth, fluctuating rainfall, and pollution. This scarcity poses a substantial challenge to economic progress, poverty alleviation, and sustainable development. Vulnerable populations in developing nations frequently endure acute water shortages. In response, many countries in the Southern Hemisphere have prioritized water recycling initiatives across various sectors, enhancing the reuse of treated wastewater in agriculture and industry. This chapter examines water conservation and recycling strategies in emerging economies, which frequently face water scarcity exacerbated by climate change. It also addresses the essential technical, regulatory, institutional, environmental, and financial frameworks necessary for the effective management of this critical resource. The Sustainable Development Goals outlined in the global agenda for this decade are closely tied to water access, supply reliability, the impact on shared water resources, and innovations that promote collaborative management, ensuring that both current and future generations can benefit from this essential resource. © The Editor(s) (if applicable) and The Author(s), under exclusive license to Springer Nature Switzerland AG 2026.","Developed countries; Safe and healthy resource reuse; Water management; Water resources","Agriculture; Economics; Ecosystems; Population statistics; Sustainable development; Sustainable development goals; Wastewater reclamation; Wastewater treatment; Water conservation; Water pollution; Water recycling; Developed countries; Economic advancements; Economic supports; Ecosystem health; Global population; Resource reuse; Safe and healthy resource reuse; Water scarcity; Waters managements; Waters resources; Developing countries","Book chapter","Final","","Scopus","2-s2.0-105043082247"
"Vladeanu G.; Yazdekhasti S.; Heikkila D.; Edwards H.","Vladeanu, Greta (56940771000); Yazdekhasti, Sepideh (56979230900); Heikkila, Dave (60794392700); Edwards, Heather (57226651824)","56940771000; 56979230900; 60794392700; 57226651824","Turning Data into Action: A Case Study in Strategic Pipeline Management Planning","2026","Pipelines 2026: Planning and Design - Proceedings of Sessions of the Pipelines 2026 Conference","","","","543","552","0","10.1061/9780784487082.058","https://www.scopus.com/pages/publications/105047569312?origin=resultslist","Efficient management of critical pipeline infrastructure requires utilities to adopt data-driven approaches that improve long-term system reliability. Historically, limited pipeline data resulted in many utilities relying on reactive maintenance and premature replacements. Advances in condition assessment technologies and data analytics now offer greater visibility but also create the challenge of turning large datasets into actionable planning. This paper describes how the Capital Regional District (CRD) in British Columbia strengthened its regional water supply asset management program through a comprehensive desktop condition assessment and integrity planning process. The methodology included validating and enhancing the asset register, conducting a system-wide desktop risk assessment, integrating likelihood and consequence of pipeline failure, and developing a risk-informed prioritization framework. The results provide a critical first step for CRD's future field investigations and inform long-term mitigation strategies. This approach supports proactive investment in inspections, rehabilitation, and system resilience through proactive management of high-risk assets across the transmission network. © 2026 ASCE. All Rights Reserved.","","Asset management; Critical infrastructures; Data Analytics; Data reliability; Information management; Investments; Large datasets; Petroleum pipelines; Risk management; Trenching; Water pipelines; Zoning; Case-studies; Condition assessments; Data analytics; Data-driven approach; Efficient managements; Management planning; Pipeline infrastructure; Pipeline management; Reactive maintenance; System reliability; Risk assessment","Conference paper","Final","","Scopus","2-s2.0-105047569312"
"Gowtham H.; Gopal J.N.; Swapna S.; Raveendran L.S.; Krishnan S.; Anand A.J.","Gowtham, H. (59398030800); Gopal, J. Nandha (59180104100); Swapna, S. (57196298733); Raveendran, Lekshmi S. (58565639400); Krishnan, Saravanan (60570182000); Anand, A. Jose (57202414907)","59398030800; 59180104100; 57196298733; 58565639400; 60570182000; 57202414907","The Thirst for Governance: Challenges in Water and Sanitation Reforms","2026","Smart Technologies for Sustainable Development Goals: Clean Water and Sanitation","","","","17","35","1","10.1201/9781003714774-2","https://www.scopus.com/pages/publications/105039405342?origin=resultslist","Ensuring universal access to clean water and sanitation is the goal of Sustainable Development Goal (SDG) 6. But as the 2030 deadline draws near, it becomes evident that accomplishing this objective will require more than simply enhancing water utilities or infrastructure. Problems with funding, governance, and policy frameworks give rise to deeper problems. The intricacies of the global water management system go well beyond operational inefficiencies. A significant obstacle is achieving financial viability. Although water utilities frequently struggle to make enough money, the underlying issues are systemic. Ecosystem contributions, such as watershed conservation, are part of the total cost of providing water services, but they are usually not included in pricing models and are either completely disregarded or subsidized by governments. Finding a balance between provider cost recovery and user affordability requires more than just budgeting; it also calls for just and equitable policymaking. Financial burdens are greatly increased by non-revenue water (NRW), which results from theft, leaks, and inadequate or nonexistent metering. An estimated 126 billion cubic meters of NRW are lost annually worldwide, which translates into a loss of about USD 39 billion. SDG 6's failure is fundamentally a governance problem. Unified policies, cooperation amongst diverse stakeholders, and locally specific strategies are necessary for effective water governance. Current strategies frequently fail because of disjointed regulations, poor stakeholder participation, and insufficient public-private engagement. There is a gap between water management research and its application in the formulation of public policy. Additionally, even though international collaborations are essential, they frequently reveal disparities in the exchange of knowledge, favoring powerful nations while excluding viewpoints from the Global South. This emphasizes how urgently a cooperative model that is equitable, inclusive, and cognizant of local realities is needed. Navigating many facets is necessary to achieve SDG 6, and while local solutions are vital, tackling underlying problems is even more crucial. It calls for creative funding, reorganizing governance structures, and elevating the voices of marginalized areas in international discussions. As 2030 approaches, ensuring that everyone has access to clean water and sanitary facilities will depend on how well governance, technology, and finance are integrated. © 2026 A. Jose Anand and Saravanan Krishnan.","","Depreciation; Economics; Ecosystems; Public policy; Sanitation; Sustainable development; Sustainable development goals; Water conservation; Water management; Clean waters; Financial viability; Fundings; Non-revenue waters; Policy framework; Universal access; Water infrastructure; Water management systems; Water service; Water utility; Budget control","Book chapter","Final","","Scopus","2-s2.0-105039405342"
"Snyder J.","Snyder, Jonathan (60750450200)","60750450200","Receipt of Incidental Take Permit Application and Proposed Habitat Conservation Plan for Los Angeles County Sanitation Districts Joint Outfall J Unit 1E Trunk Sewer Rehabilitation Project, City of Rancho Palos Verdes, CA; Categorical Exclusion","2026","Federal Register","91","138","","45824","45826","0","","https://www.scopus.com/pages/publications/105045325095?origin=resultslist","We, the U.S. Fish and Wildlife Service (Service), announce receipt of an application from Los Angeles County Sanitation Districts, the applicant, for an incidental take permit (ITP) under the Endangered Species Act of 1973, as amended. The applicant requests the ITP to take the federally threatened coastal California gnatcatcher incidental to the Joint Outfall J Unit 1E Trunk Sewer Rehabilitation project, in the City of Rancho Palos Verdes, Los Angeles County, California. We request public comment on the application, which includes the applicant's proposed habitat conservation plan, and the Service's preliminary determination that the proposed permitting action may be eligible for a categorical exclusion pursuant to the National Environmental Policy Act (NEPA), Department of the Interior's (DOI) NEPA regulations, and the DOI Departmental Manual. To make this preliminary determination, we prepared a joint draft environmental action statement and low-effect screening form, which is also available for public review. We invite comment from the public and local, State, Tribal, and Federal agencies. © 2026, Office of the Federal Register. All rights reserved.","","","Note","Final","","Scopus","2-s2.0-105045325095"
"Rajendran D.; Surya M.; Annie Darling Kanmani A.; Dharun R.; Isac Reegan G.; Danish Sugarstan S.","Rajendran, Deepalakshmi (57876110500); Surya, M. (60684287700); Annie Darling Kanmani, A. (60684524100); Dharun, R. (58237563200); Isac Reegan, G. (60684628800); Danish Sugarstan, S. (60684728100)","57876110500; 60684287700; 60684524100; 58237563200; 60684628800; 60684728100","Correlation Mapping of Sanitation Access and Public Health Outcomes in Tamil Nadu","2026","Proceedings - IEEE Madhya Pradesh Section Conference, MPCON 2026","","","","1494","1500","0","10.1109/MPCON69668.2026.11508588","https://www.scopus.com/pages/publications/105041453646?origin=resultslist","Provision of proper sanitation is a key factor that defines the health of the general population, especially the developing world, like the Tamil Nadu region of India. The paper will look at how the availability of sanitation infrastructure and major public health indicators relate in the districts of Tamil Nadu using Geographic Information Systems (GIS) and statistical analysis. Public health outcomes of sanitation were combined with the data of the district level on sanitation facilities as well as child mortality rates and waterborne diseases and socio-demographic factors including literacy levels, income, and urban-rural composition. Spatial analysis was used to depict disparities in regions and enumerate areas of high risk needs to be addressed urgently using GIS. The strength and nature of the associations between the access to sanitation and the health outcomes were evaluated with the help of the statistical methods such as correlation and regression analyses. The findings indicate a significant positive correlation between the lack of proper sanitation facilities and increase in disease rates especially in children with statistically significant results (p<0.01). Education and income were identified to moderate the outcomes of health however the greatest predictor of the status of the public health in any district was the access to sanitation. The research points out that there is an urgent practical problem of sanitation infrastructure and hygiene education in underexplored areas. Sanitation planning must be incorporated with the overall community health strategies to achieve better disease burden about the well-being of the community in Tamil Nadu. © 2026 IEEE.","Child Mortality; GIS Mapping; Health Inequality; Hygiene; Public Health; Sanitation; Spatial Analysis; Tamil Nadu; Waterborne Diseases","Diseases; Economic analysis; Information systems; Information use; Mapping; Population statistics; Regression analysis; Spatial variables measurement; Zoning; Child mortality; Correlation mapping; Geographic information; Geographic information system mapping; Health inequality; Health outcomes; Hygiene; Spatial analysis; Tamil Nadu; Water-borne disease; Geographic information systems; Public health; Sanitation","Conference paper","Final","","Scopus","2-s2.0-105041453646"
"Guha S.; Majumdar C.","Guha, Samapti (56591588500); Majumdar, Chirodip (22951490000)","56591588500; 22951490000","Economics of Development: Looking through Environmental and Behavioural Lens","2026","Economics of Development: Looking through Environmental and Behavioural Lens","","","","1","275","0","10.4324/9781003733805","https://www.scopus.com/pages/publications/105028552360?origin=resultslist","This book addresses global development issues in the local context. It explains the different developmental issues related to Financial Inclusion, Women Empowerment, Human Behaviour and its influence on environmental policies, Urban Governance and Political System, Food System, Development of the Disadvantaged Communities and Socio-Economic and Political aspects of Energy and the Environment.Written in honour of Prof. Gautam Gupta, Jadavpur University, Kolkata, India, this volume explains concepts and theories from development economics, behavioural economics and environmental economics to analyse issues related to intergenerational sustainable development in an interdisciplinary way. It deals with several questions related to the Millennium Development Goals and the Sustainable Development Goals and explains how the phenomenon of development is aligned with SDG 2: Zero Hunger, SDG 3: Good Health and Well-being, SDG 5: Gender Equality, SDG 6: Clean Water and Sanitation, SDG 8: Decent Work and Economic Growth and SDG 9: Industry, Innovation and Infrastructure. This volume will be useful to undergraduate and postgraduate students, researchers and teachers of development studies, economics, sociology, political science, environment studies, behavioural science and public administration. It will also appeal to administrative officials of the state and central government dealing with developmental issues, planners, policy makers and people working in NGOs and corporate sector functionaries dealing with corporate social responsibilities, especially those handling developmental issues and challenges. © 2026 selection and editorial matter, Samapti Guha and Chirodip Majumdar; individual chapters, the contributors.","","Behavioral research; Economic and social effects; Economics; Environmental protection; Sustainable development; Sustainable development goals; Environmental policy; Financial inclusions; Food system; Global development; Governance systems; Human behaviors; Local contexts; Political systems; Urban governance; Women empowerment; Public administration","Book","Final","","Scopus","2-s2.0-105028552360"
"Biju S.K.; George S.A.; Cinil T.M.; Sony N.; Jose J.M.","Biju, Siona Kurisinkal (60767290600); George, Susen Ann (60766861100); Cinil, Treesa Maria (60767913300); Sony, Niya (60767500500); Jose, Jisha Mary (60126595100)","60767290600; 60766861100; 60767913300; 60767500500; 60126595100","Decentralized Blockchain-Based Incident Reporting with Map-Based Visualization and AI Assistance","2026","Proceedings of 4th International Conference on Computing, Communication, Security and Intelligent Systems, IC3SIS 2026","","","","","","0","10.1109/IC3SIS69949.2026.11608319","https://www.scopus.com/pages/publications/105046160340?origin=resultslist","Rapid urbanization has increased the need for dependable and open systems for managing and reporting incidents like accidents, water and sanitation issues, infrastructural damages, etc. In order to facilitate real-time reporting of such incidents, this paper introduces a Decentralized Incident Reporting System (IRS) based on Blockchain technology. The proposed system allows citizens to share geolocation data, details of the event, and image based evidence through a web-based interface. By ensuring immutability and transparency of such records, Blockchain technology promotes accountability and trust. To reduce storage overhead, images of the reported issues are stored on the InterPlanetary File System (IPFS), and smart contracts maintain important metadata and verification status on-chain. MetaMask wallets are used to implement role-based access control. The system features an interactive visualization mechanism based on Leaflet and OpenStreetMap, as well as a verification procedure controlled by smart contracts. An AI-assisted chatbot is also available that answers basic user queries and helps identify incidents from uploaded images. The proposed IRS's modular and decentralized architecture promotes citizen participation, improves incident traceability, and facilitates scalable smart city governance. © 2026 IEEE.","AI Assistance; Blockchain; Decentralized Incident Reporting; IPFS; Smart Contracts; Urban Emergency Management","Access control; Civil defense; Digital storage; Disasters; Flow visualization; Information systems; Open systems; Risk management; Smart city; Smart contract; AI assistance; Block-chain; Decentralised; Decentralized incident reporting; Emergency management; Filesystem; Interplanetary file system; Rapid urbanizations; Real- time; Urban emergency management; Blockchain","Conference paper","Final","","Scopus","2-s2.0-105046160340"
"Saifudin T.; Lu'Lu'A N.; Putra M.R.A.; Wardhani V.N.P.; Galena M.V.; Yuniar M.A.D.P.","Saifudin, Toha (55639625400); Lu'Lu'A, Na'Imatul (60544623000); Putra, Mochamad Rasyid Aditya (60544623100); Wardhani, Vrisca Natalia Putri (60543831300); Galena, Marcelena Vicky (60544423400); Yuniar, Muhammad Alvito Dzaky Putra (60543438100)","55639625400; 60544623000; 60544623100; 60543831300; 60544423400; 60543438100","Application of Co-Kriging method to estimate water hardness with secondary variable PH in West Surabaya","2026","AIP Conference Proceedings","3326","1","080014","","","0","10.1063/5.0308887","https://www.scopus.com/pages/publications/105034281302?origin=resultslist","Surabaya, one of Indonesia's largest cities, faces significant challenges due to its rapid population growth, especially in West Surabaya. Access to clean water is critical for this population, essential for sanitation and hygiene per Indonesian Ministry of Health regulations. This study estimates water hardness in West Surabaya using pH as an indicator, contributing to the Sustainable Development Goals (SDGs), particularly goal 6, ""Clean Water and Sanitation.""Water quality assessments involve chemical, physical, and biological tests. This research focuses on water hardness and pH, utilizing Co-Kriging, which uses cross-correlation between variables to enhance estimation accuracy. The study evaluates semivariogram models (exponential, spherical, and Gaussian) to find the best fit for estimating water hardness. Previous research shows Co-Kriging provides more accurate estimates than other methods. This study fills a gap by applying Co-Kriging to estimate water hardness in West Surabaya using pH as a secondary variable. The findings indicate that the Gaussian semivariogram model is the most accurate, with an MSE of 1068.9 and a MAPE of 18.87%. West Surabaya's water hardness averages 146.4 mg/L, classifying it as clean water, with an average pH of 7.7143, indicating slightly basic water. The study recommends increasing observation points and examining factors like total dissolved solids (TDS) and electrical conductivity for future research. This research helps policymakers and environmental agencies in monitoring and managing water quality, supporting public health and environmental sustainability in West Surabaya. © 2025 Author(s).","","","Conference paper","Final","","Scopus","2-s2.0-105034281302"
"Ali B.; Khan J.; Tang Y.; Li H.","Ali, Barkat (57551739800); Khan, Javed (60784225200); Tang, Yi (60784514200); Li, Huanxiu (60328684200)","57551739800; 60784225200; 60784514200; 60328684200","Ecosystem Services and Driving Factors Based on Land Use of Alpine Zones","2026","Conservation, Climate, and Sustainable Use in Alpine Ecosystems","","","","1","25","1","10.4018/979-8-2600-1207-9.ch001","https://www.scopus.com/pages/publications/105047039663?origin=resultslist","Alpine zones deliver ecosystem services far beyond their spatial extent, including climate regulation, water supply, soil protection, biodiversity conservation, and cultural values. These services are highly sensitive to interactions between land-use change, rapid climate warming, and socioeconomic pressures. This chapter synthesizes existing evidence and develops a practical framework linking alpine land-use patterns such as grazing, afforestation, cropland expansion, protected areas, and settlements with changes in ecosystem service provision and trade-offs. Using remote sensing, ecological assessments, spatial statistics, and scenario analysis, we identify key drivers including elevation, climate regimes, grazing intensity, tourism, market access, and policy instruments. Results indicate that land conversion often degrades regulating and supporting services, while targeted restoration can recover them but may reduce short-term provisioning benefits. Distinct trade-offs across elevations highlight the need for context-specific, climate-resilient land-use planning. Copyright © 2026, IGI Global Scientific Publishing. Copying or distributing in print or electronic forms without written permission of IGI Global Scientific Publishing is prohibited. Use of this chapter to train generative artificial intelligence (AI) technologies is expressly prohibited. The publisher reserves all rights to license its use for generative AI training and machine learning model development.","","Abiotic; Biodiversity; Climate change; Commerce; Economic and social effects; Ecosystems; Environmental protection; Land use; Learning systems; Machine learning; Soil conservation; Biodiversity conservation; Conservation values; Cultural value; Driving factors; Ecosystem services; Landuse change; Service factors; Soil Protection; Spatial extent; Trade off; Copyrights","Book chapter","Final","","Scopus","2-s2.0-105047039663"
"Kanagamalliga S.; Latha R.; Karthikeyan P.; John Christober T.","Kanagamalliga, S. (56884761200); Latha, R. (56644451900); Karthikeyan, P. (56845793700); John Christober, T. (60709603300)","56884761200; 56644451900; 56845793700; 60709603300","Artificial Intelligence Assisted Waste Surveillance and Environmental Sustainability Model","2026","Proceedings of 7th International Conference on Intelligent Communication Technologies and Virtual Mobile Networks, ICICV 2026","","","","1128","1133","0","10.1109/ICICV68925.2026.11554831","https://www.scopus.com/pages/publications/105042972583?origin=resultslist","Rapid urbanization has resulted in a substantial rise in municipal solid waste generation, creating serious environmental, social, and administrative challenges. Inefficient waste collection, lack of segregation at source, limited citizen participation, and absence of transparent monitoring mechanisms have contributed to unmanaged waste accumulation in urban regions. In this study, a technology-oriented framework for improving urban waste governance is examined through the integration of digital reporting, image-based analysis, and data-driven monitoring mechanisms. Waste instances are identified and categorized using automated image interpretation techniques to minimize manual intervention and enhance operational accuracy. Citizen engagement is encouraged through structured digital participation, while measurable indicators are generated to support environmental assessment and administrative evaluation. Data transparency is strengthened through systematic tracking and verification processes, ensuring accountability in waste handling activities. Operational performance metrics such as response time, classification reliability, and participation levels are analyzed to evaluate system effectiveness. Environmental indicators including potential carbon emission reduction and waste type distribution are also considered. It is demonstrated that intelligent digital integration can improve coordination between communities and sanitation authorities while addressing existing structural inefficiencies in urban waste management practices. © 2026 IEEE.","Artificial Intelligence; Environmental Monitoring; Image Classification; Smart Waste Management; Urban Sustainability","Digital integrated circuits; Environmental management; Environmental monitoring; Image analysis; Image enhancement; Municipal solid waste; Sustainable development; Waste treatment; Citizen's participations; Environmental Monitoring; Environmental sustainability; Images classification; Monitoring mechanisms; Municipal solid waste generation; Rapid urbanizations; Smart waste management; Urban sustainability; Waste collection; Image classification","Conference paper","Final","","Scopus","2-s2.0-105042972583"
"Fobi Kontor M.; Núñez Collado J.R.; Brown A.","Fobi Kontor, Maxwell (59964429100); Núñez Collado, José Rafael (57211349485); Brown, André (55147021900)","59964429100; 57211349485; 55147021900","Bridging the Gap in Urban Water Accessibility: Exploring the Barriers to Equity in Water Access in Ghana","2026","Sustainable Development Goals Series","Part F2020","","","51","70","0","10.1007/978-3-032-20649-7_4","https://www.scopus.com/pages/publications/105040166221?origin=resultslist","Access to clean water is recognised by the United Nations as a fundamental human right. However, in urban Ghana, significant disparities exist in access to clean water, particularly in poor communities. This chapter analyses the persistent inequalities in urban water accessibility in Greater Accra to understand the barriers hindering equitable water provision. We do this by examining four interconnected aspects: colonial legacies that shape fragmented water infrastructure, contemporary infrastructural deficits, commodification and privatisation of water services, and fragmented governance and regulatory mechanisms. Using these dimensions as analytical lenses, we demonstrate how historical patterns of urban planning and water infrastructure development under colonial rule established spatial inequalities that persist today. Contemporary infrastructure gaps and poor water governance further deepen these disparities, particularly in low-income and informal urban communities. These areas often rely on costly informal water sources such as tankers and sachets/bottled water. Privatisation efforts promoted under neoliberal policies and commodification practices have further exacerbated these inequities by prioritising profit over equitable distribution. By unpacking these interconnected factors, the chapter calls for a new paradigm of urban water governance, one that explicitly prioritises equity, reclaims water as a social and ecological good, and foregrounds the voices and agency of marginalised communities. This lays the foundation for advancing sustainable water management to drive resilient urban waterscapes. © The Author(s), under exclusive license to Springer Nature Switzerland AG 2026.","Colonial legacy; Ghana; Governance; Infrastructure, privatisation; Water equity","","Book chapter","Final","","Scopus","2-s2.0-105040166221"
"Breen M.; Marks D.","Breen, Michael (55259628800); Marks, Danny (56927689600)","55259628800; 56927689600","Corruption and SDG 6: Clean Water and Sanitation for All","2026","Corruption and the Sustainable Development Goals","","","","85","99","0","10.4324/9781003570912-7","https://www.scopus.com/pages/publications/105039408625?origin=resultslist","This chapter explores the relationship between corruption and the achievement of Sustainable Development Goal 6 (SDG 6) - ensuring clean water and sanitation for all. We begin by reviewing key literature on the impact of corruption in the water and sanitation sector. We then use a case study of the wastewater sector in Bangkok’s Extended Metropolitan Region (EBMR) to illustrate these issues in practice. Through interviews with key stakeholders, the chapter examines how corrupt practices, weak governance, and regulatory fragmentation hinder access to clean water and sanitation, exacerbating social inequalities. Finally, we offer recommendations aimed at improving transparency, strengthening regulatory frameworks, and empowering local groups to combat corruption and promote sustainable water management. © 2026 selection and editorial matter, Robert Gillanders and Chandan Kumar Jha; individual chapters, the contributors.","","Sanitation; Sustainable development; Sustainable development goals; Water conservation; Bangkok; Case-studies; Clean waters; Local groups; Metropolitan regions; Regulatory frameworks; Social inequalities; Sustainable water management; Crime","Book chapter","Final","","Scopus","2-s2.0-105039408625"
"Lenka A.K.; Chanchal R.; Sheemar V.","Lenka, Ajit Kumar (57193989050); Chanchal, Rajshree (58244356400); Sheemar, Vikas (60634636300)","57193989050; 58244356400; 60634636300","Urban India’s water supply woes: A review of policies and provisioning","2026","Humanities and Social Sciences: A Multidisciplinary Approach","","","","666","676","0","10.1201/9781003771937-102","https://www.scopus.com/pages/publications/105039036228?origin=resultslist","The Census 2011 data indicates that approximately 65.5 million people reside in slum areas, and a significant portion, nearly 70% of rural populations, face increased risks of diseases like malaria and diarrhea, primarily due to insufficient water supply facilities (Govt. of India 2011). Understanding water supply policies and programs, provisioning coverage and resource access is therefore crucial. Improving the current water supply services is the main goal of the planning process. To do this, one must comprehend the current circumstances. Understanding the process within a framework that comprises planning the provision, the intended beneficiaries, and those in charge of carrying out the plan is the main focus of the paper. The study attempts to evaluate the variables influencing water supply planning and to pinpoint the areas where water supply is lacking. The study’s foundation is an examination of the main regulations governing urban water supply and distribution. According to the 2011 census, 79% of urban households had access to piped water supply, while only 33% of households access pipe water supply in slums. The study comes to the conclusion that there is still inequality in the water supply policies and provisioning, depriving the poor and marginalized groups of even the most basic access to facilities for drinking water. Caste remains a dominant factor in rural as well as urban areas to determine access to drinking water. To ensure equitable access to water for different sections of society, it is necessary to involve local communities and revive traditional water conservation techniques. © 2026 The Author(s).","Caste; Gender; Policies; Provisioning; Urban; Water supply","Diseases; Population statistics; Rural areas; Urban planning; Water conservation; Water management; Water supply systems; 'current; Caste; Gender; Planning process; Provisioning; Resource access; Rural population; Urban; Water supply planning; Water supply services; Public policy; Water supply","Book chapter","Final","","Scopus","2-s2.0-105039036228"
"Dimitrov S.; Duarte F.; Barbalho C.L.F.; Ferreira S.M.; Ratti C.; Alvim A.A.T.B.","Dimitrov, Stefania (60230671300); Duarte, Fabio (55150497000); Barbalho, Cezar Lima Ferreira (60231029300); Ferreira, Silvia Maria (60794436700); Ratti, Carlo (35230766400); Alvim, Angélica Aparecida Tanus Benatti (59025358700)","60230671300; 55150497000; 60231029300; 60794436700; 35230766400; 59025358700","Evaluation of LiDAR devices and data to conduct terrestrial surveys in favelas","2026","Scientific Data ","13","1","1191","","","0","10.1038/s41597-026-07222-2","https://www.scopus.com/pages/publications/105047640603?origin=resultslist","Favelas (slums) are densely populated informal settlements that house over 1.1 billion people globally and represent challenging environments for spatial data acquisition and urban mapping. Their dense morphology, irregular street networks, and overlapping building structures make conventional mapping approaches difficult. These areas are often characterized by limited access to essential services such as water supply, sanitation, and waste collection, as well as insecure land tenure. Despite their scale, favelas are frequently absent from official maps, limiting their inclusion in urban planning processes. This Data Descriptor presents a terrestrial LiDAR dataset collected with five distinct devices along a standardized 360-meter survey route in Jardim Colombo, a favela in São Paulo, Brazil, covering approximately 5,685 m². The area was also surveyed using aerial photogrammetry and a total station to establish a spatial reference supporting comparison among the terrestrial LiDAR devices. A multicriteria framework evaluates device performance considering point density, completeness, spatial uniformity, and logistical constraints. These data support research in urban environments where accurate spatial representation remains a critical challenge. © The Author(s) 2026.","","article; Brazil; city planning; controlled study; morphology; photogrammetry; sanitation; urban area; water supply","Data paper","Final","All Open Access; Gold Open Access; Green Open Access","Scopus","2-s2.0-105047640603"
"Njoku A.U.; Agbalenyo M.","Njoku, Anuli U. (56524553600); Agbalenyo, Martin (58411805000)","56524553600; 58411805000","Climate Justice: Access to Safe Drinking Water and Health—A Legal Discourse","2026","Climate Change, Drinking Water Security, and Public Health: Global Challenges and Solutions","","","","279","295","0","10.1007/978-3-032-12074-8_14","https://www.scopus.com/pages/publications/105041284004?origin=resultslist","Addressing the issues of water insecurity and unequal access to water has been a priority of the Sustainable Development Goals. Poor sanitation and inadequate access to drinking water are the second leading causes of death among children worldwide. Access to safe drinking water is a fundamental human right. Climate change represents one of public health’s greatest challenges and significantly exacerbates health disparities. According to the World Health Organization, approximately 3.6 billion people reside in areas highly vulnerable to the effects of climate change. Furthermore, climate change is anticipated to result in roughly 250,000 additional deaths each year between 2030 and 2050. In the United States, climate impacts such as severe storms and floods, escalating wildfires, extreme heat, poor air quality, and diminishing access to food and water disproportionately endanger Black, Brown, and Indigenous communities, low-income groups, people with disabilities, women, children, older adults, and others, making them more susceptible to the harmful health effects of climate change. The formulation and implementation of climate policies are essential to address the negative impacts of climate change. This chapter aims to: (a) describe the effects of climate change on access to safe drinking water; (b) emphasize the implications of climate change on drinking water disparities; (c) highlight policies to mitigate the effects of climate change; and d) discuss recommendations to tackle climate change and inequities in access to water. © The Editor(s) (if applicable) and The Author(s), under exclusive license to Springer Nature Switzerland AG 2026.","Climate change; Environmental injustice; Health disparities; Water disparity; Water injustice; Water insecurities; Water scarcity","Behavioral research; Environmental regulations; Public health; Sustainable development; Causes of death; Climate justices; Environmental injustice; Health disparities; Human rights; Safe drinking water; Water disparity; Water injustice; Water insecurity; Water scarcity; Climate change","Book chapter","Final","","Scopus","2-s2.0-105041284004"
"Hasnat M.; Khan A.S.","Hasnat, Mariya (57200854124); Khan, Ambrina Sardar (58402607000)","57200854124; 58402607000","The Effect of Water Access on Female Health, Nutrition and Economic Empowerment—A Case Study of Kaudihar Block, Prayagraj, India","2026","Lecture Notes in Civil Engineering","773 LNCE","","","219","231","0","10.1007/978-981-95-3775-4_14","https://www.scopus.com/pages/publications/105034974881?origin=resultslist","Access to clean water significantly impacts female health, nutrition, and economic empowerment, particularly in rural areas. The study examines the manifold effects of water accessibility on the lives of women in Kaudihar Block, Prayagraj, India. Using a mixed-methods approach, data were collected through household surveys, interviews, and focus group discussions with local women. The findings reveal that inadequate access to water exacerbates health issues such as waterborne diseases and increases the physical burden on women, adversely affecting maternal health. Nutritional outcomes are compromised, as limited water availability restricts household food preparation and kitchen gardening. Economically, the time spent enticing water reduces opportunities for women to engage in income-generating activities, hindering their financial independence. Generally, water scarcity reinforces gender inequalities by limiting women’s mobility and participation in decision-making processes. Even though existing government interventions, significant gaps remain in infrastructure, maintenance, and policy implementation. This study underscores the urgent need for gender-sensitive policies and community-driven initiatives to improve water access. Recommendations include implementing sustainable water management systems, launching awareness campaigns, and involving women in local water governance. By addressing these issues, the study contributes to the broader discourse on achieving sustainable development goals related to health, gender equality, and water and sanitation. © The Author(s), under exclusive license to Springer Nature Singapore Pte Ltd. 2026.","Economic empowerment; Gender equality; Nutrition; Sustainable development goals; Water access; Women’s health","Decision making; Economic analysis; Economic and social effects; Sustainable development; Sustainable development goals; Water conservation; Case-studies; Clean waters; Economic empowerment; Effect of water; Gender equality; Household surveys; Mixed method; Water access; Water accessibility; Woman’s health; Nutrition","Conference paper","Final","","Scopus","2-s2.0-105034974881"
"Ekbote A.; Gaikwad P.; Bhoir J.; Bhoir M.","Ekbote, Archana (57209137109); Gaikwad, Priya (60608769100); Bhoir, Jahnavi (60609406600); Bhoir, Mayuri (60609154400)","57209137109; 60608769100; 60609406600; 60609154400","Secure E-Grievance Reporting System","2026","2026 International Conference on Communication, Computing and Emerging Technologies, IC3ET 2026","","","","1068","1073","0","10.1109/IC3ET64989.2026.11467436","https://www.scopus.com/pages/publications/105037466729?origin=resultslist","For cities to remain safe and clean, effective municipal services such as road maintenance, waste management, and water supply are essential. However, existing complaint systems often face problems such as delayed responses, duplicate complaints, and lack of transparency. To solve these issues, this project presents a secure web-based Municipal Complaint Management System developed using the MERN stack (React, Express.js, and MongoDB). The system allows citizens to register complaints by selecting the issue type, uploading images, and automatically identifying the location. Complaints are stored in a centralized database and forwarded to the concerned municipal departments. Authorized officials can view complaints through department-wise dashboards and update their status. The platform includes secure user authentication, role-based access control, and protected data handling to ensure system security. Features like complaint tracking, status updates, and filtering help improve efficiency. Overall, the system reduces resolution time, improves transparency, and supports effective e-governance in smart cities. © 2026 IEEE.","complaint management; e-governance; municipal corporation; role-based access; security; smart city; user authentication","Access control; Government data processing; Highway planning; Information management; Information systems; Waste management; Complaint management; Complaint systems; E-governance; Municipal corporation; Municipal services; Reporting systems; Road maintenance; Role-based access; Security; User authentication; Smart city","Conference paper","Final","","Scopus","2-s2.0-105037466729"
"Lu L.; Yang F.; Zhong X.; Shi H.; Zhang J.; Liu X.; Zhang W.; Zhang L.","Lu, Lihong (59941435200); Yang, Fang (59176985900); Zhong, Xingyu (58759835000); Shi, Hongfa (59941734000); Zhang, Junran (60633051700); Liu, Xin (59115969400); Zhang, Wenqing (57219189160); Zhang, Lingfan (8352452300)","59941435200; 59176985900; 58759835000; 59941734000; 60633051700; 59115969400; 57219189160; 8352452300","Correction to “Fabrication of a Congo Red/Chitosan@Melamine sponge composite for efficient U(VI) removal: Adsorption behavior, mechanistic insights, and machine learning-assisted performance modeling”(Desalination, (2026), (120436), (S0011916426005928), 10.1016/j.desal.2026.120436)","2026","Desalination","637","","120437","","","0","10.1016/j.desal.2026.120437","https://www.scopus.com/pages/publications/105042599638?origin=resultslist","Water is the foundation upon which human survival depends, sustaining the stability of ecosystems and enabling sustainable social development [1–3]. However, with accelerating industrialization and societal progress, global water quality has deteriorated sharply, rendering water pollution a major threat to ecological security and public health [4]. Among these challenges, nuclear contamination arising from the development of nuclear technology is particularly prominent. Uranium wastewater generated from nuclear fuel use and uranium mining, and nuclear power plant operations is particularly hazardous due to its combined radioactivity and biological toxicity. Uranium exhibits high environmental mobility and bioaccumulation potential; its direct discharge can irreversibly damage aquatic ecosystems and, through the food chain, endanger critical human organs such as the kidneys and liver [5,6]. Although the urgent need to address uranium pollution is clear, the efficient separation of U(VI) from nuclear wastewater-characterized by complex matrices, interfering coexisting ions, and low uranium concentrations-remains a formidable technical challenge [7–9]. A variety of technologies have been developed for uranium extraction from water, among which adsorption is recognized among the preferred approaches for U(VI) removal due to its operational simplicity, low energy consumption, high selectivity, excellent removal efficiency, and cost-effectiveness. The performance of adsorption technology fundamentally depends on the adsorbent material, which must exhibit high selectivity, chemical and structural stability, high adsorption capacity, fast adsorption kinetics, good regenerability, and favorable environmental compatibility to be suitable for application in complex real-world water environments [10–12]. In response to these requirements, researchers have recently developed various advanced uranium adsorbents, including metal-organic frameworks, porous organic polymers, bio-based polymers, and carbon-based materials [13–16]. Among these, bio-based polymer adsorbents, as sustainable and green materials, have turned into a prominent research area in environmental remediation. Bio-based polymers offer advantages such as abundant raw materials, low cost, non-toxicity, renewability, and excellent biocompatibility in aquatic environments, positioning them as promising candidates for adsorbent materials [17]. Chitosan is a natural polysaccharide employed as a bio-based adsorbent, featuring abundant hydroxyl moieties and amino along its molecular chains that can generate stable coordination interactions with U(VI), thereby serving as effective adsorption active sites [18]. However, pure chitosan suffers from drawbacks such as low specific surface area, poor water stability, and insufficient physical strength, which limit its practical application. To address these limitations, current research has primarily focused on chemical modification, crosslinking, and composite construction of chitosan, including strategies such as phosphate functionalization, ionogel crosslinking, and amino acid substitution, aiming to enhance its adsorption performance and structural stability [9,19]. In parallel, three-dimensional porous sponge materials, exemplified by melamine sponge, have shown considerable application potential in wastewater treatment owing to their high specific surface area, interconnected pore architecture, ease of solid-liquid separation, and good reusability, making them ideal supports for loading functional chitosan components [20]. Congo red is an anionic azo dye widely used in the textile industry. Its molecular structure contains abundant amino and sulfonic acid active groups, and it is extensively employed for dyeing cellulose-based materials such as cotton, linen, and paper due to its good water solubility, excellent dyeing performance, and stable coloring effects. Nevertheless, Congo red is also a typical organic pollutant in dye wastewater, and its indiscriminate discharge can further aggravate water pollution [21]. Despite the progress made in the development of chitosan-based composite materials, the modification of chitosan with organic waste dyes for removal uranium has not yet been reported. In addition to experimental and mechanistic analyses, machine learning has emerged as an important auxiliary tool in adsorption research, demonstrating proven reliability and versatility in tasks such as regression, classification, and clustering, with established applicability in process optimization, reaction regulation, and materials synthesis [22]. © 2026 Elsevier B.V.","Chitosan; Congo red; Machine learning; Uranium","","Erratum","Final","All Open Access; Bronze Open Access","Scopus","2-s2.0-105042599638"
"Mahmud M.; Potale A.F.H.; Husnan R.","Mahmud, Marike (57209496470); Potale, Alqi Fahriansa H. (60695628200); Husnan, Rawiyah (60695804700)","57209496470; 60695628200; 60695804700","Evaluation of the quality of Paguyaman river as a source of raw water and as a source of community drinking water from water supply company (PDAM) Wonosari Unit","2026","AIP Conference Proceedings","3319","1","030005","","","0","10.1063/5.0296110","https://www.scopus.com/pages/publications/105042104494?origin=resultslist","Sanitation is specifically discussed in the 6 SDGs goals, including by 2030, achieving universal, adequate, safe and affordable access to drinking water for all and implementing integrated water resource management at all levels. This research aims to evaluate the quality of water before and after processing by PDAM (Water Supply Company) Wonosari Unit and examine the effectiveness of PDAM Wonosari Unit water treatment so that it can be used optimally as a source of raw water for community drinking water. The Paguyaman River is one of the large rivers in the Gorontalo Province region which is the geographical boundary between two districts, namely Gorontalo Regency and Boalemo Regency. The Paguyaman River is that it is used as a raw water source for PDAM Wonosari Unit drinking water The location of this research was in Bongo 2 Village, Wonosari District. There were 2 sampling locations, namely 1 location in the Paguyaman River water before the PDAM intake and the 2nd location in the PDAM reservoir after the processing process. The data required in this research were primary data including physical parameters including temperature, Total Dissolve Solid (TDS), turbidity, and color; Chemical parameters included iron, pH, and manganese. Bacteriological parameters covered total coliform bacteria and escherichia coli. Data collection in the field was carried out 3 times. Secondary data included data on PDAM water users, the population. Chemical parameter samples were analyzed at LPPT UGM. Physical and microbiological samples were tested at the Gorontalo District Health Laboratory. Analysis of river water quality data compared to its suitability based on Government Regulation Number 22 of 2021 attachment VI and for PDAM water compared with PERMENKES No. 2 of 2023. The results of the analysis show that Paguyaman River water meets the requirements as raw drinking water. Evaluation of PDAM water quality, for microbiological parameters, does not meet the requirements because the Wonosari Unit PDAM water treatment system sometimes experiences major problems with the water pump sometimes shutting down so that the disinfection treatment process does not work optimally.  © 2025 Author(s).","","","Conference paper","Final","","Scopus","2-s2.0-105042104494"
"de Biase C.; Napolitano A.; Redouane Z.; Menna D.","de Biase, Claudia (57202351559); Napolitano, Antonetta (60002324100); Redouane, Zomorrouda (60002509600); Menna, Daniela (60002509700)","57202351559; 60002324100; 60002509600; 60002509700","Urban and Valuation Aspects of an Illegal Neighborhood: The Case of Campo Sorbo in Ancient Capua","2026","Lecture Notes in Computer Science","15897 LNCS","","","459","482","0","10.1007/978-3-031-97660-5_30","https://www.scopus.com/pages/publications/105010824346?origin=resultslist","Unplanned urbanization and illegal settlements have, for many years, represented one of the most complex challenges for local administrations in Italy, and they are at the center of strong interest from urban planners. Beyond the legal aspects, these phenomena are seen as sources of territorial disorder and urban imbalance (de Biase, Losco, 2023, p.3). The paper describes sustainable solutions for the regeneration of the settelments illegally built and is divided into five sections, beginning with the definition and quantification of illegal settlements worldwide and in Italy. The extent of this type of settlement highlights the centrality of the issue within the broader challenges of urban regeneration across the globe. Particular focus is placed on the Italian context, examining the regulatory and planning framework in place in the country and in the Campania region. With deep roots in the history of our country, building and urban planning violations have affected numerous municipalities, where entire neighborhoods have sprung up spontaneously and often outside the bounds of legality. The South of Italy, in particular, experiences a state of distress that touches on various aspects, and looking to the future in an effort to improve this condition holds significant meaning, especially at the local level. The social and economic factors driving the expansion of illegal settlements are deeply rooted in the dynamics of exclusion and vulnerability that characterize many areas of Italy. These settlements often arise without building permits, in contexts lacking urban planning and control, and develop without access to essential infrastructures, such as connections to the water supply, sewage systems, and energy services. The focus is on a neighborhood that developed illegally within a municipality in the province of Caserta, an area notably affected by this type of phenomenon. The neighborhood, Campo Sorbo, located in the municipality of Santa Maria Capua Vetere, is analyzed both in terms of urban planning tools and the illegal evolution of its settlements. Campo Sorbo’s construction began to take shape in the early 1980s and has since evolved into a true urban settlement. However, it lacks the necessary infrastructure and services, creating a context of marginalization and hardship for its residents. The last two sections are aimed at the analysis, classification, and design of both the illegal settlements and the agricultural context in which the neighborhood is located. The analyzed neighborhood, like most illegally established neighborhoods, shows a series of characteristics common to this type of area: there is a lack of efficiency in the urban service network, which requires innovation and improvement; there are issues related to the protection of landscapes, historical heritage, and protected natural areas, which are often poorly managed; there is outdated infrastructure that needs upgrading; and finally, the problem of illegal construction still persists, with unclear procedures for the regularization of unauthorized settlements, even in protected areas. Being aware of these challenges is essential in order to demand and design new solutions. These solutions must be incorporated into municipal urban planning policies to effectively address future challenges and improve the overall situation. (Forte, 2012, p. 17). The project currently being developed as part of the urban planning policies of the municipal administration is set within a broader context of recovery and redevelopment. It includes the implementation of primary urban infrastructure—a fundamental step toward integrating the area into the official urban fabric and improving the living conditions of residents, who have so far been disadvantaged by the absence of essential services such as a water supply system, sewage network, and access to electricity. This study aims to propose comprehensive regeneration strategies by exploring the phenomenon of illegal construction through a detailed analysis of the neighborhood, with particular attention to the urban planning policies adopted by the municipal administration. The goal is to outline a methodological approach that takes into account the ongoing social and urban transformations. © The Author(s), under exclusive license to Springer Nature Switzerland AG 2026.","Illegal settlemets; Informal settlemets; Multi-criteria evaluation.","Agriculture; Sewage; Sustainable development; Urban planning; Illegal settlemets; Informal settlemets; Legal aspects; Multi-criteria evaluation; Multi-criteria evaluation.; Multi-criterion evaluation; Municipal administration; Neighbourhood; Planning policies; Urban planners; Crime","Conference paper","Final","","Scopus","2-s2.0-105010824346"
"Mujtaba G.; Syed S.S.; Ullah A.; Abdullah B.; Banat F.; Hai A.","Mujtaba, Ghulam (58496827300); Syed, Salma S. (57195413093); Ullah, Asad (58497141200); Abdullah, Bawadi (36967979400); Banat, Fawzi (7006459182); Hai, Abdul (57202786485)","58496827300; 57195413093; 58497141200; 36967979400; 7006459182; 57202786485","Introduction to SDG 6: The Quest for Clean Water and Sanitation","2026","Smart Technologies for Sustainable Development Goals: Clean Water and Sanitation","","","","1","16","0","10.1201/9781003714774-1","https://www.scopus.com/pages/publications/105039405680?origin=resultslist","The Sustainable Development Goals (SDGs) mark a shift from the Millennium Development Goals by emphasizing environmental sustainability and integrated development. SDG 6 aims to ensure access to water and sanitation for all, while also addressing water conservation, pollution control, and efficient resource utilization. In this chapter, the SDGs are concisely introduced, and their design is critically examined, highlighting achievements as well as structural flaws. Although SDG 6 establishes a more integrated perspective on water issues, it remains predominantly concerned with adequacy and sustainability, often overlooking important dimensions of justice, in particular intergenerational justice. Since water is a shared, finite, and vital resource, neglect of equity considerations exacerbates existing global disparities in access and governance. The chapter also discusses water concerns, including scarcity, contamination, and unequal distribution, besides assessing national policy and international efforts towards SDG 6 targets. The conclusion sets out visionary policy suggestions, calling for social and environmental justice to become embedded within the heart of new water governance arrangements to pave the way for a more inclusive and equitable trajectory of sustainable development. © 2026 A. Jose Anand and Saravanan Krishnan.","","Sustainable development; Sustainable development goals; Water pollution; Water resources; Clean waters; Environmental sustainability; Global disparities; Integrated development; Millennium development goals; National-policy; Policy suggestions; Resources utilizations; Social justice; Structural flaws; Water conservation","Book chapter","Final","","Scopus","2-s2.0-105039405680"
"Carrera-Villacrés D.V.; Guaján-Pozo P.X.; Mora-Paz S.N.; Silva-Quilumbango K.M.; Vega-Mayorga C.A.","Carrera-Villacrés, David Vinicio (56074515600); Guaján-Pozo, Patricio Xavier (60217617800); Mora-Paz, Shyrley Nicole (60217797500); Silva-Quilumbango, Karen Mishell (60217797600); Vega-Mayorga, Carlos Anibal (60217648100)","56074515600; 60217617800; 60217797500; 60217797600; 60217648100","Implementation of IoT Flowmeters and Non-revenue Water Detection at the Universidad de las Fuerzas Armadas ESPE","2026","Communications in Computer and Information Science","2393 CCIS","","","224","238","0","10.1007/978-3-031-98290-3_17","https://www.scopus.com/pages/publications/105023409859?origin=resultslist","It has been estimated worldwide that the volume of non-revenue water reached 126 million cubic meters per year at a cost of more than 39 million dollars per year. In Ecuador, according to the Water Regulation and Control Agency (ARCA), the average of these losses was 47.23% for the year 2022, a value that implied an economic detriment of US$320 million. This agency stated that in general terms, almost half of the water is lost due to leaks, bad connections, or aging pipes. At the Universidad de las Fuerzas Armadas - ESPE, the percentage of non-revenue water has been determined thanks to the use of flow meters with IoT technology, which allows measuring in real time the behavior of the incoming flow, in addition, wastewater measurement campaigns were carried out to perform a water balance. In this context, the objective of this study was to perform a water balance of the Library and the Integrated Health System (SIS), using the water consumption data of the library obtained thanks to the flow meter, while the SIS, not having this type of device, the probable maximum flow was estimated following the Hydrosanitary Regulation NEC-11; this work was complemented with the implementation of a wastewater measurement campaign, which revealed non-revenue water of 56.34%. This value demonstrated the importance of flow meters to obtain real consumption data in the SIS, avoiding theoretical estimates. © The Author(s), under exclusive license to Springer Nature Switzerland AG 2026.","flow meter; IoT; Non-revenue water; wastewater; water balance","Digital libraries; Economics; Flow measurement; Man machine systems; Water management; Ecuador; Flow meter; IoT; Measurement campaign; Non-revenue waters; Regulation and control; Water balance; Water control; Water detection; Water regulation; Flowmeters; Wastewater","Conference paper","Final","","Scopus","2-s2.0-105023409859"
"Mokhaloane S.M.","Mokhaloane, Sam Mokgothu (59894897800)","59894897800","Local Economic Development in South Africa Amid Crises: Exploring Its Potential to Mitigate Socio-Economic Disparities","2026","Global Perspectives on Local Economic Development and Innovation","","","","55","76","0","10.4018/979-8-3373-1474-7.ch003","https://www.scopus.com/pages/publications/105047270225?origin=resultslist","This chapter explores how Local Economic Development helps to address South Africa’s socio-economic issues, which were worsened by recent pandemics such as the COVID-19. Through reviewing literature, this discussion looks at how LED projects aim to boost local economics and resilience by examining barriers that hinder these efforts. Therefore, this chapter sees LED as a complex solution surrounded by challenges such as service delivery failure and corruption. Through examining the limitations of local governance, this chapter encourages open-minded and adaptable strategies that are able to recognise the changing South Africa’s landscape. Building upon this, this chapter looks at the problems that make it challenging to implement LED effectively, highlighting that the municipalities are lacking in terms of capacity required to provide services. This is demonstrated by water and sanitation causing public dissent and fueling public protests, revealing that there is a need for an accountable government system which can improve South Africa’s socio-economic situation. © 2027 by IGI Global Scientific Publishing. All rights reserved.","","Economics; Adaptable strategies; Complex solution; Economic issues; Economic situation; Government systems; Local economic development; Service delivery; Socio-economics; South Africa; Economic and social effects","Book chapter","Final","","Scopus","2-s2.0-105047270225"
"Vairam G.; Kumar V.M.","Vairam, G. (60515732300); Kumar, V. Mathan (59736059500)","60515732300; 59736059500","Safety and Welfare Facilities Provided in the Fireworks Industries to the Women Workers in Sivakasi","2026","Adaptive Technologies for Sustainable Growth","","","","448","453","0","10.1201/9781003739937-71","https://www.scopus.com/pages/publications/105033325296?origin=resultslist","The Sivakasi fireworks sector has a considerable number of women employees, for whom proper safety and welfare amenities are required to maintain their well-being. The research includes a review of safety features at work for women, the equipment provided to keep them safe, nearby medical support and access to clean sanitation. Desregardless of all the safety rules, workers still struggle with not having good resources, unprotected jobs and poor welfare provisions. Health checkup, crèche center and safety schemes are industry sponsored programs designed to enhance safety and comfort in the workplace. Yet, having ineffective enforcement and limited knowledge remains a problem. The research points out that there needs to be stronger safety standards, better enforcement of employment laws and more attention to women. Tougher security, better working conditions and strong compliance with rules can greatly boost women workers’ protection in Sivakasi’s fireworks industry. The research encourages policymakers, owners and union members to work together to achieve the objective. © 2026 selection and editorial matter, Dr. Raja M., Dr. Satya Subrahmanyam, Dr. R. Raja Subramanian and Dr. J. Karthikeyan; individual chapters, the contributors.","Fireworks industry; Sivakasi; Welfare facilities; Women workers; Workplace safety","Accident prevention; Regulatory compliance; Sanitation; Firework industry; Health check-ups; Safety features; Safety rules; Sivakasi; Welfare facility; Well being; Women workers; Workers'; Workplace safety; Occupational risks","Book chapter","Final","","Scopus","2-s2.0-105033325296"
"Feldman D.","Feldman, David Lewis (7402702751)","7402702751","Achieving Transboundary Water Security Through Water Innovations: A Framework and Cases","2026","World Water Policy","12","1","e70044","","","0","10.1002/wwp2.70044","https://www.scopus.com/pages/publications/105025593292?origin=resultslist","Alternative sources of freshwater, provided by various innovations, have long been available to countries facing acute water stress. We hypothesize that avoiding and/or resolving conflict with neighbors—caused by the uncertainty of continued access to shared surface water and groundwater sources—is another driver of innovation adoption. Furthermore, adoption of alternative freshwater sources may help alleviate transboundary disputes and, thus, hasten water supply independence among neighboring countries. We explore this thesis by examining the experience of Israel and Singapore, two countries that have pursued several innovations including desalination, wastewater reuse, and rainwater harvesting. They have also experienced conflicts with neighbors over water. After examining these nations' motives for adopting innovations, as well as the structure and operation of water innovation governance in each country, we examine the role these supply innovations have played in transboundary disputes. We find that the introduction of these innovations has had an important, but not decisive role in helping to alleviate larger conflicts with thirsty neighbors, even when they are explicitly part of negotiations aimed at long-term transboundary dispute resolution. The extent to which innovations can actually help resolve transboundary conflicts depends on parties' confidence in larger transboundary water agreements, an inclination to share water data and information, and a willingness to collaborate on water projects of mutual benefit. The availability of water innovations alone does not serve to alleviate transboundary conflicts. © 2025 The Author(s). World Water Policy published by Wiley Periodicals LLC on behalf of Policy Studies Organization.","desalination; governance term; public acceptability; reuse; risk; transboundary conflict","","Note","Final","All Open Access; Hybrid Gold Open Access","Scopus","2-s2.0-105025593292"
"Saroughi M.; Achite M.; Çelik M.A.; Pandey K.","Saroughi, Mohsen (57928814100); Achite, Mohammed (6506127655); Çelik, Mehmet Ali (58104871200); Pandey, Kusum (57219363840)","57928814100; 6506127655; 58104871200; 57219363840","From Scarcity to Security Multidimensional Perspectives on Water in a Changing World: From Scarcity to Security","2026","Interdisciplinary Studies on Global Disasters","","","","1","30","0","10.4018/979-8-3373-6274-8.ch001","https://www.scopus.com/pages/publications/105033427598?origin=resultslist","Water security has emerged as a critical and multidimensional challenge of the twenty-first century, encompassing biophysical limits, socio-economic dynamics, governance systems, technological resilience, and geopolitical stability. With the global population projected to rise from 7.7 billion to nearly 11.2 billion by 2100, ensuring adequate, safe, and equitable access to freshwater will become increasingly complex. Freshwater resources are fundamental not only for drinking and sanitation but also for sustaining agriculture, ecosystems, energy production, industry, and economic development. Climate change is intensifying blue-water variability and hydrological extremes, while agricultural expansion is altering green-water fluxes and increasing pressure on land-water systems. Strategically important headwater regions, though vital for downstream water supply, remain ecologically fragile and insufficiently protected. Simultaneously, urban and peri-urban areas face growing risks from infrastructure stress, contamination, groundwater depletion, and emerging cyber-physical threats, despite the potential of decentralized solutions such as rainwater harvesting and distributed storage. Water insecurity now reflects both quantitative scarcity and qualitative degradation, with severity varying across regions, particularly in arid and semi-arid zones. This chapter advances an integrated scientific and political understanding of water security, highlighting its multi-scalar, cross-sectoral nature and examining diverse regional experiences to underscore the urgency of resilient and equitable water governance. © 2026 by IGI Global Scientific Publishing. All rights reserved.","","Agriculture; Arid regions; Climate change; Economics; Groundwater pollution; Urban growth; Water management; Agriculture ecosystems; Economic dynamics; Energy economics; Equitable access; Fresh Water; Fresh water resources; Global population; Governance systems; Socio-economics; Water security; Groundwater","Book chapter","Final","","Scopus","2-s2.0-105033427598"
"Sharma L.; Singh S.; Anand A.; Thakur P.","Sharma, Lokeshwer (59467198000); Singh, Sandeep (60575959500); Anand, Abhineet (56159814200); Thakur, Prerna (60773921700)","59467198000; 60575959500; 56159814200; 60773921700","Intelligent Water Infrastructure and Policy Programs for Sustainability","2026","Smart Technologies for Water Sustainability and Policy","","","","192","206","0","10.1201/9781003742227-12","https://www.scopus.com/pages/publications/105046460906?origin=resultslist","The use of digital technologies, Internet of Things (IoT) sensors, and Artificial Intelligence (AI)-based analytics is revolutionizing the different levels of Smart Water Management (SWM) in the Water Cycle. Smart systems operations and maintenance are 10–18% cheaper, and water losses are 20–35% lower, with a reliability of 90–95% in comparison to traditional systems. For urban areas to be sustainable, we need to achieve 100–135 L/person/day of water use, 60–80% of rainwater harvesting, 30–50% of treated wastewater use, and non-revenue water to be below 15%. Real-time monitoring (1–5 second sampling) and smart metering (± 1% accuracy) combined with a communication speed of 1 Gbps result in rapid monitoring and operational adjustments. Finally, smart analytics (AI), which processes 5–20 Terabytes per day (TB) with a prediction accuracy of 85–95%, gained 20% less energy (overall) and improved storage by 25–40%. Water delivery has improved to 90–95%, and agricultural water use has decreased by 30–50% with the introduction of smart water distribution and irrigation systems. Wastewater technologies are also available, which allow for 60–80% of wastewater to be treated and reused with a treatment efficiency of 95–99%. The future demand for urban water, which is expected to grow by 40–55% by 2050, can be met, and the sustainability and resilience of water resources can be improved by the integration of smart infrastructure, governance, and newly emerging technologies like digital twins and nanofiltration (which has a > 99% efficiency). © 2027 selection and editorial matter, Neha Sharma, Abhineet Anand, Abhishek Kumar, Rajeev Tiwari, Anupam Tiwari, and Prateek Thapar; individual chapters, the contributors.","","Economics; Internet of things; Sustainable development; Water supply systems; Digital technologies; Operations and maintenance; Smart System; System maintenance; Systems operation; Water cycle; Water infrastructure; Water loss; Water policies; Waters managements; Wastewater treatment","Book chapter","Final","","Scopus","2-s2.0-105046460906"
"Dhar S.; Imran M.","Dhar, Sushmita (60525022900); Imran, Mohd (60526385500)","60525022900; 60526385500","Corporate Sustainability Metrics and Environmental Human Rights: Developing Rights-Based Indicators for Science-Based SDGs'Targets in India and China","2026","BIO Web of Conferences","225","","07004","","","0","10.1051/bioconf/202622507004","https://www.scopus.com/pages/publications/105033709243?origin=resultslist","Despite increasing adoption of Environmental, Social, and Governance (ESG) reporting by corporations, existing frameworks inadequately integrate environmental human rights principles with science- based sustainability targets. This study addresses this gap by developing rights-based indicators for corporate sustainability in India and China. Employing a convergent mixed-methods design, this study synthesises data from Sustainable Development Report, World Benchmarking Alliance corporate assessments, national SDG monitoring systems, and regulatory frameworks (SEBI BRSR for India; mandatory environmental disclosure requirements for China) spanning 2018 to 2025, combined with legal analysis. Results reveal significant differences in SDG achievement, with China scoring 74.4 compared to India's 67.0 on the SDG Index, though both countries exhibit substantial gaps in environmental human rights integration. According to the World Benchmarking Alliance Nature Benchmark, fewer than 2% of assessed companies explicitly acknowledged commitments to respecting environmental human rights of local communities, while only 12% committed to ensuring access to clean water and sanitation. This study contributes a rights-based environmental indicator framework comprising 15 core indicators across five categories: Environmental Procedural Rights, Environmental Substantive Rights, Corporate Environmental Accountability, Science-Based Targets, and Social Justice and Equity. Key recommendations include harmonisation of internationally accepted rights- based sustainability reporting standards, capacity-building programmes, and monitoring mechanisms to ensure corporate environmental commitments translate into effective community protection. © The Authors, published by EDP Sciences, 2026.","Corporate Sustainability; Environmental Human Rights; Rights-Based Indicators; Science-Based Targets; Sustainable Development Goals (SDGs)","","Conference paper","Final","All Open Access; Gold Open Access; Green Open Access","Scopus","2-s2.0-105033709243"
"Chkirida S.","Chkirida, Soulaima (57217221587)","57217221587","Emerging Contaminants: Challenges and Limitations in Global Drinking Water","2026","Nanotechnology and Emerging Contaminants in Drinking Water: Advanced Solutions for Purification","","","","218","237","0","10.1201/9781003650690-17","https://www.scopus.com/pages/publications/105038802625?origin=resultslist","In line with the Sustainable Development Goal 6 (SDG 6) addressing water-related issues, access to safely managed drinking water services is not only a basic need and a fundamental right, but the cornerstone of human public health. Despite the impressive array of literature dealing with drinking water pollution and the proposal of new water decontamination processes, emerging contaminants (ECs) never fail to persist and endure input into aquatic environment in general, and drinking water in particular. ECs are endowed with countless noxious features including a persistent profile at trace level, low-dose toxicity, and poorly understood chronic impacts leading to their challenging risk assessment. On this basis, this chapter is focused on the several challenges and limitations facing drinking water with respect to ECs from source to tap. Special emphasis is particularly placed on the shortcomings in ECs detection, treatment, and their corresponding legislative and regulatory gaps. Ultimately, perspectives were drawn up with the aim of attaining tangible results in terms of integrated ECs monitoring, global harmonization of regulations, and cross-disciplinary collaborations with public outreach. © 2026 selection and editorial matter, Sesan Abiodun Aransiola, Yakubu Adekunle Alli, Kondakindi Venkateswar Reddy and Naga Raju Maddela; individual chapters, the contributors.","","Impurities; Laws and legislation; Public health; Sustainable development; Water; Water pollution; Aquatic environments; Chronic impact; Contaminant detection; Contaminant monitoring; Emerging contaminant; Low dose; Risks assessments; Trace level; Water decontamination; Water service; Risk assessment","Book chapter","Final","","Scopus","2-s2.0-105038802625"
"Nagarajan D.; Thangavel B.; Suppiah Y.; Anbalagan K.","Nagarajan, Deivanayagampillai (9434932500); Thangavel, Bhuvaneswari (57215830820); Suppiah, Yasothei (23991874500); Anbalagan, Kanchana (60564666700)","9434932500; 57215830820; 23991874500; 60564666700","Blockchain‑powered food waste management in enhancing traceability and sustainability","2026","Data-driven Decision Making and Soft Computing: Applications and Advances","","","","105","120","0","10.1201/9781003634836-6","https://www.scopus.com/pages/publications/105046599168?origin=resultslist","We present in this paper a blockchain-based Internet of Things (IoT)-supported system to monitor post-production business operations, activities, and processes executed on electronic devices. The system employs five smart contracts to record users’ operations on an immutable distributed ledger to guarantee transparency, traceability, and security in the operations of the firm. We implement a distributed storage system to store large files such as photos of e-waste materials, products, and stakeholders’ licenses. The system under proposal is constructed upon the Ethereum blockchain, where the operations of the smart contract are audited based on gas consumption. The system’s feasibility and effectiveness are proven through an exhaustive cost and security analysis to ensure accountability and efficiency in handling e-waste and related business operations (Khan & Ahmad, 2022). This study presents a blockchain-enabled transparent traceability system along the food supply chain to track the movement of box leftovers from the restaurants to the nongovernmental organizations and then to the poor. The system relies on QR codes and near field communication (NFC) tags to allow safe access to the food packaging information to ensure authenticity and safety. With the advent of blockchain technology, the system offers higher transparency, minimizes fraud, theft, and counterfeiting, and makes the entire distribution of the leftover food more efficient, promoting an enhanced and sustainable supply chain (Patil et al. 2023). This study presents a blockchain system that will help reduce food wastage within hospitality operations to encourage a sustainable food system. This sustainable food system can be considered the interconnected web of stakeholders included within the sustainable management of food resources within the hospitality industry. The system categorizes these stakeholders as food resource managing entities that include food donation groups and recycling companies to appreciate the crucial role they play in managing surplus food. With the use of the blockchain system, businesses are capable of monitoring the source, movement, and end-of-life handling of food products in real time to allow efficient inventory planning, minimization of food wastage, and operational optimization. The system also offers higher transparency and accountability to ensure efficient handling of food wastage to encourage an efficient and sustainable food chain (Omar et al. 2024). This chapter presents a system based on blockchain to track and manage recyclable plastic waste using the Ethereum blockchain and decentralized storage. The system has a reward mechanism to motivate people to recycle, promoting participation. The system enhances trust and accountability among the stakeholders within the system to guarantee fair and open reward distribution. The research provides an extensive explanation of the system architecture along with test and implementation results to demonstrate the feasibility and effectiveness of the system (Alnuaimi et al. 2023). We are proposing a Blockchain-based Model of Solid Waste Management that will help municipalities streamline the efficiency of the waste management process. We are proposing a blockchain system that will be under the control of the municipality, where the customer companies will pay to join the platform to avail the services provided by the supplier companies under the control of the municipality. The burden to both the supplier and consumer companies has been taken care of. Also, an optimization model has been created to find the maximum amount of waste that can be traded between the supplier and consumer companies to maximize the profit based upon the parameters like the supplier companies, consumer companies, and the processing capacity of the customer companies, along with some other restrictions like maximum storage capacity, storage, and the constraint of transportation. Also, the cost factor incurred in the usage of blockchain has been approximated from the various use cases given by the companies providing the blockchain solution (Gopalakrishnan et al. 2021). This study examines the intersection of material flow analysis and blockchain technology to enable end-to-end traceability along the food system. Blockchain offers decentralized, immutable digital record keeping that enhances trust and accountability among stakeholders. The authors propose a framework to quantify food loss and waste through a hybrid approach—that uses material flow analysis to quantify and define food loss and waste flows, and blockchain technology to simplify partnership networks and allow the integration of circular economy concepts. This intersection eventually enhances the minimization of food loss and waste along the food system (Bux & Amicarelli, 2024). This chapter presents a system based on blockchain to manage the tracking of waste that enables the stakeholders to view corresponding information and determine the contribution to the system. Most conventional waste management technologies are non-transparent and lack stakeholder coordination, thereby becoming less efficient. The efficiency of the waste management process can be enhanced using the tamper-resistant property of the blockchain. The system automates the process of managing the waste using smart contracts. In addition to that, a framework to allow users to select the best service based on the information sharing preferences, fee, reliability, and desired security has been created (Gopalakrishnan et al. 2020). IoT is transforming every aspect of life, enhancing the overall efficiency and quality. Urban solid waste management in developing countries is one such issue that has gone unsolved due to a lack of proper planning and limited resource availability within urban areas. This chapter introduces an IoT-based new system to manage solid waste that has particularly been designed for developing countries and urban areas with a large population. This chapter intends to address the issue through a blockchain-supported vehicle ad-hoc system that will ensure efficient collection of the waste, improved resource distribution, and urban sustainability (Saad et al. 2023). This study deals with the application of machine learning algorithms to process large volumes of food supply chain datasets to generate forecasting models for market demand, optimize stockpiles, and suppress over-production. The application of IoT sensors also makes it possible to track crucial parameters that affect food spoilage in real time, ensure ideal storage conditions, and automate interventions to prevent wastage. After the explanation of the fundamentals of the aforementioned technologies, this chapter presents case studies that demonstrate how these are employed in real-world contexts and how effectively the challenges of the food supply chain are tackled. This chapter also presents crucial challenges and opportunities like privacy concerns, protection of data, and the divide that need to be taken carefully into account. This chapter finalizes the necessity for governments, private industries, and research institutes to join together to tackle the challenges and ensure the successful integration of the aforementioned technologies (Öztürk et al. 2025). This study examines the convergence of food waste management strategies using blockchain technology within the hospitality industry. The study examines how the integration of blockchain can enhance operational efficiency, streamline food waste minimization strategies, and strengthen customer loyalty within the hotel industry. This study also examines food waste management challenges within the hospitality industry and presents blockchain solutions to ensure greater transparency, traceability, and sustainability within the food supply chain. This study provides an impetus to future research to further investigate how to utilize blockchain technology to optimize food waste management to ensure greater efficiency within the sector (Stroumpoulis et al. 2021). This study investigates the use of blockchain technology to transform the waste management system under different use case scenarios. It offers pertinent possibilities such as real-time monitoring of the waste, resource optimization, regulatory compliance, safe documentation, and fleet optimization. This study offers a smart contract-based blockchain framework to support automated basic functions of the waste management system within smart cities. The current solutions to the problem using blockchain are also compared based on crucial parameters. The study further discusses ongoing research work and real-world case studies that offer valuable insights about the practical application of the use of blockchain technology to manage waste (Ahmad et al. 2021). This chapter presents a blockchain smart system for managing waste that will help address the adverse effects of the traditional method of managing waste. The system enhances optimization of storage, efficient collection, and safe disposal of solid waste through the use of blockchain technology, ultimately leading to an improved environment. Smart waste management through the use of the IoT has gained pace, but the use of blockchain has limited research. This research states the challenges of the traditional system of managing waste, provides blockchain algorithms to address the challenges, and presents a comparative analysis showing how the proposed system enhances the traditional method through higher transparency, security, and efficiency (Sen Gupta et al. 2021). This study addresses the integration of blockchain technology within the waste sector, particularly within an operational waste management company. The study focuses on the use of smart contracts to automate the process of recycling to promote higher transparency and accountability. The digital product passport is also redefined within the circular economy and the recycling process to ensure efficient use of the resource (Bułkowska et al. 2023). This study provides a smart contract-supported framework based on blockchain to encourage the collaboration of supermarkets and other stakeholders to avoid food wastage and ensure sustainability. Smart contracts are one of the core components of the application of blockchain technology that enable the automatic execution of contracts upon the fulfillment of certain conditions. This study presents the advantages that smart contracts provide to supermarkets to effectively and sustainably manage food wastage (Aggarwal et al. 2024). This study offers a blockchain system based on smart contracts to encourage cooperation between stakeholders and supermarkets to curb food wastage and encourage sustainability. Smart contracts are one of the notable features of the blockchain system that enable the enforcement of contracts automatically once the conditions are met. This study discusses the advantages of smart contracts to streamline the management of food wastage in supermarkets to ensure efficiency, accountability, and transparency along the supply chain (Schmelz et al. 2019). This study examines how the application of blockchain technology can address the requirements of hospital waste management. This is achieved through a comprehensive systematic literature review to ascertain and critically assess the application of blockchain within this sector. The applications are categorized into various steps that encompass the generation of the waste, segregation and packaging, containers for storage, collection, transient storage, treatment, transport (on-site and off-site), final disposal, training hospital staff, regulations compliance, sewerage handling, use of energy, and recycling and reuse of the waste. This study also provides the current challenges and limitations within each step, identifies research gaps, and offers future directions to integrate the use of blockchain technology effectively within hospital waste management (Bamakan et al. 2022). This chapter delves into the challenges of implementing blockchain technology in the management of waste, providing valuable insights into its practical use. It presents successful uses of the technology within the sector, noting how it has the capability to promote greater transparency, accountability, and care for the environment through tracking. The argument presented supports the use of blockchain solutions to streamline the use of waste management to promote sustainable development (Kumar et al. 2024). A blockchain-based food traceability system enhances transparency to effectively fulfill the basic food necessities of the beneficiaries. The proposed model offers policymakers the ability to generate an extensive understanding of the prevailing operational issues and provides valuable recommendations to make wise judgments to tackle the alarming issue of food insecurity (Gupta & Shankar, 2024). This study presents a framework for an household water treatment (HWT) system based on blockchain to enable government regulators to gain information that is relevant to them and enhance the efficiency of HWT. The system is described from various perspectives, including infrastructure, blockchain services, functions, and the role of the users, based on six essential information managing functions. This study also discusses the benefits of using blockchain to manage HWT and the challenges that need to be addressed. This research improves the application of blockchain to solid waste management through embedding it in the management of HWT, making valuable theoretical and practical contributions (Song et al. 2022). This study models blockchain technology using Bitcoin-based single and interval-valued neutrosophic graphs to analyze transaction reliability (Nagarajan et al., 2019). This study develops a fuzzy inventory model for NVOCC returnable containers with price-dependent demand, incorporating empty container repositioning to address import–export imbalances (Rajeswari et al. 2021). This work presents a consistency- and consensus-driven group decision-making approach using NMPRs and INMPRs, supported by goal programming models to manage preference consistency (Kanchana et al., 2024). © 2026 selection and editorial matter, Deivanayagampillai Nagarajan, Dragan Pamucar, Zarife Zararsız; individual chapters, the contributors.","","Blockchain; Chains; Crime; Electronic Waste; Food safety; Food security; Food storage; Food supply; Food waste; Internet of things; Supply chains; Sustainable development; Block-chain; Consumer companies; Food supply chain; Food system; Food wastages; Food waste; High transparency; Hospitality industry; Household water; Solid waste management; Transparency","Book chapter","Final","","Scopus","2-s2.0-105046599168"
"Ouargani Y.; Khattabi E.; Amine F.-E.M.","Ouargani, Younes (58621444300); Khattabi, El (60779745600); Amine, Fakhre-Eddine Mohamed (60779658000)","58621444300; 60779745600; 60779658000","Moroccan Dam level dataset: A high resolution satellite-based monitoring dataset for Moroccan Dams","2026","AIP Conference Proceedings","3495","1","030003","","","0","10.1063/12.0044636","https://www.scopus.com/pages/publications/105046770956?origin=resultslist","Water reservoirs are crucial for hydropower, irrigation, and urban water supply within the Water-Energy-Food (WEF) Nexus. However, real-time monitoring is limited due to sparse in-situ data and climate variability. We present Moroccan Dam Level Dataset, a publicly available dataset combining high-resolution satellite imagery and water level data from Morocco's official dam level platform. The dataset offers multi-temporal observations of reservoir dynamics. It provides spatially and temporally detailed insights for water resource management, renewable energy integration, and smart grid systems. Covering 31 major dams out of 65, the dataset spans 165 days, providing 5,115 dam-observation days and 1,023 aerial images. Each record includes Sentinel-2 optical imagery, official water level data, and geospatial metadata. The dataset represents a cumulative maximum capacity of 3.306 billion m³. The Moroccan Dam Level Dataset is an open-access resource designed to advance climate adaptation, water governance, and energy research.  © 2026 Author(s).","","","Conference paper","Final","","Scopus","2-s2.0-105046770956"
"Nzinga J.M.; Kok M.; Raven J.; Taegtmeyer M.","Nzinga, Jacinta Mwikali (33167733800); Kok, Maryse (56050550600); Raven, Joanna (17342515500); Taegtmeyer, Miriam (9637332900)","33167733800; 56050550600; 17342515500; 9637332900","Whose crisis is it? Local experiences and health governance in the era of polycrisis","2026","BMJ Global Health","11","5","","","","0","10.1136/bmjgh-2026-023610","https://www.scopus.com/pages/publications/105038227579?origin=resultslist","The concept of polycrisis has gained traction to describe the interconnected shocks—pandemics, climate-related disasters, conflict and economic instability—shaping global risk. Yet for many communities in low-income settings, such entanglements are not new but reflect long-standing conditions of permacrisis. We advance a situated perspective that examines how global shocks intersect with pre-existing local vulnerabilities, drawing on examples from Somalia, northern Kenya, Zimbabwe and Lebanon. These cases show that crises are experienced unevenly and simultaneously across systems of food, water, livelihoods, health and security, raising the question: whose crisis is it?We argue that responding to polycrisis requires moving beyond siloed notions of ‘health systems’ towards integrated systems for health, supported by multisectoral governance at national and especially local levels. Practical components include shared early-warning triggers, clear cross-sector roles, flexible local financing and co-produced planning with communities. For research, this perspective redirects attention to how interconnected systems shape risk, resilience and equity, and how coordinated arrangements can be designed, tested and strengthened. A systems-for-health approach offers a more realistic and context-grounded pathway for navigating overlapping crises in settings where disruptions have become the norm. © Author(s) (or their employer(s)) 2026. Re-use permitted under CC BY-NC. No commercial re-use. See rights and permissions. Published by BMJ Group. This is an open access article distributed in accordance with the Creative Commons Attribution Non Commercial (CC BY-NC 4.0) license, which permits others to distribute, remix, adapt, build upon this work non-commercially, and license their derivative works on different terms, provided the original work is properly cited, appropriate credit is given, any changes made indicated, and the use is non-commercial. See: https://creativecommons.org/licenses/by-nc/4.0/.","COVID-19; Health policy; Health systems; Pandemic Preparedness","climate change; conflict; coronavirus disease 2019; disaster; drought; economic crisis; economic instability; educational support; food security; government; health care; health care access; health care quality; human; lowest income group; malnutrition; Note; pandemic; risk management; social problem; vulnerability; water supply","Note","Final","All Open Access; Gold Open Access; Green Open Access","Scopus","2-s2.0-105038227579"
"Ebenehi I.Y.; Diwa B.B.; Zakari M.","Ebenehi, Ibrahim Yakubu (57199323482); Diwa, Benjamin Bilari (60592931400); Zakari, Mukailu (60592828000)","57199323482; 60592931400; 60592828000","Assessing the Potential and Utilization of Renewable Energy for Sustainable Building Services Systems","2026","Lecture Notes in Civil Engineering","772 LNCE","","","567","580","0","10.1007/978-3-032-08992-2_47","https://www.scopus.com/pages/publications/105036375680?origin=resultslist","The rise in demand for sustainable energy in institutional buildings has driven increasing interest in renewable energy solutions, particularly in developing countries. This study assesses the potential and utilization of renewable energy in the building services systems of Federal Polytechnic Bauchi, Nigeria, focusing on lighting, electricity supply, heating, ventilation and air conditioning (HVAC), water supply, and communication systems. A quantitative research design was adopted, employing a structured questionnaire developed through expert review and pilot testing to ensure validity and reliability. Data were collected from 276 respondents, comprising academic staff, technical staff, administrative staff, and students, resulting in a 76.7% response rate. Descriptive statistics were used to summarize the data, while comparative analysis provided deeper insight into variations across service categories. Results indicate that solar power is the most available and utilized renewable energy source, primarily for lighting, electricity supply, and communication systems, while HVAC and hot water services remain underutilized. Major barriers to adoption include high initial costs, lack of technical expertise, inadequate infrastructure, and maintenance challenges. The study highlights the untapped potential for expanding solar, wind, and biomass applications within the institution. Practical implications include guiding facility managers and policymakers in prioritizing investment, capacity building, and infrastructure upgrades. Theoretically, the findings contribute to sustainable energy adoption models by integrating contextspecific barriers and potentials in a tertiary education setting. This research advances knowledge on renewable energy integration in Nigerian higher education institutions and offers a framework for scaling adoption in similar contexts. © The Author(s), under exclusive license to Springer Nature Switzerland AG 2026.","Building services systems; Educational facilities; Renewable energy; Sustainability; Tertiary institutions","Air conditioning; Developing countries; Economics; Education computing; Energy policy; Intelligent buildings; Investments; Solar energy; Sustainable building; Building services systems; Communications systems; Educational facility; Electricity supply; Heating ventilation and air conditioning; Institutional building; Renewable energies; Sustainable building; Sustainable energy; Tertiary institutions; Sustainable development","Conference paper","Final","","Scopus","2-s2.0-105036375680"
"Herath O.; Wijesinghe M.; Thathsara R.","Herath, Oshadhi (57425288400); Wijesinghe, Moksha (60773078100); Thathsara, Rusin (60171352300)","57425288400; 60773078100; 60171352300","HARNESSING SOCIO-CULTURAL PRACTICES OF SHANTY DWELLERS FOR INCLUSIVE URBAN DEVELOPMENT IN SRI LANKA: EVIDENCE FROM WATTALA","2026","World Construction Symposium","PartF7","","","884","896","0","10.31705/WCS.2026.65","https://www.scopus.com/pages/publications/105046347907?origin=resultslist","The fast urbanization in Sri Lanka has aggravated social-spatial disparities, and especially among the shanty population, who continue to be disadvantaged in the formal urban planning process despite their socio-cultural input to the urban life. The paper explores how the socio-cultural life of shanty residents in Wattala can be utilized to harness inclusivity in urbanization and help in achieving sustainable development goal 11 (SDG 11): Sustainable Cities and Communities. A mixed research design was chosen, involving quantitative survey data from 150 respondents and qualitative data to be collected through focus groups and interviews with key informants, policy makers, urban planners, and community representatives. Participation and exclusion patterns, as well as community resilience, were analysed using descriptive statistical analysis and thematic interpretation. The results show that social cohesiveness is high in informal settlements, with 69 percent of the residents ready to engage in community-based sustainability projects. The paper also singles out fundamental infrastructural issues, such as a lack of clean water, sanitation, and electricity, that are closely linked to informational and institutional obstacles. Informal settlements have high levels of mutual support, adaptive coping, and collective agency despite these limitations, which can be utilized in participatory urban governance. The paper proposes that, to attain inclusive urban sustainability, infrastructural investment alone is insufficient; there should also be awareness-raising, educational empowerment, and behaviour change among policymakers and communities. © 2026, Ceylon Institute of Builders. All rights reserved.","Behavioural Change; Inclusive Urban Development; Informal Settlements; Socio-Cultural Practices; Sustainable Development Goals","","Conference paper","Final","","Scopus","2-s2.0-105046347907"
"Mesa-Jurado M.A.; Palacios-Hernández J.M.; Espinoza-Tenorio A.; Suárez-García S.M.","Mesa-Jurado, M.A. (36662589300); Palacios-Hernández, J.M. (60479386600); Espinoza-Tenorio, A. (36193718400); Suárez-García, S.M. (60478709100)","36662589300; 60479386600; 36193718400; 60478709100","Food from the Sea: Valuing the Provisioning Ecosystem Service of Small-Scale Fisheries in Tabasco, Mexico","2026","The Fishing and Oil Industries in Coexistence: The Socio-ecological System of the Southwestern Gulf of Mexico","","","","301","320","0","10.1007/978-3-032-02621-7_16","https://www.scopus.com/pages/publications/105032499544?origin=resultslist","Marine-coastal ecosystems provide vital services, with fisheries playing a crucial role in ensuring food security, alleviating poverty, and generating employment opportunities in rural areas. For many coastal families, small-scale fishing is their primary source of food and income. However, in regions of the Gulf of Mexico, these ecosystems have been severely degraded by pollution, wastewater discharges, and the expansion of oil and gas extraction. This chapter estimates the economic value of the food provisioning ecosystem service derived from self-consumption fishing in two coastal communities of Tabasco, Mexico. Located near the Pantanos de Centla Biosphere Reserve, these communities are highly dependent on small-scale fisheries and increasingly exposed to the impacts of oil industry expansion and climate change. Data were collected from October 2017 to May 2018 through self-consumption records, local market prices, and interviews with fishers. Results show that food provision accounts for about 31% of monthly per capita income, highlighting the central role of subsistence fishing in household well-being and community resilience. As a baseline before the Dos Bocas refinery construction (August 2019), this study emphasizes the urgent need for sustainability pathways, ones that recognize fishers’ rights, ensure access to healthy ecosystems, and integrate community voices into environmental governance and coastal development planning. © The Editor(s) (if applicable) and The Author(s), under exclusive license to Springer Nature Switzerland AG 2026.","Economic valuation; Ecosystem services; Market prices; Small-scale fishing; Subsistence","Commerce; Economic analysis; Ecosystems; Environmental management; Expansion; Fishing (oil wells); Food security; Food supply; Resource valuation; Sustainable development; Coastal ecosystems; Economic valuation; Ecosystem services; Food security; Market price; Small scale; Small-scale fisheries; Small-scale fishing; Subsistence; Tabasco mexico; Fisheries","Book chapter","Final","","Scopus","2-s2.0-105032499544"
"Vaseashta A.; Bancilă R.; Radu D.","Vaseashta, Ashok (6603077133); Bancilă, Radu (6507806086); Radu, Dorin (56950240700)","6603077133; 6507806086; 56950240700","Integrating Artificial Intelligence and Smart Materials into Critical Infrastructures","2026","Lecture Notes in Civil Engineering","903 LNCE","","","810","845","0","10.1007/978-3-032-34174-7_57","https://www.scopus.com/pages/publications/105048770245?origin=resultslist","The increasing need for efficient, resilient, and sustainable critical infrastructure (CI) is guiding the convergence of two of the most transformative technologies–Artificial Intelligence (AI) and smart materials. This study analyzes their integration in CI across multiple sectors using a multisectoral case study approach covering transportation systems, power grids, water and wastewater networks, and buildings. Inspired by real-world applications, this study demonstrates how the empirical conjoinment of AI’s analytical capabilities and the responsive properties of smart materials enables systems that are inherently self-aware, adaptive, agile, and resilient. The findings from case studies show significant performance gains, viz., AI-enabled traffic optimization reduces congestion and emissions by 25–40%; predictive maintenance prevents up to 72% of failures while lowering costs by 30–48%; and self-healing materials extend asset lifecycles by 25–40%. This integration, however, also introduces challenges, including data interoperability issues, cybersecurity vulnerabilities, and regulatory gaps. Greater reliance on automation can increase exposure to cyberattacks, data breaches, and unforeseen system deviations. AI systems are trained to anticipate failures and adjust dynamically. Successful adoption requires a multidisciplinary strategy that couples technical innovation with strong governance, continuous risk assessment, and stakeholder collaboration. With proper safeguards, AI can substantially enhance CI reliability, efficiency, and adaptability. Ultimately, the strategic convergence of AI and smart materials represents a paradigm shift in civil engineering, enabling real-time data analysis, predictive maintenance, automated decision-making, and rapid anomaly detection. Such insights are crucial for guiding engineers, policymakers, and CI managers in advancing the development of intelligent and resilient infrastructure systems. © The Author(s), under exclusive license to Springer Nature Switzerland AG 2026.","Artificial intelligence; Civil engineering; Critical infrastructure; Digital twins; Predictive maintenance; Self-healing concrete; Shape memory alloys; Smart materials; Structural health monitoring","Anomaly detection; Decision making; Interoperability; Life cycle; Predictive analytics; Predictive maintenance; Public works; Strategic materials; Structural health monitoring; Traffic congestion; Case study approach; Health monitoring; Memory alloy; Power grid networks; Predictive maintenance; Self-healing concretes; Shape-memory; Structural health; Transportation system; Water and wastewater; Critical infrastructures","Conference paper","Final","","Scopus","2-s2.0-105048770245"
"Flores M.F.; de Fraga A.P.; de Oliveira J.P.M.; Machado A.; Maran V.","Flores, Matheus Friedhein (57219132948); de Fraga, Aline Padilha (57208565147); de Oliveira, José Palazzo M. (15847751900); Machado, Alencar (57196572786); Maran, Vinícius (6505629860)","57219132948; 57208565147; 15847751900; 57196572786; 6505629860","PescIA: A Chatbot Applied to Specialized Courses in the Fishing Field","2026","International Conference on Computer Supported Education, CSEDU - Proceedings","3","","","1983","1993","0","10.5220/0014921500004021","https://www.scopus.com/pages/publications/105045118239?origin=resultslist","The Brazilian fishing sector is heavily regulated, requiring vessels to meet a series of registrations, certifications, and hygiene and sanitation standards to operate and market fish, especially when there is interest in accessing foreign markets. Despite the existence of open courses and training initiatives, many fishing workers still face difficulties in understanding and applying these regulations, partly due to the complexity of the rules and the heterogeneous profile of the public involved. In this scenario, this study proposes the use of an Artificial Intelligence (AI)-based chatbot as a learning support tool in the context of hygiene and sanitation courses, offering quick answers, simplified language, and organization of regulatory content. The proposal was developed taking as a reference the distance learning course, which uses the National Platform of the Fish Industry (PNIP) for practical activities. A functional prototype was implemented to simulate the use of the chatbot in the Virtual Learning Environment, demonstrating how it can assist in understanding topics such as regulations, best practices on board, fish transport, and legislative updates. It is believed that the solution can reduce recurring doubts, facilitate access to critical information, and support the training of professionals in the sector. To evaluate the proposal, it is intended to conduct tests with users in real-world consultation scenarios, as well as collect perceptions on usability, clarity of responses, and impact on learning. © 2026 by SCITEPRESS – Science and Technology Publications, Lda.","Chatbots; Fishery Industry; Professional Training; Regulatory Compliance","Artificial intelligence; Computer aided instruction; Curricula; E-learning; Engineering education; Environmental regulations; Fish; Fish detectors; Fisheries; Fishing (oil wells); Fishing vessels; Information systems; Information use; International trade; Learning systems; Personnel training; Sanitation; Virtual reality; Chatbots; Distance learning course; Fishery industry; Foreign markets; Functional Prototypes; Learning support tool; Professional training; Simplified languages; Virtual learning environments; Workers'; Regulatory compliance","Conference paper","Final","All Open Access; Gold Open Access","Scopus","2-s2.0-105045118239"
"Samuel S.A.; Beardsworth R.; Spaiser V.","Samuel, Susan Ann (58993305900); Beardsworth, Richard (26038937100); Spaiser, Viktoria (53865684000)","58993305900; 26038937100; 53865684000","Climate Futures Across Disciplines: A Next Generation Approach","2026","Climate Futures across Disciplines: a Next Generation Approach","","","","1","240","0","10.4324/9781003583813","https://www.scopus.com/pages/publications/105039739286?origin=resultslist","Climate Futures Across Disciplines explores the multifaceted nature of climate futures, showcasing how early-career researchers are helping to pioneer what innovation in academia might look like. The volume shows how emerging scholars can sustain disciplinary rigour while engaging wider ecological, political, societal, and perceptual concerns. Instead of treating climate change purely as scientific or policy analysis, the book approaches future-oriented thinking as a domain of imagination, design, and governance. Initial chapters translate climate change into lived or felt experience through creative performance, visual practice, and palaeoclimate analogues, then move to infrastructure design, fair transport decarbonisation, renewable energy markets, and inclusive water governance. The final section considers governance, law, and institutional responsibility, illustrating how climate futures unfold in sanitation systems, mining towns, carbon markets, and environmental rights frameworks. Throughout, contributors emphasise that climate futures are lived, negotiated, and unevenly experienced. Their analyses foreground justice, lived experience, and practical insight, while recognising the need for future research that connects grounded practices to accelerating risks and inequalities. Breaking academic barriers to inspire new and innovative research approaches, this book will be of interest to students and scholars of social justice, environmental justice, climate justice, and human rights, as well as to policymakers, activists, NGOs, and public interest lawyers. © 2026 selection and editorial matter, Susan Ann Samuel, Richard Beardsworth, and Viktoria Spaiser; individual chapters, the contributors. All rights reserved.","","Climate change; Commerce; Environmental regulations; Public policy; Renewable energy; Creative performance; Decarbonisation; Infrastructure design; Mining towns; Palaeoclimate; Policy analysis; Renewable energy markets; Sanitation systems; Scientific analysis; Water governance; Sanitation","Book","Final","","Scopus","2-s2.0-105039739286"
"Singh L.; Komal; Gupta G.D.; Jain S.; Singh S.","Singh, Lovekesh (57640717300); Komal (59213429900); Gupta, G.D. (60690640500); Jain, Sanchi (60690684400); Singh, Shamsher (56177241100)","57640717300; 59213429900; 60690640500; 60690684400; 56177241100","Epidemiological, Preclinical, and Clinical Status: Targeting Metals’ Role and Health Status","2026","Metals and Neurological Disorders: Exploring Neurotoxicity Mechanisms and Receptor Targets","","","","63","80","0","10.2174/9798898815257126010006","https://www.scopus.com/pages/publications/105041900951?origin=resultslist","Healthcare outcomes heavily depend on epidemiological methods because they enable people to understand disease causes and distributions, as well as disease mechanisms. The research conducted in laboratories simultaneously runs clinical trials to study disease patterns and identify risks before confirming the safety and effectiveness of medications. Human health heavily depends on the regulation of essential metals, including iron, zinc, copper, and manganese, because improper levels can lead to serious medical problems. Neuroprotective mechanisms are activated in response to metabolic disturbances, leading to key events that cause cell death. Iron deficiency anemia, hemochromatosis, Wilson’s disease, and Menkes disease are all inherited conditions that are exclusively caused by imbalances in body metals. As a result of factors such as genetics, environmental factors, and dietary habits, the prevalence rates of these illnesses vary among metal groups and regions. The severe health challenges caused by heavy metal toxins like lead, mercury, and cadmium affect multiple organs during prenatal growth and infancy because they appear in both industrial areas and natural environments. When coupled with inadequate sanitation and restricted medical access, these health issues are effectively addressed by the combination of drug-resistant parasitic diseases. In laboratories, the integration of mass spectrometry and atomic absorption spectrometry enables health professionals to detect metal imbalances, which in turn empowers physicians to prescribe specific medical treatments. International partnerships are necessary to resolve the security concerns of health security initiatives at the global level, as they are designed to prevent health disparities arising from parasitic infections and metal imbalance. © 2026, Bentham Books imprint.","Epidemiology; Global health security; Heavy metals; Iron deficiency anemia; Menkes disease; Metal homeostasis; Neuroinflammation; Neurooxidative stress; Wilson’s disease","Cell death; Clinical research; Diseases; Drug products; Iron; Medical applications; Medical problems; Nutrition; Global health; Global health security; Health security; Iron deficiency; Iron deficiency anemia; Menke disease; Metal homeostasis; Neuroinflammation; Neurooxidative stress; Wilson’s disease; Epidemiology","Book chapter","Final","","Scopus","2-s2.0-105041900951"
"Nasrin R.; Ali M.M.; Ahmed A.; Rahman A.","Nasrin, Rubaya (60436534600); Ali, Mir Mohammad (57214142357); Ahmed, Ali (56427059100); Rahman, Ataur (56234266400)","60436534600; 57214142357; 56427059100; 56234266400","Water at the Crossroads: Challenges and Opportunities for SDG Integration in Bangladesh","2026","Lecture Notes in Civil Engineering","822 LNCE","","","879","892","0","10.1007/978-3-032-18708-6_78","https://www.scopus.com/pages/publications/105031889212?origin=resultslist","Water plays a crucial role in achieving the Sustainable Development Goals (SDGs), particularly SDG 6, which focuses on Clean Water and Sanitation. This goal influences various areas such as health, food security, gender equality, climate resilience, and ecosystems. In Bangladesh, the challenges posed by climate change, rapid urbanization, industrial growth, and agricultural needs have made water governance a double-edged sword offering both a chance for development and a significant risk. This review brings together evidence on ecological pressures like salinity intrusion, groundwater depletion, and ecosystem degradation, as well as the socioeconomic inequalities in access, affordability, and health. It also points out the fragmented institutional landscape that hampers effective coordination among different ministries and policies. While Bangladesh has made strides in improving access to water and sanitation, national statistics often mask local issues such as contamination, seasonal shortages, and the heavier burdens faced by women and marginalized communities. The analysis emphasizes that global SDG metrics fall short in capturing these intricate realities, highlighting the need for participatory, context-aware, and detailed indicators. On a positive note, there are opportunities for improvement through digital monitoring, community involvement, nature-based solutions, and cleaner industrial practices, particularly in the ready-made garment sector. Ultimately, we argue that water should be viewed as a key lever for integrating the SDGs: without coordinated governance and strategies focused on equity, progress may become fragmented. However, with adaptive and inclusive policies, Bangladesh has the potential to turn its vulnerabilities into avenues for resilience and sustainability. © The Author(s), under exclusive license to Springer Nature Switzerland AG 2026.","Bangladesh; Climate resilience; Policy integration; Sustainable Development Goals; Water governance","Climate change; Economics; Ecosystems; Health risks; Public policy; Sustainable development goals; Bangladesh; Clean waters; Climate resilience; Food security; Gender equality; Health foods; Industrial growth; Policies integrations; Rapid urbanizations; Water governance; Sustainable development","Conference paper","Final","","Scopus","2-s2.0-105031889212"
"Putra I.D.G.A.D.; Adhika I.M.; Aritama A.A.N.","Putra, I. Dewa Gede Agung Diasana (57193956709); Adhika, I. Made (57221477494); Aritama, Anak Agung Ngurah (59294427800)","57193956709; 57221477494; 59294427800","Sustainability and Fire Protection of Urban Housing in Denpasar and Kuta","2026","IOP Conference Series: Earth and Environmental Science","1589","1","012067","","","0","10.1088/1755-1315/1589/1/012067","https://www.scopus.com/pages/publications/105035434521?origin=resultslist","Urban areas that are quickly becoming popular with tourists and people who want to live there face a lot of problems when it comes to ϐire safety and sustainable development. This study investigates the complex relationship between sustainability and ϐire protection in two distinct urban settlements in Bali, Indonesia. This study examines two urban settlements: Denpasar, the administrative and residential capital of Bali, and Kuta, a lively blend of high-tourism commercial and residential zones. This study used a comprehensive mixed-methods approach that included geospatial analysis, on-the-ground building-inventory surveys, ϐive years of municipal ϐire incident records, and in-depth stakeholder interviews with local ϐire departments and community leaders. Our goal was to ϐind patterns in the spatial distribution of ϐire risk, ϐind important gaps in governance and infrastructure, and ϐind ways to effectively include ϐire safety measures in larger plans for making cities more sustainable. Key ϐindings show that densely populated informal settlements, like Kuta, with narrow access roads, limited water supply infrastructure, and a mix of land uses, create areas with a very high risk of ϐire. On the other hand, Denpasar has more established municipal systems, but its older village neighborhoods, where traditional building materials and dense layouts are common, have a lot of areas with a higher risk. This study suggests a comprehensive framework that methodically synchronizes land-use planning, rigorous enforcement of building regulations, proactive community preparedness initiatives, and strategic investments in green infrastructure. The goal of this framework is to not only greatly lower the risk of ϐire, but also to help achieve important sustainability goals like safe housing, resilient infrastructure, and fair urban services at the same time. © 2026 Institute of Physics Publishing. All rights reserved.","disaster risk reduction; integrated ϐire protection; sustainability; Urban ϐire risk; vulnerability assessment","","Conference paper","Final","All Open Access; Gold Open Access","Scopus","2-s2.0-105035434521"
"Abass S.; Abbas U.; Abbass M.; Akhai S.","Abass, Sana (59884478900); Abbas, Uzma (59887302100); Abbass, Mahapara (57223910471); Akhai, Shalom (58966066200)","59884478900; 59887302100; 57223910471; 58966066200","Empowering Water and Sanitation Rights Through Digital Justice, Legal Reform, and Inclusive Governance","2026","Championing Civil Rights in the Digital Era","","","","193","231","0","10.4018/979-8-3693-3920-6.ch008","https://www.scopus.com/pages/publications/105032386784?origin=resultslist","This chapter examines how digital justice, legal reform, and inclusive governance can be harnessed to advance equitable access to water and sanitation as essential human rights. It draws upon international legal instruments such as the ICESCR and the UN Watercourses Convention to explore how digital technologies, regulatory innovation, and smart infrastructure can support rights- based water and sanitation systems. Emphasis is placed on the intersection of environmental justice, digital inclusion, and legal empowerment in addressing systemic inequalities that affect marginalized populations. The chapter highlights how data- driven governance and public- private collaboration can improve transparency, accountability, and accessibility in service delivery. By framing water and sanitation access within the evolving discourse on civil rights in the digital era, the chapter advocates for forward- looking, interdisciplinary strategies that integrate law, technology, and sustainable development to build inclusive and resilient infrastructure. © 2026 by IGI Global Scientific Publishing.","","Environmental regulations; Sustainable development; Digital technologies; Environmental justice; Equitable access; Human rights; Innovation infrastructures; Legal instruments; Legal reform; Sanitation systems; Smart infrastructures; Water system; Sanitation","Book chapter","Final","","Scopus","2-s2.0-105032386784"
"Sayiwal S.; Joshi M.C.; Garhwal Y.S.","Sayiwal, Shalini (60632627200); Joshi, Mahesh Chandra (56970519300); Garhwal, Yogita S. (60633070900)","60632627200; 56970519300; 60633070900","Jaipur on the Smart Track: A Citizen-Centric Review of the Smart City Vision","2026","Springer Proceedings in Business and Economics","","","","477","485","0","10.1007/978-981-95-4200-0_27","https://www.scopus.com/pages/publications/105039180020?origin=resultslist","Urban development today encompasses more than infrastructure—it integrates technology, sustainability, and inclusive governance. Launched in 2015, India’s Smart City Mission aims to enhance urban living through modern infrastructure and citizen-centric planning. Jaipur, selected among 109 cities, balances historical significance with the pressures of rapid urbanization and infrastructural challenges. This study evaluates the Smart City Mission’s impact in Jaipur by analyzing implementation progress and public perception. Using both primary and secondary data, including a structured survey of 100 residents across varied demographics, the research assesses changes in urban services such as transport, sanitation, water supply, waste management, and digital governance. Findings reveal mixed outcomes: while there are notable improvements in waste collection, pedestrian infrastructure, and heritage conservation, gaps persist in areas like road conditions, public lighting, and digital platforms. Low public engagement with digital tools, limited awareness, and unequal access have hindered broader adoption and effectiveness. Challenges include inter-departmental coordination, funding constraints, and community resistance to change. Despite these, Jaipur shows potential through initiatives like smart mobility corridors, solar projects, and integration with national programs like Digital India. The paper recommends enhancing digital literacy, institutionalizing citizen feedback, and improving data-driven decision-making. It concludes that Jaipur’s smart city transformation must focus not only on infrastructure but also on quality of life, transparency, and inclusive growth. Balancing innovation with cultural heritage, Jaipur’s progress under the Smart City Mission demonstrates both achievements and areas requiring sustained attention. © The Author(s), under exclusive license to Springer Nature Singapore Pte Ltd. 2026.","Digital literacy; Green spaces; Smart City initiatives; Traffic management; Waste management","","Conference paper","Final","","Scopus","2-s2.0-105039180020"
"Wittmann F.","Wittmann, Florian (7005579717)","7005579717","Amazonian Freshwater Wetlands: Biodiversity, Livelihoods, and Conservation","2026","Wetlands of Tropical and Subtropical South and Central America: Biodiversity, Livelihoods and Conservation","","","","123","154","1","10.1002/9781394307166.ch06","https://www.scopus.com/pages/publications/105026427337?origin=resultslist","Amazonian freshwater wetlands vary in hydrology, fertility, and productivity and therefore offer different ecosystem services to humans. While the nutrient-rich large river wetlands along white-water rivers are intensely used for fisheries and agriculture, the other important Amazonian wetland types, such as large river wetlands along black-water and clear-water rivers, riparian wetlands along low-order streams, permanent inundated swamps, and hydromorphic white-sand savannas, are mostly oligotrophic and nutrient-poor and therefore offer only very specific resources and use types. Threats to all Amazonian wetlands are manyfold and increasing, and include deforestation, the construction of river dams, excavations, pollution through mining, pollution through industrial and domestic wastewater, agricultural activities, navigation, fishponds, and the unsustainable resource use of timber and further wetland resources. Climate change leads to higher water temperatures and increasing hydrological extremes, affecting aquatic and floodplain organisms and trophic webs. The effective and integrative protection of Amazonian freshwaters at the landscape level demands national and transnational conservation policies for wetlands and freshwater biodiversity, considering the conservation of entire catchments, stream networks, rivers, and river floodplains. Priority actions should focus on avoiding deforestation and the pollution of waters and sediment by guaranteeing ecohydrological connectivity and the free flow of so far unchanneled and undammed rivers. This can be best achieved through a combination of top-down regulations by similar inclusion of Amazonian residents, and the implementation of community-based, sustainable management practices. © 2026 by John Wiley & Sons, Ltd. All rights reserved.","Fire; Flood pulse; Igapó; Low-order streams; Palm swamps; Ramsar Convention; Sustainable management várzea; White-sand forest","Agricultural economics; Aquatic organisms; Banks (bodies of water); Biodiversity; Conservation; Deforestation; Ecosystems; Fisheries; Floods; Nutrients; River pollution; Rivers; Sustainable development; Wetlands; Flood pulse; Freshwater wetlands; Igapo; Low order; Low-order stream; Palm swamp; Ramsar convention; Sustainable management; Sustainable management varzeum; White-sand forest; Catchments","Book chapter","Final","","Scopus","2-s2.0-105026427337"
"Nurunnabi M.; Haque S.","Nurunnabi, Mohammad (56017470200); Haque, Sanjida (56481165600)","56017470200; 56481165600","From Alma-Ata to SDG 2030: Lessons From Three Decades of Health Policy in South Asia","2026","World Medical and Health Policy","18","1","e70068","","","0","10.1002/wmh3.70068","https://www.scopus.com/pages/publications/105032892010?origin=resultslist","The evolution from Alma-Ata's vision of “Health for All by 2000” to the United Nations Sustainable Development Goals target of universal health coverage by 2030 represents a fundamental transformation in global health governance. This policy analysis traces health system evolution across eight South Asian nations from 1995 to 2025, examining shifts from selective primary healthcare to comprehensive health systems strengthening. Analysis reveals three distinct policy phases: structural adjustment and health sector reforms (1995–2005), targeted interventions under Millennium Development Goals (2005–2015), and integrated approaches toward SDG 2030 (2015–2025). While significant progress occurred in institutional frameworks, legislative reforms, and program implementation, fundamental tensions persist between vertical disease programs and horizontal system strengthening, public sector commitments and private sector growth, and global health priorities vs. local health needs. Key policy lessons include the critical importance of implementation capacity over design perfection, the constraining effects of path dependencies, and the need for sustained political commitment. The COVID-19 pandemic exposed both system vulnerabilities and adaptive capacities, catalysing digital health innovations and multi-sectoral coordination. Achieving SDG 2030 requires reconciling persistent policy contradictions through pragmatic approaches that balance market realities with health rights commitments, sustainable financing mechanisms that reduce out-of-pocket payments, and service delivery models that integrate vertical programs with horizontal strengthening. These findings provide WHO South Asia Region with evidence-based insights for supporting member countries in accelerating progress toward universal health coverage while addressing persistent health system fragmentation. © 2026 Policy Studies Organization.","health policy; health sector reform; health systems strengthening; policy analysis; primary health care; South Asia; sustainable development goals; universal health coverage","acquired immune deficiency syndrome; coronavirus disease 2019; evolution; global health; government; health care; health care personnel; health care policy; health equity; health infrastructure; hospital admission; human; insurance; live birth; malaria; maternal mortality; meta analysis; mortality; Note; organization and management; politics; Preferred Reporting Items for Systematic Reviews and Meta-Analyses; prescription; private sector; public sector; quality control; rural area; sanitation; socioeconomics; South Asia; sustainable development goal; systematic review; tuberculosis; urban area; World Health Organization","Note","Final","","Scopus","2-s2.0-105032892010"
"Buttazzi M.; Ciani F.","Buttazzi, Manuela (55508925200); Ciani, Francesco (60404432400)","55508925200; 60404432400","Stand-Alone FRP Stair Structure in a High Seismic Zone: A Case Study in a Post-earthquake Zone in Italy","2026","Lecture Notes in Civil Engineering","777 LNCE","","","493","501","0","10.1007/978-3-032-09399-8_47","https://www.scopus.com/pages/publications/105031521068?origin=resultslist","The use of fiber-reinforced polymer (FRP) composite materials proves to be an effective solution for structures requiring high chemical resistance, such as those in wastewater treatment facilities. This paper presents a case study involving the design and implementation of a stand-alone FRP stair structure, developed to provide access to a concrete inspection tank. The design was tailored to accommodate the geometric constraints of the existing concrete structure, including protrusions and spatial limitations due to the proximity of an area used by maintenance vehicles. Located in Emilia-Romagna, Italy—an area significantly affected by the 2012 earthquake—the structure was designed in compliance with the stricter seismic regulations introduced thereafter. Structural calculations addressed vertical maintenance loads, wind pressure, and seismic forces, in accordance with Italian standard D.M. 17 January 2018 (Technical Standards for Construction). The stair structure reaches a total height of 5.29 m, distributed across three ramps, and has a footprint of 4.26 × 4.93 m. The final landing includes a cantilevered section, enabling safe access to the tank without direct contact. The entire structure, including the grating, is constructed from FRP materials, with only the base connections and a few joints executed in stainless steel. This case highlights the advantages of FRP in harsh environments and under demanding structural requirements. © The Author(s), under exclusive license to Springer Nature Switzerland AG 2026.","GFRP gratings; GFRP multiple self-standing stairs; Pultruded GFRP structures; seismic action","Concretes; Fiber reinforced plastics; Stairs; Structural design; Case-studies; Fiber-reinforced polymers; Fibre reinforced polymers; GFRP grating; GFRP multiple self-standing stair; Pultruded GFRP structure; Seismic action; Seismic zones; Self standings; Stand -alone; Wastewater treatment","Conference paper","Final","","Scopus","2-s2.0-105031521068"
"Haddiya I.; Ramdani S.","Haddiya, Intissar (36247129200); Ramdani, Sara (58852459900)","36247129200; 58852459900","Technologies and Governance of the Adoption of Smart Healthcare Solutions for Urban Health Development","2026","Green Energy and Technology","Part F2003","","","659","694","0","10.1007/978-3-031-99001-4_32","https://www.scopus.com/pages/publications/105040220264?origin=resultslist","The rapid urbanisation of global populations presents complex challenges for healthcare systems, particularly in resource-limited and densely populated areas. Urbanisation amplifies existing health disparities, with informal settlements often lacking access to basic sanitation, healthcare, and infrastructure, thereby increasing the burden of preventable diseases. Recognising these challenges, technological advancements have emerged as pivotal solutions to bridge gaps in healthcare delivery and promote equitable health outcomes. Tools such as mobile health (mHealth) applications, wearable devices, and telemedicine platforms are increasingly employed to enhance disease surveillance, chronic condition management, and patient engagement, especially in underserved urban settings. Studies highlight the potential of the Internet of Medical Things (IoMT) in tracking vital signs and collecting real-time health data, enabling early intervention and personalised care. Moreover, frameworks like the Sustainable Development Goals (SDGs) emphasise the integration of health-focused technologies with broader urban planning efforts to address the social determinants of health and foster inclusive, sustainable urban environments. This study explores the integration of advanced technologies, including mobile health (mHealth), telemedicine, artificial intelligence (AI), and the Internet of Medical Things (IoMT), to address critical urban health needs. These technologies enhance healthcare delivery by enabling real-time monitoring, chronic disease management, and personalised care while bridging geographical and socioeconomic disparities. This chapter highlights key barriers to implementing smart healthcare solutions, such as data privacy concerns, interoperability issues, and the digital divide, which hinder equitable adoption. It emphasises the importance of sustainable urban planning aligned with frameworks like the Sustainable Development Goals (SDGs) and demonstrates through case studies how digital tools and community-based approaches have improved health outcomes. Interdisciplinary collaboration, equitable policies, and robust governance are identified as essential to fostering resilient urban healthcare systems. By addressing technological, infrastructural, and social determinants of health, smart healthcare innovations can transform urban public health, promoting efficiency, equity, and sustainability in a digital world. © The Author(s), under exclusive license to Springer Nature Switzerland AG 2026.","Artificial intelligence; Healthcare disparities; Mobile health; Smart healthcare; Urban health","Condition monitoring; Digital devices; Diseases; Electronic health record; Interoperability; mHealth; Sustainable development; Sustainable development goals; Urban planning; Wearable technology; Global population; Health disparities; Health outcomes; Healthcare delivery; Healthcare disparity; Healthcare systems; Rapid urbanizations; Smart healthcare; Social determinants of healths; Urban health; Telemedicine","Book chapter","Final","","Scopus","2-s2.0-105040220264"
"Khan S.; Khan F.","Khan, Salman (57214910610); Khan, Farhan (60142076100)","57214910610; 60142076100","Integrated Framework for Assessing Urban Water Security in Megacities under Hydrological Extremes","2026","Springer Water","Part F1310","","","87","97","0","10.1007/978-3-032-08411-8_6","https://www.scopus.com/pages/publications/105027551028?origin=resultslist","The concept of water security has been widely implemented in regional, national, and global contexts in recent years. Urban water security encapsulates water resource availability, equitable access, environmental sustainability, and safety from water-related disasters. Megacities around the globe, particularly in the developing world, have been encountering environmental challenges due to changing climate, rapid urbanisation, and accelerated population growth. In this paper, we develop and implement a framework for holistic water security assessment at the city level in the context of extreme events. The framework entails defining dimensions and their respective indicators and subsequently measuring those indicators using several variables to calculate the Water Security Index using a nexus approach. These indicators and their respective variables (sub-indicators) were selected based on the drivers, pressures, states, impacts, and responses (DPSIR) influencing urban water security in a mega city. The water supply dimension represents the quality, quantity, and access to potable water, whereas the water governance dimension refers to the administrative system as well as consumer awareness and support for water conservation. A city’s susceptibility to floods, droughts, cyclones, and the mitigation interventions is quantified in the water-related disasters dimension. The water environment represents the environmental needs of water and the pollution status of natural water bodies, and the water economy dimension relates to the economic aspects of urban water. Lastly, the sanitation and hygiene dimension measure the current state of overall hygiene and citizens’ health. The developed framework is then applied to assess the water security of a megacity using Karachi as a case study. © The Author(s), under exclusive license to Springer Nature Switzerland AG 2026.","Floods; Indicators; Karachi; Megacity; Water security","","Book chapter","Final","","Scopus","2-s2.0-105027551028"
"Kamara I.F.; Tengbe S.M.; Vandi M.; Ashubwe J.; Hailu B.; Fofanah B.D.; Anissette B.; Osborne A.; Tolhurst R.; Minssen T.","Kamara, Ibrahim Franklyn (57384203600); Tengbe, Sia Morenike (57549543900); Vandi, Morie (60700490300); Ashubwe, Jacklyne (59450250200); Hailu, Binyam (57210999092); Fofanah, Bobson Derrick (57542274300); Anissette, Busi (60647301700); Osborne, Augustus (57740557000); Tolhurst, Rachel (8833527700); Minssen, Timo (23100333700)","57384203600; 57549543900; 60700490300; 59450250200; 57210999092; 57542274300; 60647301700; 57740557000; 8833527700; 23100333700","Climate justice as a public health imperative: a perspective from Sierra Leone considering the 2025 International Court of Justice opinion","2026","Infectious Diseases of Poverty","15","1","59","","","0","10.1186/s40249-026-01460-7","https://www.scopus.com/pages/publications/105039908174?origin=resultslist","Climate change poses an escalating threat to health, livelihoods, and economic development in Sierra Leone, a coastal, low-income country highly dependent on rain-fed agriculture for sustenance and revenue. Rising temperatures, erratic rainfall, floods, landslides, sea-level rise, and coastal erosion disrupt food systems and damage infrastructure, subsequently entrenching poverty, with projected gross domestic product losses of up to 10% by 2050. The health impacts fall disproportionately on children, adolescents and young people, pregnant women, the elderly, and the urban poor, including increased vector- and water-borne diseases, heat-related morbidity, non-communicable diseases, malnutrition, mental illness, and gender-based violence, particularly in informal coastal settlements. Despite these risks, climate adaptation and mitigation remain weakly integrated across sectors. Conflicting policies, fragmented governance systems, inadequate domestic financing, and over-reliance on unpredictable donor support undermine implementation of existing frameworks such as the National Adaptation Programme of Action. An example of policy conflicts is the extractive-sector priorities directly countering those of environmental protection and public health. This correspondence interrogates global and local institutional readiness to mitigate climate-related health risks, drawing on the WHO Operational Framework for Climate-Resilient Health Systems and the multidimensional climate justice approach. Using the July 2025 International Court of Justice advisory opinion on climate change as a legal and moral anchor, we argue for urgent, health-centred, and justice-oriented climate actions. We highlight the need for strengthened cross-sectoral governance, community-level implementation, and legal accountability, particularly in securing international climate financing for adaptation as part of States’ human rights obligations under the United Nations Framework Convention on Climate Change Loss and Damage Framework. We contend that the International Court of Justice opinion provides Sierra Leone with a critical new basis to advocate for international support to protect the fundamental right to health. © The Author(s) 2026.","Adaptation; Africa; Climate change; Extreme weather patterns; International Court of Justice; Mitigation; Sierra Leone; Vulnerability","Climate Change; Humans; Public Health; Sierra Leone; carbon monoxide; rain; adaptation; afforestation; agricultural productivity; agriculture; air pollution; air quality; anemia; Anopheles; antibiotic resistance; antimicrobial stewardship; anxiety; asthma; bacterial growth; benchmarking; carbon footprint; cardiovascular disease; cholera; climate; climate adaptation; climate change; community; cost benefit analysis; court; deforestation; dehydration; depression; diarrhea; disability; disease burden; drought; economic development; economic vulnerability; ecosystem; electricity; environmental vulnerability; epidemic; extreme weather; fetus growth; fishery; flooding; food industry; food insecurity; food security; forest; gender based violence; gene transfer; government; greenhouse gas emission; gross national product; health care; health care personnel; health education; health hazard; health outcome; health service; healthcare associated infection; heart failure; heat stress; household income; human; hydropower; immune system; incineration; infrastructure; justice; landslide; Letter; low birth weight; low income country; malaria; malnutrition; maternal nutrition; mental disease; migrant; mitigation; morality; morbidity; non communicable disease; nutrition; physical activity; pollutant; pollution; poverty; precipitation; pregnancy outcome; pregnant woman; prenatal care; prevalence; productivity; public health; respiratory tract infection; right to health; risk management; sanitation; sea level rise; Sierra Leone; social inequality; socioeconomics; spatial analysis; sustainable development goal; sustenance; temperature; topography; trend study; urban area; urbanization; vulnerability; waste management; water borne disease; water supply; wetland; climate change","Letter","Final","All Open Access; Gold Open Access; Green Open Access","Scopus","2-s2.0-105039908174"
"","","","Retraction: “Exploring Water Supply Challenges to Selected Villages of Greater Giyani Municipality in Limpopo Province, South Africa”","2026","Journal of Asian and African Studies","61","5","","4409","4410","0","10.1177/00219096261466037","https://www.scopus.com/pages/publications/105044228505?origin=resultslist","At the request of Sage and the Journal Editor, the following article has been retracted:López DE, Van der Merwe C (2018) Water service delivery in post-apartheid South Africa: challenges and progress across provinces. South African Journal of Water Research 44(2): 89–101.Moloi M (2017) Water governance in South Africa’s homelands: historical perspectives and contemporary implications. African Journal of Public Affairs 9(1): 45–62.Wright A (2014) Riparian rights and water management in South Africa: historical context and current practices. Water International 39(4): 523–534Mathe T (2018) Assessing the impact of the Comprehensive Rural Development Programme in Limpopo, South Africa: a case study of Muyexe Village. African Journal of Rural Development 3(1): 1–12.Matimolane S (2021) Locations of the 25 selected villages in the Greater Giyani Municipality (GGM) [Map]. Scale approximately 1:400,000. Created using ArcView GIS 9.3. Potchefstroom, South Africa: North-West University.Moyo S, Mlambo C (2020) Water access and inequality in South Africa: a case study of indigent communities. Water International 45(5): 445–459.Schwartz K, Naidoo K (2019) Access to water: understanding public standpipes in Urban South Africa. Water Policy 21(3): 489–506.Sibanda M, Gama D (2020) Water supply challenges in rural South Africa: a case study of hillside communities. Journal of Water Resource and Protection 12(6): 532–546.Thompson L (2019) The legacy of apartheid on water access in South Africa. Journal of African Studies 45(3): 120–135. Matimolane, S., Selane, L., & Mathivha, F. I. (2026). Exploring Water Supply Challenges to Selected Villages of Greater Giyani Municipality in Limpopo Province, South Africa. Journal of Asian and African Studies, 61(2). https://doi.org/10.1177/00219096241303946. © The Author(s) 2026","","","Erratum","Final","","Scopus","2-s2.0-105044228505"
"Scheffran J.","Scheffran, Jürgen (6603132062)","6603132062","THE WATER-SECURITY NEXUS BETWEEN CONFLICT AND COOPERATION","2026","Environmental Security: Approaches, Issues and Actors, Second Edition","","","","149","167","0","10.4324/9781032620862-12","https://www.scopus.com/pages/publications/105027363072?origin=resultslist","Water security requires sufficient access to safe water supply to ensure human needs, well-being and livelihood. Degrading the quality and quantity of water resources contributes to disputes and conflicts as well as the need for cooperation. A conceptual framework integrates water resources and security in the context of climate-society interaction, combining quantitative and qualitative factors, mechanisms and drivers. Multiple dimensions and perspectives of water security connect to different forms of social interaction from conflict to cooperation. Contrary to simple claims of scarcity-driven water wars, there are more complex relationships and pathways between water stress and security risks, including climate change impacts on water systems (hazard, exposure, vulnerability and adaptation), socio-economic dynamics (water access, infrastructure, distribution, marginalization and competition), and political responses (dispute, protest, migration, securitization, conflict, violence, hydro-hegemony, geopolitical power games, water as target and weapon). Water security can be strengthened by efficient, sufficient and fair use of water meeting human needs, risk reduction, joint water management and governance synergizing resilience, sustainability and environmental peacebuilding. © 2026 selection and editorial matter, Rita Floyd and Richard A. Matthew; individual chapters, the contributors.","","Climate change; Competition; Sustainable development; Conceptual frameworks; Conflict and cooperation; Human needs; Multiple dimensions; Qualitative factors; Quantitative factors; Safe water; Water security; Waters resources; Well being; Water management","Book chapter","Final","","Scopus","2-s2.0-105027363072"
"Dunga K.E.","Dunga, Kingsley Excel (57792167500)","57792167500","Waterborne Diseases and Public Health: Risks and Interventions","2026","Springer Water","Part F1314","","","87","112","1","10.1007/978-3-032-10602-5_4","https://www.scopus.com/pages/publications/105028523600?origin=resultslist","Waterborne diseases remain a pressing global health issue, accounting for approximately 485,000 deaths annually from diarrheal illnesses and affecting over 2 billion people who lack access to safe drinking water. These figures highlight the critical relationship between water quality, sanitation, and public health outcomes, especially in low-resource settings. This chapter focuses on identifying long-term, sustainable interventions for preventing and managing waterborne diseases through a multifaceted, integrated public health approach. The findings emphasize that effective disease control requires combining infrastructure development with household-level water treatment, improved sanitation, and widespread hygiene education. Advanced surveillance techniques, including the use of Geographic Information Systems, play a vital role in mapping high-risk areas and informing targeted interventions. Moreover, the chapter explores how environmental changes, seasonal variability, and the rise of antibiotic-resistant pathogens complicate waterborne disease dynamics, necessitating adaptive strategies. It stresses the importance of international collaboration, policy alignment, and stakeholder engagement in supporting resilient water systems. Community-centered initiatives, culturally informed health campaigns, and ongoing monitoring contribute to long-term success. The chapter also presents case studies that demonstrate the effectiveness of integrated approaches, particularly when backed by robust governance and cross-sectoral cooperation. Therefore, safeguarding public health from waterborne diseases demands a comprehensive framework that bridges infrastructure, behavior change, innovation, and policy. © The Author(s), under exclusive license to Springer Nature Switzerland AG 2026.","Climate change; Community engagement; Disease prevention; GIS surveillance; Health policy; Public health; Safe drinking water; Sanitation; Waterborne diseases","","Book chapter","Final","","Scopus","2-s2.0-105028523600"
"Izah S.C.; Jacob D.E.; Alum E.U.; Fayiah M.","Izah, Sylvester Chibueze (55657319000); Jacob, Daniel Etim (58626267000); Alum, Esther Ugo (57205654369); Fayiah, Moses (57210733104)","55657319000; 58626267000; 57205654369; 57210733104","Water Safety in Sub-Saharan Africa","2026","Springer Water","Part F1314","","","245","271","0","10.1007/978-3-032-10602-5_9","https://www.scopus.com/pages/publications/105027014218?origin=resultslist","Water safety is a critical public health and development challenge in Sub-Saharan Africa, where millions lack reliable access to safe drinking water. This chapter examines the status, determinants, and impacts of water safety in the region, focusing on the quality and availability of water sources, contamination risks, and the associated burden of waterborne diseases. Drawing on empirical studies and regional data, it highlights key threats including microbial pathogens, chemical pollutants, inadequate infrastructure, climate variability, urbanization, and displacement. Case studies from countries such as Rwanda, Ghana, Nigeria, and the Horn of Africa illustrate both progress and persistent barriers to water safety. The chapter reviews relevant policy frameworks, such as the WHO Water Safety Plans and regional commitments to Sustainable Development Goal 6, and evaluates community-based and technological interventions aimed at improving water quality. Institutional capacity gaps, fragmented governance, and limited data systems are identified as core obstacles to sustained improvement. The chapter concludes with actionable recommendations focused on strengthening water governance, scaling up investment in infrastructure and hygiene education, and promoting multisectoral collaboration for sustainable, equitable water access. © The Author(s), under exclusive license to Springer Nature Switzerland AG 2026.","Climate change; Environmental health; Public health; Rural water supply; Sanitation; Sub-Saharan Africa; Water governance; Water policy; Water safety; Waterborne diseases","","Book chapter","Final","","Scopus","2-s2.0-105027014218"
"Hamza N.H.T.","Hamza, Noha H.T. (60709484900)","60709484900","Focal Box 3: Water. Flows of Power and Networks of Solidarity","2026","‘The Revolution Continues’: December’s Long March for a Fairer Sudan","","","","171","173","0","10.1007/978-3-031-98103-6_9","https://www.scopus.com/pages/publications/105042702084?origin=resultslist","Water is a central resource in Sudan for the production and reproduction of both the rural (pastoralists and farmers) and urban populations. Despite the importance of the waters of the Nile, since early times, due to the constraints imposed by aridity, seasonality, and a lack of infrastructure, Sudanese communities have had to rely on varied and complex socio-technical systems supported by traditional knowledge and principles of water-sharing in order to guarantee that their needs will be satisfied. British colonisation was a milestone in the country’s waterscape: first, it designed a new role for the State, which became a major actor in the regulation and modernisation of water resources, prioritising economic productivity through the construction of dams-beginning with the Sennar Dam on the Blue Nile (1925) and the Jezira Scheme for cotton cash crops, the largest in the world. Second, it fostered a new “moral economy” of expert bureaucracies that upset livelihoods, legitimised displacement, and undermined the autonomy of local communities regarding access to water and its use. The first post-colonial governments pursued policies that favoured huge infrastructures, regardless of the increasing awareness of their ecological and social costs, and they were maintained alongside a lack of attention to problems with the domestic water supply, which were mitigated in rural or peri-urban settings by the communities’ hold on small-scale water systems (wells, ?afir reservoirs, karro water carts) and water solidarity networks. © The Author(s), under exclusive license to Springer Nature Switzerland AG 2026.","","Reservoirs (water); Rural areas; Water resources; Blue Nile; Cash crops; Colonisation; Economic productivity; Power; Seasonality; Sociotechnical systems; Traditional knowledge; Urban population; Waters resources; Crops","Book chapter","Final","","Scopus","2-s2.0-105042702084"
"Kesharwani S.; Singh A.","Kesharwani, Siddhi (60601821300); Singh, Abhishek (60601865400)","60601821300; 60601865400","Climate extremes in agriculture: Managing drought and flood challenges","2026","Global Drought and Sustainability","","","","65","86","0","10.1016/B978-0-443-44625-2.00003-5","https://www.scopus.com/pages/publications/105036938397?origin=resultslist","The intensifying climate variability amplifies the coupled drought and flood risks, exposing the limits of fragmented, infrastructure-only water strategies. This work aims to develop a drought-first, flood-aware framework that stabilizes water supply, reduces disaster losses, and strengthens equitable livelihoods across rural and urban settings, and to translate episodic flood surpluses into dependable reserves for dry periods while safeguarding ecological flows and public health. The chapter synthesizes case evidence, established hydrologic tools, runoff estimation, reservoir routing, channel capacity analysis, operational rule curves, hedging strategies, and nature-based measures. It evaluates strategic floodwater utilization (check dams, infiltration basins, managed aquifer recharge), multipurpose reservoir operations, and decentralized energy-water systems (micro-hydro with water-lifting) under explicit maintenance and governance scenarios. Integrated measures increased drought reliability by improving groundwater banking, irrigation efficiency, and demand management, while reducing flood damages through floodplain restoration, adaptive releases, and safe conveyance. Performance gains were contingent on routine operation and maintenance, locally anchored technical capacity, transparent allocation rules, and inclusive community engagement. Equity screening improved benefits targeting and reduced disproportionate impacts on vulnerable groups during deficits and inundation. A coordinated program centered on conservation, reuse, recharge, and dependable upkeep converts hydrologic variability into managed supply, narrowing the gap between scarcity and excess. Such integration provides a practical pathway to durable water security, safeguarding production and ecosystems under increasingly volatile hydroclimates. © 2026 Elsevier Inc. All rights reserved.","Environmental management; Hydrology; Natural resource management; Sustainable development; Water management","Drought; Economics; Ecosystems; Flood control; Flood damage; Groundwater resources; Reservoir management; Reservoirs (water); Water management; Climate extremes; Climate variability; Drought risks; Dry periods; Flood risks; Reduce disasters; Resource management; Rural and urban; Urban settings; Waters managements; Environmental management; Sustainable development","Book chapter","Final","","Scopus","2-s2.0-105036938397"
"Kumar C.S.; Manasa N.; Bhargavi G.; Pal A.","Kumar, Chunchu Suchith (57200787322); Manasa, Neroju (60778561300); Bhargavi, Guda (60342305200); Pal, Arunabha (57218206260)","57200787322; 60778561300; 60342305200; 57218206260","Smart Water Infrastructure","2026","Handbook of Artificial Intelligence in Water Management: Towards Net Zero Emissions","","","","163","180","1","10.1201/9781003547099-9","https://www.scopus.com/pages/publications/105028051796?origin=resultslist","Smart water infrastructure (SWI) is an innovative answer to the universal water issues- population growth, urbanization, industrial demands cross, and climate change exacerbating such challenges. SWI embraces advanced technologies such as Internet of Things (IoT), artificial intelligence (AI), automation, and cloud computing that allow more dynamic and responsive systems instead of the traditional systems that suffer unrecoverable losses, excessive energy, and degraded quality. It is already possible to reconfigure service delivery, minimize waste, optimize energy use, and achieve greater reliability than was used to be the case. The four main elements of SWI, which are IoT sensors, predictive analytics, automated controls, and central data storage, make early warning of leaks, demand, and supply management, and strategic management of certain resources possible. Since it seeks to solve fundamental problems such as non-revenue water and exposure to contamination, SWI is in support of the United Nation’s Sustainable Development Goals (SDGs), specifically, the clean water and sanitation goal stated in SDG 6 and the sustainable cities and climate action goals, SDG 11 and 13, respectively. Some of these successful implementations include the IoT solutions for water in Singapore, smart irrigation in India, or urban water networks in Barcelona, to name a few. All these examples promise a better reach, quality, and sustainability of services. However, there are limits in regional and global scale applications of SWI practices, such as high upfront costs, legacy systems, technological divide, or even concerns of data leakage. To tackle these, novel financial, governance, and human capital development approaches need to be implemented. Thanks to advancements in technology as well as the development of equitable strategies, SWI embodies the rationalization of water use in the present environment, which will be asymmetric in terms of environmental and social benefits for generations to come. © 2026 selection and editorial matter, Soufiane Haddout and Tonni Agustiono Kurniawan; individual chapters, the contributors.","","Digital storage; Economic and social effects; Economics; Environmental technology; Information management; Internet of things; Legacy systems; Sustainable development; Sustainable development goals; Advanced technology; Automated control; Cloud-computing; Energy use; Excessive energy; Industrial demands; Population growth; Service delivery; Traditional systems; Water infrastructure; Predictive analytics","Book chapter","Final","","Scopus","2-s2.0-105028051796"
"Dhaya R.; Renugadevi R.; Kanthavel R.; Ranjith Kumar P.","Dhaya, R. (36809011900); Renugadevi, R. (57564611400); Kanthavel, R. (36022444500); Ranjith Kumar, P. (53866599000)","36809011900; 57564611400; 36022444500; 53866599000","The Intelligent Drop: Challenges and Ethical Implementation of Smart Water Technologies in the Pursuit of SDG 6 and Global Water Security","2026","Smart Technologies for Sustainable Development Goals: Clean Water and Sanitation","","","","351","375","1","10.1201/9781003714774-19","https://www.scopus.com/pages/publications/105039409232?origin=resultslist","Access to clean and safe water remains a persistent global challenge, particularly in low- and middle-income countries. While Sustainable Development Goal 6 (SDG 6) calls for universal and equitable access to water and sanitation by 2030, achieving this target requires leveraging innovative, scalable, and intelligent technologies. Smart water systems, powered by Internet of Things (IoT) devices, artificial intelligence (AI), and real-time monitoring have the potential to revolutionize water management by optimizing distribution, detecting leakages, monitoring quality, and enhancing governance. However, the rapid deployment of these technologies raises critical ethical concerns related to data privacy, social equity, environmental impact, and governance accountability. This chapter provides a thorough examination of smart water technologies from an ethical and sustainable development perspective. It addresses critical technical, infrastructural, and policy issues and presents a four-principle ethical framework based on fairness, autonomy, nonmaleficence, and transparency. Real-world case studies from Singapore, India, South Africa, Israel, and the United States are examined to demonstrate the potential and drawbacks of smart water initiatives. The chapter concludes with actionable recommendations and outlines future research directions that center on participatory design, decentralized models, and culturally responsive innovation. This chapter provides a roadmap for developing inclusive, resilient, and responsible smart water solutions that match with SDG 6's goal by combining ethical foresight and digital innovation. © 2026 A. Jose Anand and Saravanan Krishnan.","","Data privacy; Environmental impact; Environmental technology; Ethical technology; Internet of things; Public policy; Sustainable development; Sustainable development goals; Clean waters; Equitable access; Global challenges; Innovative technology; Low income countries; Middle-income countries; Safe water; Universal access; Water security; Water technologies; Real time systems","Book chapter","Final","","Scopus","2-s2.0-105039409232"
"Gaudry A.; Colon M.; Baron C.","Gaudry, Alexandre (60238781500); Colon, Marine (15041804100); Baron, Catherine (26435116400)","60238781500; 15041804100; 26435116400","REVISITING: Off-grid, the New Water Supply Solution","2026","Best Practices in Global Water Policy: Revisiting Water Mantras","","","","231","243","0","10.4324/9781003745532-20","https://www.scopus.com/pages/publications/105045835192?origin=resultslist","Drawing on recent research, policy reports, and interviews, this chapter explores what the term ""off-grid"" – originally borrowed from the energy sector – means in the water sector. Off-grid water solutions encompass a wide range of arrangements, many of which have long existed to serve populations whose needs are unmet by water utilities. What has changed over the past decade, however, is the shift in perspective: once viewed as temporary fixes until network expansion, off-grid solutions are now increasingly seen as a desirable and sustainable option for achieving SDG 6.1 (universal access to safe and affordable drinking water). This chapter critically examines the expectations placed on off-grid solutions and reviews the challenges that must be overcome to position them as a viable alternative to centralised piped water supply. A key question emerges: How should public authorities adapt the governance and regulation of complex, fragmented water supply systems in order to ensure equity, continuity, quality, and protection of water resources? © 2026 selection and editorial matter, François Molle and Sylvain Barone.","","Energy policy; Water resources; Centralised; Energy sector; Network expansion; Off-grids; Recent researches; Research policies; Universal access; Water sector; Water solutions; Water utility; Water supply systems","Book chapter","Final","","Scopus","2-s2.0-105045835192"
"Pant R.R.; Gautam S.K.; Basnet N.; Awasthi M.P.; Joshi K.R.; Bishwakarma K.","Pant, Ramesh Raj (57199053512); Gautam, Surendra Kumar (57216269298); Basnet, Niru (59238254100); Awasthi, Mahesh Prasad (58746780100); Joshi, Keshab Raj (60619051200); Bishwakarma, Kiran (57222741402)","57199053512; 57216269298; 59238254100; 58746780100; 60619051200; 57222741402","Water Governance and Sustainable Development Goal 6: Strategies and Insights from Central Himalaya, Nepal","2026","Technologies in Developing Countries to Achieve Sustainable Development Goals","","","","49","76","0","10.1039/9781837677252-00049","https://www.scopus.com/pages/publications/105038150014?origin=resultslist","Nepal, with its diverse topography spanning the Tarai Hills and the Himalayas faces unique challenges in water governance. The federal structure of Nepal, comprising 7 provinces and 753 local levels, plays a crucial role in implementing strategies for sustainable water management and achieving Sustainable Development Goal 6 (SDG 6) targets. Water resources in Nepal stimulate the economy, supporting agriculture, hydropower, and fostering sustainability. This study focuses on the status, progress, and challenges in providing access to clean water, sanitation, and hygiene in alignment with SDG 6 in Nepal. Despite notable advancements, with 95.47% of households in 2021 having sanitation facilities, only 56.97% relied on tap/piped water. Challenges include inadequate water supply systems, climate-induced disasters, and coordination gaps among the three tiers of the Government. Enhancing governance mechanisms and aligning initiatives with SDG 6 are crucial strategies for achieving both national and global targets and involve focusing on stakeholder collaboration to ensure equitable water and sanitation access, as outlined in the Constitution of Nepal 2015 (Articles 30, 35) and in governance structures (Schedules 5–9). Implementing national water policies, establishing regulatory bodies, and promoting community-driven management are essential steps. Additionally, addressing institutional fragmentation and fostering hydro-diplomatic relations with neighbouring countries are vital. Enhanced financial support and capacity-building efforts are also necessary. By prioritizing sustainable water management, Nepal can achieve its SDG 6 goals by 2030. © The Royal Society of Chemistry 2026.","","Sustainable agriculture; Sustainable development; Sustainable development goals; Water conservation; Water management; Clean waters; Global targets; Governance mechanisms; Governance structures; Himalayas; Sustainable water management; Water governance; Water sanitation; Water-supply systems; Waters resources; Sanitation","Book chapter","Final","","Scopus","2-s2.0-105038150014"
"Fan Z.; Liu X.","Fan, Ziyue (60700097900); Liu, Xia (57545234800)","60700097900; 57545234800","The Application of Artificial Intelligence in Wastewater Monitoring and Treatment","2026","Procedia Computer Science","281","","","438","447","0","10.1016/j.procs.2026.04.235","https://www.scopus.com/pages/publications/105042392614?origin=resultslist","With increasingly stringent requirements for medical waste discharge and growing water quality fluctuations, traditional monitoring and treatment methods based on manual experience and preset control logic exhibit significant shortcomings in real-time perception, process regulation, and timely equipment fault monitoring, making it difficult to achieve refined, low-cost collaborative operation. In this respect, this paper develops a smart monitoring and treatment system of medical wastewater with a profound incorporation of artificial intelligence and the Internet of Things. Using a multi-source sensor network, continuous measurements of the indicators that are relevant like COD and ammonia nitrogen are realized. The aeration rate, chemical dosage, and sludge return ratio are optimized dynamically using ANN-GA algorithm and a 24-hour water quality trend prediction is performed with the use of LSTM/Transformer models. Simultaneously, CNN-LSTM model is presented to forecast the remaining equipment life and preventive maintenance decisions to achieve a closed-loop control of prediction-control-maintenance. Experimental findings indicate that the proposed model has less COD prediction RMSE of 9.75, high proportion prediction R2 of 0.957, and early warning improvement in the water quality prediction F1 of 0.93 than the traditional methods. The rate of effluent compliance improved to 99.2% as well, unit energy consumption reduced to 0.63 kWh/m3, and the chemical consumption rate per unit was lowered to 0.029 kg/m3. To the extent of operation and maintenance, the operation and maintenance had an extension of 4.6 days warning of equipment failure, unplanned downtime reduced to 2.1, and maintenance expenditure cut down to 27.3%. Studies have revealed that smart systems that are enabled by artificial intelligence have the potential to enhance the reliability, cost-effectiveness, and safety of medical wastewater treatment systems, which is a technical route through which medical facilities can obtain accuracy and sustainable functioning.  © 2026 The Authors.","Artificial Intelligence; Intelligent Monitoring; Medical Wastewater; Predictive Maintenance; Process Optimization","Automation; Closed loop control systems; Cost effectiveness; Effluents; Predictive maintenance; Preventive maintenance; Process control; Wastewater treatment; Water aeration; Intelligent monitoring; Medical wastes; Medical wastewater; Monitoring methods; Operations and maintenance; Predictive maintenance; Process optimisation; Quality fluctuations; Stringent requirement; Waste discharges; Forecasting","Conference paper","Final","All Open Access; Gold Open Access","Scopus","2-s2.0-105042392614"
"Jacob D.E.","Jacob, D.E. (58626267000)","58626267000","Education and Behavioral Changes for Safe Water Usage","2026","Springer Water","Part F1314","","","217","244","1","10.1007/978-3-032-10602-5_8","https://www.scopus.com/pages/publications/105026998830?origin=resultslist","Access to safe water is fundamental to public health, yet millions remain exposed to waterborne diseases due to unsafe water usage and sanitation practices. This chapter examines how education and behavioral change can serve as transformative tools in promoting safe water use at individual, household, and community levels. It explores the role of formal curricula, community-based campaigns, digital platforms, and emergency education in reshaping habits and fostering public awareness. The chapter applies behavioral theories such as the Health Belief Model, Theory of Planned Behavior, and Social Cognitive Theory to explain motivations and barriers influencing water practices. It also identifies key risk factors including socio-economic limitations, cultural beliefs, and gender roles. Case studies from global WASH programs highlight successful strategies like Participatory Hygiene and Sanitation Transformation (PHAST) and Community-Led Total Sanitation (CLTS). The chapter further addresses monitoring and evaluation mechanisms, outlining tools and indicators that assess progress. Finally, it presents institutional frameworks and policy recommendations for scaling and sustaining change. Through interdisciplinary integration of education, psychology, and community engagement, the chapter provides a holistic roadmap for fostering water-safe behavior. It concludes that without educational investment and sustained institutional support, infrastructure improvements alone cannot guarantee long-term water safety and public health outcomes. © The Author(s), under exclusive license to Springer Nature Switzerland AG 2026.","Behavioral change; Community engagement; Health education; Monitoring and evaluation; Safe water usage; Sanitation and hygiene (WASH); Socio-cultural barriers; Water; Water safety education","","Book chapter","Final","","Scopus","2-s2.0-105026998830"
"Tweneboah-Koduah E.Y.; Adams M.; Mann V.E.","Tweneboah-Koduah, Ernest Yaw (36497490800); Adams, Matilda (57208333089); Mann, Victoria Ekua (57204217771)","36497490800; 57208333089; 57204217771","Sustainable Consumption: The Role of Behavioral Change Strategies","2026","Palgrave Studies of Marketing in Emerging Economies","Part F2395","","","103","122","0","10.1007/978-3-032-27134-1_5","https://www.scopus.com/pages/publications/105049131081?origin=resultslist","Sustainable consumption is essential for achieving sustainable development, yet translating sustainability awareness into everyday consumer action remains a major challenge, particularly in developing countries. In Ghana, rising plastic waste, low recycling rates, sanitation pressures, and limited adoption of sustainable household practices illustrate the persistence of the sustainable consumption attitude–behavior gap. Although many consumers express concern for the environment and support sustainable lifestyles, their actual consumption decisions are often constrained by affordability, convenience, weak infrastructure, limited information, greenwashing, social norms, and low access to sustainable alternatives. This chapter examines how behavioral change strategies can help promote sustainable consumption in Ghana. It conceptualizes sustainable consumption as a multidimensional practice involving environmental protection, economic viability, and social well-being across the selection, use, and disposal of goods and services. Drawing on the Theory of Planned Behavior, Social Cognitive Theory, Social Learning Theory, the Transtheoretical Model, and the SHIFT framework, the chapter explains how attitudes, perceived control, self-efficacy, habits, emotions, social influence, and contextual conditions shape sustainable consumption behavior. It further discusses behavioral strategies such as nudging, default options, incentives, social norms, priming, and community-based interventions. The chapter argues that awareness creation alone is insufficient; sustainable consumption must be made easier, affordable, visible, socially desirable, and institutionally supported. By situating behavioral change within Ghana’s sustainability challenges, the chapter contributes to debates on how context-specific behavioral insights, policy support, and institutional partnerships can advance responsible consumption and Sustainable Development Goal 12. © The Author(s), under exclusive license to Springer Nature Switzerland AG 2026.","Attitude–behavior gap; Behavior change; Ghana; Nudging; SDG 12; Sustainable consumption","","Book chapter","Final","","Scopus","2-s2.0-105049131081"
"Irfan M.","Irfan, Mohammad (57221767823)","57221767823","Remote Sensing and Artificial Intelligence Driving Liquid Intelligence for Water Sustainability Financing","2026","Breakthroughs in Water Engineering, Treatment, and Hydraulics Through Nanomaterial Innovation","","","","227","249","0","10.4018/979-8-3373-5886-4.ch008","https://www.scopus.com/pages/publications/105039042136?origin=resultslist","Financing sustainable water andsanitation remains a criticalchallenge in achieving global development goals. Despite progress, billions still lack access to safe drinking water and adequate sanitation due to funding gaps, weak governance, and rising climate pressures. This paper, Liquid Intelligence Financing Water Sustainability throughRemote Sensing andArtificialIntelligence, explores how innovative financing models, including blendedfinance, microcredit, andpublic–private partnerships, can be strengthenedthroughtechnologicalintegration. Remote sensing provides accurate data on water resources, quality, and scarcity, while artificial intelligence enables predictive analytics, smart infrastructure management, and optimized investment decisions. Together, these tools enhance transparency, efficiency, and resilience in financing frameworks. The study argues that combining financial innovation with data-driven intelligence not only advances SDG 6 but also fosters equity, health, and long-term economic sustainability. Copyright © 2026, IGI Global Scientific Publishing. Copying or distributing in print or electronic forms without written permission of IGI Global Scientific Publishing is prohibited.","","Artificial intelligence; Information management; Investments; Remote sensing; Sustainable development; Sustainable development goals; Water resources; Financing model; Fundings; Global development; Private partnerships; Remote-sensing; Safe drinking water; Sustainable water; Water resources quality; Water scarcity; Water sustainability; Predictive analytics","Book chapter","Final","","Scopus","2-s2.0-105039042136"
"Mishra A.","Mishra, Abhishek (60773921400)","60773921400","Cybersecurity of SCADA/ICS Used in Water Management: Threats, Incidents and a Practical Defence Blueprint","2026","Smart Technologies for Water Sustainability and Policy","","","","293","311","0","10.1201/9781003742227-18","https://www.scopus.com/pages/publications/105046480607?origin=resultslist","Water and wastewater utilities rely on SCADA/ICS to run treatment and distribution, but modernization has exposed them to credible process risk. Internet-reachable HMIs, weakly governed remote access, flat networks, legacy platforms and vendor pathways enable adversaries—from “hacktivist” brands to state groups using living-off-the-land (LOTL) tradecraft—to alter setpoints, suppress alarms or force manual operations. Incidents across two decades and multiple countries (e.g., Maroochy, Oldsmar, Aliquippa; adjacent “fluids” cases like Colonial and TRITON) show how small configuration mistakes and governance gaps scale into environmental, safety or service impacts. This chapter consolidates lessons learnt and prescribes a practical, measurable blueprint aligned to NIST SP 800-82 and ISA/IEC 62443: remove exposure; segment with an Industrial Demilitarized Zone (IDMZ); govern remote operations with MFA, jump hosts and PAM/JIT access; deploy process-aware monitoring for LOTL behaviours and anomalous plant states; and rehearse backup, rebuild and manual operations. Executed over 12 months with clear KPIs and ownership, these controls deliver defensible architecture, faster detection and resilient recovery. © 2027 selection and editorial matter, Neha Sharma, Abhineet Anand, Abhishek Kumar, Rajeev Tiwari, Anupam Tiwari, and Prateek Thapar; individual chapters, the contributors.","","Cybersecurity; Information systems; Wastewater treatment; Cyber security; Flat networks; Manual operations; Process risks; Remote access; Setpoints; Wastewater utilities; Water and wastewater; Water utility; Waters managements; Blueprints","Book chapter","Final","","Scopus","2-s2.0-105046480607"
"Roy S.; Sowgat T.","Roy, Shilpi (57204960418); Sowgat, Tanjil (57190883528)","57204960418; 57190883528","Planning Challenges for Sustainable Cities in Bangladesh: A Radical Perspective","2026","Sustainable Development Goals Series","Part F2143","","","85","106","0","10.1007/978-981-95-7758-3_6","https://www.scopus.com/pages/publications/105042299511?origin=resultslist","This chapter offers a critical examination of sustainable urban development in Bangladesh, focusing on the paradox between economic growth and persistent urban challenges. Cities like Dhaka have become engines of national development, yet they remain plagued by deep-rooted issues such as socio-spatial inequality, inadequate infrastructure, environmental degradation, and poor service delivery. The chapter identifies that these problems are intensified by neoliberal planning models that prioritise economic efficiency and market-based solutions over social equity and environmental sustainability. Weak institutional capacities further hinder effective urban governance, leading to disjointed planning efforts and poor coordination among agencies. Although national policies and sustainability strategies claim to promote inclusive urban development, they often fail in practice due to a lack of financial resources, implementation capacity, and alignment with local needs. This is particularly visible in the rapid loss of green spaces, inadequate housing, and deficient access to clean water and sanitation services. The chapter ultimately calls for a fundamental shift away from growth-centric, externally driven development models. It advocates for equity-centred urban policies that are context-sensitive, locally informed, and designed to promote long-term sustainability and social justice in Bangladesh’s urban future. © The Author(s) 2026.","Bangladesh; Sustainable cities; Urban challenges; Urban policies; Urban planning","","Book chapter","Final","All Open Access; Hybrid Gold Open Access","Scopus","2-s2.0-105042299511"
"Bello-Bravo J.","Bello-Bravo, Julia (55553824000)","55553824000","Water for the Future or a Future for Water? SDG 6, Smart Water Technologies, and Sustainable Use","2026","Smart Technologies for Sustainable Development Goals: Clean Water and Sanitation","","","","376","390","1","10.1201/9781003714774-20","https://www.scopus.com/pages/publications/105039407023?origin=resultslist","While smart water technologies offer promising tools for advancing the global water security indicators of Sustainable Development Goal 6 (Clean Water and Sanitation), ethical discussions in this area rightly focus on access, privacy, and governance. However, a more fundamental question is often overlooked: Is the water being ethically delivered and monitored ultimately used for more sustainable purposes? Unlike other resources, water is often not consumed through use; instead, it is displaced, degraded, or sequestered, making it a paradoxical candidate for sustainability. This chapter argues that smart water ethics must include upstream evaluation of water’s end uses. It examines how ordinal ranking scales can help assess which uses of water are more or less sustainable over generational timescales, thereby informing policy- and decision-making about those uses. Framing water as a long-term investment, the chapter proposes that returns from smart water applications (particularly in municipal and industrial contexts) can be treated as ""savings"" and then allocated to water-insecure regions through infrastructure, social, and environmental development. In this way, the surplus from otherwise exclusively industrial/municipal smart water applications can benefit the rural/agricultural sectors, especially in the Global South. © 2026 A. Jose Anand and Saravanan Krishnan.","","Ethical technology; Investments; Sustainable development goals; Clean waters; End-uses; Indicators of sustainable development; Ordinal ranking; Sustainable use; Technology use; Time-scales; Water ethics; Water security; Water technologies; Sustainable development","Book chapter","Final","","Scopus","2-s2.0-105039407023"
"Irfan M.; Arora P.","Irfan, Mohammad (57221767823); Arora, Paridhi (60773899200)","57221767823; 60773899200","Liquid Assets: Financing Clean Water and Sanitation for Sustainable Development","2026","Innovations in Eco-Friendly Materials and Sustainable Energy","","","","371","388","0","10.4018/979-8-3373-6048-5.ch015","https://www.scopus.com/pages/publications/105046474668?origin=resultslist","Access to safe and sustainable water and sanitation continues to be a significant global concern. Many regions still struggle to provide reliable services because of limited financial resources, institutional weaknesses, and growing climate pressures on water supplies. This paper examines how financing approaches, including blended finance, microcredit, and public–private partnerships, can be strengthened through the practical application of technology. Tools such as remote sensing improve understanding of water availability and quality, enabling more informed planning and allocation of resources. In addition, advanced data analysis supports better risk evaluation, operational efficiency, and long-term infrastructure management. The study concludes that when financial strategies are supported by accurate data and sound governance, they become more transparent, accountable, and capable of attracting sustainable investment. Such an integrated approach supports universal access to water and sanitation while promoting public health, social equity, and long-term economic resilience. © 2027 by IGI Global Scientific Publishing. All rights reserved.","","Information management; Investments; Remote sensing; Risk analysis; Sustainable development; Clean waters; Financial resources; Liquid asset; Operational efficiencies; Public/private partnerships; Remote-sensing; Risk evaluation; Safe water; Sustainable water; Water availability; Risk assessment","Book chapter","Final","","Scopus","2-s2.0-105046474668"
"Gamage D.; Ranasinghe P.; Nagabhatla N.; Chandrasena N.; Jayasena C.","Gamage, Devmi (59750443900); Ranasinghe, Padmi (58617956500); Nagabhatla, Nidhi (16402524600); Chandrasena, Nadeeshani (60526527400); Jayasena, Chandra (60524938000)","59750443900; 58617956500; 16402524600; 60526527400; 60524938000","Toward SDG 6 in the Deduru Oya Basin, Sri Lanka: Assessing Localized Progress in Rural and Urban Settings","2026","Lecture Notes in Civil Engineering","727 LNCE","","","15","33","0","10.1007/978-981-95-0736-8_2","https://www.scopus.com/pages/publications/105033608812?origin=resultslist","Water is essential for society, the environment, and the economy. Achieving the Sustainable Development Goal 6 (SDG 6) targets is therefore critical for community, regional, and national development. The successful implementation of SDG 6 is underpinned by key pillars, including governance, finance, capacity development, and monitoring, which collectively form an effective operational framework. Good governance is a fundamental pillar of SDG 6. It comprises essential components such as policy formulation, legal framework development, strategic planning, coordination, funding, capacity building, data acquisition, monitoring, and regulation. This chapter highlighted the importance of water security as a key element of the sustainability agenda related to SDG 6. Localized challenges are often overlooked in national progress assessments for SDG 6, which can lead to ineffective development strategies. Access to water, as well as progress toward achieving the targets of SDG 6, differs across local contexts, even within the same watershed, due to various socioeconomic, climatic, environmental, and geographical factors. This chapter specifically focused on irrigation improvements and engineering innovations’ impact on enhancing water use efficiency within a quasi-cultural context. Therefore, this study assessed Sustainable Development Goal (SDG) indicators 6.1– 6.4 in the Deduru Oya basin in Sri Lanka. This vulnerable basin has less than 20% of its population with access to safely managed drinking water and sustainable sanitation services. Nonpoint source pollution, caused by agricultural runoff and poor waste management, seriously threatens the region’s water sources, risking human health and ecosystem integrity. With their historical significance and adaptability to local conditions, Indigenous water management systems provide valuable insights for developing effective solutions. However, several challenges remain, including limited data availability and the complexities of integrating traditional practices with modern water management techniques. Moreover, significant issues regarding water use efficiency and sustainability are further exacerbated by climate change, which threatens the availability and quality of water resources. The “Use to Resource Ratio” indicates that over 40% of the basin’s water resources are currently overexploited. The analysis showed that water-related challenges in Sri Lanka are often localized, highlighting the necessity to address the needs of marginalized communities that are frequently neglected in water resource planning. This study proposed tailored solutions to achieve SDG 6 by 2030, advocating for integrating indigenous knowledge with modern water management practices. The proposed solutions focus on establishing robust monitoring systems, enhancing capacity building, and fostering active community engagement to ensure equitable access to water resources and to bolster resilience against climate impacts. © The Author(s), under exclusive license to Springer Nature Singapore Pte Ltd. 2026.","Global water agenda; River basin management; SDG-6; Sustainability; Water security","Agricultural pollution; Climate change; Data acquisition; Economics; Ecosystems; Information management; Irrigation; Laws and legislation; River pollution; Strategic planning; Sustainable development goals; Water conservation; Water management; Watersheds; Capacity building; Global water agenda; Localised; River basin management; Sri Lanka; Sustainable development goal-6; Water security; Water use efficiency; Waters managements; Waters resources; Sustainable development","Conference paper","Final","","Scopus","2-s2.0-105033608812"
"Rawat G.; Dewali S.; Miglani R.; Parveen N.; Siddiqui U.; Kumar A.; Bora S.; Arya M.; Sharma N.; Melkani D.C.; Dash S.P.; Bisht S.S.","Rawat, Gaurav (57903093600); Dewali, Seeta (57418430500); Miglani, Rashi (57213199432); Parveen, Nagma (59322447600); Siddiqui, Uzma (57215087496); Kumar, Ankit (7408035917); Bora, Shikha (59268099500); Arya, Mansi (58906294100); Sharma, Netrapal (37035072500); Melkani, Deepak Chandra (57223247642); Dash, Sweta Padma (60502267900); Bisht, Satpal Singh (35268176200)","57903093600; 57418430500; 57213199432; 59322447600; 57215087496; 7408035917; 59268099500; 58906294100; 37035072500; 57223247642; 60502267900; 35268176200","Vital Role of Wastewater Treatment in Sustainable Development Goals for a Cleaner Future","2026","Biotechnology Innovations for a Sustainable Future: Integrating Clean Energy, Life on the Planet, Clean Water, and Climate Action","","","","1533","1568","1","10.1007/978-981-97-9859-9_74","https://www.scopus.com/pages/publications/105032731359?origin=resultslist","Wastewater treatment protects public health and the environment, making it essential to sustainable development. This chapter explores the connection between wastewater treatment and the Sustainable Development Goals (SDGs), highlighting the importance of effective wastewater management. The chapter explores the complex relationship between wastewater treatment and Sustainable Development Goals (SDGs), showing how successful treatment helps achieve varied SDGs. Untreated wastewater degrades the ecology and poses serious health risks. The chapter explores conventional and modern wastewater treatment methods and technologies, highlighting their usefulness in reaching Sustainable Development Goals. It also explains worldwide and national wastewater treatment rules and regulations, which set sustainable wastewater management requirements. The abstract proposes comprehensive cleaner future options in view of these problems and restrictions. These solutions include technology advances, regulatory reforms, capacity training, and public involvement to improve wastewater treatment efficiency and SDG alignment. The manuscript calls for a global effort to manage wastewater sustainably and emphasizes the need to act now to create a cleaner, more sustainable future. © Springer Nature Singapore Pte Ltd. 2026.","Development; Goals; Sanitation; Sustainable; Treatment; Wastewater; Water","Cleaner production; Cleaning; Environmental protection; Health risks; Public health; Reclamation; Sustainable development; Sustainable development goals; Complex relationships; Development; Goal; Rules and regulations; Sustainable; Treatment; Treatment methods; Treatment technologies; Untreated wastewater; Wastewater management; Wastewater treatment","Book chapter","Final","","Scopus","2-s2.0-105032731359"
"Herdiyanti H.; Suyanto B.; Mas'Udah S.","Herdiyanti, H. (57220742317); Suyanto, B. (57193081790); Mas'Udah, S. (57213150183)","57220742317; 57193081790; 57213150183","Sustainable rehabilitation of post-mining land through community-driven ecological practices in Bangka Belitung, Indonesia","2026","IOP Conference Series: Earth and Environmental Science","1580","1","012040","","","0","10.1088/1755-1315/1580/1/012040","https://www.scopus.com/pages/publications/105028193182?origin=resultslist","In Bangka Belitung, Indonesia, extensive tin mining has left thousands of mining pits (kolong), nutrient-poor sandy soils, and severely degraded ecosystems. This paper analyzes a community-driven rehabilitation initiative in Sinar Jaya Jelutung Village that seeks to restore abandoned mining land while securing sustainable livelihoods. Using a qualitative case study design, data were collected through in-depth interviews, participatory observation, and document analysis to examine ecological improvements and collective action's social drivers. Results show that villagers, organized through local farmer groups, manually cleared land, constructed simple bunds and drainage channels, and applied locally available organic amendments, particularly cattle manure supplied through a government livestock program, to rehabilitate roughly eight hectares of ex-tin-mining land. These gradual measures improved soil aggregation, stabilized water supply, and enabled continuous wet-rice cultivation, with recorded yields averaging 4.8 t ha-1 and peaking at 5.1 t ha-1. Equally significant, strong kinship ties, reciprocal labor arrangements, and trust-based networks mobilized labor and resources, while bridging and linking relationships facilitated access to external inputs and technical guidance. A hybrid governance arrangement, combining community initiative with enabling but non-directive state support, allowed local actors to adapt external resources to site-specific ecological conditions. Yet persistent challenges, including insecure land tenure, overlapping permits, and unstable market channels, reveal that technical soil improvements alone cannot guarantee long-term sustainability. The case demonstrates that successful post-mining restoration in tropical landscapes depends on the synergy of ecological techniques, social capital, and supportive policy frameworks, offering a transferable model for sustainable post-extractive development across Southeast Asia.  © Published under licence by IOP Publishing Ltd.","","","Conference paper","Final","All Open Access; Gold Open Access","Scopus","2-s2.0-105028193182"
"Ogwu M.C.; Ulimboka R.; Izah S.C.","Ogwu, Matthew Chidozie (57204350388); Ulimboka, Rehema (57837490900); Izah, Sylvester Chibueze (55657319000)","57204350388; 57837490900; 55657319000","Advancing Water Quality and Safety in the Global South Through International Partnerships and Sustainable Development Goals","2026","Springer Water","Part F1314","","","401","430","0","10.1007/978-3-032-10602-5_14","https://www.scopus.com/pages/publications/105028199210?origin=resultslist","Ensuring equitable access to clean and safe water remains a critical global challenge, particularly in the Global South, where systemic inequalities, climate vulnerability, and infrastructural deficits converge. This chapter explores how international partnerships, under the framework of the Sustainable Development Goals (SDGs), notably SDG 6 (Clean Water and Sanitation) and SDG 17 (Partnerships for the Goals), are advancing water quality and safety in low- and middle-income countries. It synthesizes interdisciplinary evidence from case studies, institutional frameworks, and policy mechanisms to evaluate how global cooperation facilitates technology transfer, capacity building, financial innovation, and knowledge sharing. Drawing on examples from East and Southern Africa, Southeast Asia, and Latin America, the chapter examines how public–private partnerships, South-South collaborations, and multilateral initiatives address water governance through inclusive and locally responsive approaches. It critically interrogates the risks of dependency, unequal power dynamics, and short-termism that often undermine impact, while highlighting successful strategies rooted in community engagement, gender and youth inclusion, digital innovation, and decentralized governance. Furthermore, the chapter underscores the necessity of aligning water partnerships with climate resilience, biodiversity protection, and justice-oriented transitions. In advancing both conceptual and practical insights, this chapter contributes to reimagining water partnerships as transformative instruments—capable not only of achieving SDG targets, but also of fostering enduring systems of solidarity and sustainability. The findings provide actionable guidance for scholars, policymakers, development practitioners, and communities striving to build inclusive, accountable, and future-ready models of water governance in the Global South. © The Author(s), under exclusive license to Springer Nature Switzerland AG 2026.","Climate resilience; Inclusive development; Public–private partnerships; Technology transfer; Transboundary water management; Water governance","","Book chapter","Final","","Scopus","2-s2.0-105028199210"
"Schmitt L.; Newiadomsky C.; Graßmann A.; Kouakou A.P.; Kre N.R.","Schmitt, Lisa (60557844700); Newiadomsky, Charlotte (57191294117); Graßmann, Arne (6701790185); Kouakou, Ahoutou Paul (60821682200); Kre, N’guessan Raymond (57223305208)","60557844700; 57191294117; 6701790185; 60821682200; 57223305208","Integrating Sustainability and Practice into Engineering Education: An Interdisciplinary Curriculum Model in Côte D’Ivoire","2026","World Sustainability Series","Part F2388","","","469","481","0","10.1007/978-3-032-22146-9_23","https://www.scopus.com/pages/publications/105049117484?origin=resultslist","This chapter presents a successful curriculum model that was implemented at a university in Côte d’Ivoire. The model emphasises sustainability and practical experience through an interdisciplinary dual-study engineering programme. It was developed under the project “Industry-Integrated Dual Engineering Study in a North–South Collaboration” (IIDES-NSC). The curriculum combines academic training with practical experience through demanding semester-long study projects and multiple industry internships, addressing the urgent need for energy and water supply solutions in rural Côte d’Ivoire by educating and training students to develop and implement new solutions. A central objective is to integrate sustainability not as a standalone subject but as a cross-cutting principle throughout the curriculum. This is exemplified by the development of a solar-powered prototype for electricity generation, water supply and water treatment. This approach directly supports the United Nations Sustainable Development Goals (SDGs), particularly clean energy (SDG 7), clean water (SDG 6), quality education (SDG 4), gender equality (SDG 5), decent work and economic growth (SDG 8), and industry, innovation, and infrastructure (SDG 9). An interdisciplinary approach was central to the curriculum development. Stakeholders, including academic institutions, ministries, local industries, and international organisations such as German Society for International Cooperation (GIZ), collaborated through round tables, workshops, and surveys to align the curriculum with the industry’s needs and the country’s national development plan. The implementation faced challenges, including bureaucratic and cultural barriers, language differences, and a tight schedule. Acceptance of the curriculum’s practical orientation required the inclusion of industry-based lecturers and a focus on applied learning. Nevertheless, these challenges presented opportunities to enhance the university’s reputation, improve teaching quality, and better prepare graduates for the labour market. The chapter’s objective is to show how an industry-integrated, sustainability-focused curriculum can enhance employability, foster innovation, and strengthen higher education’s contribution to sustainable development. The curriculum demonstrates how a practice-oriented education model can empower students by addressing real-world challenges and leveraging collaborative development. The case study illustrates the transformative potential of embedding sustainability into curriculum design, offering a replicable model for similar contexts in sub-Saharan Africa. © The Author(s), under exclusive license to Springer Nature Switzerland AG 2026.","Curriculum development; Dual-study programme; Employability; Energy and water supply; Industry collaboration; Practice-oriented learning; Rural area; Sustainable development","","Book chapter","Final","","Scopus","2-s2.0-105049117484"
"Kumar M.; Kumar S.; Gupta P.","Kumar, Maneesh (56243664900); Kumar, Suman (57202477437); Gupta, Pratima (56402327000)","56243664900; 57202477437; 56402327000","Commercialization and industrial applications of waste-derived catalysts","2026","Waste Derived Catalysts: Sustainable Materials for Energy and Environment","","","","477","502","1","10.1016/B978-0-443-32958-6.00020-0","https://www.scopus.com/pages/publications/105032937277?origin=resultslist","Catalysts prepared from wastes (such as industrial wastewater, agricultural wastewater, or municipal wastewater) have recently been proposed as a new alternative to catalyze sustainable H2 production and other industrial processes in line with the circular economy principle. Sourced from fly ash, red mud, rice husk, and e-waste, this chemical-rich material acts as the catalyst to facilitate cost-effective water splitting, biogas reforming, and degradation of pollutants by reducing the dependence on costly virgin materials. They bring added value to industrial processes and may help reduce carbon footprints by adding value to waste streams rich in silica, alumina, and precious metals, like, for example, platinum and palladium. However, commercialization is limited: large differences in waste composition, regulation compliance, and market acceptance are hampered by reliability issues. Cost- and environment-effectiveness is demonstrated from favorable case studies of zeolite from fly ash and biochar catalysts from agricultural waste in petrochemicals and renewable fuels. Hybrid-nanostructured catalysts with the support of friendly policies like EPR can contribute to their potential. Concerning the problem of scale-up and standardization of the waste-derived catalysts, the technology would be able to contribute to the sustainable development of related industries, reduce environmental pollution, and promote the construction of a resource-conserving society. © 2026 Elsevier Inc. All rights reserved.","biocatalysischemical reaction eng; biomass; catalysis; emissions; energy and climate change; energy engineering; energy resource; energy types; environmental bioengineering; environmental issues of energy resources; environmental nanotechnology; environmental pollution; environmental science; fuel technology; green chemistry; ineering; life cycle assessment; organic compound; organometallic chemistry; specific industry; system safety engineering; Wastewater, green chemistry, waste-derived catalysts, environmental remediation","Agricultural economics; Agricultural wastes; Artificial life; Catalysts; Compliant mechanisms; Cost effectiveness; Electronic Waste; Energy policy; Environmental protection; Environmental technology; Fly ash; Industrial economics; Life cycle; Organometallics; Regulatory compliance; Sustainable chemistry; Wastewater; Biocatalysischemical reaction eng; Catalyse; Emission; Energy; Energy and climate change; Energy engineering; Energy type; Environmental bioengineering; Environmental issue of energy resource; Environmental issues; Environmental nanotechnology; Environmental pollutions; Environmental remediation; Environmental science; Fuel technology; Green-chemistry; Ineering; Organics; Organometallic chemistry; Specific industry; System safety; Wastewater, green chemistry, waste-derived catalyst, environmental remediation; ]+ catalyst; Biomass; Catalysis","Book chapter","Final","","Scopus","2-s2.0-105032937277"
"Widiana D.A.; Ajrina F.I.; Antiqasari S.N.; Meraldha A.R.","Widiana, D.A. (60344252000); Ajrina, F.I. (59129694900); Antiqasari, S.N. (57742663200); Meraldha, A.R. (60344237500)","60344252000; 59129694900; 57742663200; 60344237500","Applying inclusive development as a strategy for sustainable development in South Sumatera Province","2026","IOP Conference Series: Earth and Environmental Science","1580","1","012078","","","0","10.1088/1755-1315/1580/1/012078","https://www.scopus.com/pages/publications/105028181006?origin=resultslist","This study aims to analyze the implementation of inclusive development as a strategy for sustainable development in South Sumatera Province. The research employs a qualitative approach based on a literature review using secondary data from planning documents, regulations, scientific articles, and official statistical reports. The findings indicate that, although South Sumatera has significant potential in the agricultural, energy, and mining sectors, several fundamental challenges hinder the achievement of inclusive development. Poverty remains at 12.27%, access to safe drinking water is only 53.54%, and only one out of approximately 2,800 villages has achieved self-sufficiency, reflecting significant regional disparities. Additional challenges include weak institutional coordination, limited funding, low participation of marginalized communities, and resistance from dominant actors. These findings align with the principles of the Sustainable Development Goals (SDGs), particularly SDG 1 (No Poverty), SDG 6 (Clean Water and Sanitation), SDG 10 (Reduced Inequalities), and SDG 11 (Sustainable Cities and Communities). To strengthen inclusive development in South Sumatera, it is recommended to implement affirmative policies based on spatial data, enhance access to basic services, strengthen the socio-economic capacities of local communities, and promote participatory governance. The application of these strategies is expected to accelerate the achievement of SDG targets and foster more equitable, inclusive, and sustainable development.  © Published under licence by IOP Publishing Ltd.","","","Conference paper","Final","All Open Access; Gold Open Access","Scopus","2-s2.0-105028181006"
"Al-Makhzoumi O.; Al-Amro D.H.E.","Al-Makhzoumi, Omar (57230843400); Al-Amro, Dina Hatem Eid (60184557300)","57230843400; 60184557300","The Future of Humanitarian Response in Crises: The Role of the International Committee of the Red Cross in Achieving Sustainability Through Advanced Technology","2026","Studies in Systems, Decision and Control","227","","","1201","1215","1","10.1007/978-3-031-95310-1_89","https://www.scopus.com/pages/publications/105027557787?origin=resultslist","This paper aims to highlight the important factors of the International Committee of the Red Cross, hereinafter referred to as ICRC, in humanitarian responses during crises and armed conflicts. It then centers on a discussion of modern technology aimed at sustaining ICRC’s humanitarian interventions. The institution is described to use modern technological innovations in its response to crises through improved logistical support, water and sanitation services, and monitoring compliance with international humanitarian law. The study discusses and identifies ways in which ICRC uses digital technologies in accessing essential humanitarian aid such as medicines and medical equipment through smart logistics platforms that ensure timely availability in conflict-affected areas. It emphasizes the importance of advanced technologies in ensuring good clean water access and sanitation projects through innovative solutions. In its monitoring efforts, ICRC uses modern communication technologies to track the enforcement of international humanitarian law in conflict zones and interactive platforms put ICRC ahead in education and awareness-raising on international legal frameworks. The organization further enhances its monitoring of detainee conditions with cutting-edge technologies, which advances the assurance that detainees will be treated per world humanitarian standards. This paper has been presented to highlight the incorporation of advanced technology into humanitarian response measures as a means of sustaining interventions by ICRC in crises to better humanitarian conditions and protect the rights real persons at stake in armed conflicts. © The Author(s), under exclusive license to Springer Nature Switzerland AG 2026.","Advanced technology; Humanitarian response; International committee of the red cross; International humanitarian law; Logistical support; Sustainability; Water and sanitation","","Book chapter","Final","","Scopus","2-s2.0-105027557787"
"Ogwu M.C.; Merritt H.; Martínez M.O.","Ogwu, Matthew Chidozie (57204350388); Merritt, Humberto (53464057400); Martínez, Maribel Ovando (60321361000)","57204350388; 53464057400; 60321361000","Latin America’s Water Crisis: Pollution, Governance, and Community Responses","2026","Springer Water","Part F1314","","","273","300","1","10.1007/978-3-032-10602-5_10","https://www.scopus.com/pages/publications/105027001119?origin=resultslist","Latin America’s water crisis is a multidimensional challenge shaped by environmental degradation, socio-political inequality, and institutional fragmentation. This chapter offers a comprehensive analysis of the causes, impacts, and responses to water pollution across the region. Rapid urbanization, industrial expansion, unsustainable agricultural practices, and inadequate wastewater treatment have severely compromised the quality of rivers, lakes, and aquifers. Climate change further exacerbates these challenges through intensified droughts, floods, and altered hydrological cycles, putting additional strain on already fragile water systems. The chapter highlights how weak regulatory enforcement, corruption, and uneven decentralization have created governance vacuums in which polluters often operate with impunity. Marginalized populations, particularly Indigenous and rural communities, bear the brunt of this crisis, facing disproportionate exposure to contaminated water sources and limited access to basic sanitation and healthcare. Drawing from case studies across Bolivia, Colombia, Mexico, and Brazil, the chapter explores the dynamic role of community-based organizations and grassroots movements in resisting water injustice and advancing alternative water governance models grounded in traditional ecological knowledge. Technological and policy innovations, including decentralized water treatment, nature-based solutions, transboundary cooperation, and participatory monitoring, are analyzed as potential strategies to build resilience and equity in water management. The chapter also identifies critical gaps in data infrastructure, indicator harmonization, and citizen science integration that hinder effective decision-making. By situating Latin America’s water crisis within a broader Global South perspective, this work contributes to interdisciplinary discourse on environmental justice, sustainable development, and the democratization of water governance, offering pathways toward more inclusive and accountable water futures. © The Author(s), under exclusive license to Springer Nature Switzerland AG 2026.","Climate change; Environmental justice; Grassroots movements; Indigenous communities; Latin America; Water governance; Water pollution","","Book chapter","Final","","Scopus","2-s2.0-105027001119"
"Wijesekara N.","Wijesekara, Novil (57211142248)","57211142248","Pathways to Resilience - Aligning Health, Climate, and Communities in the Asia-Pacific","2026","Climate Change, Public Health, and Regional Security in the Indo-Pacific: From Mitigation to Adaptation","","","","71","87","0","10.1016/B978-0-443-40368-2.00036-2","https://www.scopus.com/pages/publications/105033762348?origin=resultslist","Climate change is a defining health challenge for the Asia-Pacific, where geographic exposure, rapid urbanization, and entrenched social inequities combine to heighten risks. This chapter examines its health consequences through five interconnected pathways that capture the links between climate hazards, vulnerability, and capacity. Together, these pathways illustrate how climate change acts as a risk multiplier, compounding existing health burdens and creating cascading effects on communities, health systems, and economies. The analysis points out the importance of alignment across health systems, communities, and sectors beyond health. For extreme weather events, disaster risk governance must be linked to inclusive community-based approaches and supported by digital innovation and resilient infrastructure. Vector-borne disease risks call for strengthened surveillance that integrates formal and community-based systems, combined with One Health coordination across human, animal, and environmental health. Heat-related impacts can be reduced through multisectoral action that combines early-warning systems, public education, resilience-oriented architectural design, and renewable energy solutions. Water- and food-borne diseases require closer coordination between water utilities, health authorities, and communities, supported by tools such as Water Safety Plans, resilient wastewater management, and household water treatment practices. Food insecurity, intensified by climate change, demands investment in climate-smart agriculture, resilient supply chains, nutrition-sensitive programs, and regional cooperation through mechanisms such as grain reserves and early-warning systems. By discussing solutions across these pathways, the chapter highlights that technical interventions alone are insufficient. Building resilience requires participatory governance, equity-focused policies, and collaboration across sectors and borders. Only by aligning health systems, climate-responsive strategies, and empowered communities can the Asia-Pacific region transform vulnerability into resilience and secure a healthier, safer, and more sustainable future. © 2026 Elsevier Inc. All rights reserved.","Asia-Pacific; Climate change; community resilience; health systems resilience; multisectoral action","Disasters; Economics; Food safety; Grain (agricultural product); Investments; Risk management; Sustainable development; Water treatment; Asia-pacific; Community resiliences; Early Warning System; Geographics; Health consequences; Health system resilience; Health systems; Multisectoral action; Rapid urbanizations; System resiliences; Health hazards; Health risks","Book chapter","Final","","Scopus","2-s2.0-105033762348"
"Oladimeji J.S.","Oladimeji, Joseph Sunday (60592727400)","60592727400","Efforts and Disparities in Self-help Infrastructure Provisioning and Maintenance in Unplanned Neighborhoods of Zaria Urban Area, Nigeria","2026","Lecture Notes in Civil Engineering","772 LNCE","","","513","523","0","10.1007/978-3-032-08992-2_43","https://www.scopus.com/pages/publications/105036381594?origin=resultslist","Most neighborhoods in cities of the Global South are largely characterized by unplanned or informal nature of physical development. This characteristic has led to the involvement of informal means of providing urban services and infrastructure in such places. This study examined the nature of local arrangements for infrastructure provision in four selected neighbourhoods of Zaria, a city in Northern Nigeria. The study adopted a largely qualitative approach of research, using observations, interviews and group discussions involving major stakeholders in each neighbourhood. The study findings revealed that each neighbourhood had their respective approach to infrastructure provision, as residents were found engaged in self-help initiatives like individual efforts, manual labour, household financial contributions, lobbying power, and the use of Community Development Associations (CDA), towards improving their environment and gaining access to basic urban services in the area of water supply, power, street and drainage improvement, solid waste collection and disposal. The outcomes of the individual neighbourhood efforts yielded varying levels of success and challenges. The study findings led to the conceptualization of the logic of neighbourhood collective influence in self-help initiatives, where the nascent, post-nascent and stabilized types of unplanned neighbourhoods were identified. This categorization showed that population size, population influence, and the capacity for organization determines the outcomes of collective self-help efforts in urban infrastructure services provisioning and maintenance. The study recommended among other things, that governance institutions should do more in assisting unplanned neighborhoods with technical and financial support as residents engage in self-help efforts towards improving their neighbourhood infrastructure and services. This will help make such self-help efforts to be easily upgraded into the formal city system of infrastructure. © The Author(s), under exclusive license to Springer Nature Switzerland AG 2026.","Disparities; Help; Infrastructure provisioning; Self; Unplanned neighbourhoods; Zaria urban area","Disparity; Help; Infrastructure provisioning; Neighbourhood; Self; Unplanned neighborhood; Urban areas; Urban infrastructure; Urban services; Zaria urban area; Population statistics","Conference paper","Final","","Scopus","2-s2.0-105036381594"
"Ogwu M.C.; Jintrawet A.","Ogwu, Matthew Chidozie (57204350388); Jintrawet, Attachai (25031452200)","57204350388; 25031452200","South and Southeast Asia’s Flooding and Water Contamination Crisis","2026","Springer Water","Part F1314","","","301","331","0","10.1007/978-3-032-10602-5_11","https://www.scopus.com/pages/publications/105026988309?origin=resultslist","South and Southeast Asia is facing a compounded environmental crisis at the intersection of climate-induced flooding and widespread water contamination, with profound implications for human health, ecological stability, and regional development. This chapter critically examines the systemic drivers and cascading consequences of recurrent flooding across diverse typologies, including flash floods, riverine inundation, urban waterlogging, and coastal surges, and their role in mobilizing biological, chemical, and emerging contaminants. Drawing from interdisciplinary evidence and region-specific case studies from Bangladesh, Indonesia, the Philippines, Thailand, and Vietnam, the chapter demonstrates how infrastructural fragilities, governance failures, and socio-spatial inequalities exacerbate exposure to waterborne pathogens, heavy metals, and persistent pollutants such as arsenic and microplastics. The analysis foregrounds vulnerable populations, particularly those in informal settlements, who bear the brunt of both infrastructural neglect and institutional exclusion. By bridging insights from environmental science, urban planning, and public health, the chapter advances a holistic framework for resilience grounded in adaptive infrastructure, inclusive policy design, and regionally coordinated responses. It also underscores the strategic relevance of community-based knowledge systems, decentralized wastewater solutions, and digital innovations (e.g., geospatial flood mapping) in strengthening disaster preparedness and water security. In reframing Southeast Asia’s water crisis as a multidimensional governance and equity challenge, the chapter contributes novel pathways for research and policy integration in climate-vulnerable regions. The chapter repositions flooding and water contamination as interconnected governance and justice challenges—rather than isolated environmental events—providing a platform for rethinking integrated water management under climate uncertainty. It calls for an urgent, interdisciplinary reorientation of water and disaster management systems to avert a deepening cycle of socio-environmental risk. © The Author(s), under exclusive license to Springer Nature Switzerland AG 2026.","Climate resilience; Environmental justice; Flooding; Integrated governance; Public health; South and Southeast Asia; Water contamination","","Book chapter","Final","","Scopus","2-s2.0-105026988309"
"Dwiyanti L.; Agustawijaya D.S.","Dwiyanti, Linda (60654730500); Agustawijaya, Didi Supriadi (57200576900)","60654730500; 57200576900","Sanitation Management Strategy In East Lombok Using SSK Instruments","2026","AIP Conference Proceedings","3336","1","200001","","","0","10.1063/5.0340077","https://www.scopus.com/pages/publications/105040370817?origin=resultslist","Wastewater management and sanitation in East Lombok over the past 5 years received a portion of the APBD of 0.67% only. East Lombok in 2021, had the safe access to sanitation in 2.4% of the national target in 2024, that was 15%, so the gap is -12.6%, while the achievement of adequate access sanitation reached 75.8% of the national target of adequate sanitation in 2024, that was 90%, so the gap is - 14.2%. This research aims to analyze the sanitation needs of East Lombok and formulate sanitation management strategies to meet the 2026 sanitation targets. The methodology applied in this research is the SSK (District Sanitation Strategy) instrument method with gap analysis and SWOT analysis. From the results of research on infrastructure needs to increase access to domestic wastewater in East Lombok until 2026, that was the construction of 1301 units of septic tanks, 11,525 SR of residential wastewater treatment plants, 656 SR of residential wastewater development, 624 SR of urban wastewater treatment plants, 0.7 m3/day increase in IPLT services., and procurement of 1 unit of waste truck. Recommendations for strategies for handling sanitation in East Lombok are: Increasing access to safe sanitation from 2.7% to 7.6% in 2026, Providing a fleet for desludging & transporting fecal sludge, Revitalizing IPLT and establishing a domestic wastewater UPT institution, Providing regional regulations for domestic wastewater management, Increasing socialization of the importance of wastewater management, Facilitating partnerships between the government, private sector, and the community in handling domestic wastewater, Strengthening community institutions and optimizing the role of villages in domestic wastewater management, Increasing funding in Domestic Waste Water Management, Increasing hygiene promotions/campaigns/education and sustainable safe sanitation. © Published under an exclusive license by AIP Publishing.","Management Strategy; Sanitation; SSK Instruments; Wastewater","","Conference paper","Final","","Scopus","2-s2.0-105040370817"
"Shareef N.","Shareef, Noama (57221230158)","57221230158","Biotower as an Efficient Solution for Food and Beverage Industrial Wastewater Treatment","2026","Springer Water","Part F1780","","","179","204","0","10.1007/978-3-032-18996-7_9","https://www.scopus.com/pages/publications/105038056047?origin=resultslist","The global food processing industry generates significant volumes of wastewater rich in organic matter, nutrients, oils, and suspended solids. Traditional biological treatments often struggle to meet tightening discharge regulations and circular economy goals focused on resource recovery. As a major contributor to global industrial effluents, the food sector requires effective wastewater treatment to reduce pollution, comply with regulations, and support sustainable water use. Key objectives include minimizing contaminants, conserving water, and recovering valuable byproducts. Among available technologies, Biotower, a biofilm-based aerobic system, offers an energy-efficient and cost-effective solution. Its fixed-media design supports microbial growth for effective pollutant removal. Trickling filters, known for their simplicity and reliability, are also widely used, particularly for variable organic loads. Combining these systems with advanced treatments can enhance performance and support sustainability targets. This chapter highlights innovative and integrated wastewater treatment solutions by Brentwood Industries, tailored for the food industry. It focuses on energy-efficient technologies that optimize treatment performance while minimizing capital and operational costs, particularly for high-strength organic wastewater. Global case studies demonstrate the effectiveness of the Biotower system in facilities such as a fish processing plant in Walvis Bay-Namibia, a dairy in Wisconsin U.S, a whisky distillery in Scotland, and a coffee manufacturer in Germany. Notably, the Walvis Bay trickling filter achieved an energy consumption of just 0.11 kWh/m3 (0.16 kWh/kg COD) approximately one-third of that used by conventional activated sludge systems while meeting stringent discharge targets (COD reduced from 1,200 mg/L to 240 mg/L; ammonia from 51 mg/L to 4 mg/L). Trickling filters have been reported to produce 20–40% less sludge reduction compared to activated sludge systems. It concludes a proposed sustainable Biotower configuration designed to manage seasonal fluctuations, high-load food industrial wastewater and support diverse water reuse goals. © The Author(s), under exclusive license to Springer Nature Switzerland AG 2026.","Biofilm system; Circular economy; Energy efficiency; Food processing industry; High organic load; Nitrification; OPEX; Trickling filter; Wastewater","","Book chapter","Final","","Scopus","2-s2.0-105038056047"
"Zaiets N.; Lutska N.; Vlasenko L.; Shtepa V.; Junge S.","Zaiets, Nataliia (57909086200); Lutska, Nataliia (6603392462); Vlasenko, Lidiia (57202049156); Shtepa, Volodymyr (57218684115); Junge, Stefan (58767885600)","57909086200; 6603392462; 57202049156; 57218684115; 58767885600","Automation of Water Treatment Facilities with Adaptive KPI Integration within a Sustainable Development Strategy","2026","Proceedings of International Conference on Applied Innovation in IT","14","2","","203","210","0","","https://www.scopus.com/pages/publications/105042046132?origin=resultslist","This paper is devoted to the development of engineering methods for integrating a Sustainable Development strategy into automated process control systems of industrial enterprises. The relevance of the study is driven by the need to shift from conventional variables stabilization systems to adaptive control models capable of dynamically responding to environmental and energy-related challenges. An original approach is proposed in which Key Performance Indicators (KPIs) are transformed from reporting tools into dynamic setpoints for local control loops. The authors develop a dynamic model for KPI selection and adjustment based on an integral sustainability compliance index, enabling real-time balancing between environmental requirements – such as wastewater treatment quality indicators – and economic efficiency. The adaptive behavior of the model is achieved through time-dependent weighting coefficients, which are automatically adjusted according to the proximity of monitored process variables to regulatory discharge limits, thereby prioritizing environmental safety under critical operating conditions. Special attention is given to an object-oriented approach that ensures the adaptation of strategic sustainability goals to specific technological units of wastewater treatment facilities. The paper also analyzes the impact of an enterprise’s digital maturity level on the reliability of KPI calculation and proposes the use of soft sensors for forecasting complex environmental variables under conditions of limited instrumentation. The effectiveness of the proposed solutions is validated through simulation modeling of wastewater treatment processes at a dairy processing plant. The results demonstrate that the implementation of the dynamic control model reduces specific energy consumption by 28.1% while fully complying with established environmental regulations. The practical significance of the study lies in the creation of an algorithmic foundation for modernizing industrial process automation systems, enabling the integration of technological reliability with the requirements of the global green transition. © 2026, Anhalt University of Applied Sciences. All rights reserved.","Automated Process Control System; Digital Maturity; Dynamic Control; Key Performance Indicators; Sustainable Development; Water Treatment Automation","","Conference paper","Final","","Scopus","2-s2.0-105042046132"
"Khatun S.; Aktar N.","Khatun, Sumaiya (59345500400); Aktar, Nasim (60809010000)","59345500400; 60809010000","Effect of Water Crisis on Rural Women: A Review of Indian Perspectives","2026","The Impact of Water Scarcity and Malnutrition on Rural Women’s Health: Availability and Sustainability of Water","","","","3","13","0","10.1007/978-3-032-10887-6_1","https://www.scopus.com/pages/publications/105048488527?origin=resultslist","The study examines the profound impact of the water crisis on rural women in India. This paper aims to underscore rural women’s health and educational challenges in India. The study used electronic search engines, such as Google Scholar, PubMed, ResearchGate, Science Direct, and others, with several keywords, to show various aspects of the effects of the water crisis on rural women. The impact of the water crisis on Indian rural women has been evaluated using more than 150 published articles and reports from 2010 to 2024. The investigators then evaluated the full papers and screened them in greater detail against eligibility criteria. The study results illustrated that carrying heavy loads of water contributes to back and neck pain, bone deformities, miscarriages, and pregnancy complications. Water shortages exacerbate these issues, increasing the risk of water-related diseases and malnutrition, particularly among women and infants. The time spent collecting water limits women’s educational opportunities, with many girls missing school due to inadequate sanitation facilities. Additionally, travelling long distances for water exposes women to harassment and violence, leading to stress and poor mental health. The research underscores the urgent need for gender-responsive water policies in India to improve access, strengthen women’s empowerment, and promote gender equality in water management. © The Author(s), under exclusive license to Springer Nature Switzerland AG 2026.","Drought; Groundwater; Rural women; Water crisis","Rural areas; Water management; Back pain; Educational challenge; Effect of water; Eligibility criterion; Google scholar; Heavy loads; Neck pains; Rural women; Water crisis; Water shortages; Search engines","Book chapter","Final","","Scopus","2-s2.0-105048488527"
"Srivastava R.; Mehara G.; Sharma A.; Gupta M.K.","Srivastava, Rajnish (57190606785); Mehara, Geetanjali (59481372400); Sharma, Akash (60201450200); Gupta, Mandeep Kumar (57208186244)","57190606785; 59481372400; 60201450200; 57208186244","Climate Change and Resilience: Need, Challenges and Future","2026","Studies in Systems, Decision and Control","637","","","47","67","0","10.1007/978-3-032-06791-3_3","https://www.scopus.com/pages/publications/105022287395?origin=resultslist","Climate change poses a unique global threat, affecting ecosystems, economies, and societies with increasing speed. The increasing frequency of rising sea levels, extreme weather events, and shifting climatic patterns emphasize the need for resilience-building. This chapter describes the concept of resilience in climate change, with a focus on its role in minimizing adverse impacts and ensuring sustainable development. It explores resilience planning challenges, such as financial limitations, policy lacunas, socio-economic inequalities, and technological limitations. It also explores governance, community participation, and scientific invention role in increasing adaptive capacity. The discourse also touches on sector-specific resilience in agriculture, water supply, urban planning, and disaster management, highlighting integrated strategies towards climate adaptation and mitigation. Additionally, the chapter contains best-practice climate resilience programs from around the globe and makes conclusions on how to replicate them. Policymaking for climate resilience is dependent on the future technical developments and the input of businesses, governments, and societies. Climate change needs to be addressed through a shift in paradigms toward sustainable development, equitable resource sharing, and robust institutional arrangements. The chapter ends by highlighting the imperative of a whole-of-society, cross-disciplinary approach to climate resilience aligned with universal sustainability objectives. With increasing intensity of climate problems, building resilience is no longer a choice but an imperative for ensuring a habitable future for everyone. © The Author(s), under exclusive license to Springer Nature Switzerland AG 2026.","Climate adaptation; Climate change; Disaster management; Resilience; Urban planning","","Book chapter","Final","","Scopus","2-s2.0-105022287395"
"Anandhi R.J.; Sasikala T.; Pillai D.R.; Gadi P.; Aradya S.V.; Prasathkannan A.","Anandhi, R.J. (59849832100); Sasikala, T. (57203333644); Pillai, Divyesh Raj (60602163100); Gadi, Padmaja (60602270500); Aradya, S.V. (60602707800); Prasathkannan, Ashwini (60602493800)","59849832100; 57203333644; 60602163100; 60602270500; 60602707800; 60602493800","'Ooru Alert'- A Crowdsourced Urban Issue Reporting System for Bengaluru","2026","Proceedings of the 4th International Conference on Intelligent Data Communication Technologies and Internet of Things, IDCioT 2026","","","","1604","1608","0","10.1109/IDCIoT67589.2026.11455709","https://www.scopus.com/pages/publications/105036994712?origin=resultslist","In order to solve municipal concerns in Bengaluru, this research investigates the development and impact of a crowdsourcing application for reporting urban issues. Residents may use the app to instantly report a variety of urban issues, such as poor infrastructure, traffic jams, water supply issues, and road upkeep. To enable targeted responses, these submissions are sent to the relevant civic authorities, including the Bangalore Metropolitan Transport Corporation (BMTC), Bengaluru Water Supply and Sewerage Board (BWSSB), Bruhat Bengaluru Mahanagara Palike (BBMP), and BESCOM. The application contributes to the overall improvement of urban government and public service delivery in Bengaluru by fostering better communication between residents and municipal entities, increasing the effectiveness of problem resolution, and promoting accountability and transparency. The application's capacity to promote civic engagement and cooperative approach to urban administration is also evaluated in the report. © 2026 IEEE.","Accountability Framework; Data Visualization; Digital Governance; Information Transparency","Crowdsourcing; Government data processing; Information systems; Accountability framework; Bangalore; Digital governance; Government services; Information transparency; Public service deliveries; Reporting systems; Traffic jams; Transport corporations; Water supply and sewerages; Transparency","Conference paper","Final","","Scopus","2-s2.0-105036994712"
"Irfanullah Arfeen M.; Sarantis D.; Mujtaba A.; Danish M.; Naseeb J.; Brohi P.; ul Ain N.","Irfanullah Arfeen, M. (54882305300); Sarantis, Demetrios (23390241300); Mujtaba, Ahmed (60705395500); Danish, Muhammad (7004009956); Naseeb, Jawad (60705520800); Brohi, Paras (60705266400); ul Ain, Noor (57207102143)","54882305300; 23390241300; 60705395500; 7004009956; 60705520800; 60705266400; 57207102143","SMART SUSTAINABLE CITIES AND COMMUNITIES FOR PEOPLE: A PATHWAY TO A RESILIENT FUTURE","2026","19th IADIS International Conference Information Systems 2026 and 24th International Conference on e-Society, IS ES 2026","","","","561","564","0","","https://www.scopus.com/pages/publications/105042624804?origin=resultslist","Rapid urbanization in the 21st century demands innovative solutions to address social equity, environmental sustainability, and efficient resource management. Smart Sustainable Cities and Communities (SSCCs) have emerged as a promising paradigm integrating advanced technologies, data-driven governance, and citizen engagement to create inclusive, resilient, and livable urban environments. This study examines the role of technology in facilitating the transition toward SSCCs and its contribution to achieving the Sustainable Development Goals (SDGs). Using an extensive literature review and quantitative research, this paper identifies technological enablers-such as artificial intelligence (AI), big data, and the Internet of Things (IoT)-as catalysts for improving resource efficiency, waste management, environmental protection, and service delivery. Particular attention is given to SDGs related to good health and well-being, quality education, decent work and economic growth, climate action, and affordable clean energy. The findings indicate that technology significantly contributes to smart city development and supports SDG achievement. Future research should examine stakeholder roles-including government, industry, academia, and policy institutions-and explore additional SDGs such as poverty reduction, gender equality, and clean water and sanitation. The study concludes that technology plays a transformative role in advancing sustainable development through smart sustainable cities. © ISES 2026.","Smart Cities; Sustainability; Sustainable Development Goals (SDGs); Technology","Big data; Economics; Environmental management; Information management; Information use; Smart city; Sustainable city; Sustainable development goals; Urban growth; Advanced technology; Environmental sustainability; Innovative solutions; Rapid urbanizations; Resource management; Social equity; Sustainable cities; Sustainable communities; Sustainable development goal; Technology; Sustainable development","Conference paper","Final","","Scopus","2-s2.0-105042624804"
"Motloutsi E.","Motloutsi, Elmon (59153713900)","59153713900","Municipalities as spaces for social innovation: A public relations and participation perspective","2026","Public Relations in the Global South: Perspectives from Southern Africa","","","","163","181","0","10.4324/9781003609513-8","https://www.scopus.com/pages/publications/105046601901?origin=resultslist","The South African local government is the closest to the people and provides public services such as sanitation, burial grounds, electricity, water, and other essential services, working in partnership with provincial and national government (Oelofse, 2010). All three areas of government cooperate through a system called cooperative management, which facilitates a collective approach to service delivery and resource sharing. However, there are concerns about the slow pace of development and innovation in local governments in meeting citizens’ demands and responding to the 21st-Century Development Agenda. This chapter explores municipalities as innovative spaces for facilitating development and for responding to the degradation of local governance through public participation as a strategic communication process. Social innovation and public participation are more than governance systems; rather, they are communicative processes that require an effective communication strategy to function effectively and achieve their strategic goals. © 2027 selection and editorial matter, Corné Meintjes, Dalien Rene Benecke and Padhma Samantha Moodley; individual chapters, the contributors","","Burial grounds; Cooperative management; Essential services; Government IS; Local government; National governments; Public participation; Public services; Service resources; Social innovations; Public relations","Book chapter","Final","","Scopus","2-s2.0-105046601901"
"Arora V.K.; Rajpal S.; Anand A.","Arora, Vijay Kumar (35513966900); Rajpal, Sanjay (7003585209); Anand, Ankita (58678300000)","35513966900; 7003585209; 58678300000","Community empowerment in tuberculosis elimination","2026","Indian Journal of Tuberculosis","73","S1","","S1","S4","0","10.1016/j.ijtb.2026.04.001","https://www.scopus.com/pages/publications/105035402073?origin=resultslist","In public health, meaningful community engagement has consistently been linked to improved access to timely diagnosis, strengthened treatment adherence, reduced stigma, and better overall health outcomes, particularly among marginalized and underserved populations. Effective engagement fosters trust, enhances service utilization, and promotes sustained care-seeking behaviour. However, genuine empowerment extends beyond simple participation in health programs; it encompasses the ability of communities to influence local governance processes and address broader social determinants such as nutrition, sanitation, education, and livelihood security, while functioning as a dynamic and transformative process that shifts communities from passive beneficiaries to active agents of health action.Community empowerment operates through interconnected logistical and psychological pathways. Logistical support improves access to diagnosis, treatment continuation, and linkage with health systems, while psychosocial reinforcement through peer support and survivor engagement strengthens motivation, reduces internalized stigma, and sustains long-term adherence. At the same time, empowerment is shaped by local socio-economic realities, including poverty and livelihood insecurity, and may face risks such as volunteer burnout, stigma toward community workers, inequitable reliance on unpaid labor, and limited financial sustainability—underscoring the need for ethical safeguards and social protection.Tuberculosis (TB) remains a major global public health challenge despite the availability of effective chemotherapy. According to the World Health Organization, TB continues to affect millions annually and remains a leading cause of infectious disease mortality worldwide. Within the End TB Strategy, community engagement and civil-society participation—including contributions from national and nongovernmental organizations—are recognized as critical to sustainable TB control.TB elimination therefore requires not only biomedical interventions but also ethically supported, economically feasible, and institutionally sustained community empowerment capable of transforming participation into shared ownership of tuberculosis control. © 2026 Tuberculosis Association of India. Published by Elsevier B.V. All rights are reserved, including those for text and data mining, AI training, and similar technologies.","","awareness; burnout; capacity building; clinical decision making; community care; community empowerment; community participation; community support; community transmission; contact examination; decentralization; delayed diagnosis; disease course; disease elimination; economic aspect; Editorial; empowerment; epidemiology; financial management; follow up; food insecurity; government; health auxiliary; health care cost; health care facility; health care planning; health care system; health literacy; help seeking behavior; hope; household; human; human dignity; India; leadership; long term care; medical care; medical information; multidrug resistant tuberculosis; non-governmental organization; nutrition; nutritional support; patient advocacy; patient care planning; patient compliance; patient counseling; peer support; person centered care; personal experience; population density; poverty; prophylaxis; psychological care; psychosocial intervention; public health service; quasi experimental study; randomized controlled trial (topic); resource allocation; risk factor; social capital; social justice; social support; socioeconomics; stigma; survival factor; systematic review (topic); treatment outcome; trust; tuberculosis; tuberculosis control; volunteer; vulnerable population","Editorial","Final","","Scopus","2-s2.0-105035402073"
"Alshammari S.F.; Al Mubarak M.","Alshammari, Sultan F. (60619410600); Al Mubarak, Muneer (57191107710)","60619410600; 57191107710","Sustainable Water Management: Strategies for Addressing Global Water Scarcity","2026","Studies in Systems, Decision and Control","659","","","1327","1344","0","10.1007/978-3-032-15820-8_106","https://www.scopus.com/pages/publications/105038051835?origin=resultslist","Water scarcity is an escalating global crisis that affects billions of people, with profound implications for public health, ecosystems, and economic development. This problem is due to climate change, population growth, urbanization, and poor water management. Solving this challenge requires knowledge of its causes and ways of using water resources effectively and sustainably. Therefore, this study aims to identify measures for efficient water management at the technology, policy, and community levels. These approaches are meant to reduce the effects of water shortage and increase access to fresh water. The study includes a systematic literature review, case studies, and a conceptual model based on technology, policy, and community-based interventions. The study calls for enhanced Integrated Water Resources Management (IWRM), state-of-the-art water recycling, active community involvement, and effective adaptive governance to combat water scarcity conditions. However, the study also reveals challenges such as political will, lack of funds, and inadequate water governance. This research provides novel findings in sustainable water management by integrating theory and practice. The paper offers valuable suggestions for policymakers, water institutions, and local governments and stresses the multi-level and multi-agent governance approach. The results are timely as they are under the backdrop of the United Nations Sustainable Development Goals and, more specifically, the goal of clean water and sanitation (SDG 6). In filling the knowledge gap on sustainable practices, this study presents a framework for future research and practice addressing global water scarcity. © The Author(s), under exclusive license to Springer Nature Switzerland AG 2026.","Global; Sustainable; United Nations; Water management; Water scarcity","","Book chapter","Final","","Scopus","2-s2.0-105038051835"
"Padmapriya T.M.; Thamaraiselvi V.; Ramya R.; Porkodi V.; Ranjitha P.","Padmapriya, T.M. (60590444300); Thamaraiselvi, V. (60591223600); Ramya, R. (59903158500); Porkodi, V. (57205096341); Ranjitha, P. (57935765300)","60590444300; 60591223600; 59903158500; 57205096341; 57935765300","Real-Time AI-Powered Monitoring and Automation System for Industrial Graywater Recycling","2026","De Gruyter Proceedings in Mathematics","","","","59","65","0","10.1515/9783112234952-008","https://www.scopus.com/pages/publications/105036346677?origin=resultslist","The friendly green intelligent system helps in real-time surveillance of industrial graywater and subsequently provides effective recycle. The solution uses AI with Internet of Things (IoT) sensors to increase efficiency in water treatment and to comply with water environmental regulations. The major objective of the system is the reduction of wastewater through an intelligent decision making and automation. The proposed solution features a multi-step filtration and monitoring setup. It begins with a biological oxygen demand (BOD) sensor to detect levels of organic contamination. If the values exceed safe limits identified using mathematical threshold models, the system automatically shuts off motors and sends alerts to prevent further processing of polluted water. Initial physical filtration is carried out using a dirt filter followed by a migration filter. Chemical characteristics are then analyzed using a pH sensor, while turbidity sensors evaluate water clarity. To further ensure safety, MQ-3 sensors monitor harmful gases, and UV sterilization is used to eliminate pathogens. All stages are managed through real-time feedback and conditional automation logic, accessible via a mobile app. During testing, the system showed fast and accurate responses to water quality changes. The system's intelligent feature helps to detect unusual sensor readings early and allows quick action like shutting down operations and alerting the maintenance team. The collected sensor data support predictive maintenance, which avoid breakdowns and improve system reliability. This smart setup makes graywater recycling most effective, with over 70% of water being reused in industry by combining real-time monitoring with automated controls. © 2026 Walter de Gruyter GmbH, Genthiner Straße 13, 10785 Berlin, Germany.","automated filtration system; Industrial wastewater management; mitigation of water contamination; real-time monitoring; UV sterilization in water treatment; water recycling and monitoring","","Conference paper","Final","","Scopus","2-s2.0-105036346677"
"Kumar S.; Mishra S.; Kumar A.","Kumar, Sandeep (58262719600); Mishra, Shradhanjalli (60526526000); Kumar, Anil (60525166100)","58262719600; 60526526000; 60525166100","Deciphering the Water Accessibility in Urban Neighbourhoods: A Case of Water Supply in Delhi","2026","Lecture Notes in Civil Engineering","727 LNCE","","","785","801","0","10.1007/978-981-95-0736-8_59","https://www.scopus.com/pages/publications/105033563899?origin=resultslist","The growing population brings along an increased demand for infrastructure and services in our cities; hence, city managers will never stop working to meet that demand. Water shortage is one of the main bottlenecks to urbanization, together with other fundamental societal needs. The Urban Local Body (ULB) or Municipal Corporation in an urban region takes responsibility to provide safe drinking water and availability of water supply for all domestic, commercial, and industrial purposes, as per the 12th Schedule of the Indian Constitution. According to Sustainable Development Goals, 2030, especially SDG-6, all sections of society should have access to and management of water and sanitation services. This research will evaluate the water accessibility in urban neighbourhoods of Delhi and will also assess the role of Urban Local Body and other agencies in it. © The Author(s), under exclusive license to Springer Nature Singapore Pte Ltd. 2026.","Infrastructure; Municipal governance; SDG; Sustainability; Water supply","Economics; Sustainable city; Sustainable development goals; Infrastructure; Municipal governance; Safe drinking water; Sanitation services; Urban neighborhood; Urban regions; Water accessibility; Water service; Water shortages; Sustainable development","Conference paper","Final","","Scopus","2-s2.0-105033563899"
"Jelili M.O.; Oyewole K.A.; Simon F.R.","Jelili, Musibau O. (55910874400); Oyewole, Kehinde A. (57214836127); Simon, Funsho R. (59662330300)","55910874400; 57214836127; 59662330300","From Expansion to Exclusion: Urbanization, Spatial Inequality, and Child Streetism in Nigeria","2026","Nigeria's Street Children: Lives and Dreams","","","","249","262","1","10.4324/9781003681397-24","https://www.scopus.com/pages/publications/105031194981?origin=resultslist","This chapter systematically reviews the intersection of urbanization, spatial inequality, and the street child phenomenon in Nigeria between 2015 and 2025. Nigeria's rapid urban growth, while transformative, has deepened inequality and exacerbated child vulnerability, particularly in informal settlements where housing, sanitation, and basic services are inadequate. The review synthesizes evidence from 64 academic and policy sources, highlighting structural drivers such as unregulated urban expansion, poverty, educational exclusion, and weak governance frameworks. Findings reveal that children in marginalized urban spaces face multidimensional risks including malnutrition, exploitation, and intergenerational cycles of deprivation. Despite existing policies, interventions remain fragmented, poorly enforced, and rarely child-sensitive. Comparative lessons from other contexts demonstrate that integrated, participatory, and child-focused governance can reduce vulnerability. The chapter concludes by calling for systemic reforms that embed child protection in urban development, prioritize spatial equity, and strengthen institutional capacity to disrupt pathways that push children into street survival. © 2026 selection and editorial matter, David V. Ogunkan; individual chapters, the contributors.","","Expansion; Child protections; Informal settlements; Institutional capacities; Nigeria; Policy intervention; Structural drivers; Urban development; Urban expansion; Urban spaces; Urban growth","Book chapter","Final","","Scopus","2-s2.0-105031194981"
"Nartey M.; Poleacovschi C.; Hill C.G.","Nartey, Marcus (58955898000); Poleacovschi, Cristina (60510135600); Hill, Christina Gish (59454659600)","58955898000; 60510135600; 59454659600","Indigenous Water Infrastructure: Lessons from Alaska Native Communities","2026","The Handbook of Infrastructure Communication","","","","161","172","0","","https://www.scopus.com/pages/publications/105036925234?origin=resultslist","Many Alaska Native (AN) communities face significant water insecurity challenges, including limited access to piped water, outdated and aging water infrastructure, and poor sanitation services. Conducting water, sanitation, and hygiene (WASH) research and engineering projects in AN communities requires a deep understanding of the AN cultural context. These communities possess unique values, governance systems, and traditional knowledge integral to their identity and way of life. This chapter explores the state of WASH-related research and engineering in AN communities, focusing on the importance of culturally sensitive approaches emphasizing community-based participatory research (CBPR). Using a case study format based on the authors’ experiences with water insecurity research in Unalakleet, Alaska, this chapter illustrates how a CBPR-based framework can be effectively applied. The authors highlight the collaborative process of gaining community approval, navigating complex approval procedures, and building lasting partnerships that prioritize community engagement. This chapter also offers practical recommendations for researchers and practitioners in the WASH sector, detailing how to work more effectively with indigenous communities, navigate complex approval processes, and integrate CBPR principles to ensure sustainable, community-driven outcomes while acknowledging that every community has unique needs and expectations. © 2026 by John Wiley & Sons, Inc. All rights reserved, including rights for text and data mining and training of artificial intelligence technologies or similar technologies.","","Artificial intelligence; Sanitation; Community-based participatory research; Cultural context; Engineering program; Governance systems; Sanitation services; System knowledge; Traditional knowledge; Water infrastructure; Water insecurity; Water sanitation; Data mining","Book chapter","Final","","Scopus","2-s2.0-105036925234"
"Sarkar A.; Basak S.; Jana S.; Halder O.; Bhowal A.","Sarkar, Arindam (57225752760); Basak, Shreya (60010468400); Jana, Shreya (60809000100); Halder, Olivia (59310331400); Bhowal, Ankita (60808988700)","57225752760; 60010468400; 60809000100; 59310331400; 60808988700","Gendered Dimensions of Water Security and Food Supply: Examining Women’s Health and Leadership in Gangani Census Mouza, West Bengal","2026","The Impact of Water Scarcity and Malnutrition on Rural Women’s Health: Availability and Sustainability of Water","","","","59","111","0","10.1007/978-3-032-10887-6_4","https://www.scopus.com/pages/publications/105048505025?origin=resultslist","The gender aspect is essential when it comes to access to water and food. The study is concentrated on the Gangani village of Garhbeta. A significant part of the village is dominated by rapid gully erosion and the formation of Badlands. A substantial part of the village is covered by agricultural land and forest. Households are located in the northeastern and southwestern parts of the village, surrounded by badland topography. The people of Gangani mouza are living in the Badlands. As per the 2011 census, the village had 500 households. Now it has approximately increased to 650. One hundred household surveys were conducted to carry out the present study. Household surveys were conducted using seven sets of questionnaires and interviews with village women. A random stratified sampling method has been employed. The objectives of the study are to identify how women obtain, manage, and use water for household purposes. It is also aimed at determining the impact of water insecurity on women’s physical and mental health, including issues related to sanitation and proper nutrition. Another aim is to evaluate women’s participation in community water governance and decision-making. A frequency distribution table has been prepared based on the survey data. Different chart methods through MS Excel have been employed for the graphical representation of data. The comprehensive relationship between gender roles, access to natural resources, and social well-being has been adequately identified. The women in Gangani village play a significant role in resource management and community leadership. © The Author(s), under exclusive license to Springer Nature Switzerland AG 2026.","Gender roles; Resource management; Water security; Water stress; Women’s health","Behavioral research; Decision making; Natural resources management; Rural areas; Topography; Water resources; Agricultural land; Gender roles; Gully erosion; Household surveys; Resource management; Stratified sampling; Water security; Water stress; West Bengal; Woman’s health; Resource allocation","Book chapter","Final","","Scopus","2-s2.0-105048505025"
