priority,direction,record_id,study_id,year,authors,title,doi,url,ai_decision,ai_code,ai_code_meaning,ai_reasoning,codex_decision,codex_code,codex_confidence,codex_criteria_not_yes,codex_design,codex_exposure,codex_outcome,codex_rationale,gemini_decision,gemini_code,gemini_confidence,gemini_criteria_not_yes,gemini_exposure,gemini_outcome,gemini_rationale,claude_triage (N/B/X),claude_triage_note,researcher_decision (include/exclude),researcher_exclusion_code (E01-E12),researcher_comment
1,AI excluded; model(s) include,R089ED6BEB7BE,,1991,Lowatanatrakul W.,The provincial water supply in Thailand and the water decade,10.2166/wst.1991.0419,https://www.scopus.com/pages/publications/0025925434?origin=resultslist,exclude,E01,wrong topic,"Lowatanatrakul 1991 (Water Science and Technology) descriptive programme-progress report on Thailand's Provincial Waterworks Authority (PWA) coverage targets, financing, and tariff constraints during the International Drinking Water Supply and Sanitation Decade (1981-1990). An aggregate national infrastructure-coverage progress report without an isolated legal/institutional mechanism's differential effect on specific populations' access. Wrong-topic infrastructure-progress-report study.",include,,high,,Descriptive sector case study using administrative time-series data (1980–1988),"Provincial Waterworks Authority governance and service-expansion arrangements, including national coverage targets, public investment and subsidies, tariff and cost-recovery policy, institutional responsibilities, staffing, and external financing.","Piped-water connections and population coverage, including an increase from 45.60% coverage in 1980 to 58.01% in 1988, alongside production capacity and service-performance indicators.","The “Status and Service Coverage” section (p. 225) reports longitudinal administrative evidence on population served, connections, and coverage in PWA service areas, with annual figures presented in Table 1 (p. 226). The paper also examines institutional and administrative determinants of expansion—particularly government targets, PWA responsibilities, subsidies, tariffs, staffing, and investment constraints—in the “Sector Institutions,” “Financing, Cost Recovery and Tariff,” and “Future Program” sections (pp. 224–227).",include,,high,,Provincial Waterworks Authority (PWA) management and expansion policies,Water service coverage (percentage),"This paper provides empirical data on PWA's performance between 1980 and 1988, including connection rates and coverage percentages in Table 1. It examines administrative, institutional, and governance factors impacting these outcomes, such as government policies, tariff structures, and investment constraints, satisfying the inclusion criteria.",B,"abstract checked: a short descriptive agency report on coverage targets and budgets; the tariff is named as a constraint, not analysed",,,
1,AI excluded; model(s) include,R08D3F4577102,,2012,Hope R.; Foster T.; Money A.; Rouse M.,Harnessing mobile communications innovations for water security,10.1111/j.1758-5899.2011.00164.x,https://www.scopus.com/pages/publications/84868007635?origin=resultslist,exclude,E01,wrong topic,"Hope, Foster, Money & Rouse 2012 (Global Policy) forward-looking policy-implications paper on mobile-payment and smart-metering technology innovations for water security in Africa (Kenya and Zambia case studies), synthesizing existing AICD/WHO-UNICEF statistics and expert-ranking survey data on the prospective benefits of mobile water payments. A technology-innovation/policy-prospects paper; while it references documented price disparities between unregulated vendors and formal utilities, its pr",include,,high,,Cross-sectional benefit-ranking survey with collaborative stakeholder workshops,"Mobile water-payment and smart-metering systems, including their associated governance, regulatory, financing and rural service-management models.","Professional rankings of eight potential benefits, including increased water-service coverage, improved payment processes and billing accuracy, flexible tariffs, new rural operation and maintenance models, system maintenance, leak/theft detection and water conservation.","Section 4 (pp. 438–439) reports an identifiable empirical survey: 58 professionals participated in structured workshops and 50 completed an anonymous ranking exercise concerning mobile-payment and smart-metering innovations. The measured benefit priorities include increased service coverage and new rural management models, and Section 5 (pp. 440–441) interprets country differences in relation to regulatory structures, sustainable finance, social equity and access for underserved rural populations. Although the sample is explicitly nonrepresentative and does not measure household-level effects,",include,,high,,Mobile communications and smart water technologies,"Improved water service access, financial sustainability, and billing efficiency","The study explores mobile communication innovations as a governance and technical mechanism to enhance water service access in Kenya and Zambia (Abstract, Section 2). It provides empirical evidence through case studies and a benefit ranking survey of 58 water professionals to evaluate these innovations (Section 4). The research directly addresses factors relevant to water security, service coverage, and regulatory governance, meeting all inclusion criteria.",X,"outcome is professionals ranking hypothetical benefits of mobile payment, not measured access",,,
1,AI excluded; model(s) include,R2DBFA78BFB76,,2015,Criqui L.,Infrastructure urbanism: Roadmaps for servicing unplanned urbanisation in emerging cities,10.1016/j.habitatint.2015.01.015,https://www.scopus.com/pages/publications/84922295611?origin=resultslist,exclude,E01,wrong topic,"Urban-planning theory study of infrastructure-extension mechanisms (utility 'institutional creativity and bricolage') for water and electricity in unplanned settlements, Delhi and Lima; a planning-theory framework spanning multiple utility sectors, not a water-specific legal/institutional access-mechanism study.",include,,high,,"Comparative case study using policy/document analysis, field observations, and semi-structured interviews","Utility reforms, regulatory adjustments, documentation and tenure requirements, emergency legislation, community layout plans, informal addressing, and other institutional arrangements governing network extension in unplanned settlements.","Extension and coverage of household water and sanitation networks in Lima, including connection eligibility and infrastructure availability; electricity access in Delhi serves as the comparative case.","The “Case studies: contexts and method” section (pp. 94–95) identifies a comparative empirical design based on document and policy analysis, two six-month field investigations, observations, and interviews. The Lima findings report water and sanitation connection coverage and show how possession attestations, emergency legislation, utility programs, and layout plans enabled or constrained network extension in unplanned settlements (pp. 95–98).",include,,high,,"Infrastructure extension strategies (technical, commercial, and institutional bricolage)",Service access and coverage extension,"The study provides empirical evidence through semi-structured interviews and field observations to analyze the institutional and technical mechanisms utilized by utilities to extend services to unplanned settlements (p. 95). It explicitly examines governance, institutional creativity, and service access outcomes in Lima and Delhi, satisfying all inclusion criteria.",N,abstract checked: case study of how utilities extend networks into unplanned settlements in Delhi and Lima (institutional bricolage; documentation and tenure arrangements per the models),,,
1,AI excluded; model(s) include,R3974945F7707,,2015,"Troeger, Christopher; Pham, Thanh; Van Arsdale, Peter",Community-Level Perceptions and Outcomes of Water Source Development Projects in Timor-Leste: A Cross-Sectional Study,https://doi.org/10.17730/0018-7259-74.2.164,https://www.proquest.com/docview/1688055033?accountid=13598&bdid=165489&_bd=Yjcr2T9WgIN2KNEB6Q%2FqSyeGxsI%3D,exclude,E01,wrong topic,"Troeger, Pham & Van Arsdale 2015 (Human Organization) cross-sectional Rapid Assessment Process study of community perceptions and outcomes (health, education, economic) of 11 recently completed water-source development projects in Timor-Leste. Examines project-implementation and sustainability factors (needs assessments, water user groups, local OMR capacity) and perceived well-being outcomes, not a legal/institutional eligibility or barrier mechanism's differential effect on water access. Wrong",include,,high,,IRB-approved cross-sectional Rapid Assessment Process study,"Recently completed government- or externally supported water-supply interventions and their governance arrangements, including community participation, prior needs assessment, integrated WASH programming, water-user groups, local operation/maintenance/repair capacity, institutional coordination, and","Water-service availability, reliability, and sustainability, including population served, seasonal variation, local maintenance capacity, user-group support, and perceived changes in health, education, economic status, water-fetching distance, and time spent on chores.","The Methodology section (pp. 166-168) identifies an empirical cross-sectional RAP covering eleven communities and agency officials, using interviews, observation, focus groups, social-network analysis, and simple statistical tests. Tables 1-2 and the Survey Findings (pp. 168-170) report service and access-related outcomes after water-source interventions, including people served, seasonal functioning, maintenance capacity, and reduced water-fetching burden. The study also directly examines governance and administrative mechanisms—needs assessments, user groups, community participation, traditi",include,,high,,Recently completed water source interventions.,"Perceived health, educational, and economic improvements; project sustainability.","The study examines water service access in Timor-Leste (page 164) and evaluates administrative/governance factors such as project planning, agency coordination, and community participation (pages 166-167). It uses a cross-sectional Rapid Assessment Process to gather empirical data from eleven communities on perceptions of project outcomes (pages 166, 168-169).",B,project participation and needs assessment; service availability outcome,,,
1,AI excluded; model(s) include,R3F83B65D41C0,,2021,Zhuang X.; Fang D.; Ji F.,Beyond technology: A program for promoting urine-diverting dry toilets in rural areas to support sustainability,10.1039/d0ew00994f,https://www.scopus.com/pages/publications/85103983873?origin=resultslist,exclude,E01,wrong topic,"Ordinal logistic regression study of which of 14 social-marketing/behavior-change program-implementation factors (trigger meetings, follow-up visits, training) predict household adoption of urine-diverting dry toilets in rural China; a program-effectiveness/behavioral-uptake study, not a legal/institutional access mechanism.",include,,high,,Cross-sectional household survey with univariate analysis and multivariable ordinal logistic regression,"Participation in or receipt of 14 implementation factors within a government-supported UDDT promotional program, including trigger meetings, follow-up visits, commendation conferences, brand ambassadors, operation demonstrations, and on-site training","Household UDDT uptake and operational status, classified ordinally as good operation, poor operation, or no usage; household coverage reached 95.7%","The Methods describe a government–university promotional program and a survey of 538 villagers assessing 14 institutional and administrative implementation factors (pp. 790–792, Sections 2.1–2.5). The outcome directly measures sanitation access and sustained use through household UDDT installation and operation, while the Results report coverage and adjusted associations between implementation factors and operational status (pp. 792–793, Section 3 and Table 2).",include,,high,,UDDT promotional program implementation factors,UDDT household operation situation and prevalence,"The paper presents an empirical study evaluating the implementation of a UDDT promotional program in rural China. It examines 14 administrative implementation factors (such as trigger meetings and on-site training) and their impact on sanitation service uptake and operation, satisfying all inclusion criteria.",B,"abstract checked: a promotion programme (trigger meetings, follow-up visits, training) and toilet uptake, n = 538; behaviour-change assistance rather than an access rule",,,
1,AI excluded; model(s) include,R4FFEE7FE13E6,,2014,"Kulkarni, Himanshu; Shankar, PS Vijay",Groundwater resources in India: an arena for diverse competition,https://doi.org/10.1080/13549839.2014.964192,https://www.proquest.com/docview/1617901676?accountid=13598&bdid=165485&_bd=BJAh6PMxpHySt1IxyJAryRU2Nic%3D,exclude,E01,wrong topic,"Kulkarni & Shankar 2014 (Local Environment) conceptual/theoretical analysis of groundwater as a common-pool resource in India, examining competition between domestic, agricultural, and industrial uses/users across different hydrogeological settings, and calling for governance institutions sensitive to this competition. A groundwater-RESOURCE governance and competition study (irrigation, industry, domestic uses collectively), not an empirical study of a specific legal/institutional mechanism's di",include,,medium,,Comparative case-based narrative synthesis combining literature review with the authors’ detailed groundwater studies and field experience,"Land-linked groundwater rights and weak regulation, interacting with aquifer characteristics, landownership, institutional arrangements, groundwater markets and unequal capacity to invest in wells and pumping technology","Groundwater access, availability and exclusion, including loss of access as aquifers decline, unequal shares of water, vulnerability of public drinking-water supplies and affordability-related barriers to continued extraction","The methods description states that the research combines a groundwater literature study with the authors’ own experience and detailed studies from different parts of India (p. 994, “Locating groundwater competition”). Empirical case evidence from Mehsana and Pabal documents changes in wells, groundwater levels, extraction practices and unequal access, while the outcomes section links markets, institutions, landholding and investment capacity to access and exclusion (pp. 997–1007). The paper therefore supplies empirical comparative evidence relevant to household/community drinking-water access",include,,high,,Groundwater extraction competition and hydrogeological characteristics,"Equitable/inequitable access to groundwater, social exclusion","The paper empirically analyzes the socio-legal and hydrogeological drivers of groundwater competition and access inequities in India (p. 990, 994-1008). It explicitly discusses governance challenges, regulatory gaps, and outcomes related to service access and exclusion (p. 992-993, 1007-1008).",X,"land-linked groundwater rights, but access is mostly agricultural (exclusion 7, water-resource study)",,,
1,AI excluded; model(s) include,R6103D8CFE42F,,2022,Aluko O.O.; Esan O.T.; Agboola U.A.; Ajibade A.A.; John O.M.; Obadina O.D.; Afol,How secured and safe is the sanitation and hygiene services in a maximum-security correctional facility in Southwest Nigeria: a descriptive cross-sectional study,10.1080/09603123.2021.1949438,https://www.scopus.com/pages/publications/85111661915?origin=resultslist,exclude,E01,wrong topic,"Aluko, Esan, Agboola, Ajibade, John, Obadina & Afolabi 2022, Int. J. Environ. Health Res. Descriptive cross-sectional study (420 inmates, logistic regression) of sanitation/hygiene conditions and predictors of handwashing/toilet-cleaning behavior in a maximum-security Nigerian prison. Population is institutionalized (incarcerated) individuals, not a household or community-level unit of analysis; predictors are individual-level (religion, education, gender, toilet type) rather than a legal/admini",include,,high,,"Descriptive cross-sectional mixed-method study, primarily quantitative","Institutional and administrative conditions governing prison WASH provision, including toilet type and number, water availability, prison-supplied hygiene materials, maintenance and cleaning arrangements, overcrowding, and nighttime toilet access.","Sanitation-service access and exclusion measures, including continuous and nighttime toilet access, queuing and waiting time, toilet availability and overflow, water scarcity, toilet-cleaning frequency, and handwashing access and practices.","The Methods identify a descriptive cross-sectional mixed-method design using inmate interviews, staff interviews, facility observations, and administrative health records (pp. 2201–2204). The Results report direct sanitation-access outcomes—only 57.6% always had toilet access, inmates commonly queued, and some had no in-cell toilet—alongside institutional determinants such as water availability, toilet type and number, cleaning schedules, and prison provision of soap (pp. 2204–2211). These constitute empirical evidence on how correctional-facility governance and administration shape access to ",include,,high,,Sanitation and hygiene infrastructure and institutional management practices in a prison,"Toilet access, handwashing practices, and prevalence of WASH-related diseases","The study provides empirical cross-sectional evidence on sanitation and hygiene service access within a prison facility in Southwest Nigeria, explicitly examining administrative and governance factors, such as facility maintenance, overcrowding, and institutional management. It satisfies all inclusion criteria by linking these institutional factors to outcomes such as toilet access, queuing times, and inmate handwashing practices.",B,"abstract checked: descriptive survey of 420 prison inmates (crowding, toilet waiting times, hygiene); custody conditions rather than an access rule",,,
1,AI excluded; model(s) include,R7E506F37F7B8,,2022,Ferrer L.M.; Rodriguez D.A.; Forti M.C.; de Andrade M.R.M.; de Oliveira M.A.,"Composition of the social urban water shortage vulnerability index (SUWSVI) applied to São José dos Campos, SP, Brazil",10.18472/SustDeb.v13n3.2022.45523,https://www.scopus.com/pages/publications/85147027514?origin=resultslist,exclude,E01,wrong topic,"Composition of a technical social urban water-shortage vulnerability/disaster-risk index (Sao Jose dos Campos, Brazil); vulnerability-index methodology, not legal-institutional access analysis.",include,,high,,Ecological spatial case study developing a composite vulnerability index using census-sector GIS analysis and supplementary social-media data,"A 2016 mining-dam failure that interrupted the municipal drinking-water supply, assessed across administrative regions and zoning/urbanization classes reflecting infrastructure availability, land-use planning, and irregular settlement conditions","Spatially distributed social vulnerability to drinking-water shortage and unequal access during supply interruption, measured by SUWSVI categories based on household income, female household headship, and child/elderly dependency","The Methods (§§2.1–2.2, pp. 176–180) identify the population, interruption of public drinking-water service, administrative and zoning context, census-sector sample, variables, and index-construction design. Results and Discussion (pp. 180–184) empirically relate vulnerability and reported shortages to administrative regions, infrastructure, zoning classes, irregular housing, and access to alternative public wells; the Conclusion states that the index mapped groups facing difficulty accessing water when public supply failed (p. 184).",include,,high,,Water supply interruption due to upstream mining dam failure,Vulnerability to water shortage (unequal access),"The study develops and applies a Social Urban Water Shortage Vulnerability Index (SUWSVI) to evaluate water access inequality during an interruption caused by a mining dam failure in São José dos Campos (Introduction, Section 1). It utilizes empirical census data and socio-environmental analysis to inform local water governance and public management policies.",X,exposure is a dam-failure disaster; zoning appears only as a stratifier,,,
1,AI excluded; model(s) include,R96A74867D7C2,,2020,Sandoval V.; Sarmiento J.P.,"A neglected issue: informal settlements, urban development, and disaster risk reduction in Latin America and the Caribbean",10.1108/DPM-04-2020-0115,https://www.scopus.com/pages/publications/85085887680?origin=resultslist,exclude,E01,wrong topic,"Sandoval & Sarmiento 2020, 'A neglected issue: informal settlements, urban development, and disaster risk reduction in Latin America and the Caribbean' (Disaster Prevention and Management). Macro/national-level comparative content analysis of 17 Habitat III National Reports (Argentina through Uruguay), examining urban informal-settlement prevalence and 'risk governance'/'disaster resilience' policy discourse under the New Urban Agenda and Sendai Framework. Access to drinking water and sewerage a",include,,high,,Cross-country mixed-methods secondary data and qualitative document analysis,"National urban-development policies, initiatives, legislation, governance arrangements, decentralization, and articulation of risk-governance and disaster-resilience frameworks affecting informal settlements","Country-level access to residential potable/piped water and sewerage connections, including proportions lacking each service, alongside informal-settlement prevalence","The Methodology section (p. 732) reports quantitative analysis of potable-water and sewerage access and qualitative content analysis of 17 Habitat III National Reports for governance arrangements and national policies. Table 2 and its discussion (pp. 737-739) report country-level proportions lacking piped water and sewerage connections, while the Risk governance section (pp. 741-742) empirically analyzes relevant policies, legislation, decentralization, and institutional arrangements. The population, governance exposure, service-access outcomes, and mixed-methods document-analysis design are t",include,,high,,"Urban development policies, risk governance frameworks, and disaster risk reduction (DRR) strategies",Access to drinking water and sewerage systems,"The study conducts a comparative analysis of 17 Habitat III National Reports using quantitative (SPSS) and qualitative (content analysis) methods to examine the relationship between urban governance, disaster risk reduction policies, and access to basic services like water and sanitation in informal settlements. It satisfies all inclusion criteria by providing empirical analysis of governance factors affecting water and sanitation service access.",B,"national urban policy and legislation for informal settlements, cross-country descriptive",,,
1,AI excluded; model(s) include,RAAB22A572D27,,2011,"Jewell, Benjamin; Wutich, Amber","Charitable Christians, Punitive Neighbors: Religiosity and Economic Norms in a Water-Scarce Environment",https://doi.org/10.1108/S0190-1281(2011)0000031015,https://www.proquest.com/docview/1037877237?accountid=13598&bdid=165485&_bd=SgpEDXCL9cErj9QHQJHClwIie2Y%3D,exclude,E01,wrong topic,"Ethnography and economic-experiment (dictator/ultimatum games) study of how religiosity shapes prosocial water-sharing norms in a Bolivian squatter settlement; the municipal utility's institutional exclusion of the settlement is background context, while the paper's core analytical framework is religiosity's effect on economic behavior, not a legal/institutional access mechanism.",include,,high,,Mixed-methods ethnographic panel study and randomized-sample economic experiments,"Religiosity and Christian norms of charity, including church-attendance frequency and relationships with family members, coreligionists, and neighbors as informal institutional influences on water sharing.","Household water sharing and receipt, generosity, and enforcement of fair-giving norms that facilitate access to drinking water during shortages.","The Setting and Methods sections (pp. 312–317) identify a population lacking municipal water service and describe 18 months of ethnography, repeated household interviews, and economic experiments. The Qualitative Results report observed household water giving and receipt (p. 317 onward), while the Discussion and Conclusions (pp. 332–335) identify Christian charity norms and religiosity as an informal institutional mechanism facilitating water sharing and access.",include,,high,,Religiosity and institutional norms (Christian charity) in a water-scarce environment.,Water sharing behavior and prosocial economic norms.,The study provides empirical evidence through mixed methods (ethnographic research and economic games) to show how Christian norms of charity serve as an institutional mechanism for facilitating water sharing among households in a water-scarce squatter settlement (pp. 307-334). It clearly satisfies all inclusion criteria by examining water access coping strategies within an institutional/governance context.,X,"exposure is religiosity and social norms, not an institutional factor",,,
1,AI excluded; model(s) include,RAD91FA5DFF79,,1999,"Daniere, AG; Takahashi, LM",Poverty and access: Differences and commonalities across slum communities in Bangkok,10.1016/S0197-3975(98)00052-6,https://www.webofscience.com/wos/woscc/full-record/WOS:000079299600009,exclude,E01,wrong topic,"Household survey-based access-measurement study finding that geographic/socioeconomic factors (settlement age, income) rather than government policy explain differences in service access across Bangkok slum communities; general descriptive access-determinants study, not a legal/institutional mechanism analysis.",include,,high,,Cross-sectional household survey with comparative analysis by geographic zone and community income cluster,"Geographic zone and community income grouping, together with institutional and administrative service-delivery conditions such as municipal piped-water provision, waste-collection arrangements, service pricing, and community participation","Access to piped water and waste collection; water consumption, treatment, absolute cost and share of household income; waste-disposal practices; and demand or participation measures related to service improvement","The Household data section (pp. 275–276) reports a defined cross-sectional survey of 540 households and identifies the sampling, population, and measured service-access variables. Tables 4–5 and the Analysis/Synthesis sections (pp. 278–284) empirically compare piped-water access, water affordability, consumption, and waste services across geographic and income-defined communities. The Service delivery and Policy implications sections (pp. 274–285) explicitly connect these outcomes to municipal provision, pricing, agency capacity, and community-level governance mechanisms.",include,,high,,Service infrastructure delivery (piped water and solid waste collection) and institutional/policy environment of the Bangkok Metropolitan Authority (BMA) and National Environment Board (NEB).,"Access to piped water, water consumption, cost of water, solid waste collection, and health-related behaviors.","The study provides primary empirical evidence based on a 1994 survey of 540 households in Bangkok slum settlements. It examines access to essential water and sanitation services, specifically analyzing the impact of institutional and policy factors on these outcomes, fulfilling all inclusion criteria.",B,slum zone and income with service-delivery conditions; institutional factor weak,,,
1,AI excluded; model(s) include,RB8541E7A11B9,,2018,Alley K.D.; Barr J.; Mehta T.,Infrastructure disarray in the clean Ganga and clean India campaigns,10.1002/WAT2.1310,https://www.scopus.com/pages/publications/85056482955?origin=resultslist,exclude,E01,wrong topic,"Alley, Barr & Mehta (2018), 'Infrastructure disarray in the clean Ganga and clean India campaigns.' An anthropological case study of wastewater/fecal-sludge management infrastructure governance and caste-based manual-scavenging labor practices in India; concerns the 'back end' sewage-treatment-chain infrastructure and sanitation labor rather than household-level water/sanitation access-barrier determination.",include,,high,,Qualitative multiple-case study,"Institutional fragmentation, regulatory enforcement and legal exceptionalism, data-scarce sanitation planning, exclusion of nonstate evidence from administrative decisions, and nonenforcement of laws prohibiting manual scavenging.","Disconnected or unavailable sanitation services, untreated wastewater discharge, inadequate treatment capacity, unsafe fecal-sludge disposal, and continued reliance on excluded and endangered manual-scavenging workers.","The Introduction states that the authors examine wastewater and fecal-sludge-management gaps through the activities and perspectives of three nonstate leaders and their communities, and Section 2 presents these as three case studies. Sections 2.1–2.3 empirically describe how regulatory decisions, administrative conflict, deficient measurement, and failure to enforce labor law sustained untreated sewage, inadequate treatment capacity, and unsafe manual scavenging; the Conclusion synthesizes these sanitation-access and service-chain outcomes.",include,,high,,"Government sanitation programs (Clean Ganga Mission, Swachh Bharat Mission) and the governance/informality of infrastructure management.","Infrastructure connectivity, wastewater pollution, and manual scavenging issues related to service accessibility.","The study conducts an empirical analysis through three distinct case studies investigating the governance and functionality of sanitation infrastructure in India. By documenting the interactions between government policies, non-state actors, and local service realities, it addresses the governance factors influencing access and infrastructure performance, thus satisfying all inclusion criteria for the systematic review.",N,abstract checked: WIREs Focus article on three non-state actors and enforcement gaps in sanitation; check that it is empirical enough for criterion 3,,,
1,AI excluded; model(s) include,RB9A117B7E3E9,,2000,"Kundu, Amitabh",Urban poverty in India: Issues and perspectives in development,https://doi.org/10.1177/004908570003000202,https://www.proquest.com/docview/1972058291?accountid=13598&bdid=165489&_bd=H%2BS1vXTO5NL9w35DIyd4zgXgtwU%3D,exclude,E01,wrong topic,"Kundu (2000), 'Urban poverty in India: Issues and perspectives in development.' A broad analysis of rural/urban poverty trends and interstate variations in India; water supply is examined together with toilets and electricity as one of several 'basic amenities' within a much broader poverty/governance-reform analysis, not a dedicated water-access institutional-mechanism study.",include,,high,,"Ecological descriptive secondary analysis of Population Census, National Sample Survey, and municipal-finance data across states and urban-settlement size classes","Urban-governance and municipal-finance arrangements, including the 74th Constitutional Amendment, fiscal decentralization, reduced intergovernmental transfers, local revenue capacity, and increasing reliance on financial institutions","Household coverage by drinking-water supply and toilet/sanitation facilities, including lack of latrines and disparities by state and settlement size","Section 3 (pp. 16–23) empirically analyzes Census and NSS household coverage by drinking water and toilets across states, years, and settlement-size classes. Section 4 (pp. 23–28) examines governance and administrative exposures—including decentralization, municipal fiscal capacity, declining transfers, and the 74th Constitutional Amendment—and relates them to unequal provision of water and sanitation services, supported by municipal-revenue data from the cited NIPFP study.",include,,high,,"Governance factors (74th Constitutional Amendment), economic development level, and town size.","Access to basic amenities: water supply, toilets, and electricity.","The paper provides empirical analysis using Census and National Sample Survey (NSS) data to examine the accessibility of water supply, toilets, and electricity in urban India. It explicitly links these outcomes to governance changes (e.g., the 74th Constitutional Amendment) and urban administrative factors.",B,municipal finance and decentralisation (74th Amendment); coverage outcome,,,
1,AI excluded; model(s) include,RBFBE0C8DD5C3,,2009,"Nkwocha, E E",Water Supply Deficiency and Implications for Rural Development in the Niger-Delta Region of Nigeria,https://doi.org/10.1007/s11205-008-9268-x,https://www.proquest.com/docview/197648890?accountid=13598&bdid=165489&_bd=5Xkw4JiXkfrzQFYZfmDCOvlTHOw%3D,exclude,E01,wrong topic,"Nkwocha 2009 (Social Indicators Research) household-survey study (n=501, 13 villages) with logistic regression of water supply deficiency and its socioeconomic implications (agriculture, rural industrialization, education, health) in the Niger-Delta region of Nigeria. Documents general water-scarcity effects on rural livelihoods and development; no specific legal/institutional mechanism (permitting, eligibility, tariff, connection rule) is examined as producing the documented deficiency. Wrong-t",include,,high,,"Cross-sectional community survey with direct interviews, structured questionnaires, observations, water-quality testing, and logistic regression","Deficient and uneven public water-service provision, including limited functionality of government/donor water projects, restricted pump operating hours, and community dependence on distant natural sources or private vendors.","Household water consumption relative to demand, distance and time required for collection, affordability constraints, service availability, and associated social, economic, educational, and health consequences.","Section 2 reports a systematic random cross-sectional survey of 501 residents, direct observation, water testing, and statistical analysis. Sections 2.1 and 3 document the administrative and institutional service conditions—only 8 of 18 public projects functioning, inconvenient operating hours, and unequal availability—and quantify outcomes including a mean 68% supply deficit, collection distance and time, and inability of some households to afford vendor water (pp. 410–415).",include,,high,,Water supply deficiency (infrastructure availability),"Rural development, economic productivity, schooling, farming, and health outcomes",The study provides empirical evidence (N=501) on the impact of rural water supply deficiency on development outcomes in the Niger-Delta region (Section 2.2 and 3). It examines the failures of local government and donor-led infrastructure projects as a governance/administrative factor influencing service access (Section 2.1 and 5).,B,deficient public provision and pump operating hours; institutional factor weak,,,
1,AI excluded; model(s) include,RD9AA2E70843A,,1994,"Choguill, Charles L",Implementing Urban Development Projects: A Search for Criteria for Success,,https://www.proquest.com/docview/61625456?accountid=13598&bdid=165489&_bd=6cdHzX67ulieTXK1Sq27t8Zpgws%3D,exclude,E01,wrong topic,"Choguill (1994), 'Implementing Urban Development Projects: A Search for Criteria for Success.' Generic public-administration/planning-implementation framework (six constraint factors) applied comparatively to a Bangladesh squatter-resettlement project and a Tegucigalpa, Honduras water/sanitation project. The water case is one of two illustrations of a general implementation-theory framework; no specific legal/administrative access-barrier mechanism for water is analyzed.",include,,high,,Comparative case study of two urban development project implementations,"Project governance and implementation arrangements, including agency coordination, creation of the UEBM, community water boards and participation, financing and cost-recovery rules, technology choices, and political intervention",Completion and continued operation of water and sanitation infrastructure; household or community access through yard or public taps; water affordability; system maintenance; and project financial viability,"The paper presents two identifiable project case studies and evaluates implementation using documentary and reported project evidence. In the Tegucigalpa case, pp. 33–36 report baseline exclusion and high vendor prices, describe the UEBM and community-governance arrangements, and state that 20 projects served 45,200 people through yard or public taps and were financially viable. The Mirpur case reports provision of tubewells, hand pumps, and latrines to about 2,600 families, while documenting institutional delays and post-completion maintenance failures on pp. 32–33.",include,,high,,"Urban development projects for water supply and sanitation, specifically examining institutional, administrative, and governance implementation strategies.","Access to water supply and sanitation services, including infrastructure availability, reliability, and community-managed service delivery.","The paper provides empirical analysis through two case studies of water supply and sanitation projects in Dhaka and Tegucigalpa, examining how institutional, organizational, and governance factors (such as project coordination, community participation, and political environment) influence service access and successful implementation (pages 28-36).",B,project governance and coordination with some cost-recovery rules,,,
1,AI excluded; model(s) include,RE0841B3F072D,,2007,Ruet J.; Gambiez M.; Lacour E.,Private appropriation of resource: Impact of peri-urban farmers selling water to Chennai Metropolitan Water Board,10.1016/j.cities.2006.10.001,https://www.scopus.com/pages/publications/33947593773?origin=resultslist,exclude,E01,wrong topic,"Ruet, Gambiez & Lacour (2007), 'Private appropriation of resource: Impact of peri-urban farmers selling water to Chennai Metropolitan Water Board.' Core focus is upstream bulk-water-sourcing property-rights conflict and changing agricultural practices among peri-urban/rural farmers supplying the metropolitan utility, not a household/domestic last-mile water-access barrier mechanism for urban residents.",include,,high,,Comparative cross-sectional farmer survey with before-and-after retrospective analysis and administrative data,"Participation in, or dependence on participants in, the CMWSSB–TNEB–farmer tripartite groundwater-purchasing agreement introduced in 2000.","Water availability and exclusion among farmers, cultivated area, water transfers, income, groundwater depletion, and the quantity and destination of water supplied to Chennai.","The “Survey” section on page 115 identifies the sample and compares selling, dependent, and non-dependent farmers under the administratively created tripartite agreement. Tables 2–4 on pages 116–118 report reduced cultivated area and water access among dependent farmers, near-elimination of local water sales, and sharply diverging incomes, while pages 113–115 quantify the purchased groundwater entering Chennai's service system. The study therefore provides empirical evidence linking a regulatory/governance arrangement to water availability and exclusion at community and utility-system levels.",include,,high,,Tripartite water purchase agreement between farmers and Chennai Metropolitan Water Supply and Sewerage Board (CMWSSB).,"Changes in local water access, irrigation practices, land-use, and socio-economic income distribution.","The study provides empirical evidence through a survey of 59 farmers in the Magaral Panchayat (p. 115) to analyze the impact of the tripartite water purchase agreement (p. 112). It examines governance factors (administrative water agreements, property rights, p. 112, 117) and their impact on water access outcomes for different socioeconomic groups (p. 116-117).",X,groundwater purchase agreement; outcomes are farmers and resource depletion,,,
1,AI excluded; model(s) include,RF104A3C9A7FE,,2021,Bolatova Z.; Tussupova K.; Toleubekov B.; Sukhanberdiyev K.; Sharapatova K.; Sta,Challenges of access to WASH in schools in low-and middle-income countries: Case study from rural central Kazakhstan,10.3390/ijerph18189652,https://www.scopus.com/pages/publications/85114671868?origin=resultslist,exclude,E01,wrong topic,"Bolatova et al. (2021), 'Challenges of Access to WASH in Schools in Low- and Middle-Income Countries: Case Study from Rural Central Kazakhstan.' A school WASH infrastructure-condition survey (pupil survey, infrastructure observation, administrator interviews) across 3 rural Kazakh schools; a purely technical/public-health infrastructure-condition assessment with no institutional/legal water-access-mechanism analysis.",include,,high,,"Cross-sectional mixed-methods case study using pupil surveys, facility observations, and administrator interviews","School-level administrative, institutional, regulatory, operational, and maintenance arrangements affecting WASH access, including responsibility for service provision, rules governing toilet and drinking-water use, budgeting, monitoring, and implementation of national standards","Availability and accessibility of drinking water, toilets, handwashing facilities, soap, warm water, drying materials, and toilet paper; service reliability, functionality, quality, privacy, and restrictions or exclusion from use","Section 2.1 identifies an empirical mixed-methods design comprising 166 pupil questionnaires, three administrator interviews, and three facility observations. Sections 3.1–3.4 report access outcomes linked to administrative and institutional practices, including locked toilets requiring a janitor-held key, permission requirements for drinking water or toilet use, maintenance responsibilities, and inadequate provision of soap and drying materials. Table A2 further identifies responsibility for WASH provision and maintenance across school administrations and local state organizations.",include,,high,,"WASH (water, sanitation, and hygiene) infrastructure and governance","Access to, availability, functionality, and quality of WASH services","The study empirically assesses WASH access in three rural Kazakh schools using surveys, observations, and interviews (Section 2.1). It explicitly examines institutional and regulatory factors, including adherence to sanitary rules, administration responsibilities, and school-level maintenance (Sections 1.1, 1.2, 2.2, 3.1-3.4), meeting all inclusion criteria.",N,abstract checked: survey of three rural schools; a toilet locked with a key that a quarter of pupils could not get; school rules restricting access,,,
1,AI excluded; model(s) include,RF8BD93786D82,,2019,"Adams, EA; Vásquez, WF","Do the urban poor want household taps? Community preferences and willingness to pay for household taps in Accra, Ghana",10.1016/j.jenvman.2019.06.113,https://www.webofscience.com/wos/woscc/full-record/WOS:000483635000057,exclude,E01,wrong topic,"Choice-experiment/willingness-to-pay economics study of household-tap preferences among urban poor residents in Nima, Accra, Ghana. Examines demand-side service-attribute preferences (connection fees, service hours, provider trust); no legal/institutional access-barrier mechanism (eligibility, tenure, documentation) examined. Extends the Mansur & Olmstead 2012 precedent under E01.",include,,high,,Cross-sectional household survey with an unlabeled discrete choice experiment,"Hypothetical household-tap service configurations varying in governance/provider (Accra Metropolitan Assembly versus Ghana Water Company Limited), connection fee, monthly bill, service days and hours, pressure, and water quality.","Household preferences and willingness to pay for a private household tap, including willingness to pay for provider type, connection, reliability, and other service attributes.","Sections 2.2-2.3 (pp. 572-573) identify the population, stratified sampling, 344 completed household surveys, and the choice experiment, whose attributes explicitly include the governing service provider and household-tap access conditions. Sections 4.3 and 5 (pp. 575-578) report empirical choice-model estimates showing preferences and willingness to pay for household connections, including a preference and payment premium for AMA rather than GWCL management.",include,,high,,Private water connections,Willingness to pay (WTP),"The study uses a choice experiment with 344 households in the Nima-Maamobi informal settlement in Accra, Ghana, to evaluate preferences and willingness to pay for household water connections (Section 2.1, page 572). It explicitly investigates the impact of different management institutions (GWCL vs. AMA) on these preferences, fulfilling the institutional and governance factor criteria (Section 2.3, page 573).",N,"abstract checked: choice experiment in Nima, Accra; connection fees and provider (AMA vs GWCL) shape willingness to pay; outcome is stated preference, not observed access",,,
1,AI excluded; model(s) include,RFE07661F24F1,,2018,"Hushie, M",State-civil society partnerships for improving safe water and sanitation coverage in the Northern region of Ghana: An exploratory qualitative study,10.1080/23311886.2018.1508626,https://www.webofscience.com/wos/woscc/full-record/WOS:000445638600001,exclude,E01,wrong topic,"Qualitative study of state-civil society partnership dynamics (24 interviews, 16 CSO-District Assembly collaborations) for W&S service delivery in Ghana; the studied outcome is partnership drivers/nature/successes/challenges at the institutional CSO-local government level, not a household-level legal-administrative water/sanitation access, connection, or affordability outcome -- matches the established governance-process/partnership-dynamics precedent.",include,,high,,Exploratory qualitative multiple-case study using in-depth interviews and document review,"State–civil-society partnerships for water and sanitation delivery within Ghana's decentralization framework, including project, network, and strategic partnership models.","Reported expansion and equity of access to safe water and sanitation services, affordability protections, service functionality and sustainability, and organizational barriers affecting coverage and continuity.","The Methods identify an exploratory qualitative design based on 24 interviews, organizational documents, and public information, with thematic constant-comparative analysis (Sections 3.1–3.5, pp. 4–5). Results empirically examine how decentralization and state–civil-society partnership arrangements influence water and sanitation provision, including infrastructure delivery, tariff exemptions for people unable to pay, and failures affecting continued service functionality (Sections 4–8, pp. 5–10).",include,,high,,"State-civil society partnerships (project, network, and strategic collaborations) within the context of decentralization policies and public sector reforms","Improved access to safe water and sanitation coverage, and service sustainability","The study investigates state-civil society partnerships and their impact on water and sanitation service coverage in Ghana, satisfying all inclusion criteria. It uses an exploratory qualitative design with empirical evidence from 24 in-depth interviews across 16 partnership cases. As detailed in the Abstract and Section 4, the findings provide empirical insights into the drivers, nature, and challenges of these collaborations in improving service access for marginalized communities.",B,state-civil society partnerships under decentralisation,,,
1,AI excluded; model(s) include,R72919F1AC937,,2003,"Caldwell, Bruce K; Caldwell, John C; Mitra, S N; Smith, Wayne",Searching for an optimum solution to the Bangladesh arsenic crisis,https://doi.org/10.1016/S0277-9536(02)00203-4,https://www.proquest.com/docview/230484428?accountid=13598&bdid=165489&_bd=C101HZq0GNO7NniNginUq0jcyp0%3D,exclude,E03,wrong exposure,"Caldwell, Caldwell, Mitra & Smith 2003 (Social Science & Medicine) national survey study of arsenic contamination in Bangladeshi rural tubewells, examining the tradeoff between arsenic-exposure risk and the convenience/hygiene benefits of household tubewell ownership. A water-quality/contamination-exposure study, not a legal/institutional water-access eligibility mechanism study; extends the established water-quality-focus exclusion precedent (Khabo-Mmekoa & Momba 2019, Batch 220; Eggers et al. ",include,,high,,National cross-sectional household survey and tubewell census,"Administrative testing and red-marking of arsenic-contaminated tubewells, public/private/community well provision and ownership, and access to alternative safe wells through water-sharing arrangements.","Household drinking-water source and access, continued use of condemned wells, actual and preferred switching to alternative water sources, and availability of nearby safe tubewells.","The research-program section (pp. 2091–2092) reports two identifiable empirical studies—a nationally sampled household survey and a village-level tubewell census. Tables 1–4 and the “Tubewell water” and “Tubewell option” sections (pp. 2092–2095) quantify access to private and public wells, testing and red-marking, continued use of contaminated wells, and household switching behavior, directly linking an administrative governance intervention to safe-water access outcomes.",include,,high,,tubewell water use and arsenic contamination levels,"water source and usage patterns, access to safe water","The study reports empirical evidence from a 2000 national survey and census of rural households in Bangladesh regarding water source choices and the impact of the arsenic crisis. It examines administrative and institutional aspects of the water supply, specifically the governance of arsenic testing programs and community access to safe water sources.",B,abstract checked: national tubewell census and household survey arguing for comprehensive well testing; information policy rather than an access rule,,,
1,AI excluded; model(s) include,RC0409B5F0BE0,,2018,Petelet-Giraud E.; Cary L.; Cary P.; Bertrand G.; Giglio-Jacquemot A.; Hirata R.,"Multi-layered water resources, management, and uses under the impacts of global changes in a southern coastal metropolis: When will it be already too late? Crossed analysis in Recife, NE Brazil",10.1016/j.scitotenv.2017.07.228,https://www.scopus.com/pages/publications/85031752818?origin=resultslist,exclude,E03,wrong exposure,"Petelet-Giraud et al. (2017), 'Multi-layered water resources, management, and uses under the impacts of global changes... Recife, NE Brazil.' A hydrogeological/environmental-science field study (isotope/water-chemistry sampling by a geological-survey research team) on aquifer overexploitation and salinization; Brazilian water law and governance are discussed narratively but with no primary institutional data collection (no interviews or household survey) -- institutional context is background on",include,,high,,Transdisciplinary mixed-methods case study combining hydrogeological analysis with socio-ethnological field observations and interviews,"Fragmented multilevel water governance, deficient public supply and sanitation networks, rationing, groundwater regulation, and the public-private partnership for sewerage services.","Water-supply availability and continuity, unequal or poor connection, household coping strategies and alternative water sources, groundwater depletion, sanitation coverage, affordability risks, and water-related health hazards.","Sections 2.2–2.3 (pp. 5–7) empirically describe fragmented governance and heterogeneous household access strategies, including wells, storage, rainwater harvesting, and illegal network connections. Sections 3.1–3.3 (p. 8) report access-relevant outcomes such as rationing, supply-demand shortfalls, groundwater depletion, only 40% sewerage coverage, and sanitary risks; Section 4 (p. 9) identifies socio-ethnological investigation, field observations, and interviews as evidence sources.",include,,high,,"Multi-layered governance, water management policies, and global changes (climate, demographic pressure)","Water supply reliability, availability, and individual coping strategies for service access","The study provides empirical analysis of the multi-layered water governance system and water access strategies in Recife, Brazil, addressing the institutional and individual challenges in service delivery and reliability. It directly examines water management policies (Section 2.2) and their impacts on household-level water access and coping strategies (Section 2.3), fulfilling all inclusion criteria.",B,"fragmented multilevel governance, rationing and a public-private partnership",,,
1,AI excluded; model(s) include,R03DD1BAD1AD0,,2011,"McSpirit, Stephanie; Reid, Caroline","Residents' Perceptions of Tap Water and Decisions to Purchase Bottled Water: A Survey Analysis from the Appalachian, Big Sandy Coal Mining Region of West Virginia",https://doi.org/10.1080/08941920903401432,https://www.proquest.com/docview/902079593?accountid=13598&bdid=165489&_bd=MT6ERwctlDFk%2FzrKFSw5IoSocyk%3D,exclude,E04,wrong outcome,"McSpirit & Reid 2011 (Society & Natural Resources), 'Residents' Perceptions of Tap Water and Decisions to Purchase Bottled Water.' A regression study of consumer purchasing-behavior/perceptions (perceived tap-water quality, trust, saliency, income) driving bottled-water purchase decisions in an Appalachian coal-mining region. A consumer-behavior/perceptions study, not a legal/institutional water-access-eligibility mechanism; extends the established perceptions/attitudes wrong-outcome exclusion p",include,,high,,Cross-sectional household survey with multivariable regression analysis,"Trust in the local water-treatment facility and its compliance with water-quality standards, alongside perceived tap-water quality, drinking-water problem salience, watershed pollution risks, income, and public-versus-private water supply","Household purchase of bottled or distilled water as a substitute for tap water, measured on a five-point agreement scale","The Methods and Measures sections (pp. 512–514) describe a household survey with an identifiable sample, institutional exposure—trust in the water-treatment facility—and an outcome measuring bottled-water purchase when residents do not rely on tap water. The Findings and Discussion (pp. 514–518) report regression evidence that distrust in the treatment facility, perceived tap-water quality, water-problem salience, and income predict this household coping behavior, making the study relevant to reliable and affordable drinking-water service access.",include,,high,,Perceptions of tap water quality and watershed pollution from coal mining,Decision to purchase bottled water,"The study empirically analyzes (survey of 256 residents, p. 513) how perceptions of tap water quality—linked to the coal mining regulatory and governance context mentioned throughout—affect the household-level decision to purchase bottled water as a service substitute. It meets all inclusion criteria by linking an empirical behavioral outcome to perceptions of water service access and governance-related environmental concerns.",X,"outcome is bottled-water purchase driven by trust, not access",,,
1,AI excluded; model(s) include,R4D7CD4E75E33,,2013,Vásquez W.F.,An economic valuation of water connections under different approaches of service governance,10.1016/j.wre.2013.10.001,https://www.scopus.com/pages/publications/84888000337?origin=resultslist,exclude,E04,wrong outcome,"Vasquez (2013), 'An economic valuation of water connections under different approaches of service governance.' Hedonic-price analysis of stated rental values to estimate households' implicit willingness-to-pay for in-house/yard water connections under municipal, private and community-managed governance in Guatemala; the outcome measured is economic valuation/willingness-to-pay, not an actual access, connection, or reliability outcome. Wrong outcome, consistent with the Salman et al. (Jordan dema",include,,high,,Cross-sectional hedonic price analysis of nationally representative household survey data,"Household water-source access and service-governance arrangement, including in-house and yard connections supplied by municipal, private, or community-managed utilities; public taps, wells, other sources, source distance, and service unreliability were also examined","Households' economic valuation of water access, estimated through stated monthly rental prices and marginal values of water connections; service reliability and source distance were secondary access-related outcomes/explanatory measures","Section 3 (pp. 21–24) identifies the population, nationally representative ENCOVI sample, water-access and governance exposures, stated-rent outcome, and fixed-effects hedonic design. Results in Tables 5–7 (pp. 25–28) empirically estimate how municipal, private, and community-managed provision, connection type, source distance, and unreliability relate to household valuation of water access. The paper therefore directly examines household water-service access under distinct institutional governance arrangements and reports extractable access-relevant outcomes.",include,,high,,"Water service governance (municipal, private, community-managed) and connection types",Stated rental price (as a proxy for economic value of water service access),"The study conducts an empirical hedonic analysis (Section 3) on a large, nationally representative sample of 12,476 households (Section 3) to value piped water connections under different institutional governance approaches (municipal, private, community-managed). It satisfies all inclusion criteria by providing empirical evidence of service access valuation linked to governance factors.",N,"abstract checked: hedonic models of rental prices in Guatemala; value of connections differs by municipal, private or community management (ownership, Family C type)",,,
1,AI excluded; model(s) include,RBCDE0E7C6962,,2012,"Ndesamburo, Joyce; Flynn, Erin; French, Samantha",Looking through an equity and inclusion lens in Tanzania: the experience of WaterAid,https://doi.org/10.1080/13552074.2012.731809,https://www.proquest.com/docview/1567048949?accountid=13598&bdid=165489&_bd=7bE1BezcmzqhgqF0bD0MPaVu28U%3D,exclude,E05,no empirical evidence,"Ndesamburo, Flynn & French 2012 reflective NGO practitioner case study describing WaterAid Tanzania's application of an 'Equity and Inclusion Framework' in Bashnet, Tanzania. Documents institutional programmatic outcomes (tariff reduction via diesel-generator-cost analysis, free service provision to identified disadvantaged households, disabled-accessible infrastructure design changes) but the methodology is a narrative/reflective NGO programme case study rather than a rigorous original empirica",include,,high,,"Empirical implementation case study using community meetings, focus groups, interviews, observations, and technical measurements","WaterAid's equity-and-inclusion approach to WASH planning and implementation, including inclusive consultation, partner capacity-building, accessible facility design, community participation, tariff reform, and representation on the local Water Board.","Water and sanitation access and exclusion outcomes, including accessibility of water points for disabled residents and women, affordability through reduced tariffs and free service for economically disadvantaged residents, participation in WASH decisions, and representation on the Water Board.","The Bashnet section identifies an implementation case study and reports information gathered from September 2010 to October 2011 through community meetings, focus groups, interviews, observations, and technical measurements (pp. 456–457). It empirically links the equity-and-inclusion intervention to access-relevant changes, including modified water-point designs, tariff reduction and free service for disadvantaged residents, improved physical accessibility, and inclusion of women and a disabled woman on the Water Board (pp. 461–463).",include,,high,,WaterAid's equity and inclusion approach in a WASH project,"Improved access to water supply and sanitation, including infrastructure adjustments and tariff restructuring","The study documents the implementation of a water and sanitation project in Bashnet, Tanzania, using an equity and inclusion approach to improve access (p. 456-457). It provides empirical evidence based on project data collected via community meetings, interviews, and observations, and discusses institutional barriers and policy improvements like tariff adjustments (p. 457, 461-462).",B,"NGO equity-and-inclusion approach (participation, design, some tariff reform)",,,
1,AI excluded; model(s) include,RDAD34E024169,,1995,Lee T.R.,Financing investments in water supply and sanitation,10.1111/j.1477-8947.1995.tb00620.x,https://www.scopus.com/pages/publications/0029488419?origin=resultslist,exclude,E05,no empirical evidence,"Lee (1995), 'Financing investments in water supply and sanitation.' A regional policy-analysis paper drawing on secondary published national statistics (ECLAC studies) to model tariff-based self-financing scenarios across Latin American countries, not an original empirical study with primary data collection -- matches the Nigam & Ghosh (1995) precedent.",include,,high,,Comparative secondary-data economic modelling and policy analysis,"Tariff and cost-recovery policies, including self-financing utility models, differentiated tariffs, and subsidies for low-income households","Water and sewerage coverage, affordability, service expansion, reliability and maintenance, utility investment capacity, and exclusion of poor households from public connections","The paper uses secondary empirical data and ECLAC modelling to estimate tariffs required to finance household water and sewer connections and universal urban coverage across countries (pp. 278–280, Tables 1–3). It also analyzes observed financing and tariff arrangements and reports Chilean utility performance and household-subsidy coverage (p. 281, Table 4), directly linking administrative financing policies to affordability, connection access, and service expansion.",include,,high,,Tariff-based financing and institutional management policies,"Water supply and sewerage service coverage, affordability","The paper provides an empirical synthesis of financing and tariff-based management models for water supply and sanitation services across Latin American and Caribbean countries. It examines institutional and policy factors affecting service access and affordability, fulfilling the requirements for empirical evidence on governance mechanisms in water provision. The study design is identifiable as a cross-country policy synthesis.",X,"abstract checked: ECLAC policy analysis of tariff self-financing from cost information; no empirical access data, so the original E05 looks right",,,
1,AI excluded; model(s) include,R09C9177378D2,,2022,"Dewi, SP; Prihestiwi, RC",Urban Design Initiatives in Drought-prone Areas dealing increasing Water Demand as Pandemic Covid-19 Impact,10.11113/ijbes.v9.n2-2.1027,https://www.webofscience.com/wos/woscc/full-record/WOS:000957665800002,exclude,E06,engineering only,"Dewi & Prihestiwi 2022 - urban design initiatives drought-prone areas Semarang Indonesia; GIS drought-vulnerability mapping + urban-design/engineering solution paper, institutional gaps only secondary.",include,,high,,Quantitative secondary-data spatial overlay and descriptive analysis,"Institutional and governance arrangements for water provision and drought management, including PDAM network coverage, community-based PAMSIMAS supply, water-truck assistance, government regulation and budgets, and implementation of rainwater harvesting and other WSUD initiatives.","Access to and availability of clean water, including piped-service coverage, reliance on community systems or rivers and wells, household water-purchasing burden, and capacity to meet increased pandemic-related water demand.","Section 2.2 (pp. 77–78) identifies a quantitative design using government administrative data and spatial overlays to assess water provision and drought vulnerability. Sections 3.2–3.3 (pp. 80–84) report that piped PDAM service did not reach the drought-prone areas, describe household reliance on alternative sources and water purchases, and empirically assess government and community drought-management initiatives, regulatory gaps, budgets, and maintenance constraints.",include,,high,,drought and Covid-19 pandemic,water access and availability,"The study examines empirical data on water access and availability in drought-prone areas of Semarang, Indonesia, in the context of the Covid-19 pandemic. It discusses governance factors such as government regulations on water provision (e.g., Semarang City Government Regulation No. 2 of 2013) and identifies obstacles related to the lack of clear policy frameworks for water management.",B,drought-management institutions and programmes; access outcome,,,
1,AI excluded; model(s) include,R69F53378C8F2,,2014,"Jiang, Yi; Zheng, Xiaoting",Private Sector Participation and Performance of Urban Water Utilities in China,https://doi.org/10.1086/677739,https://www.proquest.com/docview/1564435736?accountid=13598&bdid=165489&_bd=2rlI0J4SgT6VgblZzcGxTtrUrNc%3D,exclude,E06,engineering only,"Jiang & Zheng 2014 (Economic Development and Cultural Change) panel-regression study of private sector participation (PSP) and financial/operational performance (employment, profitability, managerial expenses) of urban water utilities in China. The one potentially access-relevant estimate (number of domestic water users) is explicitly described by the authors as 'statistically insignificant or marginally significant' and 'still pretty vague.' A utility financial-performance/efficiency study, not",include,,high,,Longitudinal utility-level panel study using fixed-effects and dynamic panel models,"Private-sector participation in utility ownership, defined by nonstate capital and distinguished as majority versus minority private shareholding.","Urban water-supply volume, domestic water-supply volume, number of domestic water users, and utility performance indicators including employment, expenses, profitability, investment, and productivity.","Section III (pp. 160–163) identifies the longitudinal sample, ownership exposure, and measured utility and city-level outcomes. Section V.D and Table 8 (pp. 181–184) empirically estimate the effects of private-sector participation on domestic water-supply population and water-supply volumes, including evidence of increased domestic users under majority private participation. This directly links an institutional-governance factor to household water-service coverage/access outcomes.",include,,high,,Private sector participation (PSP) / privatization,"Utility performance (investment, employment, sales, TFP, etc.) and urban water supply metrics (domestic water users, total water supply)",The study uses a longitudinal panel dataset of 208 water utilities in China from 1998 to 2007 to empirically examine the impact of private sector participation (a governance/institutional factor) on utility performance and water access outcomes (number of domestic users and water supply amount). It meets all criteria for inclusion as an empirical socio-legal study.,N,"abstract checked: 200-city panel 1998-2007 of private-sector participation and utility outcomes including domestic water users (ownership, Family C type). The original exclusion cites the access estimate being insignificant; non-significance is not an exclusion criterion",,,
1,AI excluded; model(s) include,RA10042C12DA6,,2026,"Staley, Andrew Joseph","Addressing Growing Water Needs in Providenciales, the Turks and Caicos Islands: The Bottled Water Conundrum and Future Infrastructure Recommendations",,https://www.proquest.com/docview/3330609071?accountid=13598&bdid=165485&_bd=Z7Y%2BGTYavH08bDm51F2a6o%2FHshY%3D,exclude,E06,engineering only,"Staley (2026) ""Addressing Growing Water Needs in Providenciales, the Turks and Caicos Islands: The Bottled Water Conundrum and Future Infrastructure Recommendations"" Harvard Extension School thesis. Desalination-technology and infrastructure-engineering recommendations for a SIDS water-scarcity problem; engineering/technical solution focus, institutional governance mentioned only as background context.",include,,high,,Cross-sectional resident survey with interviews and economic modeling,"Water-service arrangements and institutional conditions, including Provo Water connection, delivery method, distribution coverage, service shutoffs, cistern-refill service, and current water source","Difficulty obtaining water, service interruptions and empty-cistern days, water-source satisfaction, preferred access mode, willingness to pay for uninterrupted in-home piped water, and willingness to use recycled wastewater","The Methods section (pp. 18–21) reports an IRB-approved cross-sectional resident survey, stakeholder interviews, regression analyses, and economic modeling. The survey and Results (pp. 22–31; Appendix 1) empirically relate utility connection, delivery arrangements, shutoffs, and cistern refilling to household water access, reliability, satisfaction, and affordability-related outcomes. The Background section on “Water Shortages and Distribution on Provo” (pp. 14–15) also identifies institutionally patterned gaps in Provo Water's distribution coverage, including unconnected low-income communitie",include,,high,,"Water production methods (desalination, solar-powered infrastructure, wastewater reuse)","Willingness to pay for improved 24-hour in-home water access, drinking water source preferences",The study provides empirical evidence through a resident survey and economic modeling regarding water infrastructure and household access in Providenciales. It addresses governance and institutional factors by analyzing the current water utility's distribution and evaluating policy recommendations for future production technologies.,B,"abstract checked: master's thesis on desalination costs and residents' willingness to pay for 24-hour piped water; service arrangement, no access rule tested",,,
1,AI excluded; model(s) include,RB955BA567B95,,2010,Berg S.V.; Mugisha S.,Pro-poor water service strategies in developing countries: Promoting justice in Uganda's urban project,10.2166/wp.2010.120,https://www.scopus.com/pages/publications/77957551203?origin=resultslist,exclude,E06,engineering only,"Berg & Mugisha (2010), 'Pro-poor water service strategies in developing countries: Promoting justice in Uganda's urban project.' A linear-programming technology-selection optimisation study comparing yard taps, public water points and pre-paid meters for a Kampala pro-poor connection project; the core empirical contribution is an engineering/economic optimisation model, not an empirical assessment of a legal/institutional mechanism's effect on water-access outcomes.",include,,high,,"Case-study linear-programming optimization and scenario analysis using project cost, service, and revenue data","Alternative institutional investment and service-delivery configurations combining subsidized yard taps, public water points with conventional meters, and public water points with prepaid meters under financial and population constraints.","Projected population served, number and mix of connections, investment cost, collection efficiency, financial internal rate of return, and net present value of financial benefits.","The Problem Definition and Policy Options sections describe an NWSC pro-poor project intended to expand piped-water access through yard taps and public water points, including prepaid-meter and subsidy arrangements. Sections 3–4 apply an identifiable optimization scenario analysis to project data and report access-relevant results, including service for 408,000 people, alternative connection mixes, costs, collection efficiencies, and population maximization (pp. 8–12).",include,,high,,"Pro-poor water service technologies (yard taps, public water points, pre-paid meters)","Access to piped water, cost-recovery","The study examines empirical evidence from an NWSC pro-poor water project in Kampala (Section 2) to evaluate different service technology configurations and their impact on access and financial sustainability (Sections 3 and 4). It explicitly addresses institutional and governance factors, using both distributive and procedural justice frameworks to evaluate water access outcomes (Sections 1 and 2).",X,"abstract checked: optimisation model of technology mixes and prepaid meters for a Kampala project; projections, not empirical access outcomes",,,
1,AI excluded; model(s) include,RDC5BD0E41BEE,,2016,Hájek M.; Petružela L.,Sustainability of the public water supply and sewerage services operating system: A case study on the example of the Czech Republic,10.1515/sab-2016-0006,https://www.scopus.com/pages/publications/84964959794?origin=resultslist,exclude,E06,engineering only,"Hajek & Petruzela 2016 (Scientia Agriculturae Bohemica), 'Sustainability of the public water supply and sewerage services operating system: A case study on the example of the Czech Republic.' An economic/tariff-regulation study analyzing price elasticity of demand and 'social acceptability' (affordability threshold) of water/sewerage tariffs using household billing data, 2005-2012. An economic/tariff-pricing analysis of existing-customer consumption behavior, not a legal/institutional water-acce",include,,high,,Case study using secondary-data time-series and household-budget analysis,"State economic regulation and changes in regulated water and sewerage tariffs, examined alongside household income","Household water-and-sewerage expenditure as a percentage of net income, affordability/water poverty, domestic water consumption, and price and income elasticity of demand","The Materials and Methods section (pp. 33–35) identifies an empirical analysis of Czech Statistical Office household surveys and national water-service price and consumption series, with tariffs and state regulation as the exposure. The Results and Discussion section (pp. 35–37) reports consumption-price dependence, demand elasticities, and water-and-sewerage affordability by household income decile, including the proportion facing water poverty. These are empirical affordability, quantity, and exclusion-related outcomes for household water and sanitation services.",include,,high,,Water and sewage pricing/regulation,Household water consumption and expenditure (affordability/water poverty),The study provides an empirical quantitative analysis of household water service pricing and consumption in the Czech Republic from 2005-2012 based on national statistics (Materials and Methods). It explicitly examines the impacts of economic regulation and pricing on household service affordability and access (Results and Discussion).,N,abstract checked: state economic regulation and household water-bill burden in the Czech Republic (affordability),,,
1,AI excluded; model(s) include,RDEA162168676,,2021,Jauhari I.; Soesilo T.E.B.; Priadi C.R.,Life Cycle Cost of Self-Supply Water in Metro City,10.1051/e3sconf/202127706001,https://www.scopus.com/pages/publications/85145878169?origin=resultslist,exclude,E06,engineering only,"Jauhari, Soesilo & Priadi 2021. A Life Cycle Cost (LCC) engineering-economics costing exercise (315-household survey) calculating capital/operational/maintenance costs of self-supply water sources; exposure is water-source type, not a legal/institutional/administrative mechanism empirically examined -- engineering/cost-accounting study only, consistent with the Tseng et al. 2020 precedent for LCC-costing exclusions.",include,,high,,Cross-sectional household questionnaire survey with life-cycle cost analysis,"Household water-service arrangement and financing model, particularly self-supplied boreholes or dug wells versus public piped water, in the context of limited piped-service coverage and absent groundwater-permitting costs","Water-source access and use, service coverage, and household capital, operating, and maintenance expenditures indicating affordability","Section 2 (pp. 3–4) reports a questionnaire survey of 315 households and an identifiable life-cycle cost method. Sections 3.1–3.2 (pp. 4–8) empirically compare household access by water-service arrangement and associated expenditures, including self-supply adopted where public piped service was unavailable or unaffordable. The study also examines institutional and financing implications, including lack of formal recognition of self-supply, absence of groundwater-permit costs, and the need for government financing and support mechanisms (Introduction, pp. 2–3; Conclusion, pp. 8–9).",include,,high,,Self-supply water (boreholes and dug wells) and public piped water,Life Cycle Cost (LCC) of drinking water access,"The study is an empirical field survey of 315 households in Metro City, Indonesia, evaluating the Life Cycle Costs (LCC) of various water sources including self-supply and piped services. It addresses both the access to water services and the administrative/financing governance aspects, satisfying the inclusion criteria.",B,self-supply versus piped service costs; the regulatory element (absent permitting) is thin,,,
1,AI excluded; model(s) include,R21CAA5C1809C,,2025,Alvaredo L.,The construction of the water supply network in Barreiro (Setúbal); [La construcción de la red de abastecimiento de agua en Barreiro (Setúbal)],,https://www.scopus.com/pages/publications/105028292692?origin=resultslist,exclude,E08,duplicate,"Duplicate publication. Same article (Alvaredo 2025, 'La construccion de la red de abastecimiento de agua en Barreiro (Setubal)', DOI 10.15847/cct.36875) already screened, included, and extracted as S102 under record_id R34A26DC79A8B (2026-09-15) -- a differently-formatted title produced a distinct content-hash record_id for this second copy, missed by the earlier DOI-based dedup pass and caught here by the post-extraction duplicate-detection audit. The fuller full-text extraction obtained for th",include,,high,,Historical case study based on systematic archival and documentary review,"Construction and municipalization of the public water-supply network, compulsory household connection and minimum-consumption charges, income-based exemptions and tariffs, state financing and regulation, and policies governing private groundwater extraction.","Water-service access and consumption, affordability and nonpayment, household connection and consumer contracts, availability of greater water volumes, and longer-term groundwater overexploitation and contamination affecting supply.","The Methods section (p. 141) identifies a historical case-study design using systematic review of archival materials, municipal annual reports, legislation, parliamentary records, institutional reports, and private company documents. The section “Nuevos impuestos, sobreexplotación y contaminación” reports empirical affordability and access outcomes, including unpaid water bills, acknowledged inability to pay, income-based exemptions, new consumer contracts, and consumption trends (pp. 144–147). The conclusions link mandatory payment and connection rules to constrained household choice and econ",include,,high,,Construction and management of public water supply network,"Access to water, service affordability, water resource state (overexploitation/contamination)","The study provides an empirical historical analysis of the water supply network construction in Barreiro, Portugal, detailing institutional factors such as the public management model and municipal taxes, and analyzing outcomes related to service access, affordability, and the environmental impact on water resources. It satisfies all inclusion criteria. Although written in Spanish, translation is feasible and the study is potentially important for the systematic review.",X,"duplicate of S102 (same article, DOI 10.15847/cct.36875); the blind reviewers could not see the other record, so the original E08 stands",,,
1,AI excluded; model(s) include,R2ABF896EA8EB,,2019,Jiménez A.; LeDeunff H.; Giné R.; Sjödin J.; Cronk R.; Murad S.; Takane M.; Bart,The enabling environment for participation in water and sanitation: A conceptual framework,10.3390/w11020308,https://www.scopus.com/pages/publications/85061510824?origin=resultslist,exclude,E12,wrong study design,"Jimenez, LeDeunff, Gine, Sjodin, Cronk, Murad, Takane & Bartram 2019 (Water, MDPI), 'The Enabling Environment for Participation in Water and Sanitation: A Conceptual Framework.' Explicitly states 'Based on an in-depth literature review, we analyze the forms of participation...' and proposes a conceptual framework integrating contextual factors and procedural elements. A literature-review-based conceptual-framework article with no original empirical data collection by these authors; extends the e",include,,medium,,Literature review with structured database searching and full-text synthesis,"Participatory governance and community involvement in the design, management, financing and operation of water and sanitation services, including their legal, institutional and procedural enabling conditions","Water and sanitation service delivery, sustainability, management and accountability, together with participation-related legitimacy, awareness and empowerment","The Methods section (pp. 3–5) reports explicit review questions, multi-database searches, eligibility screening, full-text assessment and structured synthesis of 67 documents, including empirical studies. Sections 3–4 and Table 2 synthesize evidence linking participatory and institutional arrangements to water and sanitation service management, delivery and sustainability in rural and urban populations; these constitute governance exposures and access-relevant service outcomes.",include,,high,,Participatory governance processes,"Service sustainability, management accountability, legitimacy, participant empowerment","This paper is a systematic literature review synthesizing 67 documents on participatory processes in water and sanitation governance. It evaluates the contextual factors and procedural elements influencing participatory outcomes such as service sustainability and management accountability, fulfilling the criteria for a systematic empirical synthesis related to service access.",B,"enabling environment for participation; originally E12, may be conceptual",,,
3,AI excluded; model(s) include,R0A1C9E556D77,,2019,"Batista Silveira, Sandra Maria; Maria das Graças e Silva",Socio-environmental conflicts over water in the Northeast of Brazil: Contemporary expropriations and social struggles in rural areas,https://doi.org/10.1590/1982-02592019v22n2p342,https://www.proquest.com/docview/2290244684?accountid=13598&bdid=165485&_bd=bX8f3350wfQ5t8w1OpVxAN6J%2FGE%3D,exclude,E01,wrong topic,"Batista Silveira (2019) ""Conflitos socioambientais por água no Nordeste brasileiro: expropriações contemporâneas e lutas sociais no campo"" Revista Katálysis 22(2):342-352 (full text). Bibliographic/documentary research on rural water conflicts driven by agribusiness expansion and land appropriation, affecting ribeirinhos, quilombolas, fishers, indigenous peoples and smallholders; agricultural/land-water-rights dispossession scope, not last-mile household access.",exclude,E07,high,c1_service_access=no,Bibliographic research and descriptive analysis of institutional documents/CPT conflict reports,"Private appropriation and commercialization of water and land, agribusiness expansion, water-use concessions, and state water-governance arrangements","Number of water conflicts and affected families, including reported reductions and restrictions in access to water","The empirical analysis tabulates CPT records of rural water conflicts and affected families (pp. 344–345), and reports that private appropriation caused diminished access for affected populations. However, the paper studies access to natural water resources for multiple rural and productive uses rather than access to a household or community water-supply or sanitation service; the conclusion likewise concerns land, irrigation, agribusiness, and natural-resource appropriation (p. 349). It therefore falls under E07 (wrong service).",include,,high,,"Privatization of water and land, expansion of agribusiness","Water access conflicts, reduced availability/access to water","The study examines empirical data from the Pastoral Land Commission (CPT) on conflicts over water access in rural Northeast Brazil (Table 1, p. 345) and analyzes how legal/administrative frameworks (e.g., Law 9.433/97, Constitution) and agribusiness expansion impact these access conflicts. It meets the criteria as an empirical synthesis regarding water service access and governance factors.",B,water concessions and private appropriation behind conflicts; access restrictions partly domestic,,,
3,AI excluded; model(s) include,R0B462A3EF2D7,,2026,Leite J.; Carmo C.; Correia G.,Enhancing Efficiency in Urban Water Services: Applying the Balanced Scorecard to the Portuguese Municipal Company AEP,10.5171/2026.765158,https://www.scopus.com/pages/publications/105045895145?origin=resultslist,exclude,E01,wrong topic,"Leite, Carmo & Correia 2026. A corporate strategic-management case study applying the Balanced Scorecard framework to reduce non-revenue/unbilled water losses at a Portuguese municipal water company; internal financial/customer/process/learning management perspectives only, no household-level access, exclusion, or legal/administrative-barrier analysis -- wrong topic (a business-management-tool case study).",exclude,E04,high,c1_service_access=no; c4_access_outcome=no,Holistic single descriptive case study using documentary analysis,Balanced Scorecard strategic-management framework and proposed organizational initiatives for reducing unbilled water,Utility-level unbilled treated-water loss rate and associated financial and operational performance indicators,"The Methodology section (p. 4) identifies a single-company case study based on AEP planning and financial documents and a regulator report, so the administrative exposure and empirical design are identifiable. However, the Results and Discussion/Conclusion (pp. 4–8) evaluate unbilled-water losses, strategic objectives, equipment installation, training, and financial revenue; they do not report household or community outcomes for connection, service availability, reliability, quantity, affordability, or exclusion. References to shortages and reliability are contextual or proposed benefits rathe",include,,high,,Implementation of a Balanced Scorecard (BSC) framework for strategic management.,Reduction in unbilled treated water losses.,"The paper presents an empirical case study of a Portuguese municipal water utility (AEP) evaluating the application of a Balanced Scorecard (BSC) to improve management efficiency and reduce unbilled water losses. It meets the inclusion criteria by examining a governance/administrative tool in the context of water service access and efficiency, supported by empirical data from 2019-2020.",X,utility management tool; outcome is unbilled water,,,
3,AI excluded; model(s) include,R16AB75AC4334,,2011,Kolesar P.; Serio J.,Breaking the deadlock: Improving Water-Release policies on the delaware river through operations research,10.1287/inte.1100.0536,https://www.scopus.com/pages/publications/79952088245?origin=resultslist,exclude,E01,wrong topic,"Kolesar & Serio 2011 (Interfaces, INFORMS Franz Edelman Award) operations-research study of revising reservoir water-release policies for three New York City dams on the Delaware River headwaters, balancing drinking-water-supply reliability, flood risk, and river-habitat/fisheries quality. Basin-scale, interstate reservoir-operations engineering/operations-research study; no household-level legal/institutional water-access mechanism or differential access outcome is examined. Reapplies the estab",exclude,E07,high,c1_service_access=no; c4_access_outcome=no,"Operations-research policy case study using historical-data-driven discrete-event simulation, designed experiments, and regression modelling","Alternative legally and institutionally constrained reservoir-release policies, particularly the adaptive Flexible Flow Management Program","Aquatic habitat, drought days, reservoir storage and refill probability, river flows, spill reduction, and flood risk","The article evaluates dam-release rules for ecological habitat and regional water-resource management under Supreme Court decrees and interstate governance, rather than household or community water-service access (pp. 18–23, “The Delaware System and Its Water-Allocation Issues”). Its empirical simulations estimate habitat, reservoir-storage, drought-day, and flood-risk effects (pp. 23–31); New York City supply risk is a policy constraint, but no household connection, availability, affordability, exclusion, or delivered-service outcome is measured.",include,,high,,Water-release policies from NYC reservoirs (Flexible Flow Management Program),NYC water supply reliability (drought risk) and river flow quality/habitat,"The study employs empirical operations research simulation modeling to analyze and revise legal and administrative water-release policies. These policies directly impact the reliability of NYC's municipal water supply, which is a critical component of household service access, thus meeting the study's inclusion criteria.",X,"reservoir-release rules; outcomes are habitat, flows and floods",,,
3,AI excluded; model(s) include,R3ADAE9AD6CD1,,2017,"Kabogo, Jane Eleuter; Anderson, Elizabeth P; Hyera, Pendo; Kajanja, Godfred",Facilitating public participation in water resources management: reflections from Tanzania,,https://www.proquest.com/docview/1990371423?accountid=13598&bdid=165485&_bd=pnInDBvm%2Fpg9pPEZSgP0ZZR1xM4%3D,exclude,E01,wrong topic,"Kabogo, Anderson, Hyera & Kajanja (2017), 'Facilitating public participation in water resources management: reflections from Tanzania.' A reflective/documentary review of Tanzania's Water Resources Management Act and basin-scale Water Users' Associations (WUAs); the paper's focus and case studies (Pangani, Wami/Ruvu, Lake Victoria basins) concern basin-scale water-RESOURCE allocation governance (irrigation, ecosystem needs, industrial/agricultural users), with 'domestic users' appearing only onc",exclude,E07,high,c1_service_access=no; c4_access_outcome=no,"Three-basin qualitative case study using document review, interviews, participant observation, and authors’ field experience","Implementation of Tanzania’s National Water Policy, Water Resources Management Act, and legally recognized water users’ associations as participatory water-resource governance institutions","WUA formation, functionality, leadership, participation, financing, conflict resolution, fee collection, regulatory awareness, environmental management, and institutional sustainability; no household or community water/sanitation service-access outcome is assessed","The methods paragraph preceding “The Tanzanian Context for Freshwater Management” describes three basin case studies based on documents, interviews, participant observation, and the authors’ implementation experience. The “Water Users’ Associations: Progress and Challenges” and basin case-study sections report institutional performance and water-resource management activities, but do not evaluate household or community service connection, availability, reliability, quantity, affordability, or exclusion. It is therefore a water-resource governance study rather than an empirical study of househo",include,,high,,Institutional and legal frameworks for water resources management (specifically Water Users' Associations),"Functionality, sustainability, and equity of water management and service access","The study empirically examines the governance and institutional factors (NAWAPO 2002, WRM Act 2009) affecting water management and equitable service access in Tanzania using qualitative case studies based on interviews and participant observation (as described in the Methodology section, page 2). It meets all inclusion criteria as it provides empirical socio-legal analysis of water governance directly impacting service access.",X,water-resource user associations; outcome is association functioning,,,
3,AI excluded; model(s) include,R4D3FA2134902,,2016,"Wong, Sam",A post-critical perspective to community participation in trans-boundary water governance – A case study of the Volta River Basin in West Africa,,https://www.proquest.com/docview/1931694301?accountid=13598&bdid=165485&_bd=vcUUvCy3uNxPvBJTKajXTdon30M%3D,exclude,E01,wrong topic,"Wong 2016 (Geoforum) case study of the Volta River Basin trans-boundary water governance committee (West Africa), examining how participatory governance structures built on traditional chieftaincy authority are vulnerable to elite capture and how quota-based gender-representation rules interact with old institutions to reinforce inequalities. A trans-boundary water-RESOURCE governance study (river-basin management committee), not a household water/sanitation SERVICE-access study, extending the A",exclude,E07,high,c1_service_access=no; c4_access_outcome=no,"Qualitative case study using interviews, participant observation and community-meeting observation","Participatory transboundary water-governance arrangements under PAGEV, including the Local Trans-boundary Water Committee, customary-authority participation, a gender quota, and riverbank restoration rules","Participation, elite capture, gender inequality, livelihood effects, and farmers’ access to river water and irrigation land","Section 4 describes an identifiable empirical qualitative methodology based on 29 interviews, participant observation, and community meetings, and Sections 4.1–5 report governance and livelihood effects. However, the investigated service is principally transboundary water-resource management, riverbank land use, and agricultural irrigation rather than household or community drinking-water or sanitation service access; the brief observation that women walked farther to fetch water in Section 4.2 is incidental and not evaluated as a defined WASH service-access outcome. The study therefore falls ",include,,high,,Participation in the Local Trans-boundary Water Committee (PAGEV project) and implementation of river bank restoration policies.,"Changes in water access for irrigation, livelihood vulnerability, and elite capture of governance participation mechanisms.","The study empirically examines how a local trans-boundary water committee (an institutional/governance factor) impacts rural household water access for irrigation. Through qualitative interviews (Section 4), the author analyzes the outcomes of these governance interventions, specifically noting how the creation of farming-free buffer zones restricted irrigation access for poor farmers (Section 4.2, 5.1).",X,transboundary participation; outcome is irrigation access,,,
3,AI excluded; model(s) include,R79A39D631DB8,,1999,"Van Vugt, Mark; Samuelson, Charles D",The Impact of Personal Metering in the Management of a Natural Resource Crisis: A Social Dilemma Analysis,,https://www.proquest.com/docview/61441042?accountid=13598&bdid=165489&_bd=my7rMHMtgyXuQVbQgoWfp6hOaiM%3D,exclude,E01,wrong topic,"Van Vugt & Samuelson 1999 (Personality and Social Psychology Bulletin), a field study and scenario study examining the effect of personal water metering on conservation behavior during a UK water-shortage crisis, framed as a social-dilemma/social-psychology analysis. A behavioral/consumption-conservation study concerning already-connected households' water-use response to metering, not a legal/institutional water-access eligibility mechanism study; extends the established water-demand/consumptio",exclude,E04,high,c1_service_access=no; c4_access_outcome=no,Cross-sectional field survey with aggregated consumption-record analysis and a randomized scenario study,"Household water metering and consumption-based charging versus unmetered flat-rate charging, examined in interaction with perceived or experimentally assigned water-shortage severity","Self-reported water-conservation behavior, conservation intentions, concern about overconsumption, and area-level changes in water consumption","The paper empirically evaluates whether household metering promotes reduced domestic water consumption during shortages (Study 1, pp. 738–743; Study 2, pp. 743–746). Although metering and tariff structure are relevant administrative or governance factors, the measured outcome is consumer conservation behavior and aggregate resource use—not household access, connection, service availability, reliability, quantity received, affordability, or exclusion. It therefore has the wrong outcome for this review.",include,,high,,Water metering (structural management tool),Water conservation (consumption behaviour),"The study examines how a structural tool (water metering) affects household water conservation during shortage crises (p. 735). It presents empirical evidence from both a field study of UK residents and a scenario study, fulfilling all inclusion criteria regarding service access and governance/management factors.",X,"metering and charging, but the outcome is conservation behaviour",,,
3,AI excluded; model(s) include,R8A95684C4716,,2014,Akinboade O.A.; Mokwena M.P.; Kinfack E.C.,Protesting for Improved Public Service Delivery in South Africa’s Sedibeng District,10.1007/s11205-013-0377-9,https://www.scopus.com/pages/publications/84939871717?origin=resultslist,exclude,E01,wrong topic,"Akinboade, Mokwena & Kinfack 2014, 1,000-respondent survey of citizen protest participation as a function of general municipal-service dissatisfaction across 9 bundled service categories (health, housing, water, electricity, solid waste, community services, roads, crime, jobs); core topic is civic-protest behavior/political voice, not a legal/administrative water-access mechanism, with water treated as one of several composite dissatisfaction variables -- same bundling rationale as the Mansur Be",exclude,E04,high,c1_service_access=unclear; c4_access_outcome=no,Cross-sectional face-to-face questionnaire survey with descriptive statistics and multivariable logistic regression,"Perceptions of municipal governance and service dissatisfaction, including corruption, financial management, councillor responsiveness, civic engagement and dissatisfaction with water provision",Individual participation in service-delivery protests; service-specific satisfaction ratings were secondary descriptive measures,"The methods and Table 6 (pp. 13–19) identify protest participation as the dependent outcome, with dissatisfaction about water provision and governance perceptions treated as predictors. Although the survey reports general satisfaction with water and sanitation-related services (Table 4 and Sect. 4.3), it does not report a sufficiently specific household water or sanitation access, connection, availability, reliability, quantity, affordability or exclusion outcome linked to the governance exposure; therefore it fails criterion 4.",include,,high,,Dissatisfaction with municipal governance and public service delivery (including water and sanitation),Participation in service delivery protests,"The study provides empirical evidence through a survey of 1,000 respondents on how dissatisfaction with public service delivery, including water and sanitation, and municipal governance factors influence protest participation in South Africa (Section 3 and 4). It explicitly models these determinants of protest behaviour using inferential statistics, satisfying the empirical and thematic requirements for inclusion.",X,outcome is protest participation,,,
3,AI excluded; model(s) include,R9477DF8E814D,,2004,Sikor T.,The commons in transition: Agrarian and environmental change in Central and Eastern Europe,10.1007/s00267-003-3007-5,https://www.scopus.com/pages/publications/4544258166?origin=resultslist,exclude,E01,wrong topic,"Framing paper for a special issue on postsocialist agrarian and environmental commons governance in Central/Eastern Europe (property-rights reform, common-pool resources including water AND landscape/agricultural resources); primary topic is general agrarian/environmental commons governance, not household water/sanitation access.",exclude,E07,high,c1_service_access=no; c4_access_outcome=no,Comparative assessment of six case studies,"Postsocialist property reforms, decentralization, privatization, and changes in governance and enforcement of rights over common-pool resources","Irrigation and drainage infrastructure maintenance, agricultural water use, groundwater reliance, soil degradation, waterlogging, salinization, biodiversity, and landscape change","The “Overview of Cases” section and Table 1 show that the water cases concern agricultural irrigation, drainage, and water-control systems rather than household or community drinking-water or sanitation services (pp. 273–274). The “Environmental Changes” section reports agricultural and environmental outcomes—such as declining irrigation use, groundwater extraction, waterlogging, and soil salinization—not household service access, connection, affordability, reliability, or exclusion (p. 278).",include,,high,,"Institutional dynamics of common-pool resource management, property legislation, and governance reforms.","Changes in irrigation water use, infrastructure maintenance, water availability, and land use.","The study provides a systematic comparative assessment of six cases in Central and Eastern Europe, directly examining the impact of institutional and legal reforms on the management and access to water for irrigation. It fulfills all criteria by linking legal/governance factors (property rights, institutional dynamics) to tangible outcomes in water resource access and infrastructure maintenance.",X,agrarian commons and irrigation,,,
3,AI excluded; model(s) include,R9DF6B20973C6,,1995,"van Steenbergen, Frank",The frontier problem in incipient groundwater management regimes in Balochistan (Pakistan),,https://www.proquest.com/docview/206000554?accountid=13598&bdid=165489&_bd=OKxX0xg%2Fl3eyk3bJ0utkplOH52Q%3D,exclude,E01,wrong topic,"van Steenbergen (1995), 'The Frontier Problem in Incipient Groundwater Management Regimes in Balochistan (Pakistan).' Basin/resource-scale analysis of common-pool groundwater management-regime evolution (access-rights definition, overexploitation dynamics) for irrigated agriculture; basin-scale resource governance distinct from household water-access institutional mechanisms, consistent with the established Kabogo WUA / van Steenbergen-type exclusion precedent.",exclude,E07,high,c1_service_access=no; c4_access_outcome=no,Comparative qualitative case study of three groundwater basins using case material and administrative monitoring data,"Customary groundwater rights, local access regimes, the 1978 Groundwater Rights Administration Ordinance, permit rules, technology restrictions, and government subsidies","Groundwater exploitation for irrigated agriculture, aquifer depletion, declining water tables, collapse or preservation of karezes, and distribution of irrigation-water access","The paper empirically compares groundwater-management regimes in three Balochistan basins and examines legal and institutional rules, particularly in the “An Ordinance” and “Local Responses” sections (pp. 58–67). Its substantive service is groundwater extraction for irrigated agriculture, with outcomes centered on aquifer depletion and farmers’ irrigation access; the isolated drinking-water exception for Quetta on p. 60 is not analyzed as household water-service access. It therefore concerns water-resource and irrigation governance rather than household or community water or sanitation service",include,,high,,"Groundwater management regimes (formal ordinances, customary rules) and irrigation infrastructure (karezes vs. tubewells).","Groundwater accessibility, viability of communal water systems, and water scarcity.","The study provides empirical case studies from Kuchlak, Mastung, and Panjgur in Balochistan, Pakistan, documenting how evolving groundwater management regimes and technological shifts from communal karezes to individual tubewells affect access rights and water availability (pp. 55-71). It explicitly analyzes the impact of formal government ordinances, such as the Groundwater Rights Administration Ordinance, and customary laws on the community's access to water (pp. 58-60, 64-67).",X,groundwater rules for irrigated agriculture,,,
3,AI excluded; model(s) include,RB5516429E2DC,,2013,"Mkondiwa, Maxwell; Jumbe, Charles B.L.; Wiyo, Kenneth A",Poverty-Lack of Access to Adequate Safe Water Nexus: Evidence from Rural Malawi,https://doi.org/10.1111/1467-8268.12048,https://www.proquest.com/docview/1494748601?accountid=13598&bdid=165489&_bd=568kg75SqjkiA5O6pQmyX2s%2BEPE%3D,exclude,E01,wrong topic,"Mkondiwa, Jumbe & Wiyo 2013 (African Development Review) Canonical Correlation Analysis of the statistical association between household poverty (income/expenditure) and lack of access to safe water in rural Malawi (n=1,651 households). Purely a socioeconomic-determinants correlation study with no legal/institutional mechanism tested; reapplies the established socioeconomic-determinants E01 precedent (Daniere & Takahashi Bangkok, Batch 198).",exclude,E03,high,c2_legal_admin_factor=no,Cross-sectional household survey with canonical correlation analysis,Household poverty measured by monthly per-capita income and expenditure,"Water access measured by per-capita water use, distance to the water point, and travel/waiting time","The Data Sources section (p. 542) reports a 2010 household survey and correlation/canonical correlation analyses, while the empirical framework and results (pp. 542, 546–548) define the exposure as income and expenditure and the outcomes as water use, distance, and time. Although the Policy Implications section (p. 548) recommends regulatory and community-management reforms, no legal, administrative, institutional, regulatory, or governance factor is empirically measured or analyzed as an exposure.",include,,high,,"Poverty (income, expenditure)","Access to safe and adequate water (per capita water use, distance to water point, time taken to water point)","The study uses a survey of 1,651 rural households in Malawi to empirically analyze the relationship between poverty and access to safe water using Canonical Correlation Analysis (Section 6, p. 542). It discusses governance factors related to water service access and proposes policy interventions, such as the establishment of a regulator and guidelines for sector management (Section 8, p. 548), satisfying the inclusion criteria.",X,exposure is household poverty,,,
3,AI excluded; model(s) include,RBA18C893F671,,2013,"Ormerod, Kerri Jean; Scott, Christopher A",Drinking Wastewater: Public Trust in Potable Reuse,https://doi.org/10.1177/0162243912444736,https://www.proquest.com/docview/1622295753?accountid=13598&bdid=165489&_bd=30OrJkTZUJkXUi4LB8hGPzrHqMU%3D,exclude,E01,wrong topic,"Ormerod & Scott 2013 (Science, Technology & Human Values) survey-based study (n>250 Tucson, Arizona residents) of public trust in professional institutions and its relationship to willingness to drink reclaimed (potable-reuse) water. A public-perception/technology-acceptance study of indirect potable reuse; no legal/institutional mechanism governing differential water access is examined. Wrong-topic public-trust/technology-acceptance study.",exclude,E04,high,c4_access_outcome=no,Mixed-methods cross-sectional household survey with quantitative chi-square analysis and thematic coding of open-ended responses,"Trust in water-governance institutions and information sources, including utilities, wastewater facilities, regulators, elected officials, academics, and consultants","Self-reported willingness to drink reclaimed water if it matched or exceeded current tap-water quality, plus attitudes toward reclaimed-water uses","The Research Methods section (pp. 358–359) identifies the dependent variable as hypothetical willingness to drink reclaimed water and tests its association with institutional trust. Although the study empirically examines governance factors surrounding a potential municipal supply, the Findings (pp. 359–362) report public acceptance and risk perceptions rather than an outcome measuring actual access, connection, service availability, reliability, quantity, affordability, or exclusion; therefore the outcome is outside the protocol’s eligible access outcomes.",include,,high,,Potable water reuse (Indirect Potable Reuse),Willingness to drink reclaimed water,"This study provides empirical evidence through a survey of 253 Tucson residents (page 358) to examine the relationship between trust in water governance institutions and willingness to accept potable water reuse, an issue of water service access. The paper analyzes factors influencing public acceptance, fulfilling all inclusion criteria regarding empirical study, relevance to service access, and governance factors.",X,outcome is willingness to drink recycled water,,,
3,AI excluded; model(s) include,RD1D7FB8C4689,,2023,"Mansfield, Robyn G",‘They’ll be the ones that’s looking after it’ – unravelling institutional factors that shape children’s participation in urban planning for informal settlements,https://doi.org/10.1080/14733285.2022.2159331,https://www.proquest.com/docview/2877235097?accountid=13598&bdid=165485&_bd=vhWcnYlWj1Q0Egdz4Aczsz15f4c%3D,exclude,E01,wrong topic,"Mansfield (2023), Children's Geographies 21(5):944-960, ""'They'll be the ones that's looking after it' -- unravelling institutional factors that shape children's participation in urban planning for informal settlements."" Qualitative case study (32 staff interviews, institutional-logics framework) of an NGO/research program's (RISE, Fiji) internal organisational culture around including children in water/sanitation-infrastructure co-design workshops. The study examines program-governance and part",exclude,E04,high,c1_service_access=no; c4_access_outcome=no,Qualitative case study using semi-structured interviews and institutional-logics analysis,"Institutional, organisational, professional, cultural, and administrative factors shaping children's participation in RISE urban-planning processes.","Forms, extent, and exclusion of children's participation in planning and research activities, rather than household water or sanitation access, connection, availability, reliability, quantity, or affordability.","The Methods and Results sections (pp. 947–954) empirically examine how institutional logics influence children's participation in planning for the RISE water and sanitation intervention. However, the measured outcome is participation in planning—such as workshop involvement, sample collection, and non-participation—not an outcome of water or sanitation service access. The paper is therefore excluded under E04 (wrong outcome), despite its relevant governance setting and identifiable qualitative design.",include,,high,,Children's participation in urban planning processes,Institutional factors shaping children's participation in water infrastructure revitalisation,"The study examines institutional factors affecting children's participation in the 'Revitalising Informal Settlements and their Environments' (RISE) program in Suva, Fiji, which focuses on water and sanitation infrastructure (p. 945). It uses a qualitative case study design with 32 interviews, providing empirical evidence on institutional factors related to service access and community participation.",X,outcome is children's participation in planning,,,
3,AI excluded; model(s) include,RD6B9F237B30D,,1997,"Zwarteveen, Margreet Z",Water: From Basic Need to Commodity: A Discussion on Gender and Water Rights in the Context of Irrigation,,https://www.proquest.com/docview/61563078?accountid=13598&bdid=165489&_bd=3e38zaZy54xU50om0hnbnTDcpiM%3D,exclude,E01,wrong topic,"Zwarteveen (1997), 'Water: From Basic Need to Commodity: A Discussion on Gender and Water Rights in the Context of Irrigation.' Conceptual/theoretical discussion of gendered water-rights allocation in irrigation systems (productive agricultural water use), not domestic/household water or sanitation access; matches established precedent excluding irrigation/agricultural-water-allocation papers as out of scope.",exclude,E07,high,c1_service_access=no; c3_empirical=no; c5_pop_exposure_outcome_design=no,Nonsystematic narrative discussion using previously published empirical examples,"Irrigation water-rights allocation, irrigation privatization, and participation in water-user organizations","Women's formal and informal access to irrigation water, reliability and timing of irrigation delivery, and control over irrigation decisions","The paper’s stated purpose and substantive analysis concern women’s rights and access to water in irrigation systems, especially access for agricultural production, rather than household drinking-water or sanitation service access (pp. 1335–1339, Sections 1–3). Domestic water use appears only incidentally within irrigation systems, while the conclusions remain focused on irrigated land, female farmers and irrigation-management privatization (pp. 1346–1347). It is also a discussion drawing selectively on prior examples rather than a systematic synthesis or a primary empirical study with an iden",include,,high,,"Water policies, water rights, irrigation management, privatization","Access to irrigation water, service availability","The study examines how changing irrigation water policies, rights, and management, including privatization, affect women's access to irrigation water. It synthesizes empirical evidence from multiple irrigation schemes in countries like Nepal, Sri Lanka, Burkina Faso, and others to analyze gendered access (p. 1337-1346).",X,irrigation water rights,,,
3,AI excluded; model(s) include,RDCB899855EE9,,2012,"Wafer, Alex",Discourses of Infrastructure and Citizenship in Post-Apartheid Soweto,https://doi.org/10.1007/s12132-012-9146-0,https://www.proquest.com/docview/1283640137?accountid=13598&bdid=165485&_bd=HvUeYF7AviBsx7QizdyFu1vEkng%3D,exclude,E01,wrong topic,"Wafer (2012), 'Discourses of Infrastructure and Citizenship in Post-Apartheid Soweto.' Traces the discursive link between infrastructure and post-apartheid citizenship through electricity-disconnection protests (Operation Khanyisa) and, briefly, the Phiri prepaid-water-metre court case. The paper's analytical object is citizenship discourse and protest politics, centred overwhelmingly on electricity; water is mentioned only in passing and is not itself analyzed as a legal/institutional access-ba",exclude,E04,high,c4_access_outcome=no,Qualitative field research with interviews and follow-up interviews,"Municipal service-delivery governance, particularly prepaid meters, disconnections, cost-recovery policies, and related institutional restructuring","Discourses and articulations of citizenship, place-based identity, and political protest","The abstract and “Revisiting Soweto” section discuss protests against prepaid water meters in Phiri, while the empirical interview material principally concerns electricity disconnections and political activism. The paper’s analyzed outcome is the production and contestation of citizenship rather than a water or sanitation access, connection, availability, reliability, quantity, affordability, or exclusion outcome (pp. 239–242).",include,,high,,"post-apartheid municipal policies, service delivery (electricity and water), pre-paid meters","service access, citizenship, exclusion, affordability","The study utilizes qualitative field research and interviews conducted in Soweto during the mid-2000s and 2010-2011 to examine how municipal policies (such as the iGoli 2002 framework) and service infrastructure (electricity and water pre-paid meters) have impacted service access and citizenship. It provides empirical evidence based on these interactions and interviews, meeting the criteria for inclusion.",X,"prepaid meters and disconnection, but the outcome is citizenship discourse",,,
3,AI excluded; model(s) include,RFA18A400F778,,2016,"Moran, Michael; Joyce, Andrew; Barraket, Josephine; MacKenzie, Caitlyn; Foenande",What Does 'Collaboration' Without Government Look Like? The Network Qualities of an Emerging Partnership,https://doi.org/10.1111/1467-8500.12195,https://www.proquest.com/docview/1816739897?accountid=13598&bdid=165485&_bd=ZMU1Fdqc2vf1vRS9bs0NNaNi7pw%3D,exclude,E01,wrong topic,"Australian public-administration/social-network-analysis case study of a voluntary NFP-private water company partnership addressing customer financial hardship via referral pathways. Outcome measured is partnership network quality/collaboration structure, not a water-access outcome; no statute, disconnection-prevention law, or eligibility framework for the hardship program is discussed.",exclude,E04,high,c4_access_outcome=no,"Single-case mixed-methods study using interviews, focus groups, surveys, and social network analysis","A cross-sector partnership between a nonprofit provider and water utility intended to improve hardship-support referrals, information flows, and service eligibility for financially vulnerable utility customers.","Organizational network structure, connectedness, trust, collaborative activity, partnership benefits and challenges, and institutional adaptations; no measured household water-access, affordability, continuity, connection, or exclusion outcome.","The Methods section (pp. 5–6) identifies staff—not utility customers—as the participants and measures perceptions and interorganizational relationships through interviews, focus groups, surveys, and social network analysis. The Case and Background section (p. 4) explicitly states that future publications will examine client impacts, while this paper reports partnership development and structure. Although the partnership concerns water-bill hardship and referral access, the reported outcomes do not establish an empirical household water-service access or affordability outcome.",include,,high,,privately steered cross-sectoral partnership (service design),improved referral pathways and service accessibility for customers experiencing financial hardship,"The study examines an empirical case of a cross-sectoral partnership between a water utility and an NFP aimed at improving access to hardship programs for customers (pp. 4-5). It uses mixed methods (interviews, focus groups, and social network analysis) to evaluate the network qualities and collaborative mechanisms of this service delivery model, which is directly relevant to the review's criteria.",X,"hardship-support partnership; outcome is network structure, not access",,,
3,AI excluded; model(s) include,R00E98F4E387F,,2022,Hove J.; D’Ambruoso L.; Kahn K.; Witter S.; van der Merwe M.; Mabetha D.; Tembo ,Lessons from community participation in primary health care and water resource governance in South Africa: a narrative review,10.1080/16549716.2021.2004730,https://www.scopus.com/pages/publications/85122468717?origin=resultslist,exclude,E04,wrong outcome,"Narrative review of community participation in primary health care and water resource governance (Hove et al. 2022, South Africa); outcome is participation/decision-making process quality, not household water/sanitation access, connection, or exclusion; also mixes PHC health-committee literature with water governance.",exclude,E04,high,c1_service_access=no; c4_access_outcome=no,Narrative review with thematic analysis,Participation in legally or institutionally mandated community-governance structures for primary health care and water-resource management,"Forms, extent, context and effectiveness of community participation, including representation, decision-making power, institutional support, information access and accountability","The Methods and Results sections show an empirical narrative synthesis of 21 sources, but its outcomes concern the functioning and effectiveness of participatory governance structures rather than household or community water/sanitation access, connection, availability, reliability, quantity, affordability or exclusion. The Discussion reports tokenistic participation, representation problems and power imbalances, but does not synthesize effects on the protocol-defined service-access outcomes; much of the water evidence concerns catchment and irrigation governance.",include,,high,,"Community participation through formal governance structures (health committees, CMAs, WUAs, IBs, CMFs).","Functionality, effectiveness, and dynamics of community participation in service delivery and access management.",This study is a narrative review that synthesizes empirical evidence from 21 studies regarding the effectiveness and implementation dynamics of community participation in health and water governance structures in South Africa. It directly addresses institutional factors affecting service access and delivery in line with the inclusion criteria for the systematic review.,X,"outcome is the effectiveness of participation, not access",,,
3,AI excluded; model(s) include,R457A96841C7E,,2003,"Parkinson, Jonathan; Tayler, Kevin",Decentralized Wastewater Management in Peri-Urban Areas in Low-Income Countries,,https://www.proquest.com/docview/60471707?accountid=13598&bdid=165489&_bd=%2BoqWNExhqE2AMtJCa8%2BSmoeHGsE%3D,exclude,E06,engineering only,"Parkinson & Tayler (2003), 'Decentralized wastewater management in peri-urban areas in low-income countries.' A technical/policy review of decentralized wastewater treatment technology options and a proposed capacity-building framework, drawing on secondary case examples rather than original empirical data collection.",exclude,E05,high,c3_empirical=no; c5_pop_exposure_outcome_design=no,Narrative policy and technical review using illustrative examples,"Decentralized wastewater management and associated community, institutional, regulatory and capacity-building arrangements","Descriptive claims about sanitation and wastewater-service availability, affordability, operation, maintenance and sustainability; no systematically measured access outcome","The article discusses governance and institutional constraints and provides illustrative examples of decentralized wastewater systems, including Yoff, Mirzapur, Nepal and Malang (Sections II–IV, pp. 79–88). However, it reports no empirical research methods, systematic search or case-selection method, defined analytic sample, or original data; its conclusions are a narrative policy and technical synthesis rather than a systematic empirical synthesis (Section V, pp. 88–89).",include,,high,,Decentralized wastewater management systems,Operational sustainability and improved sanitation service access,"The paper synthesizes empirical evidence from decentralized wastewater management projects in various peri-urban contexts, examining institutional, management, and regulatory factors affecting service access and sustainability (Sections III-V). It incorporates lessons from specific case studies (e.g., in Senegal, Peru, Nepal) to analyze the practical implementation challenges and outcomes related to service access.",B,decentralised wastewater arrangements; descriptive service claims,,,
3,AI excluded; model(s) include,RCFA60F99F5A8,,2009,Cain B.; Irias X.; Pratt D.L.,Seismic safety of water lifelines: An ongoing process,10.1061/41050(357)45,https://www.scopus.com/pages/publications/70449698103?origin=resultslist,exclude,E06,engineering only,"Cain, Irias & Pratt (2009), 'Seismic Safety of Water Lifelines: An Ongoing Process.' Pure engineering paper on seismic retrofitting design standards for a California water utility's infrastructure, no legal/institutional water-access-barrier mechanism analyzed.",include,,high,,Single-utility case study and program evaluation using seismic simulations and public-opinion surveys,"EBMUD's Seismic Improvement Program, including Board-selected capital investments, seismic design and construction standards, management controls, public participation, and customer-funded financing","Modeled post-earthquake water-service availability and restoration, including proportions of customers served and time to minimum or impaired service; customer affordability and support for program funding","The Seismic Evaluation section reports Monte Carlo simulations used to compare capital-investment packages according to expected water-system reliability and service goals, with Package 3 selected by the utility's Board (pp. 465–466). Tables 3 and 4 report explicit household-relevant access outcomes, including potable water availability and minimum or impaired service within specified periods and for specified percentages of customers (pp. 471–472). The Public Education and Program Funding sections also report governance and affordability evidence, including ongoing opinion surveys, 91% suppor",exclude,E06,high,c2_legal_admin_factor=no; c3_empirical=no,Seismic Improvement Program (structural hardening and engineering standards),Reliability of water service post-earthquake,"The paper is an engineering report on the Seismic Improvement Program of the East Bay Municipal Utility District, focusing on structural mitigation techniques, seismic design standards, and hydraulic continuity (pages 464-470). It does not evaluate legal, administrative, or institutional governance factors influencing water access, but rather presents technical infrastructural solutions (E06).",X,seismic engineering programme; modelled post-earthquake service,,,
3,AI excluded; model(s) include,R4D3518D8ACB3,,2007,"Aiyer, Ananthakrishnan",THE ALLURE OF THE TRANSNATIONAL: Notes on Some Aspects of the Political Economy of Water in India,https://doi.org/10.1525/can.2007.22.4.640,https://www.proquest.com/docview/213137796?accountid=13598&bdid=165489&_bd=ZCS4fRRLRVxwag72GAGaRKwf8%2Bk%3D,exclude,E12,wrong study design,"Aiyer 2007 (Cultural Anthropology) exploratory essay on the Plachimada community's struggle against a Coca-Cola bottling plant's groundwater extraction in Kerala, India, situating it within a broader political-economy analysis of transnational corporations, neoliberal globalization, and India's agrarian crisis. The author explicitly characterizes the piece as 'very exploratory and quite incomplete'; it is a conceptual/political-economy essay on corporate water-resource extraction and agrarian cr",exclude,E05,high,c3_empirical=no; c5_pop_exposure_outcome_design=no,Exploratory case-based commentary using secondary sources,"Coca-Cola groundwater extraction and waste disposal within a regulatory context involving panchayat licensing, state permissions, water law, courts, and pollution-control authorities","Groundwater depletion, dry irrigation wells, reduced agricultural production, contamination concerns, and community exclusion from water and governance rights","The Plachimada section reports access-relevant consequences—lowered groundwater levels, dry wells, and reduced harvests—alongside licensing and governance disputes (pp. 642–645). However, the author calls the article “very exploratory and quite incomplete” and states that the case account is gleaned from multiple secondary sources rather than reporting an identifiable empirical method, sampling strategy, or systematic synthesis (p. 640; note 3, p. 654). It is therefore excluded as commentary without original or systematically synthesized empirical evidence.",include,,high,,Industrial groundwater extraction by The Coca-Cola Company.,"Groundwater depletion, contamination, and loss of irrigation/drinking water access.","The paper provides an empirical socio-legal analysis of the struggle over groundwater access in Plachimada, India. It identifies clear actors (Adivasis/farmers, Coca-Cola), exposures (corporate groundwater extraction), and outcomes (depletion, pollution), while detailing the roles of legal and governance institutions (panchayat licensing, court rulings) in managing this access.",B,licensing and permissions around a bottling plant; community exclusion from groundwater partly domestic,,,
4,AI included; model(s) exclude,R235E42D59F53,S1117,2020,Amaechina E.; Amoah A.; Amuakwa-Mensah F.; Amuakwa-Mensah S.; Bbaale E.; Bonilla,Policy Note: Policy Responses to Ensure Access to Water and Sanitation Services during COVID-19: Snapshots from the Environment for Development (EfD) Network,10.1142/S2382624X20710022,https://www.scopus.com/pages/publications/85095792309?origin=resultslist,include,,,"OA landing page located via Unpaywall, no direct PDF link (not yet downloaded) Amaechina, Amoah, Amuakwa-Mensah, Amuakwa-Mensah, Bbaale, Bonilla, Bruhl, Cook, Chukwuone, Fuente, Madrigal-Ballestero, Marin, Nam, Otieno, Ponce, Saldarriaga, Vasquez Lavin, Viguera & Visser 2020 (Water Economics and Policy), 'Policy Note: Policy Responses to Ensure Access to Water and Sanitation Services during COVID-19: Snapshots from the Environment for Development (EfD) Network.' Documents specific, dated, quanti",exclude,E05,high,c3_empirical=no; c5_pop_exposure_outcome_design=no,Descriptive cross-country policy scan/policy note,"Government and utility COVID-19 measures, including disconnection moratoria, reconnection, bill subsidies or deferrals, tariff reductions, tanker delivery, and emergency water points","Descriptive reports of maintained or expanded water access, reconnections, consumption, bill payment, utility revenue, and assistance coverage","The note describes a “snapshot” and “scan” of government responses (Introduction and Conclusion, pp. 3 and 11) but provides no methods section, systematic search or selection procedure, or adequately described primary-data collection. Although country sections cite administrative figures and an online survey—for example, reconnections in Colombia (p. 6) and consumption changes in Ghana (p. 7)—these are selectively reported secondary observations within a policy overview, so the publication itself does not constitute an identifiable empirical study or systematic empirical synthesis.",include,,high,,COVID-19-related policy interventions regarding water and sanitation services,"Water and sanitation access, service continuity, and affordability","This study provides a systematic, empirical snapshot of policy responses (such as disconnection moratoria and subsidies) implemented to maintain water and sanitation access for households during the COVID-19 pandemic across 14 countries. It qualifies as empirical synthesis by documenting and analyzing these interventions using data from various sources, satisfying the criteria for examining legal/governance factors affecting access.",X,"S1117: policy note scanning COVID-19 responses with no methods, search or selection described; criterion 3 doubtful (Codex E05; Gemini include)",,,
4,AI included; model(s) exclude,R4BCCFE408D51,S1053,2008,"Sahu, Basanta Kumar","Pani Panchayat in Orissa, India: The practice of participatory water management",https://doi.org/10.1057/palgrave.development.1100448,https://www.proquest.com/docview/216910694?accountid=13598&bdid=165489&_bd=7sERKFLUZ5dtYgxiUWtBBpTcAlg%3D,include,,,"Sahu 2008 (Development) qualitative case study (interviews with 115 households, 4 villages, Nabarangpur and Jagatsinghpur districts, Orissa, India) of Pani Panchayat (PP), a statutory water-user-association institution created by the Orissa PP Act 2002 and Orissa PP Rules 2003 to transfer irrigation operation/maintenance to farmer institutions. Documents that access to water depends on paying capacity of users (fee-based) and that marginal farmers or landless cultivators who cannot afford operat",exclude,E07,high,c1_service_access=no; c4_access_outcome=no,Interview-based participatory field research,"Implementation and functioning of Pani Panchayat water-user associations under the Orissa Pani Panchayat Act and Rules, including user fees, water allocation, maintenance, and dispute resolution","Participation in irrigation management, agricultural irrigation-water access and distribution, exclusion of marginal and landless cultivators, and irrigation-related conflicts","The Methods description on p. 122 reports interviews and participatory research involving 115 farming households, and the assessment and conclusion on pp. 124–125 empirically discuss institutional effects on equity, exclusion, and irrigation-water distribution. However, the service examined is agricultural irrigation for crop production rather than household drinking-water or sanitation service access, so it falls under E07 (wrong service).",,,,,,,,X,"S1053: participatory irrigation management for 115 farming households; irrigation, not household water or sanitation service (exclusion 7)",,,
4,AI included; model(s) exclude,R64A7E6073EF0,S397,2025,de Araújo J.M.; de Morais L.P.R.; de Almeida F.M.,Institutional capacity for basic sanitation planning: insights from Brazil; [Capacidade Institucional para Planejamento de Saneamento Básico: Insights do Brasil],10.1590/2175-3369.017.e20240028,https://www.scopus.com/pages/publications/105000466123?origin=resultslist,include,,,"OA landing page located via Unpaywall, no direct PDF link (not yet downloaded)",exclude,E04,high,c1_service_access=no; c4_access_outcome=no,Municipality-level unbalanced panel study using fixed-effects binomial logistic regression,"Municipal institutional capacity, measured through sanitation operating revenue, sanitation expenditure, and service-provider employees, with socioeconomic and demographic covariates","Existence or preparation of a municipal public basic-sanitation policy compliant with Law 11,445/2007","The methods define the dependent variable as whether a municipality had developed a public sanitation policy, rather than household or community access to water or sanitation services (pp. 6–7). Although the paper empirically analyzes institutional capacity and discusses universal access, the reported regression outcome is municipal policy formulation; it does not measure connection, service availability, reliability, quantity, affordability, or exclusion (pp. 11–13).",include,,high,,Local institutional capacity (financial and technical resources),Elaboration of municipal basic sanitation policies (PPSB),"The paper provides empirical evidence using binomial logistic regression on a panel of 853 municipalities to examine the influence of institutional capacity on the formulation of sanitation policies (p. 6, 7). As it addresses governance and institutional factors influencing sanitation service planning and policy, it meets the inclusion criteria for the review (p. 3).",X,"S397: outcome is whether a municipality formulated a sanitation policy, not access (the same outcome problem as S312 and S435); borderline",,,
4,AI included; model(s) exclude,R68F11D7E3F64,S340,2025,"Mubecua, Mandla A; Nojiyeza, Innocent Simphiwe",GENDERED EFFECTS OF WATER SCARCITY ON RURAL LIVELIHOODS IN SOUTH AFRICA: A FEMINIST POLITICAL ECOLOGY PERSPECTIVE,https://doi.org/10.4314/gab.v23i2.32,https://www.proquest.com/docview/3299023147?accountid=13598&bdid=165485&_bd=xDJZCQa9vXI3n4EvoZm03d1PU%2FY%3D,include,,,Extracted from published abstract/repository metadata only; full PDF text not retrieved via fetch. record_id R68F11D7E3F64.,exclude,E05,high,c3_empirical=no; c5_pop_exposure_outcome_design=no,Narrative literature review / comprehensive textual analysis of secondary sources,"Gendered power relations, sociocultural norms, policy implementation, and exclusion from water-governance institutions amid water scarcity","Water access and collection burdens, safety and health risks, livelihood and educational effects, and participation in water governance","The Methodology section (p. 23767) states that the study relied on secondary data and conducted a comprehensive textual analysis of existing literature, but it reports no systematic search, eligibility criteria, source-selection process, or defined empirical corpus. The substantive sections (pp. 23769–23772) synthesize findings and statistics from cited publications rather than presenting primary empirical data or a systematic empirical synthesis, so the paper is excluded under E05.",,,,,,,,X,S340: desk-based literature review with no search or selection method; criterion 3 doubtful (already on the reclassification eligibility list),,,
