record_id,title,authors,year,doi,url,full_text_decision,exclusion_reason,exclusion_reason_detail,notes
R9E24EC349D72,Getting on the grid: A field experiment on bottom-up political pressure and access to essential public services,"Gaikwad, Thomas",2026,10.1111/ajps.70068,https://onlinelibrary.wiley.com/doi/10.1111/ajps.70068,include,,,
R0E4C0CE0DA80,"Groundwater-based water services as complex socio-hydrogeological systems: insights from Vietnam’s Mekong Delta; [作为复杂社会—水文地质系统的地下水型供水服务：来自越南湄公河三角洲的启示]; [Services d’eau fondés sur les eaux souterraines en tant que systèmes socio-hydrologiques complexes: enseignements tirés du delta du Mékong au Vietnam]; [Serviços de água baseados em águas subterrâneas como sistemas socio-hidrogeológicos complexos: Percepções do Delta do Mekong, no Vietnã]; [Servicios de agua basados en aguas subterráneas como sistemas socio-hidrogeológicos complejos: perspectivas del delta del Mekong en Vietnam]; [Các dịch vụ cấp nước dựa vào nước ngầm như những hệ thống địa chất thủy văn - xã hội phức tạp: Góc nhìn từ Đồng bằng sông Cửu Long, Việt Nam]",Carrard N.; Gonzalez D.; MacArthur J.; Anh Minh N.; Giang Nam N.D.; Rodgers D.; Foster T.,2026,10.1007/s10040-026-03100-8,https://www.scopus.com/pages/publications/105041652596?origin=resultslist,include,,,
R2395BBEECBDA,"Issues of Bounded Geographies and Participatory Governance in Accessing Water in Informal Settlements: A Case of Khulna City, Bangladesh",Salauddin M.; Piracha A.,2026,10.1002/wwp2.70088,https://www.scopus.com/pages/publications/105038970091?origin=resultslist,include,,,
R8A0F64980998,"Environmental stress, water inequality, and environmental justice in Palestinian urban areas: a GIS-based assessment of sanitation and infrastructure disparities in the southern West Bank",Nassar N.; Al Zabadi H.; Chabaane Z.,2026,10.1186/s12940-026-01286-8,https://www.scopus.com/pages/publications/105036655158?origin=resultslist,include,,,
R38BF0F168948,"Characteristics of Settlement on Water in Tobati Village, Papua: Challenges and Sustainability Strategies",Nurmaningtyas A.R.; Hamzah B.; Aprianti E.,2026,,https://www.scopus.com/pages/publications/105037845612?origin=resultslist,include,,,
R004673C197B1,"Water supply and infrastructure challenges in rural low-Income arid and semi-arid lands (ASALs): A case study of Turkana, Kenya",Abungu V.; Firouzjaei M.D.; Terry L.G.; Elliott M.A.,2026,10.1371/journal.pwat.0000509,https://www.scopus.com/pages/publications/105032129478?origin=resultslist,include,,,
R6B4F2B51A205,Assessing water security and governance complexity in the Owabi river catchment in Ghana,Agyeman N.K.; Tantoh H.B.; Kamika I.,2026,10.1007/s43621-026-03268-9,https://www.scopus.com/pages/publications/105042554884?origin=resultslist,include,,,
RA9BC8541CADC,Community-based to centralized provision: the transformation of aflaj beyond Oman’s national drinking water strategy,Lindt K.,2026,10.1080/07900627.2026.2649586,https://www.scopus.com/pages/publications/105035597773?origin=resultslist,include,,,
RC848E4BF3E91,Accelerating Safe Water and Sanitation Access in Urban Periphery and Low-Income Areas: The Case of Kenya,Koros J.K.; Juuti P.S.; Juuti R.P.; Mutie J.,2026,10.1177/1087724X251356460,https://www.scopus.com/pages/publications/105013366069?origin=resultslist,include,,,
R78CBA3706419,(Re)producing uneven waterscapes in South China: the materiality and spatiality of the Dongshen inter-basin water supply project,Wang R.Y.,2026,10.1111/1745-5871.12684,https://www.scopus.com/pages/publications/85210084808?origin=resultslist,include,,,
RDF2264278929,‘Bad water just means bad health’: identifying barriers and promoters of safe drinking water in rural Eastern North Carolina,Savelli L.B.; Koonce D.; Viera K.E.; Thapa S.; Woods C.G.,2026,10.1088/2752-5309/ae4f17,https://www.scopus.com/pages/publications/105033915661?origin=resultslist,include,,,
R0A9643F7E2EC,Exploring Kenya’s Small-Scale Water Services for a More Sustainable Future,Koros J.K.; Juuti P.S.; Juuti R.P.; Asokan S.M.,2026,10.1177/1087724X261447370,https://www.scopus.com/pages/publications/105037048680?origin=resultslist,include,,,
RAD92541D5972,Accountability to “the other”: conceptualising NGO accountability through differentiated governmentality,Yasmin S.; Ghafran C.,2026,10.1108/AAAJ-06-2024-7127,https://www.scopus.com/pages/publications/105042395474?origin=resultslist,include,,,
RAC07BE1CB046,Water Security System Assessment in a Philippine Rural Area,Paran R.C.; Ocampo C.O.V.; Aparente M.E.A.; Calibo-Senit D.I.; Ybañez A.P.,2026,10.13189/eer.2026.140106,https://www.scopus.com/pages/publications/105032794871?origin=resultslist,include,,,
R8E5477234032,Assessing the water infrastructure in Small and Rural Indigenous (SRI) communities: a risk assessment framework,Mian H.R.; Avila J.; De Coste M.; Saleem S.; Mohseni M.; Hewage K.; Sadiq R.,2026,10.2166/wh.2026.151,https://www.scopus.com/pages/publications/105041133648?origin=resultslist,include,,,
R3FCCAE7A3384,"Urban Water Insecurity and Public Health in Kathmandu Valley, Nepal: A Systematic Review of Contamination Sources, Health Risks, and Governance Gaps",Basnet G.B.; Sherchan S.,2026,10.3390/w18121514,https://www.scopus.com/pages/publications/105043012352?origin=resultslist,include,,,
R29AEF2E81223,Pots to Pipelines: Ethnographic Narratives of Women's Engagements With Water in Jorhat District of Assam,Saikia B.B.; Dutta M.; Dutta S.B.,2026,10.1002/wwp2.70092,https://www.scopus.com/pages/publications/105043178859?origin=resultslist,include,,,
RDCA1346E8788,Experiencing modular adaptive decentralized water security systems in southern Pakistan and implications for public health and nutrition: a qualitative exploratory study,Ahmed F.; Malik N.I.; Anjum R.; Ahmad J.B.; Zia S.; Al Sabbah H.; Dincer H.; Yüksel S.,2026,10.3389/fpubh.2026.1780817,https://www.scopus.com/pages/publications/105039302872?origin=resultslist,include,,,
RACCD412E1D86,"Settlement morphology, demographics, and governance challenges of water, sanitation, and hygiene in low-income urban communities in Ghana",Dovie D.B.K.; Obuah G.A.; Miyittah M.; Christian A.K.,2026,10.1007/s44274-026-00894-y,https://www.scopus.com/pages/publications/105045287406?origin=resultslist,include,,,
R5D8BA8CBD832,Systematic review of rural drinking water interventions under Jal Jeevan mission,Ilangovan K.; Sankar J.G.; Srinivasan M.,2026,10.1007/s44274-026-00676-6,https://www.scopus.com/pages/publications/105037997686?origin=resultslist,include,,,
READ0D2E37295,"Water infrastructures and decentralized models of water and sanitation management. The case of “disconnected” services in the Metropolitan Area of Buenos Aires, Argentina; [Infraestruturas hídricas e modelos descentralizados de gestão de água e saneamento. O caso dos serviços “desvinculados” na Região Metropolitana de Buenos Aires, Argentina]; [Infraestructuras hídricas y modelos descentralizados de gestión de agua y saneamiento. El caso de los servicios “desvinculados” en el Área Metropolitana de Buenos Aires, Argentina]",Cáceres V.; Tobías M.; Koutsovitis M.E.,2026,10.12804/revistas.urosario.edu.co/territorios/a.14977,https://www.scopus.com/pages/publications/105048830878?origin=resultslist,include,,,
RF2476C1DA386,"Experiences of accessing water services in water scarce displacement settings: A case study of internally displaced people and host communities in Hargeisa, Somaliland","Hujaleh, A; Larimian, T; Goodall, S; Kayaga, S",2026,10.1371/journal.pwat.0000544,https://www.webofscience.com/wos/woscc/full-record/WOS:001764470600001,include,,,
R2AA5F5039CC7,"Managing Water Supply Infrastructure in Medium-Sized Cities to Meet User Demands: A Case Study of Natal, Brazil",dos Santos Alves Romanato L.; da Silva N.; Lucena S.; Beser de Deus L.,2025,10.1002/wwp2.70022,https://www.scopus.com/pages/publications/105013474267?origin=resultslist,include,,,
R43D538FD3A39,"A political industrial ecology of water in Bodh Gaya, India: Pre- and Post-the World Heritage designation",Rajput R.; Pu J.,2025,10.1111/jiec.70112,https://www.scopus.com/pages/publications/105019187451?origin=resultslist,include,,,
R589A6BD90348,"Transparency, Governance, and Public Service Management: Challenges of Citizen Participation in Ecatepec de Morelos",Torres-Sandoval A.J.; Tavera-Cortés M.E.; Acevedo-Ortiz M.A.; Ortiz-Hernández Y.D.,2025,10.3390/admsci15040144,https://www.scopus.com/pages/publications/105003492583?origin=resultslist,include,,,
R1EDA2A87FD7F,"Community Management and Sustainability of Water Supply in a Rural Area of Guerrero, Mexico",Saldaña Almazán M.; Leyva Zuñiga A.P.; Moreno Mendoza E.; Calderón Arellanes M.P.; Suastegui Cruz S.,2025,10.3390/su17104633,https://www.scopus.com/pages/publications/105006800536?origin=resultslist,include,,,
RDE2BF2FA1250,"Barriers to Accessing Water, Sanitation, and Hygiene Services for Persons With Disabilities in the Southwestern Region of Bangladesh",Nishu N.A.; Roy T.; Razu S.R.; Akter S.,2025,10.1177/21582440251380013,https://www.scopus.com/pages/publications/105017151257?origin=resultslist,include,,,
RC31AA9237A15,"Community-led water utility governance and corruption: the case of Faisalabad, Pakistan",Altaf S.; Goetzke F.,2025,10.5751/ES-15873-300218,https://www.scopus.com/pages/publications/105005597725?origin=resultslist,include,,,
R163EDDFD53DA,"Ownership, hegemony, and resistance in Ethiopia’s rural drinking water governance",Tesfaye L.A.; Sarin A.; Tesfaye Y.,2025,10.5751/ES-16061-300419,https://www.scopus.com/pages/publications/105022746519?origin=resultslist,include,,,
R8F18065526A5,"Beyond a Decade of Water Justice: Review, Directions, and Pathways to Achieve “Water for All”",Fanaian S.; Manero A.; Nguyen N.-M.; Grafton R.Q.,2025,10.1002/wat2.70043,https://www.scopus.com/pages/publications/105024825399?origin=resultslist,include,,,
R3B8A3FEBD197,"Enhancing access to underutilized ground water potential for improving livelihoods and conflict reduction in Kagera Sub-Basin, Tanzania",Mgala E.; Nobert J.; Mabhuye E.B.; Gwambene B.,2025,10.3389/frwa.2025.1572231,https://www.scopus.com/pages/publications/105007133658?origin=resultslist,include,,,
R09518DE2A78A,Reimagining Rural and Small-Town Water Supply in Ghana Through Inclusive Governance and Sustainable Models,Kosoe E.A.; Osumanu I.K.; Ogwu M.C.,2025,10.55845/jos-2025-1234,https://www.scopus.com/pages/publications/105029758942?origin=resultslist,include,,,
RABDCC9969F14,A framework to assess urban water resilience in developing countries like India: Looking beyond water utilities and networked cities,Sharma M.; Sharma B.; Kumar N.; Kumar A.,2025,10.2166/wp.2024.221,https://www.scopus.com/pages/publications/85216875688?origin=resultslist,include,,,
RD231796F4C06,"Towards more sustainable Water, Sanitation and Hygiene (WASH) projects in Magway Region, Myanmar",Win C.Z.; Jawjit W.; Thongdara R.; Gheewala S.H.; Prapaspongsa T.,2024,10.1007/s10668-023-03727-7,https://www.scopus.com/pages/publications/85169884143?origin=resultslist,include,,,
RF34B5EC7A141,"Ethics and ambiguity in wastewater development on the Placencia Peninsula, Belize",Webb W.A.; Wells E.C.; Prouty C.; Zarger R.; Trotz M.,2024,10.1111/napa.12215,https://www.scopus.com/pages/publications/85193351629?origin=resultslist,include,,,
R31146C95DE35,The importance of institutional capacity in drinking water supply system governance: A policy evaluation from border area,Mau M.L.B.; Sriyana S.; Purnaweni H.; Lituhayu D.,2024,10.55214/25768484.v8i4.1518,https://www.scopus.com/pages/publications/85205706109?origin=resultslist,include,,,
R13E624261202,Reconfigurations in The Ownership And Control Of Sanitation services: Is Brazil going against a global trend?; [Reconfigurações na Gestão de Serviços de Saneamento: O Brasil na contramão de uma tendência global?],Souza A.; Souza M.A.A.; Diniz F.R.,2024,10.26848/rbgf.v17.5.p3603-3619,https://www.scopus.com/pages/publications/85205286459?origin=resultslist,include,,,
R4EF57CDFEEAE,"Process evaluation of an urban piped water supply infrastructure improvement programme in Uvira, Democratic Republic of the Congo",Gallandat K.; Hutchins C.; Malembaka E.B.; Jeandron A.; Saidi J.M.; Rumedeka B.B.; Muhemeri J.B.; Bompangue D.; Sewa G.; Seon A.; Durand P.-Y.; Machuel D.; Cumming O.,2024,10.1371/journal.pwat.0000185,https://www.scopus.com/pages/publications/85208388220?origin=resultslist,include,,,
R6092FE0E5919,The paradox of production: Surface water supply drives agricultural productivity but not prosperity in California’s San Joaquin Valley,Espinoza V.; Viers J.H.,2024,10.1371/journal.pwat.0000192,https://www.scopus.com/pages/publications/85204396100?origin=resultslist,include,,,
R4321E20BABA6,Disrupting Utility Law for Water Justice,Murthy S.L.,2024,10.2139/ssrn.4385404,https://www.scopus.com/pages/publications/85190864914?origin=resultslist,include,,,
RCF41A76DD1F9,Assessment of Water Service Levels and User Satisfaction for Domestic Water Use in Emina-Boadi-Kumasi to Achieve the Sustainable Development of Urban Water Supply Systems in Ghana,Mantey E.P.; Kanwar R.S.; Appiah-Effah E.,2024,10.3390/w16223193,https://www.scopus.com/pages/publications/85210273440?origin=resultslist,include,,,
RC3383A9FBC47,Self-help and spontaneous heroism in urban service delivery in Ghana’s informal neighbourhoods: a case study of Moshie Zongo,Fordjour G.; Anbazu J.; Serwaa Antwi N.; Usman Adam M.; Asibey M.O.,2024,10.1080/13549839.2024.2376563,https://www.scopus.com/pages/publications/85198373157?origin=resultslist,include,,,
R05E5FCC44D0B,Evaluation of Open Defecation Free Program Policy in Tambak Osowilangun Village Surabaya City,Endarti E.W.,2024,10.35877/454RI.daengku2977,https://www.scopus.com/pages/publications/105039449762?origin=resultslist,include,,,
R205DDBDB40FB,Divided infrastructure: legal exclusion and water inequality in an urban slum in Mumbai India,"Lubeck-Schricker, Patil-Deshmukh, Murthy, Chaubey, Boomkar, Shaikh, Shitole, Eliasziw, Subbaraman",2023,10.1177/09562478221121737,https://journals.sagepub.com/doi/10.1177/09562478221121737,include,,,
RCCDBE431793A,Coproduced urban water services: When technical and governance hybridisation go hand in hand,Moretto L.; Faldi G.; Rosati F.N.; Teller J.,2023,10.3389/frsc.2022.969755,https://www.scopus.com/pages/publications/85147205880?origin=resultslist,include,,,
R00879143A1D6,"A tug of war between centralization and decentralization: the co-evolution of urban governance and water risks in Guwahati, India",Fanaian S.; Fanaian F.,2023,10.1088/2515-7620/acdc86,https://www.scopus.com/pages/publications/85163493630?origin=resultslist,include,,,
R29C42DF9EAF6,Impact of targeted subsidies on access to resilient sanitation for climate-vulnerable households in rural Cambodia,Kozole T.; Ross M.; Nicoletti C.; Rogla J.; Ives N.; Ali A.; Prom R.,2023,10.2166/washdev.2023.039,https://www.scopus.com/pages/publications/85181168609?origin=resultslist,include,,,
R77E0556601A5,The policing of Black debt: how the municipal bond market regulates the right to water,Phinney S.,2023,10.1080/02723638.2022.2107257,https://www.scopus.com/pages/publications/85136514726?origin=resultslist,include,,,
R8B6D5ABC291B,Water and welfare: Free basic water revisited,Muller M.,2023,10.1080/0376835X.2023.2231018,https://www.scopus.com/pages/publications/85164455054?origin=resultslist,include,,,
R1297067D6EE3,"Integration and implementation of rainwater harvesting technologies in development programs, planning and budgeting in Matungulu Sub-County, Machakos County, Kenya",Muyukani P.W.; Muthama N.J.; Mutune M J.,2023,10.37425/eajsti.v4i.734,https://www.scopus.com/pages/publications/85181919733?origin=resultslist,include,,,
R9633807D7440,"Water and sanitation in Brazil: conflicts, appropriation, and climate injustice; [Água e saneamento no Brasil: conflitos, apropriação e injustiça climática]; [Agua y saneamiento en Brasil: conflictos, apropiación e injusticia climática]",Fracalanza A.P.; da Paz M.G.A.; Alves E.M.,2023,10.5380/DMA.V62I0.89421,https://www.scopus.com/pages/publications/85179380040?origin=resultslist,include,,,"Documentary/institutional analysis of Brazil's Lei Federal no. 14.026/2020 (new legal framework for sanitation) and SDG 6 conflicts. Uses real official household-level statistics from Plansab/SNIS monitoring reports (Table 1: A1 = pct households with internal plumbing 90.0pct 2010/92.6pct 2014/93.0pct 2015; E1 = pct households served by collection system or septic tank 67.0pct 2010/69.8pct 2014/72.0pct 2015), plus regional drought/climate-risk mapping and DATASUS disease-rate data, tied directly to unequal urban-vs-peripheral access under the national sanitation legal framework. Same inclusion basis as Souza et al. (S035, same Lei 14.026/2020 topic) -- documentary/institutional evidence with real official household indicators, not pure doctrinal commentary (contrast Pacheco-Trevino, Pegu & Samal, both excluded E01). Brazil is one of the dissertation's three named comparator jurisdictions. risk_of_bias_tool for eventual extraction: Legal Institutional Evidence Appraisal Framework (RISK_OF_BIAS.md section 2). Flagging 4 unscreened sibling Fracalanza/Jacobi-authored Brazil/Sao Paulo water-governance papers in the pool: RF22EFFAD48CC (2013), R2506CFFB306E (2015), RA10CF741AD61 (2010), RC80C4545C96E (2015)."
RD85FE3A8F35D,Sanitation services for the urban poor: A social capital approach to sanitation challenges in informal settlements,Chumo I.; Mberu B.; Wainaina C.; Murigi W.; Sumba L.; Kabaria C.,2023,10.1371/journal.pwat.0000086,https://www.scopus.com/pages/publications/85204377820?origin=resultslist,include,,,"Qualitative content-analysis study of sanitation-access challenges among manual pit emptiers and community members (24 FGDs, 14 IDIs, n approx 250) in Korogocho and Viwandani informal settlements, Nairobi, Kenya. Distinguishes challenges outside the household (legislative, physical, social) from challenges at the household level (health, financial, technical). Legislative/tenure mechanism directly on point: tenants lack secure tenure/land titles, are barred by landlords from building permanent sanitation structures on rented plots, and have 'little voice and recourse to protection provided for in the legislation' (p.7) -- a documented BURDEN/DISCRETION_ACCOMMODATION mechanism (landlord discretion + tenure-documentation requirement) blocking household-level sanitation access. Qualitative socio-legal study; included per standing rule that qualitative studies are not excluded for lacking a quantitative effect size."
RFA8F88AB0296,"Balance on social inclusion and environmental justice at the end of the 30 years of the drinking water service concession in the city of Aguascalientes, Mexico",Caldera Ortega A.R.; Tagle Zamora D.,2023,10.3389/frsc.2023.1177179,https://www.scopus.com/pages/publications/85177239218?origin=resultslist,include,,,"Political-ecology/institutional evaluation of the 30-year drinking water and sewerage concession granted to a private company (later Veolia/CAASA) in Aguascalientes, Mexico, and its 2023 remunicipalization. Combines documentary/legal analysis of the concession contract and its 2012 renegotiation (Table 2: concessionaire non-compliance clauses including failure to meet housing connection deadlines when the user has paid, failure to meet meter-replacement deadlines, unattended user complaints; tariff/fee regulatory framework under the Law of Drinking Water, Sewage and Sanitation Systems and Municipal Regulation of the Decentralized Public Body) with real household-level official statistics from INEGI census/ENIGH/MOHOMA surveys (96.5pct of Aguascalientes households have water access inside the home vs 62pct national average; 15.4pct of households receive daily water; 3.4pct connected to sewer/wastewater disposal; 80.2pct have storage tanks). risk_of_bias_tool for eventual extraction: Legal Institutional Evidence Appraisal Framework (RISK_OF_BIAS.md section 2), same basis as Souza et al. (S035) and Fracalanza et al. -- documentary/institutional evidence combined with real official household indicators tied to a specific legal/contractual framework."
RAEC333DFD828,Water scarcity and excess: water insecurity in cities of Nepal,Maskey G.; Pandey C.L.; Giri M.,2023,10.2166/WS.2023.072,https://www.scopus.com/pages/publications/85160605710?origin=resultslist,include,,,"Qualitative study (40 key informant interviews, informal conversations, observations, 2020-2021) of household-level water insecurity in three Nepali municipalities (Dharan, Dhulikhel, Khairahani). Documents household-level formal connection and administrative barriers: Dhulikhel's 'one-house-one-tap' municipal connection policy vs. peripheral/annexed wards and Chaudhari communities not yet reached by water connections; of 36,000 households in Dharan, 10,000 depend on unsafe water sources; slum settlements in Dharan unable to afford piped water connections (BURDEN/fees, ELIGIBILITY/service_area mechanisms); Dharan Municipality building-permit subsidy conditioned on rainwater-harvesting/recharge-pit construction (BURDEN/documentation, property mechanism); institutional fragmentation among NWSC, Water Board, Water Users Committee, and municipal governments. Qualitative socio-legal study; included per standing rule on qualitative studies. Flags sibling Nepal water-governance paper by overlapping author (Maskey G.) in the pool, unscreened: RE3D6C0549F37 (Bhattarai et al., gender inequality in urban water governance, Nepal)."
R99620A9FD337,Sanitation challenges in Dar es Salaam: the potential of Simplified Sewerage Systems,Yap C.; Mcfarlane C.; Ndezi T.; Makoba F.D.,2023,10.1177/09562478221146722,https://www.scopus.com/pages/publications/85147780691?origin=resultslist,include,,,"Mixed-methods household survey (n=104 households, of 300 houses connected to a Simplified Sewerage System/SSS) plus focus group discussions in Mji Mpya informal settlement, Dar es Salaam, Tanzania. Documents a household-level BURDEN/affordability mechanism: SSS connection and ongoing costs are distributed unevenly between tenants and landlords, with tenants at risk of bearing costs landlords pass on via rent/contracts absent 'simple regulations across homes'; authors recommend identifying households needing subsidies (large families, lowest-income tenants) in tariff design. Also documents an ENFORCEMENT mechanism: fines for illegal pit-latrine waste disposal. Mixed-tenure context explicitly discussed as shaping differential access/cost outcomes."
R317CC511BA6E,Affordability of household water services across the United States,Patterson L.A.; Bryson S.A.; Doyle M.W.,2023,10.1371/journal.pwat.0000123,https://www.scopus.com/pages/publications/85197448871?origin=resultslist,include,,,"Large-N quantitative study of household water tariff affordability across 787 of the largest U.S. drinking water utilities (one representative utility per state where possible), combining manually-collected water/wastewater rate structures with service-area-level census income data. Defines undue hardship as paying >4.6% of household income for 6,000 gallons/month; finds 17% of households (28.3 million persons) face unaffordable basic water bills, with the median community having 1-in-7 households above this threshold. Documents BURDEN mechanism (tariff/rate-structure variation shaped by differing state legislation and regulations) and the ENFORCEMENT/disconnection consequence of nonpayment (loss of access via shut-offs), plus the ELIGIBILITY/DISCRETION_ACCOMMODATION landscape of local customer assistance programs (CAPs, not consistently available). Strong candidate for quantitative synthesis given the large N and standardized affordability metric across many jurisdictions."
R1CC82119AFCF,"Examining liveability in the informal community of Kabawa, Nigeria",Obayomi A.; Popoola A.; Medayese S.; Wahab B.,2023,10.18820/trp.v82i.5661,https://www.scopus.com/pages/publications/85168490540?origin=resultslist,include,,,"Mixed-methods household survey (structured questionnaire, observation checklist, housing facility survey; n=180 household heads) in Kabawa, an informal settlement in Lokoja, Kogi State, Nigeria. Household-level water/sanitation access data: 17.2% no toilet facility, 11.7% pour-flush, 7.8% pipe-borne water connection, 13.9% boreholes, 18.3% soak-away. Documents a DISCRETION_ACCOMMODATION/participation mechanism: residents report 'governance exclusion' -- local and state governments never involved them in development decision-making or considered them in provision of basic facilities (direct interview quotes from a youth leader and community leader). Also documents institutional fragmentation between a Federal Government constituency-project solar-powered water facility (free, community-maintained, in good condition) and the unreliable, poorly-maintained Kogi State Water Board pipe-borne supply."
RD0E8F1823FAE,Sharing Difficult Waters: Community-Based Groundwater Recharge and Use in Algeria and India,Saidani M.A.; Aslekar U.; Kuper M.; Kemerink-Seyoum J.,2023,,https://www.scopus.com/pages/publications/85150927242?origin=resultslist,include,,,"Qualitative fieldwork case study of two community-based groundwater recharge/domestic-water systems: Beni Isguen (M'Zab Valley, Algeria) and Randullabad (Maharashtra, India). Documents an ELIGIBILITY/legal-status mechanism directly on point: the customary water-governance organisation (Umana Essayl) 'has no legal status in the eyes of the state,' limiting its ability to access formal financial support despite the state recognising its societal role and importance -- a community created a formal association specifically to try to qualify for state funding, with only partial success. Also documents the state-led development of drinking water/sanitation networks now delivering water directly to households (replacing traditional systems), and in the India case a Village Watershed Committee-built piped distribution system giving every household tap water on an alternate-day schedule, governed by locally-set well-siting/depth/pump-capacity regulations. Qualitative socio-legal study; included per standing rule that qualitative studies are not excluded for lacking a quantitative effect size."
RC87CCFA19CEE,"Disparities in Drinking Water and Sanitation in the Urban Slums of Kerala, India",Vidhyadharan A.,2023,10.3390/su15097559,https://www.scopus.com/pages/publications/85159380903?origin=resultslist,include,,,"Quantitative comparative household survey of two urban slums in Kerala, India (Vizhinjam vs Barten Hill), using water/sanitation deprivation indices, chi-square, t-test, and Mann-Whitney U tests (e.g. Mann-Whitney U=3742, p<0.05 for wastewater disposal difference). Documents a BURDEN/fees mechanism: households with a Kerala Water Authority (KWA) piped connection pay a water charge, those using public taps/protected wells pay nothing, and those relying on private tanker lorries (common in the more-deprived Vizhinjam) pay private-market prices, creating an affordability gap; 3.6% of Vizhinjam households additionally must pay for community toilets (no exclusive-use option), unlike the free community toilets used elsewhere. Below-poverty-line (BPL) status used as an income/eligibility marker distinguishing the two slum populations. Strong quantitative comparative study with real statistical effect estimates directly on point for the review's Family A/C interest in legal/administrative barriers and access inequality."
R172DC9C2AD24,"Faecal sludge emptying in Sub-Saharan Africa, South and Southeast Asia: A systematic review of emptying technology choices, challenges, and improvement initiatives",Muoghalu C.; Semiyaga S.; Manga M.,2023,10.3389/fenvs.2023.1097716,https://www.scopus.com/pages/publications/85149701514?origin=resultslist,include,,,"This is itself a systematic review (37 primary studies, Jan 2002-Dec 2021) of faecal sludge (FS) emptying in Sub-Saharan Africa, South and Southeast Asia -- per RISK_OF_BIAS.md Section 1, appraise with AMSTAR 2 (not a primary-study tool) and flag in evidence_map.csv as study_design_class=systematic_review_secondary so it is never treated as an independent primary effect for pooling. Directly relevant to the review's household-level sanitation-access-mechanism scope: documents real household-level cost/BURDEN barriers (mechanical pit-emptying reported up to 4x more costly than manual emptying; households with accessible plots/service availability pay markedly less, per Jenkins et al. 2015 Tanzania finding cited in the review), a documented ENFORCEMENT mechanism (illegal FS dumping/disposal explicitly outlawed in India, Kenya, and Ghana per reviewed studies), and licenses/permits governing formal emptying operations plus 'inadequate sanitation-related regulations' and lack of enforcement capacity identified as a recurring institutional barrier across the reviewed literature. Belongs to the fecal-sludge-management (FSM) cluster previously flagged during earlier screening (Basnet & Sherchan, Ilangovan et al., and Fanaian et al. are the other systematic-review-secondary studies already included in this pool)."
R85EE23F80FDB,Equity dimensions in initiatives promoting urban health and wellbeing in east and southern Africa,Loewenson R.; Mhlanga G.; Gotto D.; Chayikosa S.; Goma F.; Walyaro C.,2023,10.3389/fpubh.2023.1113550,https://www.scopus.com/pages/publications/85153600304?origin=resultslist,include,,,"Thematic analysis (52 documents + 10 primary case studies from Harare, Kampala, Lusaka, Nairobi) of urban health-equity initiatives in east/southern Africa. Multi-sector scope (water, sanitation, waste, food security, working/environmental conditions, health systems) -- borderline like Nurmaningtyas et al. (S004), but water/sanitation content is substantive and directly relevant: a dedicated case-study theme on 'Community-led water and sanitation response in informal settlements' (Table 3), the Epworth (peri-urban Harare) case of joint community-authority water-quality monitoring and management of water/sanitation systems, a water-conserving toilet innovation scaled via a community lending group, and SDI/Muungano wa Wanavijiji's use of a 'right to the city' lens to map rights violations and duty-bearer deficits in Nairobi informal settlements (a DISCRETION_ACCOMMODATION/participation and legal-recognition mechanism). Also documents 'contested land, lacking legal title undermined security of tenure' (Hatcliffe urban agriculture case) as a general tenure-insecurity theme in the same urban-informality context. Only the water/sanitation-specific portions are relevant for extraction -- same practice as the Torres-Sandoval et al. (S022) Mexico survey, which also covered multiple services jointly. Note for extraction: this functions partly as a review of 52 secondary documents and partly as a primary 10-case qualitative study; study_design_class should be resolved at extraction (not automatically systematic_review_secondary, since it also reports primary case-study fieldwork)."
R11555C5CE12E,Arsenic in Philippine Groundwaters: Exploring Governance Limitations for Drinking Water Safety,Faulmino C.J.P.; Rola A.C.,2023,10.47125/jesam/2023_sp1/02,https://www.scopus.com/pages/publications/85195119564?origin=resultslist,include,,,"Documentary/institutional legal analysis (textual analysis of legal documents and official reports, plus roundtable/meeting transcripts with national agency representatives) of the Philippine legal-regulatory framework for arsenic risk management in drinking water, mapped 'source-to-sip.' Directly on point: finds the country's legal framework (LWUA and water districts regulated under Executive Order No. 124 of 1987; Rural Waterworks and Sanitation Associations; Certificate of Potability of Drinking Water requirement) provides functioning arsenic-mitigation coverage for formal, regulated water supplies (ELIGIBILITY/service_area mechanism) but 'fails to protect self-provisioning households as they access water from informal systems uncovered by water quality surveillance' -- a clear ENFORCEMENT/coverage gap disadvantaging households outside the formal regulatory net. Includes real case data (e.g. a municipality of 128,893 population with only 13% covered by the local Water District). risk_of_bias_tool for eventual extraction: Legal Institutional Evidence Appraisal Framework."
RA0842EB53330,Sanitation strategies for reducing open defecation in rural areas of India and Ethiopia,Humňalová H.; Ficek F.,2023,10.14712/23361980.2023.5,https://www.scopus.com/pages/publications/85165706952?origin=resultslist,include,,,"Comparative country-level policy analysis (India SBM vs Ethiopia CLTS): legal grounding (both lack enforceable sanitation right), financing/subsidy mechanisms (ELIGIBILITY/BURDEN), enforcement (ENFORCEMENT: fines/arrests/ration withdrawal for non-compliance), and household-level outcome data (Tab.1-2: toilet coverage / OD rate change 2000-2020 by country). Doctrinal/institutional comparative synthesis with real empirical outcome data, same category as previously-included country-policy pieces (Murthy, Fanaian, Muller)."
R0760C21475D9,Perspectives from the Ground: Governing Informality of Water in Metro Manila,Hussain N.; Chaves C.,2023,,https://www.scopus.com/pages/publications/85162138656?origin=resultslist,include,,,"Mixed-methods case study (household survey n=800, FGDs n=9, semi-structured interviews n=70) of legal/administrative mechanisms shaping household water access in Metro Manila informal settlements/resettlement sites. Examines ELIGIBILITY (land title/lease-contract requirement for connection applications; concessionaire right-of-way refusal in disputed-tenure areas), BURDEN (cooperative-formation costs/barriers), ENFORCEMENT (National Water Crisis Act 1995 criminalizing water pilferage/resale -- fines/imprisonment), and administrative discretion (Urban Development and Housing Act RA 7279 minimum-compliance implementation). Outcomes: primary_connection (piped-into-dwelling vs shared/vendor share of Fig.2), economic_access (4-12% income spent on water, Table 1), effective_access (87% households report shortages, Table 2, with significance tests)."
RF043AAD78E8E,Environmental Injustice and Marginalization: Water Lack of Access in the Metropolitan Zone of the Valley of Mexico; [Injustiça ambiental e marginalização: a falta de acesso à água na Área Metropolitana do Vale do México]; [Injusticia ambiental y marginación: la falta de acceso al agua en la Zona Metropolitana del Valle de México],Pastrana-Miranda T.; González-Caamal M.M.,2022,10.12804/revistas.urosario.edu.co/territorios/a.9931vol462021,https://www.scopus.com/pages/publications/85128860245?origin=resultslist,include,,,"Qualitative/documentary institutional case study (Ecatepec, State of Mexico, within the Metropolitan Zone of the Valley of Mexico) using neo-institutional analysis and a hemerographic protest review (Table 1, 2018-2020) plus real INEGI census statistics (2015 Encuesta Intercensal: 81.39% ZMVM households with in-home water access; >60% lacking water in 15 State of Mexico municipios). Documents DISCRETION_ACCOMMODATION/political clientelism (water distribution tied to electoral cycles and party affiliation of municipal government -- CAEM/SAPASE institutional tension), institutional fragmentation across federal/state/municipal water governance (centralization-to-municipalization history), and a household-level primary_connection/service_coverage outcome (in-home piped water access by municipality)."
R9F1DCD966DA0,"Coping Strategies, Cultural Practices and Policy Implications on Domestic Water Supply in an Erosion Susceptible Rural Community, Nigeria",Ezeudu O.B.; Ezeudu T.S.; Ugochukwu U.C.; Okolo O.J.; Ani C.D.; Ajogu A.P.; Ajaero C.C.; Mbakwe U.I.; Nduji N.N.,2022,10.3390/resources11080077,https://www.scopus.com/pages/publications/85136882480?origin=resultslist,include,,,"Qualitative case study (in-depth semi-structured interviews, >30-45 participants, purposive sampling, plus documented evidence and field observation) of domestic water coping strategies in Nanka, an erosion-susceptible rural community in Anambra State, Nigeria. Examines institutional/governance mechanisms: tripartite federal/state/local government water-responsibility division, Federal Ministry of Water Resources policy/legislation/regulation authority, state water boards' regulatory role over private providers, and documents 'absent and nonfunctional water institutions' and 'poor water policy implementation' as key drivers of inadequate rural water supply. Outcome: household-level water access/coping (sources, practices, barriers) in a rural community lacking piped/improved water infrastructure."
R31BC3F1A06D5,The limits of insulation: The long-term political dynamics of public–private service delivery,Cruxên I.A.,2022,10.3828/IDPR.2021.12,https://www.scopus.com/pages/publications/85134697410?origin=resultslist,include,,,"Comparative historical case study (interviews + company/regulatory data, 1998-2016) of two mixed public-private water/sanitation utilities in Brazil (Copasa/Minas Gerais, Sanepar/Parana), examining how political modulation by state-government-appointed managers shapes service-delivery direction. Documents real institutional/governance mechanisms: tariff policy (social tariff for low-income affordability at Sanepar; multi-year tariff freezes by the governor absent an independent regulatory agency; later ARSAE regulatory tariff-setting at Copasa) -- BURDEN/economic_access; targeted coverage-expansion programs to poor/rural areas (25,000 rural Parana households; a Copasa subsidiary targeting low-income areas) -- primary_connection/service_coverage; and disconnection-to-non-payers pressure under market-oriented management -- ENFORCEMENT. Real utility metrics: connections-per-thousand dropped from 3.13 (1999); R45 million 2002 revenue; 16% tariff increase (2011)."
R13FAF41488CA,Laying Bare: Determinants of Informal Water Vendors for Domestic Water Supply in Himalayan Mountain Towns,Shah R.,2022,10.2218/himalaya.2022.7047,https://www.scopus.com/pages/publications/85160405301?origin=resultslist,include,,,"Qualitative fieldwork (2014-2019; household survey n=149 across 29 wards, stratified + snowball sampling; topic-guided stakeholder interviews) on informal water vendors and formal-system disconnection in Darjeeling, India. Strong ELIGIBILITY mechanism: legality of residence required to even apply for a municipal water connection -- unregistered residences are ineligible to submit a private-connection application and receive only public-tap access instead of household-level connections. Documents BURDEN (documentation, high costs, lengthy bureaucratic application process requiring personal 'connections and networks' to move through the municipal office) and DISCRETION_ACCOMMODATION/malgovernance (political patronage networks, dissolved elected municipal bodies during statehood agitation periods, corrupt tender/fund allocation). Outcome: only 10-15% of Darjeeling households receive municipal water supply; 85% depend on informal vendors/community springs."
RD8BFB5AE38C5,The action of Obras Sanitarias de la Nación in Mendoza: infrastructure and sanitation between agreements and conflicts (1918-1928); [La acción de Obras Sanitarias de la Nación en Mendoza: infraestructura y saneamiento entre acuerdos y conflictos (1918-1928)],Luis N.; Raffa C.,2022,,https://www.scopus.com/pages/publications/85160964174?origin=resultslist,include,,,"Historical archival case study (primary sources: local press, provincial executive official documents, national agency graphic records, legislative session diaries) of Obras Sanitarias de la Nacion (OSN, Argentina's federal sanitary works agency) governance in Mendoza province, 1918-1928. Examines institutional_fragmentation via the 1900 law (Ley 3967) transferring water/sanitation jurisdiction from provincial to federal control, the 1912 law (Ley 8889) creating OSN, and the recurring federal interventions (4 in the decade) disrupting provincial governance continuity and connection-installation agreements between OSN and provincial/municipal authorities. Reports real household-level connection outcome data across the period: 3,981 domiciliary water connections in 1914 (3,791 Capital + 190 Godoy Cruz); 1,125 domiciliary installations later (90% growth); 710 domiciliary sewer connections by 1927; province-wide OSN connections reaching 8,017 by 1928 (including 831 new connections in San Rafael); 57,500 of 70,500 inhabitants served in one department."
R6ABD0B221622,How a water trucking governance mechanism in the West Bank enhances equity and sustainability,Cesari G.; Johnson S.O.; Cancelliere G.; Von Medeazza G.,2022,10.3362/1756-3488.18-00036OA,https://www.scopus.com/pages/publications/85126289117?origin=resultslist,include,,,"Practice paper documenting the GVC/UNICEF water-trucking subsidy programme in Oslo Accord Area C, West Bank. Directly examines legal/administrative/political mechanisms: Oslo Accords II zoning (Area C under full Israeli control, infrastructure at high risk of demolition, obstructing formal connection funding), Palestinian Water Authority (PWA)-governed multilevel water-trucking governance system, and explicit programme ELIGIBILITY criteria (household water consumption <30 l/capita/day and/or private market price >NIS 20/m3, jointly agreed by PWA/UNICEF/WASH cluster/Water Scarcity Task Force). Real official statistics: 11,000 unserved Palestinians in Area C paying up to 5/m3 (10x the Area A/B public rate of ~.50-6/m3); 153,000 unconnected to the water network; 270,000 with inadequate WASH access; programme reached 35,000 people by 2022. Note: duplicate Scopus record RD9FA1D5723A2 (DOI 10.3362/1756-3488.18-00036, year 2019, no 'OA' suffix) appears to be an earlier non-final DOI for this same article -- marked as duplicate per REPRODUCIBILITY.md S6, cross-referenced to this record."
R072D7FD1C80E,Assessing the Climate Resilience of Community‐Managed Water Supplies in Ethiopia and Nepal,Nijhawan A.; Howard G.; Poudel M.; Pregnolato M.; Lo Y.T.E.; Ghimire A.; Baidya M.; Geremew A.; Flint A.; Mulugeta Y.,2022,10.3390/w14081293,https://www.scopus.com/pages/publications/85129111580?origin=resultslist,include,,,"Longitudinal field study (Nov 2019-Aug 2021, 20 rural communities in Ethiopia, 15 in Nepal) applying the 'How Tough is WASH' climate-resilience framework, scored via community discussions and technical assessment across six domains including institutional support and community governance. While the central research question is validating the resilience-assessment tool, the field findings document a real BURDEN/economic_access mechanism: Nepal's federal drinking water policy requires user groups to contribute 20-30% of project construction cost, and in one documented community the municipal piped-water supply was recently expanded but the user tariff and new-connection cost were unaffordable for several residents, who continued relying on unsafe boreholes. Also documents institutional_fragmentation (Nepal's federalization creating confusion over which government level -- federal/provincial/local -- is responsible for WUSC oversight) and a DISCRETION_ACCOMMODATION/participation gap in Ethiopia (a school board and kebele administration selected a WASH committee without resident input or an engagement channel)."
RC41D17900D05,Governance drivers of rural water sustainability: Collaboration in frontline service delivery,Thapa D.; Farid M.N.; Prevost C.,2022,10.24294/jipd.v6i1.1380,https://www.scopus.com/pages/publications/85136237465?origin=resultslist,include,,,"Mixed-methods World Bank study (10-year panel data + qualitative outlier case studies) of Indonesia's PAMSIMAS community-based rural water program. Examines institutional/governance mechanisms: frontline state-society relations between village authorities and water user groups, village-authority resource mobilization and bureaucratic support (or its absence) for community water management, and local governance capacity. Real quantitative findings (regression on 10-year panel of water-point functionality) plus qualitative process-tracing of positive/negative deviant villages explaining WHY collaborative vs. unsupportive frontline relations produce sustained vs. abandoned community water systems. Outcome: water-system functionality/sustainability over a 10-year horizon (effective_access/service_continuity). Note: duplicate ProQuest record R346D1BF8F31D (2021, no DOI, likely an earlier working-paper version) found -- marked E08, cross-referenced to this record."
R7D8E7FB109D4,"Public procurement law, political economy of the lowest responsive bidding, and the development of the water, sanitation and hygiene sector in Nigeria; [Le droit des marchés publics, l’économie politique de l’appel d’offre le moins disant, et le développement du secteur de l’eau, de l’assainissement et de l’hygiène au Nigeria]",Okolie A.-M.; Nnamani K.E.; Nwangwu C.; Agbo H.N.; Cyril Ike C.,2022,10.1080/03056244.2023.2194164,https://www.scopus.com/pages/publications/85152362045?origin=resultslist,include,,,"Political-economy/doctrinal analysis (secondary data, policy appraisal, and field observation by the authors as UNICEF procurement consultants) of Nigeria's Public Procurement Act 2007 (PPA) and its 'lowest responsive bidding' provision, examining how elite capture of this legal mechanism undermines WASH infrastructure delivery. Documents ENFORCEMENT/regulatory-capture mechanism with concrete case examples: contractors in Benue State incurring cost overruns on a project subsequently awarded only N2.7 million; a state commissioner's account of WASH contracts worth over N800 million awarded to politically-connected contractors who were paid and then abandoned school water/sanitation projects; similar documented cases in Bayelsa, Anambra, and Akwa Ibom states. National outcome statistics tied to this institutional failure: only 68% of Nigerians have basic water access, 19% improved sanitation, 47 million practice open defecation (UNICEF 2014-2017 data); national diarrhoea prevalence rose from 10.2% (2013) to 12.8% (2018)."
R6D20561D1166,The potential for scaling up container-based sanitation in informal settlements in Kenya,Mallory A.; Mdee A.; Agol D.; Hyde-Smith L.; Kiogora D.; Riungu J.; Parker A.,2022,10.1002/jid.3639,https://www.scopus.com/pages/publications/85124910558?origin=resultslist,include,,,"Political-economy qualitative case study (Jan-Mar 2020 fieldwork; ~59 semi-structured interviews/focus groups with utility employees, sanitation-enterprise staff, NGO employees, public health officers, manual pit emptiers, vacuum truck operators, and national/county government officials; snowball sampling to saturation; NVivo thematic coding) of two container-based sanitation enterprises in Kenya's informal settlements (Nairobi, Naivasha). Documents severe institutional_fragmentation (conflicting 2002 vs. 2016 Water Acts on sanitation mandate, unclear national/county accountability), a real constitutional ELIGIBILITY/enforcement finding (Kenya's 2010 Constitution Article 43 right to sanitation; only one successful court case invoking it in 10 years -- a highways-authority case with a clear duty-bearer), and a documented DISCONNECTION/judicial_review case (Garissa: forcible eviction of 2,000 informal-settlement residents declared unconstitutional, with disconnection from existing water/sanitation services part of the claim). Also documents land-tenure/settlement-'illegality' barriers to service investment by governments/utilities."
R924CF6D8FC56,Policies and incentives for developing universal access to water and sanitation for vulnerable families,Narzetti D.A.; Marques R.C.,2022,10.2166/wp.2022.227,https://www.scopus.com/pages/publications/85128449081?origin=resultslist,include,,,"Doctrinal/policy analysis of Brazil's legal and regulatory framework for universal water/sanitation access (WSS), centered on Law 11.445 (2007) -- the national basic sanitation policy setting contractual coverage targets (99% water, 90% sewage collection/treatment) -- and its political-institutional-regulatory (PIR) alignment with tariff/subsidy design and private-sector-participation incentives for vulnerable/informal-settlement households. Real national statistics: 82% WSS access (2019), 40 million without water access, 100 million without sewage access, 5+ million households across 13,000+ informal settlements (IBGE 2020). Documents fees/BURDEN (tariff and non-tariff subsidy design for low-income users), DISCRETION_ACCOMMODATION (SISAR cooperative model requiring initial subsidy; contract-modeling mechanisms to reach vulnerable/informal areas), and institutional_fragmentation/political_coordination (municipal-state government alignment needed for informal-settlement service expansion)."
RFA99CC1EE795,Beyond water scarcity: Water (in)security and social justice in Karachi,Khan H.F.; Arshad S.A.,2022,10.1016/j.ejrh.2022.101140,https://www.scopus.com/pages/publications/85132407878?origin=resultslist,include,,,"Rigorous mixed-methods study (465 household surveys across 11 Union Councils + stakeholder interviews + participant observation + water-quality testing) of water insecurity in Lyari, a semi-regularized low-income township at the tail-end of Karachi's water network. Documents a real historical ELIGIBILITY/tenure mechanism (Lyari regularized only post-1970s via 90-year government leases enabling inclusion in city water infrastructure plans) and a live administrative BURDEN mechanism: KWSB (utility) places the onus on households to self-register at revenue offices to receive billing -- 80% of connected households receive no bill, and officials attribute non-billing to lack of lease/registration or 'illegal connections' (unauthorized direct connection to supply lines). Real quantitative findings: 93% of households (n=465) have piped connections but all 33 unconnected households are in the bottom 50th income percentile; only 16% actually rely on KWSB supply day-to-day due to intermittency; households earning <5,000 PKR/month spend ~18% of income on water vs. ~2% for households earning >=40,000 PKR/month; 9% of connected households pay informal collectively-managed-supply charges on top of formal costs."
R746445B4F65D,Piped water revenue and investment strategies in rural Africa,Armstrong A.; Hope R.; Koehler J.,2022,10.1088/2634-4505/ac61f8,https://www.scopus.com/pages/publications/85130539103?origin=resultslist,include,,,"Quantitative econometric study (GEE regression on >3,900 monthly operator revenue records from rural piped water schemes in Ghana, Rwanda, and Uganda) modeling how tariff level, connection type (on-premises vs. off-premises), and payment method (prepaid credit vs. pay-as-you-fetch vs. monthly billing) affect revenue and, by extension, affordability/economic access. Documents a real BURDEN/economic_access mechanism: on-premises connections carry an average 17% higher tariff in 3 of 4 service-area archetypes, posing 'a potential affordability risk to poorer households who may be unable to afford the up-front or ongoing cash expense', pushing them toward informal/unimproved sources; off-premises standpipes/kiosks 'do not require users to pay connection fees and enable better targeting of subsidies'. Also documents institutional/policy tension: cost-recovery tariff-setting goals often conflict with political agendas to protect poor populations, and 'poor enforcement' of payment rules is exacerbated by unpaid volunteer rural service providers lacking administrative skills. Fewer than 2 in 5 rural African households are estimated to pay for water at all (Banerjee & Morella 2011; Foster & Hope 2017, cited)."
RF96F4D7A891A,"Analysis of the universalization, investment and governance of the sewage service of the municipal headquarters of the Easter Watershed (BHL) in Bahia; [Análise da universalização, investimento e governança do serviço de esgoto sanitário de sedes municipais das Bacias Hidrográficas do Leste (BHL) na Bahia]",Carvalho J.I.C.; de Jesus Júnior G.; Gomes R.L.,2022,10.7213/revdireconsoc.v13i1.26936,https://www.scopus.com/pages/publications/85149714716?origin=resultslist,include,,,"Quali-quantitative legal-institutional study (Brazilian law journal) of Brazil's Lei 11.445/07 (National Basic Sanitation Policy) universalization, investment, and governance principles applied to 20 municipalities in Bahia's Eastern Watersheds (Bacias Hidrograficas do Leste). Uses real SNIS (National Basic Sanitation System) and IBGE data plus formal public-records requests (e-SIC) sent to municipal governments. Real national/regional outcome statistics: only 51.92% of the Brazilian population has sewage-collection access (100+ million without it); only 44.92% of collected sewage is properly treated; in the Northeast region, only 26.76% of sewage produced is collected and only 36.22% of that is treated. Frames sanitation as a constitutional/statutory service (Arts. 175-176 Federal Constitution) and human right requiring the State to ensure universal, equitable, safe access -- directly examines the legal/administrative universalization-governance mechanism for a specific set of municipalities."
R20EFD2EABD69,Modes of access to water for domestic use in rural Chile: a typological proposal,Chloé N.-A.; Gustavo B.; Carlos B.; Noelia C.,2022,10.2166/wp.2022.026,https://www.scopus.com/pages/publications/85138968403?origin=resultslist,include,,,"Mixed-methods typology study of modes of household water access in rural Chile: systematic lit review (12 papers) + quantitative analysis of national CASEN 2017 household survey (2,257,128 rural population; 53.7% networked, 46.3% not) and a consolidated national database of 2,559 rural water organizations + 5 semi-structured expert interviews. Real, analyzed legal/institutional mechanisms tied to household-level access outcomes: Law 20,998 (2019) on Rural Sanitary Services regularizing a previously unregulated sector; General Law of Sanitary Services provision that urban sanitation concessionaires are NOT required to deliver water outside their urban concession area, and neighboring APR Committees/Cooperatives are similarly not required to supply new rural housing developments -- a discretion/accommodation-type legal exclusion mechanism that drives real-estate companies to create private sanitation companies or small autonomous distribution services; Law on Real-Estate Co-ownership treatment of water systems as common domain assets financed via homeowner fees; lack of regularized water rights/land title barring 'autonomous' organizations from formal recognition, and researcher-documented cases where communities avoid formalizing specifically to escape state requirements. Outcome variables are household-level modes of water access (networked/APR/formal/autonomous/private/cistern-truck reliance), directly on this review's target outcome hierarchy. Household water/sanitation access, institutional/legal mechanism (ELIGIBILITY, DISCRETION_ACCOMMODATION) analyzed with genuine quantitative national survey data plus qualitative expert validation."
R9CD064375A7B,Water insecurity in the Global North: A review of experiences in U.S. colonias communities along the Mexico border,Wutich A.; Jepson W.; Velasco C.; Roque A.; Gu Z.; Hanemann M.; Hossain M.J.; Landes L.; Larson R.; Li W.W.; Morales O.; Patwoary N.; Porter S.; Tsai Y.-S.; Zheng M.; Westerhoff P.,2022,10.1002/wat2.1595,https://www.scopus.com/pages/publications/85129131458?origin=resultslist,include,,,"Focused/narrative review (WIREs Water, multidisciplinary author team including a law professor, Rhett Larson) synthesizing the literature on water insecurity in U.S. colonias along the Mexico border. Directly on this review's core administrative-law-mechanism thesis: identifies 'municipal underbounding' -- the intentional legal-political non-annexation of low-income minority unincorporated communities by neighboring municipalities via 'conspicuous gerrymandering' of municipal boundaries -- as a central, analyzed legal mechanism producing household-level water/sanitation exclusion. Also discusses: historical Texas 'contract for deed' property-law arrangements (unrecorded/informal land-sale contracts letting sellers avoid legal service-provision obligations until a 1989 Texas law change); the Safe Drinking Water Act's (SDWA, 40 U.S.C. section 300f et seq.) size-based regulatory classification (systems <3,300 people get lighter monitoring requirements; many colonias systems and private wells fall outside SDWA coverage entirely) as a documented regulatory-threshold mechanism producing differential water-quality protection. Real household-level outcomes cited from underlying empirical literature: cost-of-remaining-unannexed estimates ( million for a 100-resident colonia to 0 million for a colonia with thousands of residents), physical/mental health impacts. Secondary review, not primary data collection -- flagged study_design_class=systematic_review_secondary per established convention (cf. S015, S019, S027, S052), never to be pooled as an independent primary effect, but substantively central to this review's mechanism-to-outcome focus given its direct analysis of municipal underbounding and SDWA regulatory-threshold mechanisms."
R8019ECFC2FE3,Regulating Citywide Inclusive Sanitation (CWIS) in Colombia,Saker A.; Pedraza A.B.; Narayan A.S.,2022,10.3390/ijerph19095669,https://www.scopus.com/pages/publications/85129356804?origin=resultslist,include,,,"Qualitative case-study analysis (in-depth policy review of Colombian laws/decrees/resolutions/court rulings + semi-structured interviews + stakeholder workshops) of whether Colombia's sanitation regulatory framework enables Citywide Inclusive Sanitation (CWIS, i.e., non-sewered/onsite sanitation alternatives for underserved/informal areas). Exceptionally rich, directly analyzed legal-mechanism-to-outcome content: Law 142-1994's narrow sewered-only sanitation definition excludes onsite/shared alternatives from the regulatory scheme; Decree 1272-2017/Resolution 699-2021 create a flexible-tariff scheme for underserved areas but impose no obligation on utilities to expand to 'non formalized zones' and require a municipal certification that a zone has 'urbanization prospect' (a discretionary political-will barrier -- 'not always within the mayor's interest to formalize zones'); subsidies apply only to sewered systems, making non-sewered/informal-settlement households ineligible for financial assistance (ELIGIBILITY mechanism); funding for WSS projects nationally requires land-legality certification, creating a documentation/tenure barrier for informal settlements (DOCUMENTATION/property mechanism); Law 2044-2020 obliges local authorities to address vulnerable informal-settlement conditions via service provision or relocation, but Law 388-1997 bars service provision in high-risk zones with no interim solution while relocation (often lengthy) is pending (ENFORCEMENT/exclusion mechanism); outdated land-planning instruments (88% outdated/inaccurate) leave marginalized zones outside official planning tools, again dependent on mayoral political will. Directly on this review's core mechanism families (eligibility, documentation/tenure, discretion, enforcement) with a household/community-level sanitation-service-access outcome."
R03E54611539A,Experimenting with Urban–Rural Partnerships for Sustainable Sanitation in India: Learning from Practice,Dasgupta S.; Agarwal N.,2022,10.3390/land11071021,https://www.scopus.com/pages/publications/85137206696?origin=resultslist,include,,,"Participatory action-research case study (authors directly supported design and implementation, 2019-2021) of India's first intergovernmental urban-rural partnership for faecal sludge management (FSM), Dhenkanal district, Odisha. Real mixed-methods data: 1,000-household rural survey, structured interviews with 8 gram panchayat sarpanchs, FSTP capacity/utilization records (27 kilolitres/day, ~50% utilized), and administrative/geospatial data. Directly analyzed institutional/legal mechanism: an informal, pre-existing market-led arrangement charged rural households 1.5-2x the urban per-trip service fee before the pilot; the pilot established a formal cooperative agreement (explicitly noted as 'an agreement and not a contract,' lacking legal enforceability equivalent to a private contract) between the urban local body and rural gram panchayats, with eligibility/service-area boundaries determined by distance thresholds and non-contiguous jurisdictional geography (gram panchayats made of scattered villages/hamlets), creating a genuine ELIGIBILITY-type boundary-determination mechanism producing 'institutionally sanctioned unequal access to services' among villages within the same jurisdiction. Documented household-level outcomes: rural households grew to 13% of all households served (Jan 2019-Feb 2020); service charges for rural households were reduced following the partnership; institutional responsibilities were clarified. Directly on this review's political_coordination/institutional_fragmentation and eligibility mechanism families with a household-level sanitation-access/affordability outcome."
R2C2403164292,Sanitation infrastructure at the systemic edge: Segregated roma settlements and multiple health risks in slovakia,Filčák R.; Škobla D.,2021,10.3390/ijerph18116079,https://www.scopus.com/pages/publications/85107181369?origin=resultslist,include,,,"Mixed-methods ethnographic + quantitative study of institutional discrimination against segregated Roma settlements in Slovakia (22 villages, 90 semi-structured interviews, Jan-Feb 2020) plus national quantitative data (Atlas of Roma Communities 2019, Office of Public Health Authority disease database, Ministry of Environment water/sewerage database). Genuine household-level connection outcomes: only 59% of Roma households with potential water-pipeline access are actually connected/using it (vs 76% potential); only 35% actually connected to sewerage (vs 51% potential). Disease-outbreak correlation: 85% of contagious-disease outbreak cases (4,693 cases, 2014-2018) occurred in municipalities where at least some Roma households lack water/sewerage connection. Real, analyzed legal/institutional mechanism: a three-type typology of municipal governance (rural-slum/inert, developmental, and 'not in my backyard' discriminatory) built from fieldwork, with Type C municipalities explicitly using the 'illegal' status of non-registered dwellings (Construction Authorities registration) and land-tenure/ownership barriers to justify excluding Roma settlements from sanitation-infrastructure extension while connecting non-Roma dwellings in the same village. Directly on this review's discretion/accommodation and documentation/tenure mechanism families with a household-level formal-connection/exclusion outcome -- a strong match to the dissertation's central thesis on administrative law as a mechanism of connectivity and exclusion."
R79DCFD4D36F2,Water rights in a time of fragility: An exploration of contestation and discourse around cape town’s “day zero” water crisis,Dugard J.,2021,10.3390/w13223247,https://www.scopus.com/pages/publications/85119581518?origin=resultslist,include,,,"Law-scholar (Univ. of Witwatersrand School of Law) empirical-legal study of water rights contestation/litigation in South Africa during Cape Town's 'Day Zero' water crisis (2017-2018), based on interviews with water rights activists/lawyers over a 3-year review period (2017-2020) plus court-case and consumption-data analysis. Directly analyzes real, litigated legal-enforcement mechanisms and outcomes: Mazibuko and Others v City of Johannesburg (2009, Constitutional Court) -- the sole water rights case reaching South Africa's highest court, concerning prepaid water meters that automatically disconnected poor Phiri (Soweto) residents' water supply once an inadequate free basic water allocation was exhausted, and the constitutional adequacy of that free-basic-water quantity; Manqele v Durban Transitional Metropolitan Council (2001, unsuccessful challenge to water-service-provision sufficiency standards); Bon Vista Mansions v Southern Metropolitan Local Council (2001, established that disconnecting a household's water supply without notice/process violates constitutional due-process and section 27(1)(b) rights); a 2012 case requiring adequate water/sanitation for informal settlements; Mshengu and Others v Msunduzi Local Municipality (informal-settlement/township water provision). Real quantitative consumption-disparity data cited: townships and informal settlements consume only ~4.7-5% of a city's total water despite housing a large population share. Directly on this review's enforcement/disconnection mechanism family with household-level water-access/disconnection outcomes, grounded in genuine legal-empirical (interview + case-law) research."
R529852719FAB,More Sustainable Systems Through Consolidation? The Changing Landscape of Rural Drinking Water Service Delivery in Uganda,Huston A.; Gaskin S.; Moriarty P.; Watsisi M.,2021,,https://www.scopus.com/pages/publications/85103334236?origin=resultslist,include,,,"Mixed-methods systems-approach study (household and infrastructure surveys, management assessment, key informant interviews, stakeholder workshops, 2017-2019) comparing rural drinking water service delivery models (community management vs. two utility models) in Kabarole District, Uganda, during a national consolidation transition. Real, analyzed administrative-enforcement mechanism with household-level outcomes: National Water utility 'has the technical capacity to enforce payment by cutting off supply in response to non-payment,' while community-managed sources and the newer Umbrella utility lack authority/capacity to enforce tariff payment or disconnect non-compliant customers -- a documented ENFORCEMENT mechanism differing by institutional model. Household-level quantitative outcomes: only 38% of households reported paying for water regularly in 2019 (about half within National-Water-served Fort Portal municipality), 28% made ad hoc post-breakdown contributions; National Water managers reported high effective household demand for new paid connections even where free lower-service-level water was previously provided; tariffs per 20L ranged from 25 UGX (subsidised public standposts) to 94 UGX (Umbrella domestic connections). Also documents institutional fragmentation (unclear service-authority hierarchy between District Local Governments and utilities; overlapping/conflicting tariff policies within the same community) and weak legal grounding of externally introduced service models. Household connection demand, willingness-to-pay, and payment-enforcement outcomes map onto this review's enforcement/formal-connection mechanism-outcome focus."
R700199742CC6,"Fecal sludge management system approach for establishing policy framework in urban areas of Vientiane Capital, Lao PDR",Sidlakone S.; Ichiki A.,2026,10.2166/washdev.2026.251,https://www.scopus.com/pages/publications/105043937417?origin=resultslist,exclude,E07,"Study examines the downstream fecal sludge collection/transport/treatment chain (desludging frequency, effluent BOD5/COD/TN/TP compliance, pollution loads) and government regulatory/institutional capacity to manage that chain (licensing, enforcement, institutional overlaps) -- not household-level legal/administrative barriers to obtaining a water/sanitation connection. All 230 surveyed households already have on-site sanitation facilities (flush/pour-flush toilets, septic tanks); the study's outcome is the FS treatment rate (20%->50% policy target) and environmental compliance, not household access, connection, or exclusion. Genuinely borderline given its real governance/institutional analysis content -- flagging for second-reviewer attention. Note: 8 other fecal sludge management papers already sit in this pool (search likely pulled a topical cluster) that may share this same wrong-service issue and deserve a consistent look.",
R4DC68FE0F0DC,Leveraging Artificial Intelligence for Comprehensive Analysis of Community and Rural Aqueduct Systems,Salazar-Gámez L.; Ojeda-Ocaña R.; Rosero-Lombana P.; Calpa-Villarreal J.; Chañag-Checa S.; Insuasty-Enríquez J.; Cerón-Rosales A.; Garzón T.,2026,10.28991/CEJ-2026-012-03-03,https://www.scopus.com/pages/publications/105034086530?origin=resultslist,exclude,E06,"AI-driven diagnostic study of 14 community aqueduct systems in Pasto, Colombia across Technical/Environmental/Administrative-Accounting/Psychosocial dimensions. Unit of analysis is the aqueduct system (n=14), not the household -- outcomes are provider-side technical performance (WQRI, flow rates) and the provider organization's own regulatory/tax compliance (Law 142/1994, IFRS, DIAN electronic invoicing, labor formalization) rather than legal/administrative mechanisms of household access. Psychosocial component addresses internal community-governance legitimacy/participation in managing the aqueduct, not legal barriers to household connection or service access. Core contribution is a GenAI diagnostic methodology (p.900), not a legal/administrative-access study.",
R103C2A0F907F,"Flows against the current: governance and politics of wastewater reuse in Valle Alto, Bolivia",Saldías C.; Echeverría I.; Vargas V.; Saavedra O.,2026,10.1080/07900627.2026.2677000,https://www.scopus.com/pages/publications/105040961806?origin=resultslist,exclude,E01,"Strong qualitative governance/institutional-bricolage study (Saldías et al.) with rich legal analysis (Bolivia Law 1333, customary usos y costumbres, EPSA mandates) -- but the population/exposure is smallholder farmers accessing treated municipal wastewater for AGRICULTURAL IRRIGATION (p.503-511), not household connection to a networked water or sanitation service (PROJECT_SPEC.md sec7 primary outcome). Falls under INCLUSION_EXCLUSION.md exclusion criterion 7 (water-resource studies unrelated to household or community SERVICE access). Borderline given methodological fit with Family A/C moderators -- flagged for second-reviewer attention given the close call on scope (irrigation reuse vs. household drinking-water/sanitation access).",
R15EF22174A64,Financial insecurity among sanitation workers and its impacts on safe service reliability: a case study of the Arusha depot manual emptying group,Kimwaga R.; Magambo H.; Ndezi T.,2026,10.2166/washdev.2026.007,https://www.scopus.com/pages/publications/105046847110?origin=resultslist,exclude,E02,"Mixed-methods case study (financial diaries, interviews, FGDs) of the Arusha Depot Group manual pit-emptiers in Tanzania. Population/exposure is sanitation WORKERS' financial insecurity (income volatility, informal employment, lack of social protection); outcome is service reliability as mediated by worker behavior (client prioritization, delayed response, p.640-641). Households appear only as the workers' own dependents/expenditure burden, not as the population accessing a service via a legal/administrative pathway. Does not map onto this review's household/applicant unit of analysis or outcome hierarchy (PROJECT_SPEC.md sec7) -- it is a labor-economics study of the supply side of informal sanitation service delivery, not household legal/administrative access.",
R1B34F60D5F79,"Assessing urban water security in Awash River Basin, Addis Ababa, and its surrounding towns using Integrated Urban Water S ecurity Index",Legass A.M.; Alamirew T.; Gebrehiwot S.G.; Haro-Monteagudo D.; Tsegaye L.; Begashaw G.B.,2026,10.1007/s43621-025-02575-x,https://www.scopus.com/pages/publications/105031933820?origin=resultslist,exclude,E06,"Composite water security index study (IUWSI/DECS framework) dominated by hydrology, water-quality chemistry (arsenic, E. coli, BOD, turbidity), GIS spatial mapping, and CMIP6 climate modeling. 'Governance' appears only as a single household-survey satisfaction item (71.3% dissatisfied with AAWSA, sec4.4/Appendix A) and generic policy-recommendation language (transboundary governance, kebele forums); no legal, administrative, or institutional access mechanism is analyzed as an exposure variable. Falls under exclusion criteria 2-4 (engineering/water-quality/hydrology study without substantive governance or access analysis).",
R441952AE11D2,"Co-Creating an Intersectional Water Justice Toolkit and Documentary in Cape Town, South Africa",Puvaneyshwaran D.; Logie C.H.; Van Borek S.; Abrams A.; Grootboom L.; MacKenzie F.; Taing L.; Perez-Brumer A.; Gittings L.,2026,10.1177/15248399261421596,https://www.scopus.com/pages/publications/105030064583?origin=resultslist,exclude,E05,"Published under Health Promotion Practice's 'Resources, Frameworks, and Perspectives' section -- describes the co-design and components of an advocacy toolkit and 17-min documentary film ('Water Justice Alliance-Building Toolkit'), built from 10 walk-along interviews, 5 focus groups, and 2 alliance-building workshops with activists across five social movements. No outcome relevant to access, connection, service availability, reliability, quantity, affordability, or exclusion is measured or reported (INCLUSION_EXCLUSION.md criterion 4) -- the article reports on toolkit/film development and components, not empirical findings about water access determinants. A knowledge-mobilization/practice resource, not an empirical access study.",
R50C907E99BA5,Effectiveness of emergency WASH strategies in disaster-prone areas of Africa: a systematic review,Chirwa E.; Mwalwanda A.; Soko M.; Mbakaya B.C.,2026,10.2166/washdev.2026.166,https://www.scopus.com/pages/publications/105046841709?origin=resultslist,exclude,E04,"Systematic review (PROSPERO CRD42024628289) of the effectiveness of emergency WASH/sanitation interventions (latrines, water treatment, chlorine sprayers) on HEALTH outcomes (cholera/disease prevention) during disasters in Africa (6 included studies). Outcome is disease incidence/health impact, not access, connection, service availability, reliability, quantity, affordability, or exclusion (PROJECT_SPEC.md sec7). No legal, administrative, institutional, or governance factor is examined as an exposure -- 'policy' appears only generically in implications-for-practice language, not as an analyzed mechanism. Wrong outcome relative to this review's hierarchy.",
R4F8CFC42FFE1,Responsible leadership and sustainability performance of health and sanitation projects: the mediating role of resilience,Kyambade M.; Mwesigwa R.; Alinda K.; Tumwine S.; Lwanga F.,2026,10.3389/frsus.2026.1838166,https://www.scopus.com/pages/publications/105044543819?origin=resultslist,exclude,E02,"Cross-sectional PLS-SEM survey (n=520 respondents: project managers, engineers, public health officers, M&E staff, procurement officers, beneficiary reps) across 86 health/sanitation PROJECTS in Central Uganda. Exposure is 'responsible leadership' style; mediator is organizational resilience (shock absorption, redundancy, adaptability); outcome is 'sustainability performance' (triple bottom line: economic/social/environmental viability of the PROJECT). Population is project staff/implementers, not households/applicants; outcome is organizational/project performance, not household connection, access, reliability, or affordability (PROJECT_SPEC.md sec7). No legal, administrative, or regulatory access mechanism is examined -- this is organizational-behavior/leadership scholarship, not a legal-administrative access study.",
R4BBBD030011B,Water for All: A Strategic Assessment of Drinking Water Management at Cox's Bazar of Bangladesh in the Light of SDGs,Molla M.H.; Chowdhury M.A.T.; Muhibbullah M.,2026,10.1002/sd.70770,https://www.scopus.com/pages/publications/105029533073?origin=resultslist,exclude,E01,"Stakeholder-perception SDG-alignment scorecard (Likert-scale agreement scores on 20 targets across 6 SDGs -- climate, urban resilience, marine, biodiversity, health, water/sanitation) plus a technical municipal water supply-demand gap calculation. Community participation (Target 6.b) is one of 20 equally-weighted Likert items, not an analyzed legal/administrative access mechanism with a measured connection/access outcome; administrative/bureaucratic/political barriers appear only as a minor category (~8% combined) in a household 'key challenges' figure dominated by budget/technical/salinity factors. No specific legal, administrative, institutional, or regulatory mechanism is traced against a household-level access outcome -- this is a needs-assessment/SDG-scorecard study, not a legal-administrative access study.",
R26FD0045CAAA,Exploring the role of institutional governance in enhancing sustainability performance of health and sanitation projects in Uganda: a qualitative inquiry,Kyambade M.; Mwesigwa R.; Alinda K.; Tumwine S.; Lwanga F.,2026,10.1108/SRJ-11-2025-1179,https://www.scopus.com/pages/publications/105040955670?origin=resultslist,exclude,E02,"Qualitative institutional-theory inquiry (21 interviews with policymakers, health officers, and project managers) into how governance (policies, regulatory frameworks, organizational structures) shapes the 'sustainability performance' (economic/social/environmental continuity beyond donor funding) of health/sanitation PROJECTS in Uganda. Population is project-level stakeholders/implementers, not households/applicants; outcome is organizational/project continuity and legitimacy (institutional isomorphism framing), not household connection, access, reliability, or affordability (PROJECT_SPEC.md sec7). Same scope issue as the related R4F8CFC42FFE1 (Kyambade et al., responsible leadership) already excluded from this same author cluster -- this is donor-project governance/organizational-sustainability scholarship, not a household legal-administrative access study.",
R8AC9D969EC05,"The Agency, Resources, and Institutional Structures for Sanitation-related Empowerment (ARISE) scales: Psychometric evaluation across eight cities in Asia and Africa",Sinharoy S.S.; Xia D.; Patrick M.; McManus S.; Chipungu J.; Reddy Y.M.; Ahmed T.; Mink T.; Pan Y.; Bhan T.; Conrad A.; Caruso B.A.,2026,10.1371/journal.pwat.0000555,https://www.scopus.com/pages/publications/105041050739?origin=resultslist,exclude,E04,"Psychometric scale-validation study (EFA/CFA, measurement invariance, composite reliability, test-retest reliability) of the ARISE scales measuring 16 sub-domains of women's sanitation-related empowerment (agency, resources, institutional structures as social/psychological constructs) across 5,586 women in 8 cities. The outcome measured is scale psychometric performance, not household connection, access, reliability, quantity, or affordability (PROJECT_SPEC.md sec7). 'Institutional structures' here denotes a perceived-norms empowerment sub-construct, not a specific legal/administrative/regulatory access mechanism. An instrument-development/methods paper, not an empirical access study. Related ARISE cluster papers already in the pool (RACC1A9A71A20 development/validation, RB76A3B41BBBF protocol, R3A595AC61767 mental well-being) likely share this issue and are not yet screened; R6AC58735B46B (the underlying systematic review/qualitative metasynthesis feeding the ARISE framework) may differ and warrants separate assessment.",
R5E653CCC67DF,Does Economic Growth Drive Equitable Water and Sanitation Access? Assessing Inequality Reduction Across 64 Nations,García-López M.; López-Ruiz S.; Cuadrado-Quesada G.,2026,10.1002/sd.70894,https://www.scopus.com/pages/publications/105032480418?origin=resultslist,exclude,E02,"Cross-country econometric panel study (OLS/2SLS/SURE) of 64 nations testing whether GDP-per-capita growth reduces inequality in aggregate JMP basic water/sanitation access rates (by income quintile and urban/rural), with Gini, inflation, water-use efficiency, schooling, economic complexity, and a generic 'governance effectiveness' index (a World-Bank-style macro governance-quality score) as covariates. Unit of analysis is the country (n=64), not the household; outcome is national/urban/rural aggregate access-rate inequality (standard deviation across quintiles), not an individual household's connection/access/reliability/affordability status. 'Governance effectiveness' is a generic macro-governance quality index, not a specific legal/administrative access mechanism mapping onto this review's mechanism framework (ELIGIBILITY/BURDEN/DISCRETION_ACCOMMODATION/ENFORCEMENT, PROJECT_SPEC.md sec6). Core research question is macroeconomic (growth-inequality nexus), not administrative-law/legal-mechanism. Borderline given the paper's explicit finding that governance effectiveness outpredicts income inequality -- flagged for second-reviewer attention.",
R2D6E5154CE63,Enablers and Obstacles in Integrated Water Resources Management (IWRM) Implementation and Their Contributions to Sustainable Territorial Development,Gallegos A.; Grigg N.S.; Llano W.,2026,10.3390/land15020270,https://www.scopus.com/pages/publications/105031510634?origin=resultslist,exclude,E02,"PRISMA systematic review of 375 empirical articles on Integrated Water Resources Management (IWRM) implementation enablers/obstacles, coded at basin, sub-basin, transboundary, urban, and national scales, linked to 'Sustainable Territorial Development' outcomes (economic productivity, ecosystem integrity, governance legitimacy). Unit of analysis throughout is the IWRM implementation case/institution/basin, not the household -- no household-level connection, access, reliability, or affordability outcome is examined anywhere in the review (PROJECT_SPEC.md sec7). Institutional/legal/regulatory frameworks are discussed as one of ten enabler categories (25% prevalence), but always as a driver of basin-scale resource-management effectiveness, not household service access. Falls under INCLUSION_EXCLUSION.md exclusion criterion 7 (water-resource studies unrelated to household or community service access).",
R2CE360B61BBF,Water Security in Fragile States: Mapping Governance and Water Access in Libya,Ellinport B.; Galaitsi S.E.; Pavur G.; Baher A.; Marcellin M.C.; Lambert J.H.; Trump B.D.; Linkov I.,2026,10.1111/risa.70255,https://www.scopus.com/pages/publications/105038164644?origin=resultslist,exclude,E06,"GIS-based composite water security index (natural-availability axis + infrastructure-investment axis) across Libya's 22 districts, built entirely from secondary/aggregated data (precipitation, desalination/dam/wastewater-plant capacity, GMMR network reliance %, electricity access) -- no primary household survey or interview data was collected by the authors. 'Governance' functions as thematic framing (fragile state legitimacy, infrastructure investment as a proxy for 'trust in government') rather than a specific legal/administrative access mechanism (eligibility, connection procedure, enforcement) examined against measured household-level access variation. This is a risk-analysis/systems-engineering framework paper for prioritizing infrastructure investment, comparable in structure to the already-excluded Legass et al. Awash River Basin composite index (R1B34F60D5F79).",
R56D354E5DEA0,"REVISITING: Off-grid, the New Water Supply Solution",Gaudry A.; Colon M.; Baron C.,2026,10.4324/9781003745532-20,https://www.scopus.com/pages/publications/105045835192?origin=resultslist,exclude,E05,"Narrative/critical policy book chapter (edited-volume format with 'Further Readings'/'Selected References' sections) synthesizing existing secondary literature and World Bank reports on 'off-grid' water solutions -- discusses regulatory challenges, governance fragmentation, and equity concerns narratively via illustrative case citations (Dakar, Bandung, Cambodia, Cochabamba, Dar es Salaam, Kolkata), but presents no primary empirical data of its own and no systematic review methodology (one informal conference-sideline interview footnote is not a research method). Does not satisfy INCLUSION_EXCLUSION.md criterion 3 (empirical evidence or systematic empirical synthesis) as a standalone study.",
R95DC2064DB92,Drinking Water Quality Regulations: A Contrast Between Germany and Latin America,Vogelmann E.S.; Prevedello J.; Tiruneh G.A.,2026,10.1002/tqem.70278,https://www.scopus.com/pages/publications/105027110667?origin=resultslist,exclude,E04,"Comparative documentary/doctrinal analysis of drinking-water QUALITY regulations (chemical/microbiological Maximum Allowable Values -- E. coli, turbidity, fluoride, nitrate, arsenic, lead, microcystin-LR, Water Safety Plan adoption) across Latin American countries, Mexico, Cuba, and Germany/EU. Unit of analysis is the national legal/regulatory text (de jure standards), not households; outcome is regulatory stringency/content divergence, not household connection, access, reliability, or affordability (PROJECT_SPEC.md sec7). No household-level empirical access data. Governance/institutional-capacity theory (multilevel governance) is used only to explain WHY regulatory stringency differs across countries, not as a mechanism examined against a household access outcome. Matches exclusion criteria 1 (doctrinal/comparative-law analysis without empirical access evidence) and 3 (water-quality study, not access).",
RF626146EFA5E,"Institutional trust as a critical determinant of households’ willingness to pay for improved water services in Leku Town, Ethiopia",Dumo W.M.,2026,10.1007/s43621-026-03655-2,https://www.scopus.com/pages/publications/105046965376?origin=resultslist,exclude,E04,"Cross-sectional contingent valuation survey (n=193 households, binary logistic regression) of willingness to pay (WTP) for improved water services in Leku Town, Ethiopia. 'Institutional trust' and 'service satisfaction' are operationalized as attitudinal/perceptual survey items (attitude toward the water provider, satisfaction with service timing), not a specific legal, administrative, or regulatory access mechanism (eligibility, connection procedure, licensing, enforcement) examined empirically. Outcome is hypothetical WTP (a demand-economics/contingent-valuation construct used for tariff design), not household connection, access, reliability, or actual affordability/expenditure burden (PROJECT_SPEC.md sec7) -- 'Do not pool these simply because they all use the word access.' A related Nepal WTP study (R4D38A1953C24, Dhanusk et al.) is also in the pool and likely shares this issue; not yet screened.",
R0CC90B1F80FC,"Water, Sanitation and Health: The World Bank's Financing of Sustainable Development Goal 6",Martínez-Gómez C.; Gallego-Valero L.; Moral-Pajares E.,2026,10.1002/sd.71348,https://www.scopus.com/pages/publications/105042092217?origin=resultslist,exclude,E02,"Descriptive-comparative macro analysis of 546 World Bank water/sanitation financing projects (2000-2022) using secondary data (World Bank project records, WHO access-indicator percentages, a Government Effectiveness index, child mortality rates). Unit of analysis is the country/project, not the household; outcome is aggregate national financing allocation and country-level access-percentage improvement, not an individual household's connection/access/reliability/affordability status (PROJECT_SPEC.md sec7). 'Governance conditions' is a generic macro Government Effectiveness index limiting country borrowing capacity, not a specific legal/administrative mechanism examined against household-level access variation -- structurally comparable to the already-excluded García-López et al. (R5E653CCC67DF) and Gallegos et al. (R2D6E5154CE63) cross-country/macro analyses.",
R762C6673156D,"Knowledge, economic, and WASH challenges affecting menstrual health and hygiene among nursing students in Bangladesh using a mixed-methods approach",Zaman M.N.U.; Sai A.; Yamauchi T.,2026,10.1038/s41598-026-41531-1,https://www.scopus.com/pages/publications/105036328591?origin=resultslist,exclude,E02,"Mixed-methods study (n=370 survey + 6 FGDs) of menstrual health and hygiene (MHH) among nursing/midwifery students across seven government colleges in Bangladesh. Population is nursing students in institutional educational settings, not households/applicants seeking water or sanitation service connection. Outcome variables are MHH indicators (adequate menstrual materials, WASH facility adequacy for menstrual management, menstrual knowledge, health impact, social support, discomfort) -- WASH facility adequacy is one of six outcomes and concerns campus-level menstrual-management conditions, not household connection, access, reliability, or affordability (PROJECT_SPEC.md sec7). No legal, administrative, institutional, or regulatory water/sanitation access mechanism is examined; policy context (2016 National Curriculum, Water and Sanitation Sector Development Plan) appears only as background, not as an analyzed exposure.",
R04E51ED20A4A,"Hydro-citizenship revisited: water, belonging, and the politics of adaptation in rough neighbourhoods in the Global South",Bhanye J.,2026,10.1007/s10113-026-02609-8,https://www.scopus.com/pages/publications/105039894021?origin=resultslist,exclude,E09,"Theoretical/conceptual 'Short Communication' re-theorizing 'hydro-citizenship' through political ecology and Southern urban theory, drawing loosely on ~2 years of the author's own ethnographic engagement (field visits, walk-alongs, community workshops) in Cape Town flood-prone settlements, illustrated with secondary examples from Dhaka, Nairobi, Jakarta, and Lagos. The paper's own empirical grounding concerns flood-response practices (trench digging, WhatsApp alerts, clean-ups), not water/sanitation service access specifically; water/sanitation-specific barriers (intermittent supply, illegal-connection policing, metering/affordability) are named in a single passage citing another source (Mgwele et al. 2024, already in this pool as R10949E2F3E33 and worth screening directly) rather than the author's own data. Does not provide enough information to identify a specific water/sanitation population, exposure, and outcome per INCLUSION_EXCLUSION.md criterion 5 -- borderline given genuine ethnographic grounding on the broader adaptation-citizenship theme; flagged for second-reviewer attention.",
RED3F7820C545,"‘No Human Entry’ on Paper: Outsourcing Labour, Implementation Gaps, and Everyday Illegality of Manual Scavenging in India",Raj N.; Tiwari M.,2026,10.1163/24714607-bja10200,https://www.scopus.com/pages/publications/105030237586?origin=resultslist,exclude,E02,"Secondary-source analysis (legislation, court rulings, surveys, reports, media accounts) of the persistence of manual scavenging in India despite the MS Acts of 1993/2013, using Braverman's labour process theory and Burawoy's manufacturing consent to explain caste-based occupational exploitation of Dalit sanitation WORKERS. Population/exposure is manual scavengers' labor conditions (informal contracting, deskilling, bureaucratic outsourcing, rebranding as 'Safai Mitras'); outcome is persistence of exploitative sanitation labor and caste oppression, not household water/sanitation SERVICE access, connection, reliability, or affordability (PROJECT_SPEC.md sec7). Legal/enforcement analysis (MS Act, Supreme Court rulings in Safai Karmachari Andolan v. Union of India and Dr. Balram Singh v. Union of India) is substantively examined but directed at labor-rights/occupational-safety enforcement for sanitation workers, not household access to a sanitation service -- same population mismatch as the already-excluded Kimwaga et al. (R15EF22174A64, Arusha sanitation workers).",
RC6DEB4E16C5E,Optimal water tariffs and trade-offs: a multi-objective analysis of municipalities in Pernambuco; [Tarifas ótimas de água e compensações: uma análise multiobjetivo dos municípios de Pernambuco],De Lima e Silva A.; De Lima e Silva Y.C.; Alcoforado de Moraes M.M.G.,2026,10.1590/2318-0331.312620250186,https://www.scopus.com/pages/publications/105045389486?origin=resultslist,exclude,E04,"Multi-objective optimization model (nonlinear programming solved via GAMS/CONOPT, 3,444 equations/4,131 variables) generating a Pareto frontier of optimal water tariffs across 172 municipalities in Pernambuco, Brazil, balancing utility revenue against a modeled affordability constraint (household income by consumer category from the 2010 IBGE Census). Unit of analysis is the municipality/consumer-category aggregate, not the household; outcome is a normative/prescriptive tariff-design solution set (simulated trade-offs), not an observed household connection, access, reliability, or affordability outcome (PROJECT_SPEC.md sec7). References to regulatory context (State Law No. 12,427/2003, national sanitation targets) are background, not an empirically examined legal/administrative access mechanism. This is an operations-research/economic-modeling paper for tariff policy design, not an empirical access study.",
R509C5189DCA1,Institutional conflicts of interest in regional water management: a case study of the water supply in the Taipei metropolitan area,Chen C.-Y.; Cai Y.-S.; Hung Y.-J.; You G.J.-Y.,2026,10.1186/s40562-026-00498-7,https://www.scopus.com/pages/publications/105045263697?origin=resultslist,exclude,E06,"Deterministic WEAP scenario-based hydro-economic simulation of the Taipei metropolitan multi-reservoir water supply system. Exposure/outcome are utility-level pricing, inter-basin transfer-payment mechanisms, and system-wide social loss/shortage under hydrological stress scenarios -- an engineering/economic optimization study, not an empirical household-level access study. Household affordability burden is raised only as a policy-implications discussion point in the conclusion, not measured as data or an outcome variable.",
RBEE4CD60D4E0,"Governance, structure, and access: a Bayesian hierarchical analysis of water, sanitation, and hygiene in South Asia",Azimi M.N.; Rahman M.M.,2026,10.1186/s12992-026-01219-7,https://www.scopus.com/pages/publications/105046524940?origin=resultslist,exclude,E02,"Country-level panel analysis (Bayesian hierarchical linear model, 8 South Asian countries, 2000-2024, World Development Indicators data); unit of analysis is the country, not the household. 'Governance' is a composite autoencoder-derived index built from six generic Worldwide Governance Indicators dimensions (voice/accountability, regulatory quality, political stability, control of corruption, government effectiveness, rule of law), not a specific legal/administrative access mechanism (eligibility, burden, discretion, or enforcement) tied to household-level outcomes. Same cross-country composite-governance-index pattern as the earlier-excluded García-López (R5E653CCC67DF) and Gallegos (R2D6E5154CE63) papers.",
R5FB1EE86B250,Resilience and Sustainability Performance of Health and Sanitation Projects in Uganda,Kyambade M.; Mwesigwa R.; Alinda K.; Tumwine S.; Lwanga F.,2026,10.1002/sd.71483,https://www.scopus.com/pages/publications/105045355394?origin=resultslist,exclude,E02,"PLS-SEM survey (n=520 stakeholders: project staff, procurement/technical officers, regulatory officials, beneficiary reps) across 86 health/sanitation projects in Uganda; exposure is organizational resilience (shock absorption, adaptability, redundancy, learning/innovation), outcome is project-level 'sustainability performance' (economic efficiency, social outcomes, environmental management) -- not household-level legal/administrative water/sanitation access. Third paper in the Kyambade et al. project-management cluster (see also R4F8CFC42FFE1, R26FD0045CAAA), same wrong-population/wrong-outcome issue.",
R6E8BD60B13E0,A Systematic Overview of Institutional Pathways and Constraints in the Integration of Local and Indigenous Knowledge into Water Resource Policy: An African Perspective,Ngubane Z.; Aliyu Yaro N.S.; Ziqubu S.M.; Adedeji J.A.,2026,10.3390/w18070827,https://www.scopus.com/pages/publications/105035861114?origin=resultslist,exclude,E02,"Explicitly interpretive/conceptual thematic synthesis of 30 studies (authors state they do not follow formal PRISMA methodology); unit of analysis is institutional/governance systems (rhetorical recognition, legal marginalisation, participatory/co-management frameworks, state-led authority) across Africa generally, not households. No household-level water/sanitation access, connection, reliability, affordability, or administrative outcome is measured or synthesized anywhere. Same no-household-outcome pattern as the earlier-excluded Gallegos IWRM review (R2D6E5154CE63) and García-López cross-country panel (R5E653CCC67DF).",
R4B355EE5D4C7,"Examining awareness, implementation, and challenges of sustainable development goal 6 in rural Osun State, Nigeria",Ogunbode T.O.; Awolola V.O.,2026,10.1038/s41598-025-23154-0,https://www.scopus.com/pages/publications/105027005934?origin=resultslist,exclude,E04,"Household survey (n=310, 31 rural communities, Osun State, Nigeria) whose measured outcome, via factor analysis, is respondents' 'awareness of SDG 6' -- not a formal connection, effective/economic access, or administrative access outcome. Exposure factors identified (cultural beliefs about water as a communal resource, poverty, poor road connectivity, poor women's empowerment programming) drive awareness, not a legal/administrative access mechanism. Descriptive statistics on MDG-era borehole presence/functionality by community are purely infrastructure-maintenance data (non-functional due to poor maintenance/lack of technical expertise), with no eligibility, application, discretion, or enforcement process analyzed as an exposure variable.",
R11D29B8648A9,"Barriers to water, sanitation, and hygiene (WASH) cluster coordination during emergencies in sub-Saharan Africa: A scoping review",Yimenu A.A.; Gemechu M.T.; Shimber E.T.; Ndugga P.,2026,10.1371/journal.pwat.0000434,https://www.scopus.com/pages/publications/105029053170?origin=resultslist,exclude,E02,"JBI scoping review (39 studies) of barriers to inter-agency WASH humanitarian cluster coordination in sub-Saharan Africa emergencies. Unit of analysis is the coordination cluster/humanitarian agency, not the household; outcomes are funding continuity, local capacity, monitoring/accountability systems, and coordination effectiveness -- no household-level access, connection, reliability, affordability, or administrative access outcome is synthesized anywhere. Same emergency-WASH-effectiveness pattern as the earlier-excluded Chirwa review (R50C907E99BA5), one level further removed (agency coordination rather than health outcomes).",
RF7BD856CF4EE,"Beyond access: WASH, public health, and sustainable development priorities in Africa—a narrative review",Elmi A.H.; Ibrahim R.K.,2026,10.1186/s41182-026-01059-6,https://www.scopus.com/pages/publications/105047812620?origin=resultslist,exclude,E02,"Explicitly a narrative review, not a systematic review -- authors state no formal quality appraisal or structured search strategy was undertaken and acknowledge this limits rigor. Continent-wide (Africa) thematic synthesis of WASH inequalities, public health burden, and generic governance/infrastructure/financing barriers, with no specific legal/administrative access mechanism analyzed and no household-level outcome data synthesized. Does not meet INCLUSION_EXCLUSION.md criterion 3's 'systematic empirical synthesis' standard; same no-household-outcome, too-broad-scope pattern as the earlier-excluded Ngubane LIK review (R6E8BD60B13E0) and Gallegos IWRM review (R2D6E5154CE63).",
RA8E99F31040E,A Qualitative Exploration of Social Sustainability Performance in Health and Sanitation Projects,Kyambade M.; Mwesigwa R.; Alinda K.; Tumwine S.; Lwanga F.,2026,10.1002/sd.71104,https://www.scopus.com/pages/publications/105036285951?origin=resultslist,exclude,E02,"Qualitative exploratory study (21 semi-structured interviews with community members, local council leaders, and project implementers) in central Uganda; outcome is 'social sustainability performance' of health/sanitation projects (meaningful participation, trust-building, perceived fairness, community-led maintenance, social cohesion), not household-level legal/administrative water/sanitation access. Fourth and final paper in the Kyambade et al. project-management cluster (see also R4F8CFC42FFE1, R26FD0045CAAA, R5FB1EE86B250), same wrong-population/wrong-outcome issue.",
R50B862640DE6,Drinking Water Supply Strategies for Archipelagic States: Scale-Constrained Systems and Off-Grid Solutions from Small Islands in Indonesia,Plamonia N.; Purnama R.A.; Novitasari Y.; Rosya E.; Mulyono H.; Firmansyah R.; Purwanta W.; Trisnoharjono D.B.; Nuridha A.; Mardiyana I.; Wati S.; Setiawan A.; Raharjo S.; Putri R.D.,2026,10.18280/ijsdp.210508,https://www.scopus.com/pages/publications/105044679717?origin=resultslist,exclude,E06,"Comparative mixed-evidence engineering/economic feasibility study (secondary data, limited field verification) of off-grid drinking water systems across 15 small Indonesian islands. Household cost/expenditure data exists, but the paper's own explicit research-question framing (RQ-2) concludes that 'service failure reflects structural scale incompatibility rather than institutional weakness' -- the authors deliberately reject an institutional/administrative explanation for the access gap in favor of a purely physical/hydrogeological/demographic scale-mismatch explanation. No legal/administrative mechanism (eligibility, burden, discretion, or enforcement) is analyzed as an exposure variable. Same engineering/technical-feasibility pattern as the earlier-excluded Legass, Ellinport, and Chen (Taipei WEAP) papers.",
R2ABF219B5CB4,"A review of the drivers and barriers influencing the impact of Water, Sanitation and Hygiene on attendance and retention of pupils in primary schools in developing countries",Adekunle E.; Ottoh F.; Osimen G.; Akinola A.,2026,10.3389/fpubh.2026.1804891,https://www.scopus.com/pages/publications/105048787127?origin=resultslist,exclude,E02,"Narrative review (Mini Review, not systematic; literature search 2015-2025) of drivers/barriers of WASH's impact on school attendance and retention of pupils in developing-country primary schools. Population is pupils/schools, not households; outcome is educational attendance/retention, not household-level water/sanitation access, connection, reliability, affordability, or administrative outcome. No legal/administrative access mechanism analyzed. Same wrong-population pattern as the earlier-excluded Zaman menstrual-health nursing-student study (R762C6673156D) and Sinharoy ARISE psychometrics study (R8AC9D969EC05); same non-systematic narrative-review pattern as Elmi & Ibrahim (RF7BD856CF4EE).",
RFED2F3383FAE,"Assessing disaster vulnerability in an informal settlement of Cape Town, South Africa, through the MOVE framework",Kunguma O.; Awah L.S.; Petersen I.; Lunga W.,2025,10.3389/fbuil.2025.1693836,https://www.scopus.com/pages/publications/105025576891?origin=resultslist,exclude,E04,"Mixed-methods disaster-vulnerability study (125-household survey, transect walks, field observations) applying the MOVE framework (exposure/susceptibility/resilience to floods and fires) in an informal settlement of Khayelitsha, Cape Town. Sanitation access (94% lacking private sanitation) is examined only as one susceptibility indicator among many (poverty, housing, unemployment, health, institutional capacity) within the disaster-vulnerability framework, not as the focal outcome. No specific legal/administrative water/sanitation access mechanism (eligibility, connection process, discretion, or enforcement) is analyzed as an exposure variable; the paper's outcome is disaster vulnerability, not household water/sanitation access.",
R989941A73A26,"The Economics of Household Water Access: A Review and Research Roadmap for ""Water for All""",Choumert-Nkolo J.; Phélinas P.,2025,10.1146/annurev-resource-121223-014639,https://www.scopus.com/pages/publications/105018605040?origin=resultslist,exclude,E05,"Invited Annual Review narrative synthesis (explicitly distinguished by the authors from prior 'systematic reviews and meta-analyses' on water access, with no defined search strategy or inclusion criteria of its own). The paper's contribution is a critique of water-access measurement metrics and a call to combine quantitative (RCT-dominated) and qualitative evaluation methods for water interventions -- a methodological/research-roadmap argument, not an empirical synthesis of legal/administrative access mechanisms. Governance, tenure, and legal barriers are mentioned only in brief, citation-driven passing references, never analyzed as a specific mechanism tied to a measured household-level outcome.",
R37F664A4E619,NAVIGATING INDIA’S LEGAL GOVERNANCE IN WATER SECTOR: A SCRUTINY INTO NATIONAL PERFORMANCE UNDER SDG FRAMEWORK FOR CLEAN AND WASTEWATER MANAGEMENT IN INDIA,Pegu K.; Samal K.P.,2025,10.4314/jsdlp.v16i4.10,https://www.scopus.com/pages/publications/105015467680?origin=resultslist,exclude,E05,"Pure doctrinal legal commentary (per INCLUSION_EXCLUSION.md exclusion criterion 1) analyzing India's legal/institutional water governance architecture (Jal Jeevan Mission, AMRUT, Swachh Bharat Mission Urban) against SDG 6 targets, without empirical household-level access evidence. The only primary empirical component is a groundwater-quality contamination case study of the Mancheswar industrial area (pH, hardness, TDS, heavy metals across three seasons) -- a water-quality science measurement, not household legal/administrative access data (no complaint, connection, eligibility, or enforcement outcome measured at the household level).",
RD81F8159F9D4,"The Effect of Climate Change on Menstrual Health: A Qualitative Study of Gabura Union, Shyamnagar, Satkhira, Bangladesh",Yasmin F.,2025,10.1002/hsr2.71579,https://www.scopus.com/pages/publications/105023308965?origin=resultslist,exclude,E04,"Qualitative study (24 in-depth interviews with women, 6 key informant interviews, 5 short interviews with men) in Gabura Union, coastal Bangladesh. Outcome is menstrual health (hygiene constraints, infections from saline water use, social stigma, menstrual irregularities from crop-loss-related malnutrition), not household-level water/sanitation access itself. Water scarcity/salinity intrusion is examined as a climate-health exposure, not a legal/administrative access mechanism; policy content is limited to generic discussion-section recommendations, not an empirically analyzed exposure variable. Same wrong-outcome pattern as the earlier-excluded Chirwa emergency-WASH review (health/disease outcome, R50C907E99BA5).",
RA450DF78BE59,Profit shifting from Nigeria to Europe: The impact on human rights,Etter-Phoya R.; Murray S.; Hall S.; Masiya M.; O’Hare B.,2025,10.1371/journal.pgph.0004218,https://www.scopus.com/pages/publications/105001040604?origin=resultslist,exclude,E01,"Macroeconomic/econometric modeling study (GRADE model regression coefficients applied to estimated corporate tax revenue losses from profit shifting) estimating national-level impacts on Nigeria's aggregate fulfillment of economic/social rights (water, sanitation, education, child survival). Core topic is international tax justice/corporate profit shifting, not a household-level legal/administrative water access mechanism; water/sanitation access is one of several modeled downstream indicators, extrapolated from national tax-revenue estimates rather than observed household-level data. Part of an O'Hare/Etter-Phoya/Hall/Murray/Masiya tax-justice-and-SDGs author cluster in the pool (see also REF486158BFC4, R56488964E5E9, RE3B6CA880897), not yet screened -- likely share this wrong-topic issue.",
R155D39CAACC5,The global sanitary revolution in historical perspective,Gallardo-Albarrán D.,2025,10.1111/joes.12607,https://www.scopus.com/pages/publications/85188721467?origin=resultslist,exclude,E01,"Economic-history survey (not a systematic review; no defined search strategy) of the diffusion of waterworks/sewerage infrastructure ca. 1850-1950, primarily in the Netherlands with a single Global South comparator (Colombia), and its mortality impact. Core topic is historical infrastructure diffusion and infant-mortality effects, not contemporary administrative law/legal-procedure access mechanisms as defined in PROJECT_SPEC.md's Legal Last Mile framework (legal eligibility, administrative burden, discretion/accommodation, enforcement). The author explicitly concludes that 'the state of knowledge in the literature is insufficient to explain' within/between-country access differences and calls for future research on institutions rather than presenting a mature empirical finding on a specific mechanism. Borderline -- flagged for second-reviewer attention given its partial overlap with one of the three comparator jurisdictions (Netherlands) and its substantive institutions/within-city-inequality discussion.",
R1AEFCE1120AF,Urban Infrastructure Policy to Adapt to Technological and Social Change,Grigg N.S.,2025,10.3390/urbansci9090350,https://www.scopus.com/pages/publications/105017096079?origin=resultslist,exclude,E05,"Conceptual/policy-analysis paper (systems approaches, Institutional Analysis and Development framework applied narratively) critiquing US high-level infrastructure investment policy reports for neglecting performance improvement. Draws on secondary policy reports and EPA infrastructure-needs surveys, not primary household-level data (no household survey, no resident interviews). Unit of analysis is utility/agency actors and national policy reports, not households; no specific household-level legal eligibility, burden, discretion, or enforcement outcome examined. Part of a Grigg author cluster in the pool that includes two much more directly on-topic case studies not yet screened -- 'Root-Cause Analysis of Water System Failures in Jackson, Mississippi, and Flint, Michigan, Using the IAD Framework' (RD67517CB43CE) and 'Institutional Analysis of Drinking Water Supply Failure: Lessons from Flint, Michigan' (R16A3197AFC75) -- which likely warrant retrieval given their specific household-level service-failure focus.",
RE931F223C4B0,"Influence of National Government and Development Partners on Uganda's Water, Sanitation, and Solid Waste Services Delivery: A Review",Sakaya R.; Niwagaba C.; Katukiza A.; Lüthi C.,2025,10.1002/wwp2.70028,https://www.scopus.com/pages/publications/105013187418?origin=resultslist,exclude,E02,"Mixed-methods review of Uganda's water/sanitation/SWM sector: 10 key informant interviews with sector experts (Ministry of Water and Environment, private sector, NGOs, development partners) triangulated with a systematic literature/document review (65 key documents). Unit of analysis is the national sector/institution throughout, using aggregate national performance indicators (number of gazetted towns, nonrevenue water, population served); no household-level survey or interview data. Substantive findings on regulatory enforcement weakness and decentralization exist but are analyzed at institutional/national scale, not tied to household-level access outcomes. Same institutional-level, no-household-outcome pattern as the earlier-excluded Gallegos IWRM review (R2D6E5154CE63). Borderline -- flagged for second-reviewer attention given genuine enforcement-mechanism content. Part of a Sakaya cluster; sibling paper R7170047A72DF ('Political economy barriers on the integration of water, sanitation, and solid waste management services in Ugandan towns') not yet screened and may be more directly on-topic given its political-economy-barriers framing.",
R642CE43F846E,Water security and the hydro-social cycle in Catalonia: Diagnosis and challenges for a country under pressure; [La sécurité hydrique et le cycle hydrosocial en Catalogne: diagnostic et défis pour un pays sous pression]; [La seguridad hídrica y el ciclo hidrosocial en Cataluña: diagnosis y retos para un país bajo presión],Romero-Gomez G.,2025,10.5565/REV/DAG.1256,https://www.scopus.com/pages/publications/105037795231?origin=resultslist,exclude,E05,"Non-systematic narrative diagnostic/positioning essay (part of the author's doctoral thesis; no defined search strategy) surveying Catalonia's water security across four dimensions (availability/accessibility, economic efficiency, social access, environmental sustainability). Presents no new primary empirical data of its own -- cites the author's own already-published empirical studies (Romero-Gómez et al. 2024a, 2024b) on household water affordability/quality perception rather than reporting new findings. Same non-systematic-review pattern as Elmi and Ibrahim (RF7BD856CF4EE) and Choumert-Nkolo and Phélinas (R989941A73A26). Flags a likely more directly relevant sibling paper in the pool: RC78DCEC4F3E0 (Saurí, Yoon & Romero-Gómez, 'Lived experiences of water poverty in Barcelona', 2026) which appears to be primary qualitative fieldwork on household-level water poverty -- not yet screened, worth retrieving.",
R1A9BD9BADCCF,Effectiveness of measures taken by governments to support hand hygiene in community settings: a systematic review,Snyder J.S.; Canda E.; Honeycutt J.; O’Brien L.A.; Rogers H.K.; Cumming O.; Esteves Mills J.; Gordon B.; Wolfe M.K.; Caruso B.A.; Freeman M.C.,2025,10.1136/bmjgh-2025-018929,https://www.scopus.com/pages/publications/105016481837?origin=resultslist,exclude,E04,"Formal PRISMA systematic review (12 databases, 31 studies, 19 countries) of government measures supporting hand hygiene practices in community settings (mostly household, 58%), categorized via the Sanitation and Water for All Building Blocks framework. Outcome is hand hygiene behavior/practice (handwashing, behavior-change communication, mass media campaigns), not water/sanitation service access -- not part of this review's outcome hierarchy (formal connection; effective/economic/administrative access). Flags a Snyder/Freeman author cluster with two more directly on-topic unscreened papers: R1811F8F093C3 (PAASIM project, urban water supply improvements, Mozambique) and RE4B8992DC140 (private sector sanitation delivery in urban informal settlement schools, Nairobi).",
R9674E45D9D04,"Enhancing the educational environment for optimal menstrual hygiene management in Kisangani, Democratic Republic of Congo",Ngandru Kiza A.; Itigaino S.B.; Labat A.; Tshilumba C.K.; Tepungipame A.T.; Losimba J.L.; Bosunga G.K.; Kitronza J.P.L.,2025,10.2166/washdev.2025.035,https://www.scopus.com/pages/publications/105023560769?origin=resultslist,exclude,E02,"Structured observational assessment of WASH infrastructure (toilets, water, handwashing stations, sanitary pad access) in 38 secondary schools in Kisangani, DRC, for menstrual hygiene management. Population/unit of analysis is schools and adolescent girl students, not households. No legal/administrative household-level access mechanism examined. Same wrong-population pattern as the earlier-excluded Zaman (R762C6673156D), Sinharoy ARISE (R8AC9D969EC05), and Adekunle (R2ABF219B5CB4) school/student-population studies.",
RC56A7948AC0D,INTEGRATED WATER RESOURCE MANAGEMENT IN ACHIEVING SDG 6: A COMPARATIVE STUDY,Iraguha L.; Ofuyatan O.; Olukanni D.O.,2025,10.14455/ISEC.2025.12(1).WRE-03,https://www.scopus.com/pages/publications/105026764597?origin=resultslist,exclude,E02,"Conference proceedings comparative desk review (Nigeria vs. Rwanda) of Integrated Water Resources Management (IWRM) progress toward SDG 6, drawing on secondary national-level SDG Indicator 6.5.1 survey data (a national self-assessment score of IWRM implementation degree), not household-level primary data. Unit of analysis is the country/national IWRM implementation, not the household. Same no-household-outcome pattern as the earlier-excluded Gallegos IWRM review (R2D6E5154CE63).",
R05DE71DA2A49,Priorities for the rural water and sanitation services regulation in Latin America,Alvarez L.; Vargas L.; Jimenez A.,2024,10.3389/frwa.2024.1406301,https://www.scopus.com/pages/publications/85211598279?origin=resultslist,exclude,E05,"Desk review plus expert-consultation process (80+ experts, 14 regulators/institutions across Latin America and the Caribbean) producing 11 regulatory policy priorities for rural WASH services (provider formalization, service standards, subsidy design, inter-institutional coordination). Not a systematic review (no defined search strategy) and no primary household-level empirical data or outcome evaluation -- a policy-recommendation consultation report, not an empirical study of how a specific mechanism affects household-level access. Contains substantive country-specific regulatory examples (El Salvador ANDA, Peru methodology approval, Colombia provider formalization schemes) that may be worth citing as background/context. Borderline -- flagged for second-reviewer attention.",
R0F31F340B476,The Effect of Decentralisation on Access to Sanitation and Water Services: An Empirical Test using International Data,Taiwo K.,2024,10.7866/HPE-RPE.24.2.6,https://www.scopus.com/pages/publications/85199363633?origin=resultslist,exclude,E02,"Cross-country panel econometric study (Hausman-Taylor estimator) testing fiscal decentralization (revenue/expenditure share) against national aggregate JMP-type access rates (percentage of total population with improved sanitation/water access). Unit of analysis is the country, not the household; decentralization is measured as an aggregate fiscal-federalism variable, not a specific legal/administrative access mechanism. Same cross-country-panel, no-household-outcome pattern as the earlier-excluded García-López (R5E653CCC67DF) and Azimi and Rahman (RBEE4CD60D4E0) papers.",
R08205218399F,Review of water scarcity assessments: Highlights of Mexico's water situation,Pacheco-Treviño S.; Manzano-Camarillo M.G.F.,2024,10.1002/wat2.1721,https://www.scopus.com/pages/publications/85186249489?origin=resultslist,exclude,E05,"Non-systematic narrative 'OVERVIEW' article (no defined search strategy or inclusion criteria) reviewing water scarcity assessment methodologies and Mexico's water situation. Contains substantive doctrinal legal content on Mexico's 1992 National Water Law, the 2012 constitutional right to water, and documented legislative non-compliance/neglect of community water system recognition -- directly relevant to this review's 'legal recognition vs. non-recognition' dimension (PROJECT_SPEC.md sec2) -- but this is pure doctrinal commentary (INCLUSION_EXCLUSION.md exclusion criterion 1) without the paper's own primary empirical household-level access data; the rural-poverty/access link is asserted via citation to other sources, not original empirical synthesis. Same non-systematic-review pattern as Choumert-Nkolo and Phélinas (R989941A73A26), Elmi and Ibrahim (RF7BD856CF4EE), and Romero-Gomez (R642CE43F846E); same pure-doctrinal-commentary pattern as Pegu and Samal (R37F664A4E619). Borderline -- flagged for second-reviewer attention given the quality of its legal-doctrinal content, which may be worth citing directly as background/context on Mexican water law even if excluded from the empirical evidence base.",
R9B1CE08B1B44,"Drinking Water in the Southern Extreme of Gran Chaco: The Consolidation of a Hydrosocial Palimpsest, 1930-1960; [Agua Potable en el Extremo Sur del Gran Chaco la Consolidacion de un Palimpsesto Hidrosocial, 1930-1960]",Garnero G.,2024,10.32991/2237-2717.2024v14i2.p162-201,https://www.scopus.com/pages/publications/85197561598?origin=resultslist,exclude,E01,"Historiographical/archival study (primary and secondary sources: official decrees, provincial laws Nos. 10.988, 12.140, 3732, municipal bulletins) of state-driven hydraulic modernization and piped water inequality in Argentina's southern Gran Chaco, 1930-1960. Genuine legal/administrative decision-making content (provincial/national decrees allocating water infrastructure) but historical (pre-1960), not contemporary administrative law/access mechanisms as this review's Legal Last Mile framework targets. Same historical-scope mismatch as the earlier-excluded Gallardo-Albarrán sanitary revolution survey (R155D39CAACC5, ca. 1850-1950). Borderline -- flagged for second-reviewer attention given the rigor of the archival legal-history methodology.",
RC127F24B8CE3,Housing Conditions and Health Implications for Migrant Agricultural Workers in Canada: A Scoping Review,Caxaj C.S.; Weiler A.M.; Martyniuk J.,2024,10.1177/08445621231203086,https://www.scopus.com/pages/publications/85177852916?origin=resultslist,exclude,E02,"Scoping review (2000-2022 literature) of housing conditions for migrant agricultural workers under Canada's Temporary Foreign Worker Program. 'Sanitation, food security, and water' is one of five housing-quality domains examined, but the underlying issue is employer-provided housing infrastructure quality and contractual/labor-standards compliance (e.g., illegal wage deductions for utilities employers were contractually obligated to cover), not households navigating a legal/administrative process to obtain a public water/sanitation utility connection. Population is migrant workers in employer-provided housing, not households; same wrong-population pattern as the earlier-excluded Kimwaga (sanitation workers, R15EF22174A64) and Raj and Tiwari (manual scavengers, RED3F7820C545).",
R7AF1ADB38FED,"Environmental and socio-economic determinants of fecal sludge emptying in Sub-Saharan Africa: A cross-sectional mixed-methods study in Abidjan, Côte d’Ivoire",Tra L.T.A.-L.; Dongo K.; Pessoa Colombo V.; Singh S.; Chenal J.,2024,10.1007/s11356-024-35631-6,https://www.scopus.com/pages/publications/85211478245?origin=resultslist,exclude,E07,"Cross-sectional mixed-methods study (559-household survey, 24 semi-structured interviews) of fecal sludge (FS) emptying practices in Yopougon (Abidjan, Cote d'Ivoire). All surveyed households already have on-site sanitation systems (pit latrines/septic tanks) and the survey targeted households that have already emptied them; the study examines determinants of hygienic vs. unsafe emptying/desludging practices, not household-level legal/administrative access to a sanitation connection. Same wrong-service (FSM operations/management chain, not connection access) pattern as the earlier-excluded Sidlakone and Ichiki Vientiane FSM paper (R700199742CC6); part of the previously flagged FSM cluster (8 sibling papers noted earlier in this review, still unscreened).",
RC5D44AD38D81,Acceptance Factors for the Social Norms Promoted by the Community-Led Total Sanitation (CLTS) Approach in the Rural Areas: Case Study of the Central-Western Region of Burkina Faso,Kouassi H.A.A.; Andrianisa H.A.; Traoré M.B.; Sossou S.K.; Nguematio R.M.; Djambou M.D.,2023,10.3390/su151511945,https://www.scopus.com/pages/publications/85167893899?origin=resultslist,exclude,E04,"Study of determinant factors in community acceptance/refusal of Community-Led Total Sanitation (CLTS) social norms/behaviors (ending open defecation) in Burkina Faso, using a scored evaluation matrix across six factor categories (environmental, social, governance, territorial, economic, technological). Outcome is behavioral acceptance of a sanitation-promotion program, not household-level formal/effective/economic/administrative water or sanitation access. 'Governance factors (C4)' is explicitly defined as participatory vs. top-down community decision-making style as a determinant of behavior-change uptake, not a legal/administrative access mechanism. Same wrong-outcome pattern as the earlier-excluded Snyder hand hygiene review (R1A9BD9BADCCF) and Adekunle WASH-school-attendance review (R2ABF219B5CB4). Flags a sibling Kouassi paper in the pool, R6022ED0189EC ('Factors influencing CLTS implementation abandonment before achieving ODF status'), likely the same wrong-outcome issue, not yet screened.",
R7E11B8C9A72C,"Access to water, sanitation and hygiene (WASH) for persons with disabilities in school settings: A call for research",Dassah E.; Bisung E.,2023,10.1080/09687599.2023.2181770,https://www.scopus.com/pages/publications/85149390247?origin=resultslist,exclude,E02,"Short 'Current Issue' commentary/call-for-research piece (6 pages) reviewing literature on WASH access for persons with disabilities in school settings. Population is schools/students, not households; identifies a research gap rather than presenting a household-level legal/administrative access finding of its own. Same wrong-population pattern as the earlier-excluded Ngandru Kiza (R9674E45D9D04) and Adekunle (R2ABF219B5CB4) school-WASH papers. Flags a sibling paper in the pool, R2A9D36D4B43E (Azupogo, Dassah & Bisung, 'Promoting safe and inclusive water and sanitation services for students with physical disabilities in primary schools: a concept mapping study in Ghana'), likely the same wrong-population issue, not yet screened.",
R475193DAAEA4,Authoritarian Environmentalism and Epistemological Violence: A Southern Green Criminology Analysis of the 2014 Lanzhou Water Crisis and the Belt and Road Initiative Expansion into the Global Water Sector,Mao K.; Zhao Z.,2023,10.5204/ijcjsd.2948,https://www.scopus.com/pages/publications/85181241753?origin=resultslist,exclude,E04,"Southern green criminology case-study analysis of the 2014 Lanzhou (China) drinking-water benzene contamination crisis (3.6 million people exposed) and its public-private partnership (Veolia Lanzhou) regulatory-failure timeline, situated within a broader theoretical argument about authoritarian environmentalism and China's Belt and Road water-sector expansion. Outcome is water safety/contamination and delayed regulatory notification/enforcement, not household-level formal connection, effective/economic access, or administrative access outcome -- falls under INCLUSION_EXCLUSION.md exclusion criterion 3 (water-quality studies that do not examine access), notwithstanding its genuine PPP/regulatory-enforcement governance content.",
RCEC112ACDFDA,Water entrepreneurship and financialisation: Complexities for the attainment of SDG in sub-Saharan Africa,Sanusi O.L.; Oke M.O.; Bello M.A.,2023,10.1016/j.heliyon.2023.e20859,https://www.scopus.com/pages/publications/85174800816?origin=resultslist,exclude,E02,"Qualitative expert-opinion study: 50 water-sector experts contacted across sub-Saharan Africa (30 responses), open-ended questionnaires, thematic analysis of perceptions on water financialisation/entrepreneurship and government's role in SDG attainment. Population is water-sector experts/policymakers giving broad regional (SSA-wide) policy opinions, not households; no specific jurisdiction case study or household-level access data. Same institutional/expert-consultation pattern as the earlier-excluded Sakaya (RE931F223C4B0) and Alvarez et al. (R05DE71DA2A49) papers.",
RBF0878698347,AN ECOLOGICAL SYSTEMS APPROACH TO ASSESS THE WELL-BEING OF STREET CHILDREN IN ZIMBABWE: IMPLICATIONS FOR DEVELOPMENTAL SOCIAL WORK PRACTICE,Gunhidzirai C.,2023,10.15270/59-4-1168,https://www.scopus.com/pages/publications/85180319550?origin=resultslist,exclude,E02,"Quantitative survey (n=202 purposively sampled street children, Harare) assessing overall well-being (food, education, accommodation, health care, sanitation) using an ecological systems approach for developmental social work practice. Population is street children, not households; sanitation is one of five broad well-being domains, not the focal outcome, and no legal/administrative water/sanitation access mechanism is examined.",
R27742FD46CEB,The performance evaluation of management mode of small water resources projects,Qu S.; Chen H.; Shen Z.; Ma H.,2023,10.1371/journal.pone.0282357,https://www.scopus.com/pages/publications/85151805954?origin=resultslist,exclude,E07,"Technical multi-criteria decision analysis (improved TOPSIS model + entropy weight method) evaluating management-mode performance (e.g., Water User Associations) for small-scale agricultural irrigation/drainage water resources projects in Guangdong Province, China. Population and service are farmers and irrigation water infrastructure, not households and domestic water/sanitation service -- wrong service per INCLUSION_EXCLUSION.md; no legal/administrative household-level access mechanism examined.",
R0E3B5B7DC3B2,"Working together: A study of civil society partnerships between WASH (water, sanitation, and hygiene) and GESI (gender equality and social inclusion) organisations in Timor-Leste",Grant M.L.; Nguyen T.T.; Vieira A.; Niner S.L.; Roche C.,2023,10.3389/frwa.2023.1047955,https://www.scopus.com/pages/publications/85152007724?origin=resultslist,exclude,E02,"Qualitative study of civil society organization (CSO) partnerships between WASH and gender equality/social inclusion (GESI) organizations in Timor-Leste: workshop with 30 representatives from 16 CSOs, longitudinal interviews with 5 organizations over 2.5 years, plus interviews with 18 additional CSOs. Population/unit of analysis is CSOs, not households; outcome is inter-organizational partnership dynamics (drivers, benefits, challenges of collaboration), not household-level water/sanitation access. No household-level data beyond a single background citation. Same institutional-level wrong-population pattern as Sakaya (RE931F223C4B0) and Sanusi et al. (RCEC112ACDFDA).",
RF871FF04C866,Shifting Waters: The Challenges of Transitioning from Freshwater to Treated Wastewater Irrigation in the Northern Jordan Valley,Tawfik M.H.; Al-Zawaidah H.; Hoogesteger J.; Al-Zu’bi M.; Hellegers P.; Mateo-Sagasta J.; Elmahdi A.,2023,10.3390/w15071315,https://www.scopus.com/pages/publications/85152858468?origin=resultslist,exclude,E07,"Study of farmer resistance to a Jordanian national policy reallocating treated wastewater to agricultural irrigation (freeing freshwater for urban/domestic use). Population is farmers and Water Users Associations, and the service examined is agricultural irrigation water, not household domestic water/sanitation -- wrong service. The stated policy goal (freeing freshwater for urban/domestic reallocation) is not itself measured as a household-level outcome anywhere in the paper.",
RBFB54BEEE4B5,"Mapping potential surpluses, deficits, and mismatches of ecosystem services supply and demand for urban areas",Vargas L.; Ruiz D.; Gómez-Navarro C.; Ramirez W.; Hernandez O.L.,2023,10.1007/s11252-022-01312-w,https://www.scopus.com/pages/publications/85144741805?origin=resultslist,exclude,E06,"GIS-based ecosystem-services supply/demand mapping study (Bogota and Villavicencio, Colombia) assessing water and fertile-soil scarcity risk for urban land-use decision making. Purely spatial/hydrological/ecological technical analysis using official data and geoprocessing; no household survey, no legal/administrative access mechanism (eligibility, connection, tariff, enforcement) examined. Same engineering/technical composite-analysis pattern as the earlier-excluded Legass and Ellinport papers.",
RB706C1BB95C3,Addressing Challenges in Delivering Sustainable Rural Water Provision Using Solar Water Pumping in Malawi: A Stakeholder Analysis,Phiri E.; Rowley P.N.; Blanchard R.E.,2023,10.3390/en16237758,https://www.scopus.com/pages/publications/85179133271?origin=resultslist,exclude,E02,"Stakeholder analysis of solar water pumping (SWP) infrastructure deployment in rural Malawi, based on semi-structured interviews with government departments, donors, NGOs, entrepreneurs, and microfinance organisations (Section 3, KII respondents). Population is institutional stakeholders/implementers, not households/applicants seeking water access. Sections 4.2.1-4.2.4 discuss policy/regulatory gaps, product-standards enforcement, corruption, and financing as barriers to SWP technology deployment -- an infrastructure-diffusion governance problem, not a household-level legal/administrative access mechanism (eligibility, application, connection, tariff). Same population pattern as the earlier-excluded Sakaya, Sanusi et al., Grant et al., and Dassah & Bisung papers.",
R0D60F401DD57,Setting a Baseline Residential Water Demand Management Solution in Urban Towns of Ethiopia,Timotewos M.T.; Barjenbruch M.; Behailu B.M.,2023,10.3390/w15050930,https://www.scopus.com/pages/publications/85149931381?origin=resultslist,exclude,E06,"Water demand management assessment of urban water supply infrastructure in three Ethiopian towns (Arba Minch, Ziway, Debre Birhan), based on semi-structured interviews with water supply/sewerage utility officials plus secondary documents and field observations. Population is utility expert staff, not households/applicants; focus is technical/managerial (water losses, non-revenue water, illegal connections framed as a metering/technical problem, infrastructure capacity vs. urbanization) rather than a household-level legal/administrative access mechanism (eligibility, application, documentation, disconnection). Same engineering/technical-assessment pattern as the earlier-excluded Phiri et al., Legass, and Ellinport papers.",
RE3B6CA880897,Financing child rights in Malawi,Etter-Phoya R.; Manthalu C.; Kalizinje F.; Chigaru F.; Mazimbe B.; Phiri A.; Chimowa T.; Ligomeka W.; Hall S.; O’Hare B.,2023,10.1186/s12889-023-16319-x,https://www.scopus.com/pages/publications/85176912773?origin=resultslist,exclude,E01,"Econometric modelling study (Government Revenue and Development Estimations/GRADE model, panel data) of the projected relationship between curtailing international tax abuse/illicit financial flows and modelled national-level SDG progress in Malawi, including a modelled projection that increased government revenue would be associated with 12,000-20,000 additional people gaining access to basic water/sanitation per year. The paper's substantive legal content concerns international tax law, anti-corruption/anti-money-laundering legal frameworks (UNCAC, beneficial-ownership disclosure, whistle-blower protection), not any household-level water/sanitation legal-administrative access mechanism (eligibility, connection, tariff, disconnection, enforcement). Water/sanitation access appears only as one modelled downstream macro-fiscal projection among several (also school attendance, child/maternal mortality), not as an examined outcome of any specific legal access mechanism -- wrong topic for this review.",
R1811F8F093C3,"Study design and rationale for the PAASIM project: a matched cohort study on urban water supply improvements and infant enteric pathogen infection, gut microbiome development and health in Mozambique",Levy K.; Garn J.V.; Cumbe Z.A.; Muneme B.; Fagnant-Sperati C.S.; Hubbard S.; Júnior A.; Manuel J.L.; Mangamela M.; McGunegill S.; Miller-Petrie M.K.; Snyder J.S.; Victor C.; Waller L.A.; Konstantinidis K.T.; Clasen T.F.; Brown J.; Nalá R.; Freeman M.C.,2023,10.1136/bmjopen-2022-067341,https://www.scopus.com/pages/publications/85149268268?origin=resultslist,exclude,E04,"PAASIM study protocol (Beira, Mozambique): matched cohort evaluating a FIPAG water-loss-reduction/distribution-system engineering upgrade, using household water connection status as an exposure variable. Primary outcomes are child health -- enteric pathogen infection (TAC assay), gut microbiome composition, diarrhoea, growth/stunting -- not access, connection, affordability, or any legal/administrative/governance factor. No eligibility, enforcement, discretion, or burden mechanism examined; rollout driven by engineering/resource-constraint logistics, not administrative process.",
R8206AC66310B,"Quality of Urban Water Services Provided to Users: Assessment System and the Portuguese Path through Four Generations, Lessons Learned and New Challenges",Cardoso M.A.; Brito R.S.; Silva C.; Rodrigues S.; Rodrigues R.; Costa A.; Cardoso J.; Jorge C.; Alegre H.; Rosa M.J.,2023,10.3390/su152115273,https://www.scopus.com/pages/publications/85195243013?origin=resultslist,exclude,E01,"Paper documents the design/development methodology of ERSAR's 4th-generation KPI-based service-quality assessment system for Portuguese water utilities (Steps 1-7: indicator review, alignment with the PENSAARP 2030 strategic plan, ISO 5500X/2451X standardization, stakeholder consultation). Substantively about regulatory-instrument design and utility-level indicator dispersion (2016-2019), not an empirical study of how a legal/administrative mechanism shapes household-level access/connection outcomes -- no exclusion/inclusion mechanism, eligibility rule, or enforcement action is examined or tested against an access outcome.",
RD15FDA6CB771,APPROACHES TO REGULATION OF TARIFFS FOR CONNECTING CAPITAL CONSTRUCTION OBJECTS TO PUBLIC UTILITIES INFRASTRUCTURE; [ПОДХОДЫ К РЕГУЛИРОВАНИЮ ТАРИФОВ НА ПОДКЛЮЧЕНИЕ ОБЪЕКТОВ КАПИТАЛЬНОГО СТРОИТЕЛЬСТВА К КОММУНАЛЬНОЙ ИНФРАСТРУКТУРЕ],Sivaev S.B.; Smirnov O.O.,2023,10.17323/1999-5431-2023-0-1-150-175,https://www.scopus.com/pages/publications/85153341366?origin=resultslist,exclude,E02,"Survey of 102 Russian city administrations analyzing tariff-setting methodology for connecting new capital-construction objects (buildings) to heating/water-supply/sewerage infrastructure. Population/unit of analysis is real-estate developers (застройщики) and municipal regulators, not households or individual connection applicants; the outcome studied is developer cost predictability and tariff-regulation transparency, not household-level access, exclusion, or affordability. Only two passing mentions of 'residents' as indirect cost-bearers of delayed construction; no household eligibility, burden, discretion, or enforcement mechanism examined.",
R6AC58735B46B,"Water, sanitation, and women’s empowerment: A systematic review and qualitative metasynthesis",Caruso B.A.; Conrad A.; Patrick M.; Owens A.; Kviten K.; Zarella O.; Rogers H.; Sinharoy S.S.,2022,10.1371/journal.pwat.0000026,https://www.scopus.com/pages/publications/85146080936?origin=resultslist,exclude,E04,"Large systematic review + qualitative metasynthesis (257 included studies) of WASH and women's/girls' empowerment, coded against a three-domain empowerment model (agency, resources, institutional structures). The synthesized outcome is women's empowerment (decision-making, bodily integrity, assets, formal laws/norms/relations), not water/sanitation access, connection, service availability, reliability, quantity, or affordability -- 'institutional structures' is a domain of empowerment measurement here, not a legal/administrative access-barrier mechanism examined against an access outcome.",
RFDBFCB4B1B2F,Equity - performance trade-off in water rationing regimes with domestic storage,Randeniya A.; Radhakrishnan M.; Sirisena T.A.J.G.; Maish I.; Pathirana A.,2022,10.2166/ws.2022.188,https://www.scopus.com/pages/publications/85131170417?origin=resultslist,exclude,E06,"Hydraulic-engineering modeling study (EPANET/WNTR simulation of a Kakkapalliya, Sri Lanka distribution network) analyzing how domestic storage tank size and rationing cycle time affect network-level supply equity (Gini index) and performance (available demand fraction). Pure infrastructure engineering/technical simulation -- no existing legal, administrative, or governance mechanism is examined; the paper's own conclusion recommends future regulation of tank size as a policy implication, not an empirical study of an operating administrative mechanism.",
RE089F96E0754,The problem of access to drinking water in the city of Guercif (Northeast of Morocco): Challenges and prospects,Elyaagoubi M.; Aafir M.; Elallaoui A.,2022,10.1088/1755-1315/1090/1/012035,https://www.scopus.com/pages/publications/85141949402?origin=resultslist,exclude,E03,"Household survey (n=240) of water scarcity perception and satisfaction in Guercif, Morocco. All surveyed households are already connected to the public network -- the study examines physical/hydrological water-scarcity causes (low rainfall, aquifer overexploitation, climate change), infrastructure degradation (low pressure, supply-hour interruptions by housing type), and satisfaction with water quality/price/pressure, not a legal, administrative, or governance mechanism determining exclusion from or inclusion in formal water service. No eligibility, enforcement, discretion, or burden mechanism is examined; ONEE (the national utility) appears only as the physical-infrastructure operator, not as an administrative-law actor.",
R17F2FCF71B81,Water Accountability Model under Emergency Cases and for Areas Gained New Access to Water Services,Alshboul Z.,2022,10.18576/isl/110532,https://www.scopus.com/pages/publications/85139655103?origin=resultslist,exclude,E01,"Design of a five-component internal accountability model (Organization, Systems, Data, Communication, Quality management) for Jordanian water utilities, based on desk review, questionnaires, focus groups, and expert workshops with utility staff/officials. Substantively an organizational-governance/accountability-framework design methodology paper -- surveys utility staff about internal processes (KPI monitoring, job descriptions, emergency-response plans, bureaucratic procedures) rather than examining household-level access/exclusion outcomes tied to a specific legal or administrative mechanism. Same category as the previously-excluded ERSAR Portugal regulatory-instrument-design paper.",
RB92B79E3CA1D,Sanitation potpourri: Criteria for planning mix of sanitation systems for citywide inclusive sanitation,Mitra A.; Narayan A.S.; Lüthi C.,2022,10.1177/23998083221091568,https://www.scopus.com/pages/publications/85130536372?origin=resultslist,exclude,E01,"Technology-planning methodology paper (Chennai case study): develops a 14-criterion decision-aiding catalogue for selecting a mix of sewered/non-sewered sanitation technologies under the Citywide Inclusive Sanitation framework, using Social Network Analysis, key-informant interviews (11 experts), and a Faecal Waste Flow Diagram. The 17 identified 'drivers and barriers' concern technology-implementation factors (quality enforcement of non-sewered systems, regulatory standards, political will, monitoring capacity) from a planner/expert perspective, not household-level eligibility, application, or enforcement mechanisms experienced by residents seeking sanitation access. Core contribution is a planning/decision-support tool, not an empirical study of legal/administrative access-exclusion outcomes.",
R70435380DBC5,Engineering Predictable Water Supply: The Humans Behind the Tech,Hyun C.; Kumar T.; Post A.E.; Ray I.,2022,10.1007/978-3-030-86065-3_17,https://www.scopus.com/pages/publications/105009203114?origin=resultslist,exclude,E01,"Development-engineering case study of NextDrop, a private SMS-notification service addressing intermittent piped water supply predictability in Hubli-Dharwad and Bangalore, India. All studied households already have piped network connections; the object of study is why a technology intervention succeeded in a pilot but failed to scale, attributed to human/organizational factors internal to utility operations (valveman incentive design, information-sharing dynamics between utility employees and customers). No legal, administrative eligibility, enforcement, or burden mechanism affecting formal connection or exclusion is examined -- this is a socio-technical technology-adoption case study, not an empirical study of administrative-law access barriers.",
R18DCE7DBC170,Assessing the Nexus on Local Perspective: A Quali-Quantitative Framework for Water-Energy-Food Security Evaluation in Neglected Territories,de Souza R.C.S.; Turetta A.P.D.; Bonatti M.; Sieber S.,2022,10.3390/w14050731,https://www.scopus.com/pages/publications/85125661132?origin=resultslist,exclude,E01,"Water-Energy-Food (WEF) nexus indicator-framework methodology paper: proposes 12 multi-scale indicators (water, energy, food) benchmarked against official policy thresholds, applied to a 22-household survey case study in Itinga, Angra dos Reis, Brazil. The water-specific findings (septic tank inadequacy, sewage overflow, water-supply rationing) are indicator-based technical/physical measurements against official targets, not an analyzed legal/administrative access-barrier mechanism. The one specific institutional mechanism the paper analyzes in depth (clandestine connections and 'criminal domains' undermining service-provider enforcement) is explicitly about the electricity grid, not water. A land-tenure/legal-recognition struggle is mentioned as general historical background for the case-study site's origin, not as an analyzed mechanism explaining the water/sanitation outcome specifically.",
RDE7BA66B5DDF,"Mapping social accountability actors and networks and their roles in water, sanitation and hygiene (WASH) in childcare centres within Nairobi’s informal settlements: A governance diaries approach",Chumo I.; Kabaria C.; Phillips-Howard P.A.; Simiyu S.; Elsey H.; Mberu B.,2022,10.1371/journal.pone.0275491,https://www.scopus.com/pages/publications/85142189127?origin=resultslist,exclude,E02,"Ethnographic governance-diaries study (24 participants, bi-weekly in-depth interviews over 4 months, framework analysis via World Bank accountability model/stakeholder theory) mapping social-accountability actors, networks, roles, interests, and authority for WASH provision in CHILDCARE CENTRES in Nairobi's Korogocho/Viwandani informal settlements. Population/unit of analysis is childcare-centre-level WASH governance (owners/teachers, parents, NGOs, government), not household or individual applicants for water/sanitation service; the analytic object is actor-network mapping via stakeholder/accountability theory, not a specific legal/administrative ELIGIBILITY, BURDEN, DISCRETION, or ENFORCEMENT mechanism tied to a household-level connection/access/affordability outcome.",
RE9D317AFBDAF,"Model of Sustainable Drinking Water Governance at Tirta Kualo Regional Drinking Water Corporate in Tanjungbalai City, Indonesia",Lubis R.P.; Subhilhar; Harahap R.H.; Zuska F.,2022,10.18280/ijsdp.170809,https://www.scopus.com/pages/publications/85149125111?origin=resultslist,exclude,E01,"Mixed-methods diagnostic study of PDAM Tirta Kualo (Tanjungbalai City, Indonesia regional water utility), assessing raw-water-source capacity, demand projections, and internal governance dysfunction across five working units (technical, administration/finance, customer satisfaction, planning, internal supervisory) to design a 'sustainable water governance model' referencing the city's 2013-2033 spatial plan. Real coverage data are reported (68.86% total, 47.22-99.20% by district) but the object of study is utility-internal operational/administrative capacity (staffing ratios, water-meter conditions, cost recovery, water losses) and a governance-model design exercise, not an analyzed legal/administrative ELIGIBILITY, BURDEN, DISCRETION, or ENFORCEMENT mechanism causing household-level exclusion. Same category as the previously-excluded ERSAR Portugal and Alshboul Jordan utility-governance/accountability-framework papers.",
R6B34DEE4BDF6,Relationships as a Basis for Safe Drinking Water Provision by Cooperatives in Rural Chile,Pineda C.P.; Fuentes N.; Arriagada A.,2022,10.3390/w14030353,https://www.scopus.com/pages/publications/85123949456?origin=resultslist,exclude,E04,"Qualitative study (interviews with water managers/leaders, water-quality testing) of Chile's rural drinking water cooperative (APR) coproduction scheme, examining how formal and informal relationships among operators, communities, and state agencies (MOP, Health Authority, contracted Sanitarias) shape day-to-day WATER QUALITY management (chlorination, treatment, testing practices). All studied cooperatives already provide service (average 240 house connections each); the outcome examined is water-quality management effectiveness through a governance/relational lens, not household-level connection, exclusion, affordability, or administrative access outcomes. Per the review's scope discipline, water quality is tracked as a distinct outcome category from access/connection and is not part of the primary/secondary outcome hierarchy this review targets.",
R9EC1E5665F33,"A systems approach to improving access to water, sanitation, and hygiene (WASH) in schools in Odisha, India",Chouhan N.S.; Nielsen M.O.; Singh P.; Manchikanti S.; Pandey V.; Walters J.P.; Kadyan K.,2022,10.2166/h2oj.2022.044,https://www.scopus.com/pages/publications/85135308178?origin=resultslist,exclude,E02,"Unit of analysis is schools (institutional/facility level, 58,000 schools in Odisha benchmarked via Swachh Vidyalaya Puraskar star-rating system), not households or individual service applicants. Study uses social network analysis of stakeholder coordination (state/district/block/community levels) to explain WASH-in-schools program implementation success. Institutional/governance content present (15th Finance Commission tied/untied grant allocation, Panchayati Raj Gram Sabha/GPDP planning process, Article 243B) but analyzed as inputs to school facility outcomes, not household-level water/sanitation access, denial, or exclusion. Matches wrong-population pattern of Chumo et al. childcare-centre study.","Saxena/Chouhan et al. faecal sludge management Dhenkanal paper (RAE29A1F95856) also in DB, not yet screened - separate record."
R77C430CDC253,"Urban Water Access and Use in the Kivus: Evaluating Behavioural Outcomes Following an Integrated WASH Intervention in Goma and Bukavu, Democratic Republic of Congo",Legge H.; Fedele S.; Preusser F.; Stys P.; Muzuri P.; Schuberth M.; Dreibelbis R.,2022,10.3390/ijerph19031065,https://www.scopus.com/pages/publications/85122882384?origin=resultslist,exclude,E04,"Secondary analysis of household survey data (n=1253, Goma/Bukavu, DRC) evaluating a WASH intervention combining a water-governance component (PPP contract between Congo Maji Sarl and state-owned REGIDESO, standardized tapstand pricing and operating hours) and a hygiene behaviour-change communication (BCC) campaign. Outcomes are strictly consumption/behavioral: litres per capita per day collected/used, time spent collecting water, cost per litre, source heterogeneity. No connection/access/exclusion outcome at household level and no analysis of the legal/contractual governance mechanism itself (PPP contract terms, tariff regulation, eligibility) beyond brief background description -- the mechanism is treated as an input to an intervention-effect evaluation, not an analyzed legal/administrative barrier or accommodation. Does not map onto the access/connection/exclusion outcome hierarchy this review targets.",
R88F3D92EA498,"The Private Sector as a Partner for SDG 6-Related Issues in Megacities: Opportunities and Challenges in Rio de Janeiro, Brazil",Ferreira M.I.P.; de Oliveira V.P.S.; Sakaki G.; Shaw P.,2022,10.3390/su14031597,https://www.scopus.com/pages/publications/85123676177?origin=resultslist,exclude,E05,"Explicitly a 'Review' article (MDPI Sustainability): a narrative synthesis compiling UNESCO/pre-conference materials, technical reports, and academic publications on private-sector participation in Rio de Janeiro Metropolitan Region (RMRJ) water/sanitation, 'validated' by open interviews with only 2 key informants. Discusses genuine legal content (Brazilian sanitation legal framework/decree, Article 241 of the Constitution on municipal autonomy, Federal/State Complementary Laws creating RMRJ, Article 2 of the Sanitation Decree conditioning access to federal resources on regionalized-provision adherence) but no systematic empirical case-study design, no defined sample/data-collection protocol, and no analysis connecting the legal mechanism to a measured household- or municipal-level outcome -- it is descriptive/discursive rather than an empirical study. Does not meet this review's evidentiary threshold.",
REFD3CBB4C43D,"Mediating Knowledge Co-Production for Inclusive Governance and Delivery of Food, Water and Energy Services in African Cities",Sesan T.; Sanfo S.; Sikhwivhilu K.; Dakyaga F.; Aziz F.; Yirenya-Tawiah D.; Badu M.; Derbile E.; Ojoyi M.; Ibrahim B.; Adamou R.,2022,10.1007/s12132-021-09440-w,https://www.scopus.com/pages/publications/85115761260?origin=resultslist,exclude,E01,"A transdisciplinary-research methodology paper on 'knowledge co-production' for food-water-energy nexus governance in African cities. Focus is on the value and framework of transdisciplinary (TD) research and 'knowledge intermediaries' facilitating researcher-policy-society interaction, not on any specific legal/administrative mechanism of household water/sanitation access or exclusion. No eligibility, documentation, discretion, or enforcement mechanism is identified or analyzed against a household-level outcome anywhere in the paper -- it is a research-methods/governance-process contribution, wrong topic for this review.",
R9264CDB18400,Can Tanker Water Services Contribute to Sustainable Access to Water? A Systematic Review of Case Studies in Urban Areas,Zozmann H.; Morgan A.; Klassert C.; Klauer B.; Gawel E.,2022,10.3390/su141711029,https://www.scopus.com/pages/publications/85137925963?origin=resultslist,exclude,E01,"Systematic review of 14 case studies on tanker water markets (TWM) as an informal/market alternative water-service modality in urban areas. Core research question and synthesis concern whether TWM contribute to 'sustainable access' (affordability, spatial/temporal availability, groundwater sustainability) and the regulatory status of TWM vendors themselves (licensing of tanker operators, enforcement against illegal vending/water theft) -- a market-governance and vendor-regulation topic, not administrative-law mechanisms of household eligibility, documentation, discretion, or enforcement governing formal network water/sanitation connection. Connection fees and legal status of informal settlements are mentioned once in passing as background for why TWM exist, but are not the analyzed mechanism-to-outcome relationship of this review (which is about TWM's own sustainability/regulatory characteristics, not about the administrative-law barriers that exclude households from the formal network in the first place).",
R7434BDB46CEF,"Current water, sanitation and hygiene (WASH) conditions in selected schools in Port Harcourt, Nigeria",Wami M.; Fisher J.; Akpila S.; Radu T.,2022,10.3828/idpr.2022.6,https://www.scopus.com/pages/publications/85147421403?origin=resultslist,exclude,E02,"Facility-level (school) WASH conditions survey (20 secondary schools, 806 respondents, Rivers State, Nigeria), measuring JMP-ladder water/sanitation/hygiene service levels and WHO student-to-toilet-ratio compliance. Unit of analysis is the school facility, not the household or individual applicant -- matches the established wrong-population pattern for school/institutional WASH facility surveys (cf. Chumo et al. childcare-centre study, Chouhan et al. Odisha schools). No legal/administrative access mechanism (eligibility, documentation, discretion, enforcement) is identified or analyzed; findings are purely descriptive facility-condition statistics from an engineering/public-health survey.",
R2107A5BCDCA2,"Infrastructure governance in the post-networked city: State-led, high-tech sanitation in Addis Ababa’s condominium housing",Cirolia L.R.; Hailu T.; King J.; da Cruz N.F.; Beall J.,2021,10.1177/23996544211037063,https://www.scopus.com/pages/publications/85111932869?origin=resultslist,exclude,E01,"Urban infrastructure-studies/STS article analyzing socio-technical governance of a decentralised high-tech sanitation technology (Membrane Bioreactor) at a state-built condominium housing site in Addis Ababa, across four 'infrastructure interfaces' (household toilet, block manhole, condominium treatment plant, city). Core analytical contribution is theoretical (heterogeneous infrastructure configurations, splintering urbanism, post-networked city debates) centered on technology choice and multi-scalar governance, not on administrative-law mechanisms of household water/sanitation access or exclusion. A household-level registration/legalization requirement for the toilet connection (AAWSA branch-office registration) is mentioned once in passing and explicitly characterized as 'generally straightforward, involving no other intermediaries' -- not analyzed as a barrier, discretionary gate, or exclusion mechanism, and never returns in the discussion/conclusion. Real institutional content is incidental background, not the analyzed mechanism-to-outcome relationship this review targets; matches the established pattern for framework/technology papers with unconnected institutional background (cf. de Souza et al. precedent).",
R4DA71AD994AC,"Gender equality and social inclusion in relation to water, sanitation and hygiene in the oromia region of ethiopia",Assefa G.M.; Sherif S.; Sluijs J.; Kuijpers M.; Chaka T.; Solomon A.; Hailu Y.; Muluneh M.D.,2021,10.3390/ijerph18084281,https://www.scopus.com/pages/publications/85104394716?origin=resultslist,exclude,E01,"Qualitative gender-and-social-inclusion (GESI) study of WASH in three woredas of Oromia, Ethiopia (21 key informant interviews, 9 FGDs). Real fieldwork data, but the substantive focus and findings are on gendered division of WASH-related labor, participation/decision-making exclusion of women/girls/people-living-with-disability, menstrual hygiene management barriers, and coping strategies -- a gender-and-development / public-health topic, not administrative-law mechanisms of household water/sanitation access or exclusion. The methods list a 'Dimension 4: Laws, policies, and institutions' analytical frame, but no specific real legal/administrative mechanism (e.g., an eligibility rule, connection procedure, documentation requirement, or enforcement practice) is identified or analyzed as producing a household-level access/connection/exclusion outcome anywhere in the results or discussion; the paper's recommendations are programmatic (awareness-raising, community consultation, GESI-sensitive budgeting) rather than an analysis of a specific administrative-law mechanism. Does not map onto this review's mechanism-to-outcome focus.",
R121299A30ED1,WATER SUPPLY IN COLONIAL SANTIAGO: INSTITUTIONAL FRAMEWORK AND GOVERNANCE; [EL ABASTECIMIENTO DE AGUA EN EL SANTIAGO COLONIAL: INSTITUCIONALIDAD Y GOBERNANZA],Valenzuela D.H.,2021,10.22370/RGP.2021.10.2.3400,https://www.scopus.com/pages/publications/85148443033?origin=resultslist,exclude,E01,"Historical/administrative-history study of water supply governance in colonial-era Santiago, Chile (16th-19th centuries), analyzing the cabildo (colonial municipal council) institution's role in managing access to the Mapocho River and Quebrada de Ramon water sources, and the impact of natural disasters on colonial infrastructure. Wrong topic and temporal scope for this review: examines pre-modern/colonial institutional history rather than a contemporary administrative-law mechanism operating on household-level water/sanitation access, and is a historical-archival narrative rather than an empirical study of a mechanism-to-outcome relationship in a modern regulatory state.",
RA05C1D9CC06F,"Are Nepal’s water, sanitation and hygiene and menstrual hygiene policies and supporting documents inclusive of disability? A policy analysis",Wilbur J.; Scherer N.; Mactaggart I.; Shrestha G.; Mahon T.; Torondel B.; Hameed S.; Kuper H.,2021,10.1186/s12939-021-01463-w,https://www.scopus.com/pages/publications/85109785838?origin=resultslist,exclude,E01,"Policy analysis (EquiFrame framework applied to 10 Nepali WASH/education/health policy and guidance documents) plus qualitative interviews (12 government officials/service providers) assessing disability inclusion in Nepal's menstrual hygiene management (MHM) and WASH policy formulation and implementation, Kavrepalanchok district case study. Real empirical findings (inadequate budget allocation, limited disability participation in policy development, school-based MHM interventions failing to reach out-of-school children with disabilities) but the outcome of interest is policy-content inclusiveness and program-implementation equity for a specific health-behavior/menstrual-hygiene program, not a household-level water/sanitation connection, access, or exclusion outcome driven by an eligibility/documentation/discretion/enforcement legal mechanism. Matches the wrong-topic pattern of other gender/disability-inclusion-in-WASH-programming studies (cf. Assefa et al., Oromia) that lack an analyzed administrative-law mechanism tied to this review's target outcome hierarchy.",
RBCC515CAB15E,"COVID-19 Pandemic and Water, Sanitation, and Hygiene: Impacts, Challenges, and Mitigation Strategies",Desye B.,2021,10.1177/11786302211029447,https://www.scopus.com/pages/publications/85109863195?origin=resultslist,exclude,E01,"Public-health systematic review (28 included studies, PubMed/Web of Science/Google Scholar search) on the impacts, challenges, and mitigation strategies of COVID-19 on WASH service provision globally. Findings are generic public-health/funding observations (lack of WASH access in households/schools/health facilities as a COVID-19 risk factor, inadequate data, financial shortages) with no analyzed legal/administrative mechanism (eligibility, documentation, discretion, enforcement) tied to a specific household-level water/sanitation connection or exclusion outcome. Wrong topic -- a public-health impact/mitigation review, not an administrative-law mechanism study.",
R346D1BF8F31D,Governance Drivers of Rural Water Sustainability : Collaboration in Frontline Service Delivery,"Thapa,Dikshya,Farid,Muhammad Noor,Prevost,Christophe",2021,,https://www.proquest.com/docview/2581005142?accountid=13598&bdid=165485&_bd=JxxBGnNBZJ%2Ficr0nDZJPxvyMaWI%3D,exclude,E08,"Duplicate publication: same title/authors as record RC41D17900D05 (Thapa, Farid & Prevost, PAMSIMAS Indonesia governance study), differing only in year (2021 ProQuest, no DOI vs. 2022 Scopus, DOI 10.24294/jipd.v6i1.1380) and source database. Not caught by the search-phase DOI-match deduplication because the ProQuest record has no DOI. Treated as one underlying study per REPRODUCIBILITY.md S6 -- RC41D17900D05 (the final 2022 journal version, matching the uploaded full text) is the primary record.",
R2A00E8E9D49E,Improving First Nations water security through governance,Alcantara,2020,,https://onlinelibrary.wiley.com/doi/abs/10.1111/capa.12363,exclude,E05,"Full text confirms this is a theoretical/conceptual framework paper, not an empirical study. Authors state explicitly (p.171, Conclusion): 'we think it is useful to construct a fully developed theoretical framework prior to data collection' -- no original empirical evidence or analysis is presented anywhere in the article; illustrative examples (Mohawk Council of Akwesasne, Whitecap Dakota) are drawn from public secondary documents, not primary data collection or systematic empirical analysis.",
RD9FA1D5723A2,How a water trucking governance mechanism in the West Bank enhances equity and sustainability,Cesari G.; Johnson S.O.; Cancelliere G.; von Medeazza G.,2019,10.3362/1756-3488.18-00036,https://www.scopus.com/pages/publications/85080023476?origin=resultslist,exclude,E08,"Duplicate publication: same title/authors as record R6ABD0B221622 (Cesari et al., West Bank water trucking governance), differing only in year (2019 vs 2022) and DOI suffix (10.3362/1756-3488.18-00036 vs ...18-00036OA). Not caught by the search-phase DOI-match deduplication because the DOIs differ by the 'OA' (open-access) suffix Practical Action Publishing appends on final publication. Treated as one underlying study per REPRODUCIBILITY.md S6 -- R6ABD0B221622 (the final 2022 OA version, matching the uploaded full text) is the primary record; this record is cross-referenced to it.",
R80330A92E270,"Public Utility Ownership in 19th-century America: The ""Aberrant"" Case of Water","Masten, Scott E.",2011,,http://www.jstor.org/stable/41261735,exclude,E04,"Rigorous empirical study (373 US waterworks, 1890s, probit/IV regressions) but the outcome variable is utility ownership FORM (public vs. private), not any household-level access/connection/exclusion outcome. Examines transaction-cost/governance determinants of who owns a waterworks, not whether/how households get connected or excluded -- does not map onto PROJECT_SPEC.md S7's outcome hierarchy at all.",
