record_id,database,title,authors,year,doi,url,full_text_status,full_text_location,notes
RFDF7EA5FF09E,ProQuest,Public-Private Partnerships as a Policy Option for Water Supply and Sanitation Service Provision: The Case of Brazil,"Motta Nunes, Carlos",2026,,https://www.proquest.com/docview/3345866444?accountid=13598&bdid=165485&_bd=eB7S4WtjBJCN5HBkV5%2B0d9qoEhw%3D,not_retrievable,,No OA copy found via Unpaywall.
R44F4D16ABBEA,ProQuest,"Beyond the Tap: Water, Citizenship, and the Reimagining of American Democracy","Morales, Laura Joaquina",2026,,https://www.proquest.com/docview/3339782375?accountid=13598&bdid=165485&_bd=YL3vpZuo%2FYFZgNluFeLNCenIP2U%3D,not_retrievable,,No OA copy found via Unpaywall.
R1F93B54A2F6C,ProQuest,"The Infrastructure Equation: Water, Energy, and Community Policy for Georgia's Data Center Boom","Rogers, Mickey M; Ota, William M; Burola, Nathaniel; Piquado, Tepring",2026,,https://www.proquest.com/docview/3303275020?accountid=13598&bdid=165485&_bd=NignHlFJIxpQGJFfclBTDRZ4JWY%3D,not_retrievable,,No OA copy found via Unpaywall.
R4E4ABB0DA4F5,ProQuest,"Why Can't Africa's Resource Wealth Secure Water, Energy, and Food? The Critical Role of Inequality in the WEF Nexus","Yuan, Liansheng; Ibrahim, Ridwan Lanre; Alomair, Abdulrahman",2026,https://doi.org/10.1111/1467-8268.70056,https://www.proquest.com/docview/3355335895?accountid=13598&bdid=165485&_bd=yOw4q9v5AztuBLRBD0k4XizuBaI%3D,not_retrievable,,No OA copy found via Unpaywall.
RC2589236B62D,ProQuest,"Daily Water Management at Metropolitan San Salvador (El Salvador) Periurban Territories: Between ""Modern Water"" and Hybrid Practices","Poizat, Sandra Gutiérrez",2025,,https://www.proquest.com/docview/3346909093?accountid=13598&bdid=165485&_bd=3HLXCpMt%2BeCCopqyoA0%2FJiQA%2F7Y%3D,,,
RBF0EEF1CDA94,ProQuest,Pour un droit à l'eau effectif dans les Départements et Régions d'Outre-Mer. Interroger les modes de gestion de l'eau potable,"Nicault, Maëlle; Thébaux, Priscilla; Lallemand, Julien",2025,,https://www.proquest.com/docview/3214120162?accountid=13598&bdid=165485&_bd=OcogYeDltjYFHXdkJ%2FRZV%2BReEMg%3D,,,
RCD6962026C0A,ProQuest,Informal Practices in Settlement Buildings in Bekezela Johannesburg,"Mahlangu, Nolwazi Matseleng",2025,,https://www.proquest.com/docview/3372575505?accountid=13598&bdid=165485&_bd=hgXgbTqeyRGAniw%2FLyAbyyBd9tY%3D,,,
R6D818EF2492A,ProQuest,Sustainable Livelihood Strategies in the Midst of Service Delivery Discrepancies in Rural Areas of South Africa: 2015 - 2025,"Yende, Nsizwazonke E; Ntini, Edmore",2025,,https://www.proquest.com/docview/3234717204?accountid=13598&bdid=165485&_bd=YxHUyM2p5M8F5mcdO37hw8yfC6o%3D,,,
R22FCC752FA95,ProQuest,Linking variation in water democracy to system performance on the human right to water,"Dobbin, Kristin Babson; Fencl, Amanda; McBride, Justin",2025,https://doi.org/10.1038/s44221-025-00504-w,https://www.proquest.com/docview/3263253710?accountid=13598&bdid=165485&_bd=WqcF9MJe5hf307fQd4pazz0pQ3k%3D,,,
RD5A2F6A69ED8,ProQuest,"Understanding the Influence of Caste, Gender, and Religion in Community-Based Sanitation Programmes in Rural India","Mehta, Nikita",2025,,https://www.proquest.com/docview/3283378163?accountid=13598&bdid=165485&_bd=EhDiiRkjLXxHvuQldV3J5aRzu2I%3D,,,
R1261BA60DC49,ProQuest,"The Collapse of Developmental Local Government in South Africa with reference to Service Delivery, Corruption and Financial Lapses","Sebake, B K",2025,https://doi.org/10.31920/2634-3649/2025/v15n4a11,https://www.proquest.com/docview/3278912468?accountid=13598&bdid=165485&_bd=qeIol%2Bj4uR2iXxQiuNNmUXmu1qo%3D,,,
R2A63E76D009E,ProQuest,A Rawlsian perspective on water governance reform in South Africa,"Dube, Beatrice",2025,https://doi.org/10.31920/2753-3182/2025/v4n2a16,https://www.proquest.com/docview/3236094351?accountid=13598&bdid=165485&_bd=rDi92mlIeYK04S6mHtEkhmce3W8%3D,,,
RF50DA6E96710,ProQuest,Creative and Innovative Approaches to Engaging With Communities in Water Security in the Solomon Islands,"Kies-Ryan, Samantha",2025,,https://www.proquest.com/docview/3177937052?accountid=13598&bdid=165485&_bd=zQ9kkG3umuSt2hqQJRCq%2BIiPjf4%3D,,,
R96794C6736A8,ProQuest,"Examining Links Between Nature, Society and Modes of Sanitation in Kampala","Nakyagaba, Gloria Nsangi",2025,,https://www.proquest.com/docview/3222313876?accountid=13598&bdid=165485&_bd=0qzkCjy2ascd%2FkxzNu6lDtdFX3Q%3D,,,
R9CEE97D89C54,ProQuest,"Dealing With Our Crap, Literally and Metaphorically: Ecological Sanitation in the Context of Environmental Studies and Religion","Nahar, Sarah",2025,,https://www.proquest.com/docview/3375375752?accountid=13598&bdid=165485&_bd=sbDWoBx08C2mwBBD8pCNWBfCUWg%3D,,,
R708A63E184AE,ProQuest,Partnerships and Collaboration in Water Governance,"Elder, Alison",2025,,https://www.proquest.com/docview/3212575685?accountid=13598&bdid=165485&_bd=qtn7VQadbRD3dgFiwRIXTXHdINQ%3D,,,
R81C6FBA8C791,ProQuest,"Assessing and Integrating Socioeconomic and Demographic Factors in Rimac River Basin, Peru, Integrated Water Resources Management and Water Governance Achievements","Peña Philippides, Juan Carlos",2025,,https://www.proquest.com/docview/3204149110?accountid=13598&bdid=165485&_bd=xJMCEvMuJENHCKGulJ9A8GPOgpk%3D,,,
RB284B6C584B0,ProQuest,"Shaping a City: Municipal Housekeeping, Civic Activism, and Urban Environmentalism in Progressive Era Louisville Through the Women’s City Club","Malventano, Amy Justine Canon; Campbell, Tracy",2025,,https://www.proquest.com/docview/3260486985?accountid=13598&bdid=165485&_bd=qSivvKvAwV9Lzs56mHPCyqMyMfQ%3D,,,
R002547F1FB80,ProQuest,Essays on Human Decisions Related to Water Quality Problems in the United States,"Refulio Coronado, Sonia M.",2025,,https://www.proquest.com/docview/3247688703?accountid=13598&bdid=165485&_bd=pKOtKrf%2F9mU5htRqDtQQPyWzqsg%3D,,,
RCB553CF7160B,ProQuest,"Assembling the capacity to care in unequal waterscapes: insights from São Paulo, Brazil","Alexandre da Silva Faustino; Cooke, Benjamin",2025,https://doi.org/10.1080/00049182.2025.2602204,https://www.proquest.com/docview/3329880095?accountid=13598&bdid=165485&_bd=UtNtzJruphMy8TYvBg7fypKv5Sg%3D,,,
R74125D7B650D,ProQuest,Trends and Disparities in Contamination by Per- and Polyfluoroalkyl Substances in United States Community Water Systems,"Liddie, Jahred Marcus",2025,,https://www.proquest.com/docview/3216345746?accountid=13598&bdid=165485&_bd=E3TzMJ0TkyDum4gV4NNjW0EEXjU%3D,,,
RDF9117B5BD26,ProQuest,The Zambezi River Basin: Challenges of Transboundary Water Governance,"Denisova, T; Kostelyanets, S",2025,https://doi.org/10.20542/0131-2227-2025-69-11-96-107,https://www.proquest.com/docview/3308177844?accountid=13598&bdid=165485&_bd=Fz%2F6Uf8biBl4jSurkSJT8PZ0Zi4%3D,,,
RC94FAE19435A,ProQuest,Gendered exclusion in water governance in Afghanistan: insights from Herat province,"Faiaz, Nahideh; Giusti, Serena",2025,https://doi.org/10.1504/IJGSDS.2025.151390,https://www.proquest.com/docview/3299026133?accountid=13598&bdid=165485&_bd=lytw8%2FEps1NT%2FiHhSVcbI2kXkQs%3D,,,
RBCF65969CA4A,ProQuest,"Mussels and Megaprojects: A Landscape Approach to the Reproduction of Urban Inequality in Jakarta, Indonesia","Keller, Kirsten",2025,,https://www.proquest.com/docview/3234097100?accountid=13598&bdid=165485&_bd=r1CZ7VFTljqnegkq0W%2BZOcjETs4%3D,,,
R2EF19C86C363,ProQuest,Thumb on the Scale: Residents’ Access to Water Under Privatised Water Service Provision in California,"Wolfson, Oxana",2024,,https://www.proquest.com/docview/3166415424?accountid=13598&bdid=165485&_bd=AoN8K1xcpju92vhede5ztQs4F3k%3D,,,
R30DBB67F3325,ProQuest,Observatorio de la Gobernanza Multinivel del Agua y Saneamiento de Río Tambo (ORITAMBO),"Campos Acosta, Geovana Jacquelin; Vilchez Casas, Ludy Rossana; Palacios Fernández, Daniela María",2024,,https://www.proquest.com/docview/3313805217?accountid=13598&bdid=165485&_bd=0R64RDmoie%2FMMXSmpWkHXgwK%2FXM%3D,,,
R0EADB40410CF,ProQuest,Sustainable Provision of Water Services in the United States,"Hayek, Carolyn",2024,,https://www.proquest.com/docview/3037301884?accountid=13598&bdid=165485&_bd=%2FKgyY2EGcjblEE6VkQXw1GNo0Pg%3D,,,
R6BF40E4B213E,ProQuest,The Role of the Kgetlengrivier Citizens Group on the Administration of Water Services,"Eckard, Lourensa",2024,,https://www.proquest.com/docview/3196617378?accountid=13598&bdid=165485&_bd=vGTfjz4d9JlUFN5lZVTNXmx8hig%3D,,,
RDA995C67EB68,ProQuest,Challenges of Water Governance in Chris Hani District Municipality: Implications for Policy Development in South Africa,"Matsiliza, N S",2024,https://doi.org/10.31920/2634-3649/2024/v14n4a20,https://www.proquest.com/docview/3213663809?accountid=13598&bdid=165485&_bd=jclaIqZW3kQL%2FW0UNjtX0wWb19E%3D,,,
RB6FA86535665,ProQuest,La problématique du service de l’eau potable liée à la faible alimentation dans la région métropolitaine de Port-au-Prince : Cas de Baillergeau et de Croix Deprez de 2015-2020,"Petit-Noel, Guy Hansy",2024,,https://www.proquest.com/docview/3206327893?accountid=13598&bdid=165485&_bd=X0EDIt8uJ8mJtKKtNPWrKW%2B0NvM%3D,,,
RD759AB5F88A1,ProQuest,"Coproducing the State: Water, Power, and Citizenship in Venezuela","McMillan, Rebecca Jean",2024,,https://www.proquest.com/docview/3034147297?accountid=13598&bdid=165485&_bd=BdoboKraJMe4hsgHg7VDQ1rTTG0%3D,,,
RDB82D9D06612,ProQuest,A implementação do novo marco do saneamento nos municípios da região do Alto Irani,"Casal, Willian Batista",2024,,https://www.proquest.com/docview/3256768811?accountid=13598&bdid=165485&_bd=hqFBlEiGSBbZ3I%2BHD76oS%2FVyzmQ%3D,,,
R278A87A0A282,ProQuest,Water Governance and SDG 6 Achievability in Developing Countries: A Case Study in Somalia,"Farah, Sadia Isse",2024,,https://www.proquest.com/docview/3358687988?accountid=13598&bdid=165485&_bd=TXk9acKz%2F9CsMOeYTNaQIHHG1vo%3D,,,
RBF0431994DDD,ProQuest,Assessing the Current State of Municipal Water Infrastructure Maintenance: A Local Municipality Case-Study,"Lavhengwa, Vhaande Lucky",2024,,https://www.proquest.com/docview/3349101466?accountid=13598&bdid=165485&_bd=mswbGr1xnWx%2BsfogdF3hBdoulG4%3D,,,
R500470C1A1B0,ProQuest,Paving the way for reliable sanitation solutions in Gauteng municipalities,"Nama, Maseabata Joyce; Roux, Xanthe",2024,,https://www.proquest.com/docview/2975724216?accountid=13598&bdid=165485&_bd=uTwOW3%2FH5qZu8VpkzgvRZRvm5gA%3D,,,
RE32410E4151B,ProQuest,Construcción del modelo gobernanza del agua para el casco urbano del municipio de El Tarra-Norte de Santander,"Pallares Alvernia, Herney",2024,,https://www.proquest.com/docview/3176632285?accountid=13598&bdid=165485&_bd=NjNdDIuKp0SStW5Sn15PCUpsPyQ%3D,,,
RE07A5B3A53CD,ProQuest,"Essays on Industrial Organization, Environmental and Health Economics","Tojal Ramos dos Santos, Carolina",2024,,https://www.proquest.com/docview/3111423894?accountid=13598&bdid=165485&_bd=1mf6%2B8w7K%2BlGe2TXrNLK8K2a%2BL4%3D,wrong_file_retrieved,,"Database record is 'Essays on Industrial Organization, Environmental and Health Economics' (Tojal Ramos dos Santos, Carolina, 2024, ProQuest dissertation). The delivered PDF is a completely different dissertation: 'Essais en economie industrielle et economie de la sante' by Lea Bignon (Toulouse School of Economics, defended 10 July 2025, advisor Pierre Dubois), covering three chapters on pharmaceutical/health-insurance industrial organization (Continuous Glucose Monitors and the insulin market; Medicare Part D drug-tier design; biologic-drug learning-by-doing) -- different author, different institution, different year, and no environmental/water content whatsoever despite the target title's 'Environmental' component. Not screened. Not moved from the inbox. Needs re-retrieval of the correct Tojal Ramos dos Santos dissertation."
R61084FDE440A,ProQuest,Exploring the Efficacy of Service Delivery at Nyandeni Local Municipality in the Face of Maladministration from 2019-2024,"Nonkondile, Lizalise",2024,,https://www.proquest.com/docview/3370364996?accountid=13598&bdid=165485&_bd=6DqRL0diilc7fr7ZaWQotfBAko0%3D,,,
RDB6D435EA557,ProQuest,"Examining Water Efficiency Measures for Three- to Five-Star Graded Game Lodges and for Residential Beneficiation in Hammanskraal, South Africa","Mnguni, Simphiwe; Leonard, Llewellyn",2024,https://doi.org/10.3727/194344224X17241867871014,https://www.proquest.com/docview/3144045329?accountid=13598&bdid=165485&_bd=SLsbYGDRj9rHDLKlA3xIgtLJ2jY%3D,,,
R9E486C8741D1,ProQuest,"Assessing the Upgrading of Informal Settlement Programme in Johannesburg, South Africa: A Ten-Year Review (2014-2024)","Matsela, Motebang Daniel",2024,,https://www.proquest.com/docview/3272317743?accountid=13598&bdid=165485&_bd=nz1IIieAkumz1BKjqDMlfZnX1No%3D,,,
RA29149ECBCF3,ProQuest,"Innovative Frameworks for Urban Water Security: Bridging Gaps in Planning, Management, and Governance","Kushwaha, Vaishali",2024,,https://www.proquest.com/docview/3148714071?accountid=13598&bdid=165485&_bd=%2BJ5rP84QWRYGkvR0x77e7BcyFeQ%3D,,,
R52A6D0E64727,ProQuest,An Exploration of Water Demand Planning in South Africa in a Neoliberal Policy Context from 2004 to 2024,"Mukonavanhu, Tinashe; Nel-Sanders, Danielle",2024,https://doi.org/10.31920/2634-3649/2024/v14n4a14,https://www.proquest.com/docview/3213663824?accountid=13598&bdid=165485&_bd=1XZHCbOJ%2F5jwjv6mnqpRptw8Mig%3D,,,
R4E63AC50732E,ProQuest,Socio-Spatial Disparities in Environmental Health in the City of Johannesburg,"Nyangule, Zizipho",2024,,https://www.proquest.com/docview/3235009920?accountid=13598&bdid=165485&_bd=u8qG2RqRUeInnPBLuels0QNmd0o%3D,,,
RA910DCDB451B,ProQuest,Traditional Leadership and Rural Municipalities in South Africa: Conflicts and Alliances in Water Governance,"Tyhotyholo, Thembelani; Sonayena, Kenneth Nokele",2024,https://doi.org/10.31920/2634-3665/2024/v13n1a6,https://www.proquest.com/docview/3064054164?accountid=13598&bdid=165485&_bd=4uVl%2BYFlZfJe%2BBj3OKT65G%2FyZ3M%3D,,,
R5EDAB88CC052,ProQuest,(Des) governança da água e desastre: um estudo de caso sobre o rompimento da barragem da Lagoa da Conceição em Florianópolis,"Ikeda, Vinícius Yasuto",2024,,https://www.proquest.com/docview/3241399866?accountid=13598&bdid=165485&_bd=GkUAuEPtGDfFriA5zqFWNA6I5hQ%3D,,,
R79066FAE0A92,ProQuest,Beneath the Surface: Understanding Septic System Management in New York State Watersheds,"Gregg, Mackenzie E.",2024,,https://www.proquest.com/docview/3195716850?accountid=13598&bdid=165485&_bd=wpH0Vn2%2Bl62l35WdnyF6FMNBAGw%3D,,,
RDA8AED677E21,ProQuest,"The Utilisation of Solar-Powered Boreholes for Groundwater Supply: Addressing Water Scarcity in the Polokwane Municipality, Mankweng Cluster","Rasakanya, Meisie",2024,https://doi.org/10.36369/2616-9045/2024/v13i2a1,https://www.proquest.com/docview/3154360919?accountid=13598&bdid=165485&_bd=Oe54h6FuhX4nuitsg1FYYhXC5WE%3D,,,
R846961E73AF9,ProQuest,The Role of Municipal Decision-Making in Community Wellbeing in Times of Drought : A Case Study of Canada’s Sunshine Coast Regional District,"Camacho, Anna Gabriela Beltran",2024,,https://www.proquest.com/docview/3182055141?accountid=13598&bdid=165485&_bd=JjbOKqA6Rj45m9wqoGWwn3WvMY4%3D,,,
R024A1DA6ECCE,ProQuest,Residents’ Willingness to Participate in Domestic Sewage Treatment in Rural China: Application of a Multi-Stakeholder Perspective,"Jiao, Jian",2024,,https://www.proquest.com/docview/3132882112?accountid=13598&bdid=165485&_bd=5Zx18KhwXOgAcU5b1vyAR7Pf7hs%3D,,,
R65A92B9C6F3A,ProQuest,Weakness by design: neoliberal governance over mining and water in Chile,"Gentes, Ingo; Policzer, Pablo",2024,https://doi.org/10.1080/21622671.2022.2134196,https://www.proquest.com/docview/3119042013?accountid=13598&bdid=165485&_bd=IHUJzuYUQmiVKL6AvLBLWE58SxM%3D,,,
RDCA991502E5B,ProQuest,Derecho humano al agua: narrativa y consumo institucional de agua embotellada en seis ciudades mexicanas (2012-2018),"Germán Santacruz de León; Jacobo-Marín, Daniel",2024,,https://www.proquest.com/docview/3201752230?accountid=13598&bdid=165485&_bd=4N4dXP6LZMqO4SoIar9QNzgBGm0%3D,,,
R162B7F22CF42,ProQuest,Amplifying the Poverty-Alleviation Impacts of Water Infrastructure Investments in Sub-Saharan Africa,"Pu, Christine Jiarui",2024,,https://www.proquest.com/docview/3170694851?accountid=13598&bdid=165485&_bd=s2QIm4RNfIPowwon6IL1o7uKsUA%3D,wrong_file_retrieved,,"Google Drive/Antigravity retrieval delivered the wrong file: target record is 'Amplifying the Poverty-Alleviation Impacts of Water Infrastructure Investments in Sub-Saharan Africa' (Pu, Christine Jiarui, 2024), but the delivered PDF is an entirely different publication -- 'Drought tolerant maize for farmer adaptation to drought in sub-Saharan Africa: Determinants of adoption in eastern and southern Africa' by Monica Fisher, Tsedeke Abate, Rodney W. Lunduka, Woinishet Asnake, Yoseph Alemayehu & Ruth B. Madulu, Climatic Change (2015) 133:283-299, DOI 10.1007/s10584-015-1459-2 -- confirmed via full-text read (different authors, different journal, different year, unrelated topic: drought-tolerant maize adoption determinants, not water infrastructure). Not screened, not moved. Needs re-retrieval of the correct Pu 2024 article."
R0E9F299E7E3D,ProQuest,Cooperation in common property resource management: A group engagement approach,"Evans, Shoko; Ncube, Bongani",2024,https://doi.org/10.1080/14330237.2024.2371724,https://www.proquest.com/docview/3130499409?accountid=13598&bdid=165485&_bd=mMX3nVRw6TXeZoE9Mcok3KLEAvk%3D,,,
R4FFEFFA310FF,ProQuest,Analysis of Municipal Water Use in Urban Regions Across the Contiguous United States,"Dezfooli, Donya",2024,,https://www.proquest.com/docview/3148345443?accountid=13598&bdid=165485&_bd=vywmgEdNj%2BXoRNgeGEXDauqLU90%3D,,,
RA51355C1B279,ProQuest,"The Challenges of Sustainable Access to Potable Water in the Democratic South Africa : The Case of Madiba and Nqabeni Rural Areas, Eastern Cape","Mbana, Zenande",2023,,https://www.proquest.com/docview/3132878541?accountid=13598&bdid=165485&_bd=MxP%2F1kTFrxC%2FwBiBWSh77WFiPbs%3D,,,
RAB3C9C4166B1,ProQuest,Digitalisation and Datafication of Water Services and Infrastructure in Ghana,"Amankwaa, Godfred",2023,,https://www.proquest.com/docview/3245651184?accountid=13598&bdid=165485&_bd=YuNjZwS2BuDpC57bpcTKRJo1M3c%3D,,,
RC522177452BE,ProQuest,The Role of e-Government in Improving Water Delivery and Sanitation Services in Buffalo City Metropolitan Municipality,"Butana, Vulikhaya",2023,,https://www.proquest.com/docview/3132878733?accountid=13598&bdid=165485&_bd=InbA5QFx6bJv66DAghwX1UIDSXM%3D,,,
R1691BCE2C5CD,ProQuest,"Evaluation of an Urban Water Kiosk Pilot Program in Freetown, Sierra Leone on the Bases of Functionality, Effectiveness, and Replicability","Falcone, Matthew S.",2023,,https://www.proquest.com/docview/2860487307?accountid=13598&bdid=165485&_bd=5W1WoyfMiVPHsQdBKjCAElZqvpU%3D,,,
R29589338AB01,ProQuest,An Analysis of Financial Administration of Municipal Infrastructure Grant in or Tambo District Municipality With Reference to Water and Sanitation,"Aseza, Pongco",2023,,https://www.proquest.com/docview/3224596688?accountid=13598&bdid=165485&_bd=%2FE44jkZt%2FOuoT%2BOnKkVccqVAFBc%3D,,,
R341B600F1AA0,ProQuest,The Legislative and Governance Framework of Wastewater in Malaysia,"Muhammad Nazrin Harith Bin Mohd Mahyudin; Kamaruddin, Hanim; Hassan, Muhamad Sayuti",2023,https://doi.org/10.35609/jber.2023.8.3(1),https://www.proquest.com/docview/3340970059?accountid=13598&bdid=165485&_bd=1Z7L%2BbJ%2BYpHUWwRT1pWiv%2F8gP50%3D,,,
RF954B52279D6,ProQuest,"AT THE FRONTIER OF WATER CONSERVATION: ATTENDING TO RELATIONSHIPS, VALUES, AND PRACTICES FOR INCLUSIVE INFRASTRUCTURE","Radonic, Lucero",2023,,https://www.proquest.com/docview/2865402058?accountid=13598&bdid=165485&_bd=rT0kjb1Fc%2FGGbTH3GkWycTgdJbw%3D,,,
R1C05E6CC38E3,ProQuest,UNEQUAL TERRITORIES AND WATER ACCESS POLICIES IN THE BRAZILIAN NORTHEAST,"Santana, Mario Rubem Costa; Rocha, Altemar Amaral; Santos, Mateus Costa; de Alcantara, Fernanda Viana; Lisboa, Acssuel de Sousa; Oliveira, Crislane da Silva",2023,https://doi.org/10.24857/rgsa.vl7n9-026,https://www.proquest.com/docview/3052811553?accountid=13598&bdid=165485&_bd=ofOaL32BTZX5HBxrr%2BvhuRbJcsM%3D,,,
R2A9AE8845B0B,ProQuest,Three Essays on Education Outcomes and Institutions,"Kouame, Cristelle Alexandra A.",2023,,https://www.proquest.com/docview/2815168056?accountid=13598&bdid=165485&_bd=0FDDuX2G8vT77J2qNFWMnp3bzrY%3D,,,
R0AD017809DBB,ProQuest,"One District, One Approach, One Budget, One Plan: Understanding District Development Model as an Initiative for Improving Service Delivery and Socio-economic Development in South Africa","Mamokhere, John; Kgobe, France Khutso Lavhelani",2023,,https://www.proquest.com/docview/2878458267?accountid=13598&bdid=165485&_bd=WEeRfyC2C9dViS%2B%2FcgamApzJhA8%3D,,,
RC394C0D56B1D,ProQuest,"Draining Detroit Municipal Wastewater Management and the Socionatural Reproduction of Racial Capitalism in Southeast Michigan, 1945-2020","Van Lier, Nicole Catherine",2023,,https://www.proquest.com/docview/2889867704?accountid=13598&bdid=165485&_bd=6YopPCcHdUj8B9UuAC4dwwL9V5U%3D,,,
R5423B2553ABE,ProQuest,Questioning the Practice of Corruption in the Attainment of the Selected Sustainable Development Goals (SDGs) in South Africa,"John, Mamokhere; Nhlamulo, Mabunda",2023,,https://www.proquest.com/docview/2878451283?accountid=13598&bdid=165485&_bd=qjO%2FC00BCZ1JUh50kjSa4IEFz4g%3D,,,
RA9D96B9BDDDB,ProQuest,"Women’s Claims to Water in a Global City: Race, Scarcity, & Violence in Cape Town","Denny, Julia",2023,,https://www.proquest.com/docview/2883994125?accountid=13598&bdid=165485&_bd=DnpGLmpiS76UBIjn70MHXcKuAOk%3D,,,
RB54E6DEA3BC1,ProQuest,O Novo Marco do Saneamento Básico Como Parte do Processo de Mercantilização das Águas no Brasil,"Lazzeres, Daniele De Oliveira",2023,,https://www.proquest.com/docview/3370367816?accountid=13598&bdid=165485&_bd=A7Ty91HOlI6EU%2Bn1WXsRyT7o7bQ%3D,,,
RCCB8049AC28D,ProQuest,A Definition of Reliable Water Supply for Public Water Systems,"Hopkins, Easton",2023,,https://www.proquest.com/docview/3143979509?accountid=13598&bdid=165485&_bd=OCmve1LZrrdTiUIJb1E04RA3yWo%3D,,,
R753DD4C45E5E,ProQuest,A governança dos recursos hídricos e a legislação das águas no munícipio de Blumenau - SC,"Nunes, Odacira",2023,,https://www.proquest.com/docview/3218845262?accountid=13598&bdid=165485&_bd=heXD8pwssz60%2FMatk7gOA6ADBZU%3D,,,
R53B0A20B37BE,ProQuest,"Living with Crisis: Family, Labor, and Environment in Flint, Michigan","Sobrino, Elena",2023,,https://www.proquest.com/docview/2919362377?accountid=13598&bdid=165485&_bd=%2F%2FLykMPKXpO49pzmOZm4CB9j2EY%3D,,,
R198209A1D839,ProQuest,First in Time: The Place of Tribes in Governing the Colorado River System,"McKinney, Matthew; Weiner, Jay; Vigil, Daryl",2023,,https://www.proquest.com/docview/2865573043?accountid=13598&bdid=165485&_bd=%2F0xGJpelo8I6In8iLjgZzkpWkUk%3D,,,
R595EA673F5EF,ProQuest,"Burn to harvest, burn to sabotage: Between fire and water on a sugar plantation in Madagascar","Zhang, Mingyuan",2023,https://doi.org/10.1111/aman.13811,https://www.proquest.com/docview/2785665420?accountid=13598&bdid=165485&_bd=WsVVAMEr0LDEko8K%2ByhKmmk8hQc%3D,,,
R9DF9434E2D9D,ProQuest,Economic Analyses of Policies for Household Water Services in Metro Manila,"Lamberte, Albert E.",2022,,https://www.proquest.com/docview/2723853756?accountid=13598&bdid=165485&_bd=MFIbIsTqdq5dbnkVpdmNdCnoClQ%3D,,,
R6591D0EDB6DC,ProQuest,"Infrastructure Policy Making at the Local Government of the West Bank, Palestine: Case Study of the Water Sector","Qawasmeh, Feras Ali Hasan",2022,,https://www.proquest.com/docview/3169104213?accountid=13598&bdid=165485&_bd=plEFz87eeGg8zkks%2FoXfMZWyx%2BE%3D,,,
RFF5921638726,ProQuest,Revenue Patterns of Piped Water Services in Rural Africa,"Armstrong, Andrew",2022,,https://www.proquest.com/docview/2833765815?accountid=13598&bdid=165485&_bd=JejHXSE9LOZlZAZn9Vh5CTHtptk%3D,,,
RD194E0B10486,ProQuest,The Effects of Stakeholder’s Involvement on Performance of Public Authorities in Delivering Water Services in Tanzania: Lesson from Dawasa,Taussi Ally Nyambitta; Mohamed Habibu Mohamed,2022,,https://www.proquest.com/docview/2754825482?accountid=13598&bdid=165485&_bd=AGI1oOIaZvAaKgxO2ki3hFd8X2E%3D,,,
RF4D1C04A810D,ProQuest,Who Governs Johannesburg Water?: An Actor-Network Reading of Water Services Governance in the City of Johannesburg (2000-2018),"Mushongera, Darlington",2022,,https://www.proquest.com/docview/3161872283?accountid=13598&bdid=165485&_bd=6mu4plcTMN6BCOwBEmfZNA1D%2BEE%3D,,,
RE99696ED8BA5,ProQuest,The Worth of Water: Evaluating Interventions to Achieve Financially and Operationally Sustainable Urban and Rural Water Systems in Low-Income Settings,"Libey, Anna Kathryn",2022,,https://www.proquest.com/docview/2672763826?accountid=13598&bdid=165485&_bd=KaGTbRf2AAZAqcFdQ1qrG%2Bl1y7k%3D,,,
R433871963AD6,ProQuest,Coping Strategies and Health Implications of the Urban Poor in the Face of Limited Water and Sanitation Services: The Case of Caledonia in Harare Zimbabwe,"Samhokore, Ambrose",2022,,https://www.proquest.com/docview/3224570062?accountid=13598&bdid=165485&_bd=1aaJr6acWlNkPYvU0qpvPJsPl90%3D,,,
R43B059E52C49,ProQuest,Essays on Water Utility Quality and Access,"Spink, Elizabeth",2022,,https://www.proquest.com/docview/2680998013?accountid=13598&bdid=165485&_bd=63EbkTb5ttN1NcrfzT6Wjc%2BiTP0%3D,,,
R9574CF1015C3,ProQuest,"Water Governance in Urban Informal Settlements: An Infrastructure Lens Perspective on Mukuru, Nairobi and Kya Sands, Johannesburg","Ngunjiri, Irene Wanjiru",2022,,https://www.proquest.com/docview/3161873938?accountid=13598&bdid=165485&_bd=mExBFZQSa%2FXT5hALhhDOHQ86DoI%3D,,,
R09137E1E91C7,ProQuest,Housing and Water Insecurity in Nairobi’s Informal Settlements,"Joshi, Nupur Nitin",2022,,https://www.proquest.com/docview/2702629596?accountid=13598&bdid=165485&_bd=jGQjbAEqmdGUL7SgsOdpOlMlU4o%3D,,,
RFE91C1FF6673,ProQuest,Análise da cobertura de saneamento – caso de estudo: Concelho de Sintra,"Filipe, Bruna Alexandra Rodrigues",2022,,https://www.proquest.com/docview/3085102649?accountid=13598&bdid=165485&_bd=Xm%2BQ9JCHCe6avfxod%2BwNFTTdgqE%3D,,,
RF18512D78495,ProQuest,Disordering Capital: The Politics of Business in the Business of Water Provision,"Cruxên, Isadora Araujo",2022,,https://www.proquest.com/docview/2784051873?accountid=13598&bdid=165485&_bd=iQfiRNwD4nubHo%2Fe6KjR1UPnFds%3D,,,
R9A4CB3FBB052,ProQuest,"Capacidades Institucionales de Organismos Locales Reguladores de Servicios Públicos Concesionados, el Caso del Sistema Operador de Los Servicios de Agua Potable y Alcantarillado del Municipio de Puebla (SOAPAP)","Hernández, José Antonio Clara",2022,,https://www.proquest.com/docview/2778643474?accountid=13598&bdid=165485&_bd=v1pDBSboDYqnubGwndoM6fOdVHI%3D,,,
RB984917945E7,ProQuest,An Inquiry Into North Carolina's Water Affordability Crisis,"Griffin, Judson Douglas",2022,,https://www.proquest.com/docview/2725276508?accountid=13598&bdid=165485&_bd=B5tspjB4qW8J8JfvjXgz8N8qPyA%3D,,,
R29A4CD6FD367,ProQuest,Essays on Measuring Urbanization and Infrastructure Service Levels,"Onda, Kyle",2022,,https://www.proquest.com/docview/2759009024?accountid=13598&bdid=165485&_bd=4aSMLpNN8vNmAwQiSE6to8D3Lb0%3D,,,
R33BE18F9D40F,ProQuest,Breaking the Breakdown Norm: Analyzing Contextual and Operational Drivers of Maintenance Provision for Rural Water Infrastructure in Uganda,"Cord, Caleb Ryan",2022,,https://www.proquest.com/docview/2667826283?accountid=13598&bdid=165485&_bd=zKA%2FgDUnAJjTortWZntIVjsoFQ0%3D,,,
R52C7515A9FCF,ProQuest,"Everyday Life and Infrastructures: Situating Water and Sanitation Access Challenges in Lilongwe, Malawi","Vidal, Cecilia Alda",2022,,https://www.proquest.com/docview/2861361578?accountid=13598&bdid=165485&_bd=IHxW1og42%2FRIfX2%2BvMtvOdwKrrg%3D,,,
RA96DECD2A263,ProQuest,Water governance in two urban African contexts: agency and action through participatory video,"Tremblay, Crystal; Harris, Leila M",2022,https://doi.org/10.14324/RFA.06.1.04,https://www.proquest.com/docview/3259005747?accountid=13598&bdid=165485&_bd=Shsfmu3gpqsjdigMS1DKTWAi7VU%3D,,,
R5E904D875455,ProQuest,"New Pipes, Old Ways: Water Infrastructure Failure, Power, and the State in Nigeria","Adéníran, Adégbóyèga Benedict",2022,,https://www.proquest.com/docview/2787193841?accountid=13598&bdid=165485&_bd=EymVYh8ryHwMTPZTv5D6hYTfDqM%3D,,,
R18840989A24B,ProQuest,"Too Much, Too Little, Too Dirty : the Evolution of Water Risks and Governance in Guwahati, India","Fanaian, Safa",2022,,https://www.proquest.com/docview/2861162874?accountid=13598&bdid=165485&_bd=GkuJLMh9gLFgDAzU839UJrq1JBw%3D,,,
R3C9BD0E0108D,ProQuest,"Domination, Bargaining, or Control over Their Lives: Inclusion of the Urban Poor in Dhaka, Bangladesh","Khan, Rasheda Rawnak",2022,,https://www.proquest.com/docview/2624656938?accountid=13598&bdid=165485&_bd=S7htgZ%2BXzO25kdPzqQcsS6q9K1g%3D,,,
RDC7EE1CA8624,ProQuest,"Exploring the Challenges and Solutions of Ageing Potable Water Infrastructure in Gwanda Town, Matabeleland South, Zimbabwe","Sibanda, Wishes",2022,,https://www.proquest.com/docview/3224596757?accountid=13598&bdid=165485&_bd=azctofAWBcygMfEr52FcknVDuOs%3D,,,
R464E25B43823,ProQuest,Household Water Practices in a Rapidly Urbanising City : Implications for the Future of Potable Water in African Lower-Middle Income Countries,"Maiyanga, Emmanuel Ilebaye",2022,,https://www.proquest.com/docview/2761055982?accountid=13598&bdid=165485&_bd=QBRPHbNRXjtjMc3LxLyQxpb7Qe0%3D,,,
RF5D03D33F705,ProQuest,"A Systematic Review of Climate Change, Water Security, and Conflict Potentials in Kwazulu-Natal Province, South Africa","Hosea, Olayiwola Patrick",2022,https://doi.org/10.31920/2516-5305/2022/19n1a6,https://www.proquest.com/docview/2652556392?accountid=13598&bdid=165485&_bd=umYkvRRyuDfnU1w%2F7ogZyZHRKLY%3D,,,
R5CBC8D5ADFDD,ProQuest,Advancing the Implementation of Protective Measures for Drinking Water Sources in Sweden,"Gärtner, Nadine",2022,,https://www.proquest.com/docview/2786896628?accountid=13598&bdid=165485&_bd=yaak99TWhiqaF%2BELl6DDe1SCYG4%3D,,,
R48483CC67027,ProQuest,"Sensors, Circuit Riders, and Community-Managed Passive In-Line Chlorinators: Evidence for Improved Access to Safely Managed Drinking Water in Rural Central America","Lindmark, Megan",2022,,https://www.proquest.com/docview/2774117891?accountid=13598&bdid=165485&_bd=2ip5suFBJ%2FPn31BcCv9aVxLBiBw%3D,,,
RABA719A05C20,ProQuest,Considerations for the Safe Removal of Greywater from South African Informal Settlement,"van Reenen, Wihann",2022,,https://www.proquest.com/docview/3132878478?accountid=13598&bdid=165485&_bd=TKc8RbZKqMM8QAPWfegWEYikdlg%3D,,,
R8DCCF115451D,ProQuest,Localising SDG11 and Focusing on Sustainable Service Delivery Practices: A Case Study of eThekwini Metropolitan Municipality,"McGahey, Andrea",2022,,https://www.proquest.com/docview/3152298895?accountid=13598&bdid=165485&_bd=nQtX8QL2kg5YefwjXpGeS72kydo%3D,,,
R4329413D7FE2,ProQuest,"Developing a Place-Centred Approach to Sustainable Development Solutions for Namatala Slum, Mbale Municipality, Uganda","Manana, Mary Nyanjuki Gichuk",2022,,https://www.proquest.com/docview/2778643335?accountid=13598&bdid=165485&_bd=2ZurNe0BOw9czFjVmS1sp1Ray7s%3D,,,
RAAB52065C503,ProQuest,Peran Pemerintah Daerah Dalam Penyusunan Rancangan Peraturan Daerah di Kabupaten Jepara (Studi Kasus Terhadap Ranperda Perusahaan Umum Daerah Air Minum),"Widjayanti, Galuh Sekar",2022,,https://www.proquest.com/docview/2787193010?accountid=13598&bdid=165485&_bd=VmwF8wFeysW2Sn2vllra9C5tdLw%3D,,,
R9F989C5DDCD0,ProQuest,"Urbanisierung, Klimawandel und Wasser-Governance im Transhimalaya","Dame, Juliane; Müller, Judith; Schmidt, Susanne; Nüsser, Marcus",2022,,https://www.proquest.com/docview/2647308520?accountid=13598&bdid=165485&_bd=gEGuV84G0aPe41VDyXJOHUiQ%2BhY%3D,,,
R700766001630,ProQuest,"Civic Engagement Mechanisms for Domestic Water Service Delivery at Kondoa District Council, Tanzania","Anselmi, Benedict",2021,,https://www.proquest.com/docview/3224572863?accountid=13598&bdid=165485&_bd=KxxqwK79F79jF%2B%2FSTy5vHc5GoPM%3D,,,
R3C3BC814100C,ProQuest,A Mixed Methodology for the Assessment and Planning of Public Systems for Drinking Water and Sanitation Service: Learning from Local Systems to Achieve Change at a Larger Scale,"Huston, Angela",2021,,https://www.proquest.com/docview/2652595098?accountid=13598&bdid=165485&_bd=UTPaTlRN7bSDV67YMFVdUi3unkY%3D,,,
RA62BAA92506A,ProQuest,Financing Municipal Water and Sanitation Services in Nairobi’s Informal Settlements,"Coville, Aidan; Galiani, Sebastian Franco; Gertler, Paul J; Yoshida, Susumu",2021,,https://www.proquest.com/docview/2585986210?accountid=13598&bdid=165485&_bd=GnKtOkLA8Rp4Re%2FuUYNqcBrl8jY%3D,,,
REF280439CC94,ProQuest,The Effects of Public Sector Corruption on Fiscal Decentralisation and Water and Sanitation Service Delivery,"Ntoyapi, Msimelelo",2021,,https://www.proquest.com/docview/3161871485?accountid=13598&bdid=165485&_bd=gVzn0ok0Ahqv1LxfsDoaqijYfdg%3D,,,
R68DF51EE78C4,ProQuest,The Philippine Local Water Sector: Institutional Issues in Supply Governance,"Velasco, Lawrence G; Diokno-Sicat, Charlotte Justine; Castillo, Angel Faye G; Maddawin, Ricxie B",2021,,https://www.proquest.com/docview/2672786860?accountid=13598&bdid=165485&_bd=TuDPfLSyHR4KHh2j31aSUIJRvec%3D,,,
R96101DB975CB,ProQuest,"Informality in Urban Water Systems: Affordability, Energy-Water Nexus and Social Network Aspects in Beirut, Lebanon","Choueiri, Yasmina",2021,,https://www.proquest.com/docview/2637143510?accountid=13598&bdid=165485&_bd=cX6HGepdK7%2BkLz%2B8Ph5qlmN9oMs%3D,,,
R430CCDE976C8,ProQuest,The Politics of Local Service Provision in the United States,"Hansen, Kathleen",2021,,https://www.proquest.com/docview/2540545779?accountid=13598&bdid=165485&_bd=dIq2LruNmK%2B83wIQ7ktnGWqw8qw%3D,,,
RB79A6CD110F1,ProQuest,"Thirsty Cities: Role of Water Markets, Regulations and Competition","Mukherjee, Maitreyee",2021,,https://www.proquest.com/docview/3143979868?accountid=13598&bdid=165485&_bd=9E8a%2BBaWQAzFMYVDuxGXnO5W41c%3D,,,
RD489E4AC4DEE,ProQuest,Collaboratively Strengthening Water and Sanitation Systems in Low-Income and Weak-Governance Contexts,"Pugel, Kimberly",2021,,https://www.proquest.com/docview/2619237805?accountid=13598&bdid=165485&_bd=wqTtjU5JOo65LApeBfkeMsiW4q8%3D,,,
R256F56CAA65E,ProQuest,The Capacity of Eastern Cape Governance in a Post-Apartheid Era: Service Delivery in Schools,"Magwaca, Onela Nolwandle",2021,,https://www.proquest.com/docview/3161871900?accountid=13598&bdid=165485&_bd=tAj0YpXjVCW4JMWxU5A5YhUFy%2Fo%3D,,,
RAC011418EF02,ProQuest,A review of the design and implementation of Ghana's National Water Policy (2007),"Josephine Frimpong *; Adamtey, Ronald; Pedersen, Anders Branth; Wahaga, Esther; Jensen, Anne; Obuobie, Emmanuel; Ampomah, Ben",2021,https://doi.org/10.2166/wp.2021.042,https://www.proquest.com/docview/2592753032?accountid=13598&bdid=165485&_bd=ilqJBim6dr%2Bzbrq6c5LWyGIOyVo%3D,,,
R3DA90E060AD7,ProQuest,Community Water Governance for Sustainable Local Development in Northern Ghana,"Bazaanah, Prosper",2021,,https://www.proquest.com/docview/2723855858?accountid=13598&bdid=165485&_bd=RkMxZWxM3tvfYCVhOKkvzKRoRSk%3D,wrong_file_retrieved,,"Google Drive delivery (2026-09-27) does not match this record: target is 'Community Water Governance for Sustainable Local Development in Northern Ghana' (Bazaanah, Prosper, 2021), but the PDF delivered was Pranab Bardhan (2002), 'Decentralization of Governance and Development,' Journal of Economic Perspectives 16(4):185-205 -- confirmed via full-text read of the delivered PDF's title page and running header. Wrong journal, wrong year, wrong author, wrong country focus (general cross-national decentralization theory, not Ghana). Not screened. Needs re-retrieval of the correct Bazaanah 2021 article."
R97EDB51E8FE5,ProQuest,"Planning the Urban Futures of a Small City and Its Rural Past: Governance and Water Infrastructures in Tiruppur, India","Subramanyam, Nidhi",2021,,https://www.proquest.com/docview/2581757116?accountid=13598&bdid=165485&_bd=3NP6%2B6wT%2Fo1S%2F0BR%2FDGsegeTSQk%3D,,,
RF2016CFF7672,ProQuest,Exploring America's Water Crisis: Austerity Urbanism and Narratives of the Financialization of Black-Majority Cities,"Phinney, Sarah",2021,,https://www.proquest.com/docview/2796774199?accountid=13598&bdid=165485&_bd=wAA%2Fyg27YsHb8np4I7xKRl1g14M%3D,,,
R061246D9E7F9,ProQuest,Public Policies In the Water Sector: Water Safety Plans as Tools for Risk Assessment,"Roeger, Alexandra Suzana Abreu de Faria Carvalho",2021,,https://www.proquest.com/docview/2778642710?accountid=13598&bdid=165485&_bd=5tbd9VQDPtWJ2AMFSzsW4zdORcQ%3D,,,
R0E2185869587,ProQuest,"Inter-Basin Transfers, Ancient Ingenuity, Water Justice? Assessing the Impacts of the Melamchi Water Supply Project in the Kathmandu Valley, Nepal","Sepaniak, Stephen A.",2021,,https://www.proquest.com/docview/2572612090?accountid=13598&bdid=165485&_bd=bAmSqZ4WvVcstl6MtwbVY%2BdYeGY%3D,,,
R1FBDC1E718F8,ProQuest,The Health Impacts of Water Insecurity in U.S. Colonias,"Patwoary, Nargish Sultana",2021,,https://www.proquest.com/docview/2616374728?accountid=13598&bdid=165485&_bd=YvUmvz5obPjSYsQRNrzCdNYcnR8%3D,,,
RE56DE2805B9C,ProQuest,Scarcity and the State in the Midst of Climate and Economic Crises: Governing Water in India,"Fernandes, Leela",2021,https://doi.org/10.1080/07393148.2021.1995821,https://www.proquest.com/docview/2606730344?accountid=13598&bdid=165485&_bd=l0wSq2N3bgOsxFDukrCPHKVwL6s%3D,,,
RB662C981EA15,ProQuest,"Safe and Affordable Drinking Water for Sources Impaired by Harmful Algal Blooms: Clear Lake, California","Kennard, Rachel A.",2021,,https://www.proquest.com/docview/2598010842?accountid=13598&bdid=165485&_bd=udGnCkuka9LqxtCUEFEEdUHsTVA%3D,,,
R03FCE2E0674E,ProQuest,Has the vision of a gender quota rule been realized for community-based water management committees in Kenya?,"Hannah, Corrie; Giroux, Stacey; Krell, Natasha; Lopus, Sara; McCann, Laura E; Zimmer, Andrew; Caylor, Kelly K; Evans, Tom P",2021,https://doi.org/10.1016/j.worlddev.2020.105154,https://www.proquest.com/docview/2486192814?accountid=13598&bdid=165485&_bd=LK1kClsC3lBxz1z3Y8LvarA7uq4%3D,,,
R59D2F16053BB,ProQuest,COMPLIANCE WITH GROUNDWATER INSTITUTIONS IN NJOMBE DISTRICT TANZANIA,"Gudaga, J L; Kabote, S J; Malisa, E T",2021,,https://www.proquest.com/docview/2578202332?accountid=13598&bdid=165485&_bd=UTAnPRbFV%2FvZpfKpYHY90Z0ZpJg%3D,,,
R942BE38B6EE0,ProQuest,Legacies and new obstacles for an inclusive water governance: the California experience,"de Oliveira, Alberto",2021,,https://www.proquest.com/docview/2619673299?accountid=13598&bdid=165485&_bd=UbChaXFCSo8qQsv7JBhnZtEDCv4%3D,,,
RE304238C32B7,ProQuest,Between Principles & Power: Water Law Principles & the Governance of Water in Post-Apartheid South Africa,"Klug, Heinz",2021,https://doi.org/10.1162/daed_a_01881,https://www.proquest.com/docview/2582436120?accountid=13598&bdid=165485&_bd=hhM2071f3aFNYK4bVcb6XaFfkVU%3D,,,
R3A22CC776E0C,ProQuest,"Agua que sobra, agua que falta. Las fuentes públicas y la sociabilidad del agua en la ciudad de México, 1770-1818","López Mora, Rebeca",2021,https://doi.org/10.24201/HM.V71I2.4343,https://www.proquest.com/docview/2619120214?accountid=13598&bdid=165485&_bd=5tCb%2Fk6t9dSSHBGEmthz57PxYww%3D,,,
R08432C1433E1,ProQuest,El derecho humano al agua: una deuda del estado con la población panameña,"Díaz-Ríos, Tomás",2021,https://doi.org/10.15359/rldh.32-2.6,https://www.proquest.com/docview/2597849067?accountid=13598&bdid=165485&_bd=Pj0vx%2FYbDaAT7DzFl0Ztpa0N1i8%3D,,,
RF6BBAB3B715A,ProQuest,"Sanitation Services in the Northern Fringe of City of Tshwane Metropolitan Municipality: The Case of Ga-Rankuwa, Mabopane, Temba and Winterveld Townships","Mashiane, Martha Pekane",2020,,https://www.proquest.com/docview/3224598057?accountid=13598&bdid=165485&_bd=PNlagOtqnMSP%2BAThJ0M9RhAWn%2Fo%3D,,,
RF25B3781B68F,ProQuest,Financing Municipal Water and Sanitation Services in Nairobi’s Informal Settlements,"Coville, Aidan; Galiani, Sebastian; Gertler, Paul; Yoshida, Susumu",2020,,https://www.proquest.com/docview/2586579517?accountid=13598&bdid=165485&_bd=O7yXxPUw6SYFIyPhl7Nv%2FyzpWbQ%3D,,,
RD6989A348540,ProQuest,(Re)construir servicios públicos frente a la gobernanza neoliberal: prácticas de sistemas asociativos en torno al agua en las comunidades urbanas pobres de Metro Manila,"Manahan, Mary Ann; Villanueva, Enrique; Alegado, Joseph Edward",2020,https://doi.org/10.15366/relacionesintemacionales2020.45.009,https://www.proquest.com/docview/2483108958?accountid=13598&bdid=165485&_bd=v1oMWEIKHQUVti9%2BiO9KhF1TGFY%3D,,,
REBE5D87F4863,ProQuest,Rural Water Governance in the Mopani District Municipality,"Rikhotso, Nhluvuko Mark",2020,,https://www.proquest.com/docview/2522610350?accountid=13598&bdid=165485&_bd=2VdDYm81OJfiS%2B73h%2By2wbHkicY%3D,,,
RB16C44026722,ProQuest,Reports of Missing Persons in Innovation and Infrastructure to Achieve Water and Sanitation for All,"Hyun, Christopher Yoonchul",2020,,https://www.proquest.com/docview/2510206545?accountid=13598&bdid=165485&_bd=Z1VUul%2BM%2Biof4iTfry%2B2Fz%2BmShA%3D,,,
R13BB56FEF2D1,ProQuest,El derecho humano al agua en España en el contexto europeo (2010-2020). Implicaciones para las políticas y los modelos de gestión del ciclo urbano,"García, Ángela Lara; Ituarte, Leandro Del Moral",2020,https://doi.org/10.15366/relaaonesintemaaonales2020.45.014,https://www.proquest.com/docview/2483121199?accountid=13598&bdid=165485&_bd=2m3G79CrlpYz%2F%2B5uIjfeoJ9BpfA%3D,,,
RD27904846B58,ProQuest,Determinants of Water Source Choice in the Slums of Kampala: A Spatial and Institutional Analysis,"Nanteza, Rachel",2020,,https://www.proquest.com/docview/2442521457?accountid=13598&bdid=165485&_bd=6ugwPgd3HEDNA%2BYv%2FO1%2FiYWcbj4%3D,,,
RDFCF5EEB6D4C,ProQuest,"Water Governance in the SDG Era - An Analysis of National Commitments to Water, Sanitation, and Hygiene","Schiedek, Leonie",2020,,https://www.proquest.com/docview/2420850814?accountid=13598&bdid=165485&_bd=%2BZBCN7ZBpQOXQt11pOvz1Qih95w%3D,,,
R058C9273C2A0,ProQuest,Socio-technical Transitions in the Water Sector: Emerging Boundaries for Utility Resilience in Barbados,"Isaacs, Wainella N.",2020,,https://www.proquest.com/docview/2437977646?accountid=13598&bdid=165485&_bd=nkr50%2BDZ2hJmPXFqys9z8rAMoCk%3D,,,
R155835EF1B8F,ProQuest,"Variables Influencing Service Delivery in Protea Glen, Johannesburg","Kemp, Mamorwadi Julia",2020,,https://www.proquest.com/docview/2521066791?accountid=13598&bdid=165485&_bd=zVI0pFCnMk9Lvio7Ifjx%2B4tJK3s%3D,,,
RD307D2A10430,ProQuest,"What Makes Rural Water Systems Sustainable? : Meta-Analysis, Determinants, and the Empirical Impacts of a Large-Scale Wash Program in Nicaragua","Borja-Vega, Christian",2020,,https://www.proquest.com/docview/2559149741?accountid=13598&bdid=165485&_bd=TZYCd%2FLw3fkw3726tjeEVHlrCHs%3D,,,
R76F75BE321C2,ProQuest,"What Makes People Satisfied with Local Government Service Delivery: An Empirical Investigation in the Context of West Bengal, India","Samanta, Debabrata; Nayak, Narayan Chandra",2020,,https://www.proquest.com/docview/2621322914?accountid=13598&bdid=165485&_bd=Wv2gOI7VuFdtlylgZQoH0iV4tFw%3D,,,
R8C3B9336EE53,ProQuest,"Governance of Water, Sanitation and Hygiene (WASH) in South Africa and Associations with Nutritional Status in Children Between Birth and One Year of Age","Momberg, Douglas J",2020,,https://www.proquest.com/docview/3161871822?accountid=13598&bdid=165485&_bd=W34dCoOXNcCrRNOOcKD%2FRSgiR%2FU%3D,,,
R53EBEDE9C17E,ProQuest,"An Ethnography of WaSh Infrastructures and Governance in Sulphur Springs, Florida","Wakhungu, Mathews Jackon",2020,,https://www.proquest.com/docview/2437124432?accountid=13598&bdid=165485&_bd=TnouAmglXv7uBgfbgQBE0MSbPtc%3D,,,
RD78AE673EBBE,ProQuest,Sanitation Justice: Community-Inspired Academic Research Conducted Under Different Theories of Change,"Hunter, Brandon",2020,,https://www.proquest.com/docview/2485145182?accountid=13598&bdid=165485&_bd=FThLWv0BdmMTcqrQhItffrNEx7g%3D,,,
RDE6421C47FFA,ProQuest,5. Challenges of water regulation in the Mekong region,Anonymous,2020,,https://www.proquest.com/docview/2539941902?accountid=13598&bdid=165485&_bd=yocsrcv3SRKXV7qkCFmDDIqNfg4%3D,,,
R41B5B87B13D6,ProQuest,HOLISTIC DIAGNOSTIC OF AN URBAN WATER SUPPLY SYSTEM MANAGEMENT USING HYDRO– ECONOMICS MODEL,"Okeola, Olayinka Gafar; Sule, Bolaji Fatai",2020,,https://www.proquest.com/docview/2491992277?accountid=13598&bdid=165485&_bd=e5TkwR4j9GBm%2BbKTlCayxSd9bDI%3D,,,
RBF137C46686B,ProQuest,The Role of NGOs in Participatory Local Governance for Improved Service Delivery in Khayelitsha,"Malemane, Kanyaletsoe",2020,,https://www.proquest.com/docview/2800163528?accountid=13598&bdid=165485&_bd=Pa8b6NwkDixoT5nFXLfQkFj503s%3D,,,
R7F48D429FD5A,ProQuest,"Institutional, Technical and Financial Arrangements in China's Rural Pollution Abatement","Ling, Zhu",2020,https://doi.org/10.19602/j.chinaeconomist.2020.11.01,https://www.proquest.com/docview/2471819481?accountid=13598&bdid=165485&_bd=n4YkKv1NuSwTLKNcfFevAKEzi5o%3D,,,
R59FA69D33A66,ProQuest,When governance fails: Institutional asymmetries in water management in the municipality of La Paz,"REINAGA, Ariel FERRUFINO; CIDES-UMSA",2020,,https://www.proquest.com/docview/2586960262?accountid=13598&bdid=165485&_bd=oYZcQxRyJRe76%2Bi4mLop5UiKj8I%3D,,,
R0B45001AA9BF,ProQuest,Critical Success Factors for the Community Management of Rural Water Supply in the Ohangwena Region: Namibia,"Salom, Nespect Butty",2020,,https://www.proquest.com/docview/3224572874?accountid=13598&bdid=165485&_bd=SezGWALMZYg7VvcwP49bSVX%2F8dE%3D,,,
R8B124C563097,ProQuest,Coverage and inequalities in health interventions in Ecuador 1994- 2012,"Rios-Quituizaca, P; Gatica-Dominguez, G; J Ferreira Santos; Nambiar, D; Bruck, S; Vidaletti, L; Barros, A",2020,https://doi.org/10.1093/eurpub/ckaa166.291,https://www.proquest.com/docview/2476166783?accountid=13598&bdid=165485&_bd=iAkhEVu1wEFBnPVPOS1wjxZuI%2Fs%3D,,,
R4459E55C5E6C,ProQuest,El abastecimiento de agua en Iztapalapa. Un análisis institucional,Delia Montero C,2020,,https://www.proquest.com/docview/3083867780?accountid=13598&bdid=165485&_bd=uA3t%2BktytkxpWBXFSpS%2FXVk%2Fdag%3D,,,
R01210FAAED72,ProQuest,The role of the Water Framework Directive in the controversial transition of water policy paradigms in Spain and Portugal,"Martínez-Fernández, Julia; Neto, Susana; Hernández-Mora, Nuria; Leandro Del Moral; Francesc La Roca",2020,,https://www.proquest.com/docview/2451133283?accountid=13598&bdid=165485&_bd=Xnl5tLcRXT9j9MaIBxFMRZkhcbQ%3D,,,
RCBBF97B6D984,ProQuest,Governance and Urban Service Delivery in Zimbabwe,"Marumahoko, Sylvester; Afolabi, Olugbemiga Samuel; Sadie, Yolanda; Nhede, Norman T",2020,,https://www.proquest.com/docview/2432882177?accountid=13598&bdid=165485&_bd=6PpBT82gM0F3P%2FpCAQOHVp%2By8s0%3D,,,
R517B2B03D8CF,ProQuest,Evaluating the Role of Public-Private Partnerships in Bolstering Sustainability and Resilience in California’s Water Sector: A Comparative Case Analysis,"Nizkorodov, Evgenia",2020,,https://www.proquest.com/docview/2473068984?accountid=13598&bdid=165485&_bd=7obgXU2r%2Fz6c39IEoORnJU75PkQ%3D,,,
R07553B7C3E18,ProQuest,WATER AND SANITATION PROGRAM IN DECENTRALISED EASTERN INDONESIA: THE ROLES OF COMMUNITY AND SOCIAL DYNAMICS,"Susilo, Anggun; Vidyattama, Yogi; Wishanti, Dewa Ayu Putu Eva",2020,,https://www.proquest.com/docview/2421041691?accountid=13598&bdid=165485&_bd=8QM6VQSSsM3g73x4VgyU8sVg5Ek%3D,,,
R64C3FC5E41E6,ProQuest,"Reliability of Rainwater Harvesting as a Strategy to Alleviate Water Scarcity in Monduli District, Tanzania","Singano, Emiliana R.",2020,,https://www.proquest.com/docview/3224573227?accountid=13598&bdid=165485&_bd=LQGpWWfplAwQmd4w7DpI52PpsC4%3D,,,
R3A5564D238C0,ProQuest,"Harvesting Rainwater and Greywater Towards/for Sustainable Water Management: The Case of Ha Tsela in Mohale’s Hoek, Lesotho","Nkhereanye, Ithuteng Violet",2020,,https://www.proquest.com/docview/2579046948?accountid=13598&bdid=165485&_bd=mxwTzfvf5tv5rYooOTqiKpRRu1g%3D,,,
R7EFDC0F46ED4,ProQuest,Incapacidad ideológica gubernamental sobre la hidropolítica en Sudáfrica: una evaluación ontológica,"Jankielsohn, Roy",2020,https://doi.org/10.15366/relacionesintemacionales2020.45.013,https://www.proquest.com/docview/2483121559?accountid=13598&bdid=165485&_bd=fjMtoTSG2q%2BjWxsiNwhhMHvQ%2FBU%3D,,,
RA1DFE2CFED47,ProQuest,"Economic and Political Uncertainty and the Effects of Organizational Integration, Volume Flexibility, and Redundancy on Reliability and Delivery for Water Utilities","Fraher, Andrew",2020,,https://www.proquest.com/docview/2395839967?accountid=13598&bdid=165485&_bd=lEanxGff6BQb4qp7EI0p0ucoTfA%3D,,,
R4F4B43ECF575,ProQuest,The Politics of Water Rights and Water Delivery in Rural Chile : an Institutional Ethnography,"Suarez-Delucchi, Adriana",2020,,https://www.proquest.com/docview/2440347608?accountid=13598&bdid=165485&_bd=7bXgiE7lwfreSpjUBwUv%2Bjfg9Q4%3D,,,
RF6ED6D2C49B4,ProQuest,Políticas Regulatorias Aplicadas a Sectores de Infraestructura en Argentina,"Ferro, Gustavo; Castellano, Andrea; Sardi, Chaz",2020,,https://www.proquest.com/docview/2586306024?accountid=13598&bdid=165485&_bd=qv4Kin0o2NNbX%2BoJbIh9UVduJtw%3D,,,
R25DBEEFB66DC,ProQuest,Technical Efficiency of Water Boards in South Africa: A Costing and Pricing Benchmarking Exercise,"Ngobeni, Victor; Breitenbach, Marthinus C",2020,,https://www.proquest.com/docview/2586610852?accountid=13598&bdid=165485&_bd=PEqL9CddtKJuxDm6%2Bu4LVuodWWw%3D,,,
R033442B63D00,ProQuest,"Capacidad institucional de los organismos de agua de Saltillo y Hermosillo, México","Adams, Alejandro Salazar; Velarde, Noemi Haro; Burnes, Edmundo Loera",2020,https://doi.org/10.33679/rfn.vlil.1936,https://www.proquest.com/docview/2421041298?accountid=13598&bdid=165485&_bd=oFezs2l1zoKbI0f9ckjFF1lZcSY%3D,,,
R20E577D1ACEF,ProQuest,Exploring the Effectiveness of in Situ Upgrading on Improving the Quality of Life: A Case Study of Slovo Park Informal Settlement,"Maganadisa, Kedibone Precious",2020,,https://www.proquest.com/docview/2505410490?accountid=13598&bdid=165485&_bd=t0RW9jh8ajzPpI78W5YEvNmrzmQ%3D,,,
R402EFAF34FDC,ProQuest,"Risk Narratives and Institutional Responses: Charting the Evolution of Unregulated Drinking Water Services in Rural Bangladesh, 1972–2016","Fischer, Alex",2019,,https://www.proquest.com/docview/2440379444?accountid=13598&bdid=165485&_bd=NKLApgeXdh439sSprCqdQyGTkns%3D,,,
R189CB69DDE8B,ProQuest,Propuesta de mejora de la administración del servicio público de agua potable en el Distrito de Yanaquihua,"Diaz Valdivia, Manuel Walter; Cordova Quenta, Jaqueline; Muñoz Flores, Karen Maria",2019,,https://www.proquest.com/docview/3381107235?accountid=13598&bdid=165485&_bd=02LQRopr1OaJUcIBCrt1SdMJEes%3D,,,
R88EACABC7199,ProQuest,"Examining the Dynamics Shaping Water Access for Rural and Peri-Urban Areas in the Region of Moretele, North West Province, South Africa","Sepeng, Motshwaedi",2019,,https://www.proquest.com/docview/3161871203?accountid=13598&bdid=165485&_bd=aJinrtAP7rXdcurLsA6jkH9dkVI%3D,,,
R991D1871DCE0,ProQuest,Water Resource Management: An Analysis of Operations and Maintenance Activities of an Informal Settlement,"Izaaks, Godwin",2019,,https://www.proquest.com/docview/2519815965?accountid=13598&bdid=165485&_bd=21EIe8RQ9QmzpxST0RZz3I15h5Y%3D,,,
R392AF4FBB84D,ProQuest,Efforts to Change Water Resources Legacies: The Impact of Implementation of National Water Resources Strategy-II on Domestic Users’ Access to Water,"Zuma, Khumbuzile D.",2019,,https://www.proquest.com/docview/3132877382?accountid=13598&bdid=165485&_bd=MmHbRpvv5leJ2cGY0OLr49wJbOY%3D,,,
RA5C9F1A4F91F,ProQuest,"Whose Knowledge, Whose Water, Whose Life: A Case Study of Water Governance and Mining in Sekhukhune, South Africa","Guidone, Amila",2019,,https://www.proquest.com/docview/2371835122?accountid=13598&bdid=165485&_bd=3EYeqnvzb4GPiQfFLNET1AH3LE0%3D,,,
R90630F05EAE5,ProQuest,Objetivos de desenvolvimento sustentável: Desafios e atuação de uma agência reguladora para assegurar a disponibilidade e gestão sustentável da água e esgotamento,"Hafemann, Ana Claudia",2019,,https://www.proquest.com/docview/3221202722?accountid=13598&bdid=165485&_bd=u%2F6gnvNnP%2FhpJfjQ9WqX2L4Pb9A%3D,,,
RDD6DCAFE9FD1,ProQuest,"Social Control and Public Water in Cochabamba, Bolivia","Razavi, Nasya",2019,,https://www.proquest.com/docview/2371246117?accountid=13598&bdid=165485&_bd=yxpM6NQc5qrGJPcszyN3bH1sAyg%3D,,,
R74C62CA576E5,ProQuest,Institutional Mechanisms for Sustainable Sanitation: Learning from Successful Case Studies,"Seetha Ram, KE; Hashimoto, Kazushi; Bugalia, Nikhil",2019,,https://www.proquest.com/docview/2204058100?accountid=13598&bdid=165485&_bd=9P3CJM7TZ6w9c%2B3B1jeibqeNfNo%3D,,,
R4F0DCCA2AB0B,ProQuest,Governance and Institutional Arrangements of Water Supply Services at the Royal Bafokeng Nation : The Case of Luka Village,"Tabane, Masego Nchadi Julia",2019,,https://www.proquest.com/docview/2485544522?accountid=13598&bdid=165485&_bd=2sAv%2FRgF7MWX40ZGCmhPYaMCDQw%3D,,,
R2EAE993E18C2,ProQuest,A Comparative Study of the Role of Apartheid and Post-Apartheid Water Policies in Water Sustainability Management in South Africa,"Sibran, Yasmin Abdool Azeez",2019,,https://www.proquest.com/docview/2521624459?accountid=13598&bdid=165485&_bd=zuwrFQVncyWKUbS%2BluVFfg0rLLo%3D,,,
REED096DE3994,ProQuest,Halk Sağlığı Açısından Kenya'da Su Yönetişimi Durumu,"Korir, Fred Kiptanui",2019,,https://www.proquest.com/docview/2925402713?accountid=13598&bdid=165485&_bd=Dl2oZiTzMYlRBnGYp54la9YK0Gg%3D,,,
R00CA19ACF0B3,ProQuest,"Water, sanitation and hygiene: measuring gender equality and empowerment","Kayser, Georgia L; Rao, Namratha; Jose, Rupa; Raj, Anita",2019,https://doi.org/10.2471/BLT.18.223305,https://www.proquest.com/docview/2246703880?accountid=13598&bdid=165485&_bd=qWVtImEPNzTB6H1%2Bska5pA3wAyE%3D,,,
R5623D7CBC1BE,ProQuest,Sundaas Story: A Mixed-Methods Study of Household Sanitation Provisioning in Urban Informal Housing in India,"Panchang, Sarita Vijay",2019,,https://www.proquest.com/docview/2345861497?accountid=13598&bdid=165485&_bd=bZCNz%2FzaaErJV6dBEid%2FzCsleqE%3D,,,
R19D28505FC8A,ProQuest,Authoritarian Governance and the Provision of Public Goods: Water and Wastewater Services in Egypt,"Hegazi, Farah F.",2019,,https://www.proquest.com/docview/2362109917?accountid=13598&bdid=165485&_bd=rLfQy48dardZiLyJmekjUyooPbU%3D,,,
R1CF92EDED87A,ProQuest,"Urbanizing Flows. Growing Water Insecurity in Peri-Urban Kathmandu Valley, Nepal","Shrestha, Anushiya",2019,,https://www.proquest.com/docview/2563780079?accountid=13598&bdid=165485&_bd=zAVb6%2Bm5VseMxWYI2a6BfylQieo%3D,,,
R31C67F670137,ProQuest,Analysis of Water Supply Unreliability and Saving Behaviour in Harare Zimbabwe: Quantitative Comparison of High- and Low-Density Residential Areas,"Mushamba, Munashe",2019,,https://www.proquest.com/docview/2901494875?accountid=13598&bdid=165485&_bd=gl6C8N8Bh%2BfFlHIJUsTXSRfOODo%3D,,,
RB19B10AFA89D,ProQuest,"Undercurrents of participatory groundwater governance in Rural Jalna, western India","Argade, Poonam; Narayanan, N C",2019,,https://www.proquest.com/docview/2305498835?accountid=13598&bdid=165485&_bd=aJQjJaclEOZK%2FdM7kijU4cMgr2M%3D,,,
RDFD19C619274,ProQuest,"Enduring or Escaping Legacies?: Politics, Inherited Institutions, and Rebellion in the Struggle over Water Futures in Chile","Gallagher, Daniel",2019,,https://www.proquest.com/docview/2446037880?accountid=13598&bdid=165485&_bd=f11YHdI0TGon78bvf6YAZbtZLaA%3D,,,
R05A5348ECB82,ProQuest,"The Economic Impact of public private partnerships (PPPs) in Infrastructure, Health and Education: A Review","Fabre, Anaïs; Straub, Stéphane",2019,,https://www.proquest.com/docview/2177871827?accountid=13598&bdid=165485&_bd=Z%2Fxhf1Jxcf7uaFFGqOShX8VMhEg%3D,,,
R20684C4B20E4,ProQuest,"“There is life in this place”: “DIY formalisation,” buoyant life and citizenship in Marikana informal settlement, Potchefstroom, South Africa",Hestia Victor,2019,https://doi.org/10.1080/23323256.2019.1639522,https://www.proquest.com/docview/2569376415?accountid=13598&bdid=165485&_bd=8kCBHvRrktla5YkbVXV1zaMGASA%3D,,,
R95BC01B3D884,ProQuest,A Socio-ecological Systems Perspective on Planning for Informality,"Syal, Shruti",2019,,https://www.proquest.com/docview/2518089836?accountid=13598&bdid=165485&_bd=c21DQIzqTz7NqvVRXIqvZG8fQVA%3D,,,
R4BEB10EF5D32,ProQuest,"The Importance of Effective Water Infrastructure Management in Harare, Zimbabwe","Maruve, Pepukai Perpetua",2019,,https://www.proquest.com/docview/2504870837?accountid=13598&bdid=165485&_bd=5rI0lxeQLdqrXbsuAZglJ8fGFcY%3D,,,
RA517C589BC23,ProQuest,"The Challenges of Upgrading Informal Settlements : A Case Study of Denver Informal Settlement, Johannesburg","Mathiba, Likhale",2019,,https://www.proquest.com/docview/2475078720?accountid=13598&bdid=165485&_bd=iXdYE9VwApEN%2FhRn9uYqZ1Me4%2B0%3D,,,
RB553A79ECD29,ProQuest,"Life after Water: Detroit, Flint and the Postindustrial Politics of Health","Gaber, Nadia",2019,,https://www.proquest.com/docview/2248690574?accountid=13598&bdid=165485&_bd=DY2r5RZyg5rPEUWLmmiSGnjURvw%3D,,,
RCF1663866434,ProQuest,Invoquer les communs migrants mayas et quartiers informels de squatteurs au Mexique,"Castellanos, Bianet",2019,https://doi.org/10.7202/1067022ar,https://www.proquest.com/docview/2389726095?accountid=13598&bdid=165485&_bd=PgQRlGgRiexO8PFXx5DnEcNtPQ8%3D,,,
R152C9FC53F5A,ProQuest,"Climates of urbanization: local experiences of water security, conflict and cooperation in peri-urban South-Asia","Roth, Dik; Khan, Muhammad Shah Alam; Jahan, Israt; Rahman, Rezaur; Narain, Vishal; Singh, Aditya Kumar; Priya, Monica; Sen, Sucharita; Shrestha, Anushiya; Yakami, Saroj",2019,https://doi.org/10.1080/14693062.2018.1530967,https://www.proquest.com/docview/2269795900?accountid=13598&bdid=165485&_bd=Y%2BXfQecixhdgbWg0QLGL9ceNqT8%3D,,,
RB1635D90E334,ProQuest,Limitantes en la Gestión de Servicios de Saneamiento en el Ámbito Rural como Oportunidad de Participación de la Empresa Privada,"Almeyda Muñoz, Martín Ernesto",2018,,https://www.proquest.com/docview/2416565046?accountid=13598&bdid=165485&_bd=xoCGVS6HicFYzW21KWNNF%2FNd4NA%3D,,,
RF99ABC2B4FB6,ProQuest,Water risks and institutional change in Kenya,"Koehler, Johanna Karolina Louise",2018,,https://www.proquest.com/docview/2342826691?accountid=13598&bdid=165485&_bd=rvPniBMswIZ15BCJwwRFv2Ea6Rc%3D,,,
R5547B821BAB4,ProQuest,Experiencing Everyday Sanitation Governance : A Critical Inquiry into the Governance of Community-Managed Sanitation Services in Indonesia and Whether It Could Be Otherwise,"Rosenqvist, Tanja",2018,,https://www.proquest.com/docview/3039732138?accountid=13598&bdid=165485&_bd=G6sJ7Y6PDUdsMkcgslJfG%2BjbJuE%3D,,,
R3574A06B83AA,ProQuest,The Philippine Local Water Sector: Institutional Issues in Supply Governance,"Velasco, Lawrence G; Diokno-Sicat, Charlotte Justine; Castillo, Angel Faye G; Maddawin, Ricxie B",2018,,https://www.proquest.com/docview/2588499906?accountid=13598&bdid=165485&_bd=CUmSIncogqZBm6%2F4oUmIhRrxVEw%3D,,,
R6A68A9A48B08,ProQuest,Jozini Dam Infrastructure and Its Role on Local Economic Development,"Mngomezulu, Sanelisiwe",2018,,https://www.proquest.com/docview/3161442472?accountid=13598&bdid=165485&_bd=nR62LSjd9mTsCFwhkpI%2F5ZbPd1A%3D,,,
R1316230566E0,ProQuest,The Relationship Between Governance and Service Delivery in the Makana Local Municipality,"Nicholas, Adrian Christopher",2018,,https://www.proquest.com/docview/3161871072?accountid=13598&bdid=165485&_bd=AzeSGzzxRZDO%2BgYtRAvnX%2BVlcls%3D,,,
RE316D8FE56F9,ProQuest,Community Participation and Accountability in Development Management of Water Programs in Local Government Authorities in Tanzania: A Case Study of Kilolo and Kongwa Districts,"Kavina, Alexander",2018,,https://www.proquest.com/docview/3224577596?accountid=13598&bdid=165485&_bd=A9VvLi4deum8QPKw8BEHyrkEdAU%3D,,,
R7014B1416C51,ProQuest,To Treat or Not to Treat: The Evolution of Wastewater Treatment Management Approaches,"Turner, Sydney S.",2018,,https://www.proquest.com/docview/2164289215?accountid=13598&bdid=165485&_bd=T4TmViidz%2Bxpl%2FMvhiNRlSF9Gtc%3D,,,
R65EBC7ECA966,ProQuest,Luttes de Conceptions Entre ONG Internationales et Communes Autour des Projets D’accès à L’eau Potable au Bénin,"Anziani-Vente, Morgane",2018,,https://www.proquest.com/docview/2089266878?accountid=13598&bdid=165485&_bd=jh%2FTL4%2Bn5qeOpfot6fWY074ZNPQ%3D,,,
R1E6140D34F5B,ProQuest,Troubled Waters: A Political Ecology of Water Scarcity in Rural Colombia,"Jordan, E'lana",2018,,https://www.proquest.com/docview/2435863894?accountid=13598&bdid=165485&_bd=3UzQI6G5UH0K0cK%2BHPqT4I9MT7w%3D,,,
R0024ADA0FEB9,ProQuest,Are water firms delivering?,"Pigden, Katey",2018,,https://www.proquest.com/docview/2059716459?accountid=13598&bdid=165485&_bd=jRT7aNixFfvcMsAuiko%2B%2F3lx%2FRU%3D,,,
R8E72FB525805,ProQuest,"Governmentality, Participation and the Promise of Empowerment : a Case Study of WaterAid's Community Wash Management (Cwm) Programmes in Nigeria","Yusuf, Tariya Sarauta",2018,,https://www.proquest.com/docview/2440335216?accountid=13598&bdid=165485&_bd=wv%2BOLTOQKGjvl2uqL3OWy8FMQ8Y%3D,,,
R6320FFEFE422,ProQuest,Resources Recovery and Reuse in Sanitation and Wastewater Systems: Options and Investment Climate in South and Southeast Asian Countries,"Bekchanov, Maksud; Evia, Pablo",2018,,https://www.proquest.com/docview/2083152667?accountid=13598&bdid=165485&_bd=2%2Bak4Wo5oIa02zn2CJAWqCsr6mE%3D,,,
R88EFF7F26433,ProQuest,Access to Safe Water Supply: Management of Catchment for the Protection of Source Water in Ghana,"Eduful, Michael K.",2018,,https://www.proquest.com/docview/2169480711?accountid=13598&bdid=165485&_bd=oYG1L1q6236wZyWL7hspJed7k7w%3D,,,
RC3335002207F,ProQuest,"Utilities Governance, Incentives, and Performance: Evidence from the Water Sector in India","Nyathikala, Sai Amulya Nyathikala; Jamasb, Tooraj; Llorca, Manuel; Kulshrestha, Mukul Kulshrestha",2018,,https://www.proquest.com/docview/2126064910?accountid=13598&bdid=165485&_bd=bOYnmpEz9H8lBP%2B5Kg04DECFRss%3D,,,
R077E94B13A48,ProQuest,Water Access Challenges and Coping Strategies in Informal Settlements: The Case Ofiscor Settlement in Pretoria West,"Ojo, Tinuade Adekunbi",2018,,https://www.proquest.com/docview/3224597374?accountid=13598&bdid=165485&_bd=PRvaZNMEGxssCPN4NIr%2B%2F2SoOZw%3D,,,
R4081B5E7DA79,ProQuest,"Urban planning, water provisioning, and infrastructural violence at public housing resettlement sites in Ahmedabad, India","Desai, Renu",2018,,https://www.proquest.com/docview/2002209256?accountid=13598&bdid=165485&_bd=mSzfEvM%2FGLs%2FPFfvNsYrgBWI1Dg%3D,,,
R43D8D11604A8,ProQuest,Inclusive services for youth in Cairo’s informal areas,"Khalil, Deena; Abdelaal, Amr; Khalafallah, Yasmin; Barakat, Marwa",2018,,https://www.proquest.com/docview/2189169957?accountid=13598&bdid=165485&_bd=3wTIRWuW7ZoZ%2BElORkqpLIU4HLI%3D,,,
R2FEEB16FC1F4,ProQuest,The Role of Women in Generating Data for Environmental Sustainability Discourse - A Water Governance Approach,"Walubwa, Jacqueline A",2018,,https://www.proquest.com/docview/2157374448?accountid=13598&bdid=165485&_bd=QtBYLmbxYtnj1LGpa8R4ddooMco%3D,,,
R1C1A13D65727,ProQuest,Transforming Karachi into a Livable and Competitive Megacity; A City Diagnostic and Transformation Strategy,"The World Bank, The World",2018,,https://www.proquest.com/docview/2148516472?accountid=13598&bdid=165485&_bd=4m%2FNdXefEzaAHmaa7izRxBuraV4%3D,,,
R7ED85B2C31E2,ProQuest,Replumbing the City: Water and Space in Los Angeles,"Randle, Sarah Priscilla",2018,,https://www.proquest.com/docview/2088904908?accountid=13598&bdid=165485&_bd=we9gr0%2BmOEQNx%2Bgb%2FtBjK4ECnUQ%3D,,,
R1573575F847B,ProQuest,How Do Central Control Mechanisms Impact Local Water Governance in China? The Case of Yunnan Province,"Habich-Sobiegalla, Sabrina",2018,https://doi.org/10.1017/S0305741018000450,https://www.proquest.com/docview/2057224919?accountid=13598&bdid=165485&_bd=tJhqhBVj8rnWa6r6zzCD20UjMIA%3D,,,
R9335906715C3,ProQuest,"Small places, big problems: planning healthy environments in emerging african towns: the case of karonga town, malawi","Brown, Donald",2018,,https://www.proquest.com/docview/2204775842?accountid=13598&bdid=165485&_bd=I2iE5PKwTx3vGPSJJhw5G%2Bxy6Pg%3D,,,
RB71FF9D28692,ProQuest,A Critical Analysis of Right to Water in India in the Context of Water Policies of the Union Government (1987-2012),"Acharya, Deepti",2018,,https://www.proquest.com/docview/2389184960?accountid=13598&bdid=165485&_bd=RvyywtLu45qdYj%2BmhyzZsbnRLHM%3D,,,
R69DAF2833E28,ProQuest,"Engineering Justice: Cities, Race, and 21st Century Wastewater Infrastructure","Solis, Miriam",2018,,https://www.proquest.com/docview/2437104711?accountid=13598&bdid=165485&_bd=V4Uau2tJ5Y9tuaJHcUpvx2idyak%3D,,,
RAA5576887F58,ProQuest,Habu Community Water Supply Project,Anonymous,2018,,https://www.proquest.com/docview/2176189232?accountid=13598&bdid=165485&_bd=GnrmueZRPu%2Ft%2FOgDURrPXBkRsJo%3D,,,
R66F2269B36E6,ProQuest,Drought Adaptation among Western Colorado Water Systems: Understanding Institutional Readiness for Drought Information Adoption and the Role of Extreme Drought Events as Drivers of Adaptation,"Page, Rebecca Hua",2018,,https://www.proquest.com/docview/2120006004?accountid=13598&bdid=165485&_bd=lllH%2Bl08CfBSX0UAol9KAfN8DA4%3D,,,
R45D6CE280D50,ProQuest,Subsidized elephants: Community-based resource governance and environmental (in)justice in Namibia,"Schnegg, Michael; Kiaka, Richard Dimba",2018,,https://www.proquest.com/docview/2098783967?accountid=13598&bdid=165485&_bd=qktQEzVCNl%2FOyP9oBFjgNg%2FlQFA%3D,,,
RF872EF36D65D,ProQuest,Light through the storm : safeguarding the human right to water in challenging landscapes in Africa,"Addaney, Michael",2018,,https://www.proquest.com/docview/2384208825?accountid=13598&bdid=165485&_bd=NAAHto9nivCVo1gjGw%2FlI7muT7o%3D,,,
R21BC744CC726,ProQuest,Flows of change: dynamic water rights and water access in peri-urban Kathmandu,"Shrestha, Anushiya; Roth, Dik; Joshi, Deepa",2018,,https://www.proquest.com/docview/2102374040?accountid=13598&bdid=165485&_bd=WJRl%2BHtRx2vaqTfCXG%2BptWccXAU%3D,,,
R7AD6341D9810,ProQuest,"Water, Energy, and Waste Services","Ranzato, Marco; Moretto, Luisa",2018,,https://www.proquest.com/docview/2078162150?accountid=13598&bdid=165485&_bd=U4Aey2rUVqQ516%2FmDy5VdZsfdYk%3D,,,
R296B8D3F54F9,ProQuest,Tools for Managing Intermittent Water Supplies,"Taylor, David Donald James",2018,,https://www.proquest.com/docview/2162826754?accountid=13598&bdid=165485&_bd=jncVFxPAlP5njl2UEeugDdOm5T8%3D,,,
RD485B8DF32A2,ProQuest,"Changing Policy Paradigm of Drinking Water Service Delivery: An Empirical Investigation in the context of Bihar, India","Samanta, Debabrata",2017,,https://www.proquest.com/docview/2021668510?accountid=13598&bdid=165485&_bd=M%2BkE5NfTZU9hK0s5cHk0W6DHl90%3D,,,
R4851AD373CCF,ProQuest,Efficiency Evaluation of South African Water Service Provision,"Brettenny, Warren James",2017,,https://www.proquest.com/docview/3363750936?accountid=13598&bdid=165485&_bd=0kfD5r85VrZN2WYFHBzXhMh6nCc%3D,,,
R6F5B91308D6A,ProQuest,Does Deliberative Participation Matter? : Political Economy of Provision of Local Public Health Goods in Rural India,"Padvetnaya, Vivek",2017,,https://www.proquest.com/docview/2430785069?accountid=13598&bdid=165485&_bd=FSkSzgeAxwjleOXhFbg093Z0pUc%3D,,,
RA457D328F4A2,ProQuest,Effectiveness of Outcomes-Based Management on Domestic Water Supply at Local Government Level,"Mogaladi, Ramatsobane Shoky",2017,,https://www.proquest.com/docview/3161870093?accountid=13598&bdid=165485&_bd=awtypl2Z34fHvBMuJLR7zMX8bcY%3D,,,
R4EFD2477662A,ProQuest,Basic Service Delivery Challenges with Regards to Water and Sanitation in Gauteng Province: A Case of City of Johannesburg and City of Tshwane Metropolitan Municipalities,"Chauke, Stephen",2017,,https://www.proquest.com/docview/3224598350?accountid=13598&bdid=165485&_bd=m4yQgw%2B7nbPCyUMCA8JeoS2yvjM%3D,,,
RA21754D5FC68,ProQuest,Improving Sanitation and Hygiene: Effects on Childhood Growth in Rural Zambia,"Van Es, Katherine",2017,,https://www.proquest.com/docview/1991004097?accountid=13598&bdid=165485&_bd=D9tiCPW6ybf9iCkzqvyGBxuJ1nc%3D,,,
R77E1EB9BFDC4,ProQuest,Internal Auditors and Service Delivery in South African Local Government: A Limpopo Province Perspective,"Sepuru, Mmabatho Rebecca",2017,,https://www.proquest.com/docview/2890698506?accountid=13598&bdid=165485&_bd=L%2FZ4D10Vq7qmgRHOYbg6EMnZInk%3D,,,
RF0F2C315D3C1,ProQuest,"Collective Action, Service Provision and Urban Governance A Critical Exploration of Community Based Organisations (CBOs) in Dhaka's Bustee (Slum) Settlements, Bangladesh","Cawood, Sally",2017,,https://www.proquest.com/docview/2230838406?accountid=13598&bdid=165485&_bd=GyTPB25FmdrPdb0RIWf%2FLAt%2BUiw%3D,,,
RA20F0A1D5E16,ProQuest,"Bureaucratic blockages : water, civil servants, and community in Tanzania","Bailey, Juli",2017,,https://www.proquest.com/docview/1910565115?accountid=13598&bdid=165485&_bd=hDTFGr00693hkjM2WMDoqfzKc9U%3D,,,
R2DB08A19DDA5,ProQuest,"Mining the gap: Pathways Towards an Integrated Water, Sanitation and Health Framework for Outbreak Control in Rural India","Ren, Xiaoyuan",2017,,https://www.proquest.com/docview/3335381143?accountid=13598&bdid=165485&_bd=3PKNEz1FVplR0mbnGBKsQKizH0w%3D,,,
R503E8E894950,ProQuest,Opportunities to Mainstream Gender in Water and Wastewater Infrastructure Projects: A Case Study in Barbados,"Isaacs, Wainella N.",2017,,https://www.proquest.com/docview/1885069693?accountid=13598&bdid=165485&_bd=kwJHMaF%2FvClor0i1pAStmhj6bJU%3D,,,
R2CA486C8F246,ProQuest,Rural Water Utilities Urge Pruitt To Heed Small Communities' Concerns,"Palleschi, Amanda; Palleschi, Amanda",2017,,https://www.proquest.com/docview/1858048980?accountid=13598&bdid=165485&_bd=HJCk5Qo4Orguh5%2BbZNmlvlBBpeg%3D,,,
RB57310B8EFC3,ProQuest,Household Water Security within a Transboundary Aquifer Basin: A Comparative Study in the US-Mexico Borderlands,"Schur, Emilie Louise",2017,,https://www.proquest.com/docview/1908479161?accountid=13598&bdid=165485&_bd=%2B4Dbh0%2Bmq6cN1LYNG9Z%2F8DhcJdY%3D,,,
R8A5A42EE38DA,ProQuest,Water and Sanitation in East Africa: Perspectives from Africana Feminism,"Rombo, Dorothy O; Lutomia, Anne Namatsi; Malinga, Tumani",2017,,https://www.proquest.com/docview/1931139437?accountid=13598&bdid=165485&_bd=5etWgvLiJAaRr%2Buh%2FiteZxTzjhQ%3D,,,
R60C8154EA208,ProQuest,"Tenuous Wires, Covert Excreta Flows, and a Formal/Informal Interface: Uncovering New Facets of Informality in Nairobi","Sverdlik, Alice M.",2017,,https://www.proquest.com/docview/2305557103?accountid=13598&bdid=165485&_bd=l6uej3%2B9VzkMq2zUIGd0NfQMaV8%3D,,,
RBDB2E01B5DC7,ProQuest,"The Grootfontein Aquifer at Mahikeng, South Africa as Hydro-Social System","Cobbing, Jude Edmund",2017,,https://www.proquest.com/docview/3366175874?accountid=13598&bdid=165485&_bd=2Pgc%2F3j0MLFSRpk3DiHwWw56xO0%3D,,,
RB03796AC929C,ProQuest,"The Nexus Between Water Supply Infrastructure and Socio-Economic Developments in Amhara Region, Ethiopia, 1941-2005","Tassew, Derb Tefera",2017,,https://www.proquest.com/docview/3224603222?accountid=13598&bdid=165485&_bd=r2JW%2FekOsRL28fhND7FI06xYGiA%3D,,,
RDE517D4D1A26,ProQuest,Challenges of menstruation in girls and adolescents from rural communities in the Colombian Pacific.,"Liany Katerine Ariza Ruiz; Maria Juana Espinoza Menéndez; Martín Rodriguez Hernández, Jorge",2017,,https://www.proquest.com/docview/2057848906?accountid=13598&bdid=165485&_bd=hJ4pnB%2FNZ7vbDuEW1YJcTXQuuy4%3D,,,
R77C3225A4A65,ProQuest,WOMEN'S ACCESS AND CONTROL OVER WOODLAND AND WATER RESOURCES IN RURAL ZIMBABWE,"Kurebwa, Jeffrey",2017,https://doi.org/10.2979/africonfpeacrevi.7.1.02,https://www.proquest.com/docview/2631943230?accountid=13598&bdid=165485&_bd=WZ%2BYEjbnfR2Ppm2Meq2Z83opYVk%3D,,,
R9C776F55DFED,ProQuest,Water as a basic human right within the Israeli-Palestinian conflict,"Weinthal, Erika",2017,,https://www.proquest.com/docview/1955988028?accountid=13598&bdid=165485&_bd=vuB6pUwNRuIASgYSAtxqKFRQ4lI%3D,,,
R82060F9FACB1,ProQuest,Assessment of the BUB Program: Improving Access of Local Communities to Basic Services and Strengthening Social Capital,"Manasan, Rosario G; Tolin, Lovely Ann C; Adaro, Catharine E",2017,,https://www.proquest.com/docview/2058956553?accountid=13598&bdid=165485&_bd=HnEQudgQXgPmvEj6uEX2LiVKdGc%3D,,,
R6A9107462B77,ProQuest,Women and Water Wahala: Picturing Gendered Waterscapes in Southwest Cameroon,"Thompson, Jennifer A.",2017,,https://www.proquest.com/docview/2507708600?accountid=13598&bdid=165485&_bd=Y8x0oIb2sU%2FyWwwNASUG0Ab1j1E%3D,,,
R7271C5B19563,ProQuest,"'State of emergency' : the politics of Zimbabwe's cholera outbreak, 2008/09","Chigudu, Simukai",2017,,https://www.proquest.com/docview/2340192638?accountid=13598&bdid=165485&_bd=0YQPFNpcks5p6wN4nLf7Jaljlhk%3D,,,
R050B1AB16546,ProQuest,Approaches in Drinking Water Provision in Developing Countries: An Investigation of Water Safety Plans and Ceramic Water Filters,"String, Gabrielle M.",2017,,https://www.proquest.com/docview/1964388193?accountid=13598&bdid=165485&_bd=fhGFARdCoEn2PgZ6yH%2BbdZjfHD0%3D,,,
R92EE5E85A17F,ProQuest,"Creole water supply : states, neoliberalism, and everyday practices in a secondary african city","Neves Alves, S.",2017,,https://www.proquest.com/docview/2116903996?accountid=13598&bdid=165485&_bd=jsZn25U0ubPgoB7fBuS137biN6k%3D,,,
RB1569F0F6E22,ProQuest,Is decentralisation in Botswana a democratic fallacy?,"Mooketsane, K; Bodilenyane, K; Motshekgwa, B",2017,,https://www.proquest.com/docview/2463698101?accountid=13598&bdid=165485&_bd=jBOsUKgNtOzb6XsqXoFMipq4H74%3D,,,
RFF129D6E4FFA,ProQuest,Urbanizing rural waters: Rural-urban water transfers and the reconfiguration of hydrosocial territories in Lima,"Hommes, Lena; Boelens, Rutgerd",2017,,https://www.proquest.com/docview/1944226479?accountid=13598&bdid=165485&_bd=nvyloo0aALU8ECYZaNttwlOaGCc%3D,,,
R6F7B39BB4213,ProQuest,From Participatory Promises to Partisan Capture: Local Democratic Transitions and Mexican Water Politics,"Herrera, Veronica",2017,,https://www.proquest.com/docview/1934965429?accountid=13598&bdid=165485&_bd=xVTyN0Dtt%2Fda3sGMKEYCq38qQeE%3D,,,
RFEC658993E71,ProQuest,Supporting community management: a synthesis of successful rural water services programmes in india,"Hutchings, Paul",2016,,https://www.proquest.com/docview/1896026866?accountid=13598&bdid=165485&_bd=e3GEZePQNV6aHJqOf3iEr0n7qzs%3D,,,
RE6DAC9FD4032,ProQuest,"A critical assessment of governance of water: a case study of kibera informal settlement nairobi, kenya","Mailu, Dennis Matia",2016,,https://www.proquest.com/docview/2189023771?accountid=13598&bdid=165485&_bd=RMwdLYzvX6se%2FIpA%2BCcmgQtdy%2Fw%3D,,,
R725EEA7AFA6C,ProQuest,En la periferia de la ciudad y la gobernanza : Un estudio de caso sobre la gestión local del agua y saneamiento en el Asentamiento Humano del Cerro Las Ánimas,"Mendoza Flores, Mariel Milagros",2016,,https://www.proquest.com/docview/2451414721?accountid=13598&bdid=165485&_bd=ZVj%2BTrYBdCJA1vViZQPEIwqgSOo%3D,,,
R41EE31B79FEC,ProQuest,Water supply to the urban poor: Governance approaches and challenges of situated informalities,"Rana, Md Masud Parves",2016,,https://www.proquest.com/docview/1943869396?accountid=13598&bdid=165485&_bd=hZcRweh0v%2BvXq824TTBcJEYokCE%3D,,,
R463964EDEB15,ProQuest,"Water, Economics, and Policy in Developing Countries","Plous, Evan Michael",2016,,https://www.proquest.com/docview/1791450768?accountid=13598&bdid=165485&_bd=2bmG8cybRtIbm%2Fon2lp3TIVtj%2Fc%3D,,,
RB7DD5368D1B1,ProQuest,Applying the water governance framework on rural water development projects in Guatemala,"Alkharaz, Muhanad",2016,,https://www.proquest.com/docview/1810440440?accountid=13598&bdid=165485&_bd=9t84xjvtg887tVwFI36KG3l%2FLcs%3D,,,
R10CA5829EDAB,ProQuest,Sustainability at U.S. Urban Water Utilities: A Framework to Assess Key Attributes,"Ries, Matthew P.",2016,,https://www.proquest.com/docview/1818564030?accountid=13598&bdid=165485&_bd=7p4M05sRLO78jDdVpJrTI7S1e4c%3D,,,
RC207639018F2,ProQuest,Survey of drinking water quality and health in Alabama's Black Belt,"Wedgworth, Jessica Cook",2016,,https://www.proquest.com/docview/1767328850?accountid=13598&bdid=165485&_bd=yTCVToy99%2Bhn5S6BLTmLDGcfLMA%3D,,,
R8790103F7CFD,ProQuest,Collaboration: A Theory of Governance Grounded in Deconstructing South Africa's Sanitation Policy,"Rawhani, Carmel",2016,,https://www.proquest.com/docview/3160649629?accountid=13598&bdid=165485&_bd=uWhQ6cS%2B%2FF%2BBuYJfx9WsKQQOUWc%3D,,,
R968BC228F186,ProQuest,Working with Strong Service Providers to Address the Urban Water and Sanitation Challenge,"Ramanantsoa, Sylvie",2016,,https://www.proquest.com/docview/1872566093?accountid=13598&bdid=165485&_bd=JbeZ9IwsQf3f6pgCGbx4Ilhh%2FMg%3D,,,
R86B1C3FEEB8A,ProQuest,"The Socioecology of Diarrheal Disease Exposure in Peri-Urban Communities of Kisumu, Kenya","Anderson, John David, IV",2016,,https://www.proquest.com/docview/1992161934?accountid=13598&bdid=165485&_bd=JxFwzEoEO37fyxEz9Eeh7C1FGik%3D,,,
R69D3651ED6C6,ProQuest,Sanitation Planning in Developing Countries: Added Value of Resource Recovery,"Kerstens, Sjoerd",2016,,https://www.proquest.com/docview/2565113282?accountid=13598&bdid=165485&_bd=0gCnhP45CY%2BmjeBCzxDUWzRD4dI%3D,,,
R0DBD35259609,ProQuest,"The dynamics of a piped-water and sewer development in Jakarta, Indonesia (1945-2015): A case study using multilevel perspective","Nasution, Nur 'Aisyah",2016,,https://www.proquest.com/docview/1829614992?accountid=13598&bdid=165485&_bd=QMwE18oqNrzC%2Bi%2FneZZPm4UpYVs%3D,,,
R317660FCCE39,ProQuest,Examining Bureaucratic Performance of South African Local Government: Local Municipalities in Limpopo Province,"Mamogale, Majuta Judas",2016,,https://www.proquest.com/docview/3161870616?accountid=13598&bdid=165485&_bd=FqUlogPfT3JYaP%2Fq8Ay52duVmRk%3D,,,
RC6361F0D0049,ProQuest,Political dynamics and service delivery in urban Ghana: The case of Tema Metropolitan Assembly,PATRICK YIN MAHAMA,2016,,https://www.proquest.com/docview/2275122926?accountid=13598&bdid=165485&_bd=qh3hHn8w0mDV0ETqosa2y82XgWU%3D,,,
R8BB50E276312,ProQuest,The role of cultural norms and local power structures in Yemen,"Al-Sabahi, Mohammed; De Santis, Fausto Aarya",2016,,https://www.proquest.com/docview/1837170225?accountid=13598&bdid=165485&_bd=AMpYJYcwTm8WgRqS5MQOd3U61sU%3D,,,
R61C423B2A27D,ProQuest,"An Evaluation of the Physical and Demographic Characteristics Contributing to On-Site Sewage Management System Failure in Metropolitan Atlanta, Georgia","Smith, Stephanie",2016,,https://www.proquest.com/docview/3275477519?accountid=13598&bdid=165485&_bd=RlQwI87SSgGm0G4EeZO5Wzx4mCE%3D,,,
RABE3CA0C45A3,ProQuest,Adopting a Human Rights-Based Approach to Access to Water in Nigeria : Lessons from Selected Jurisdictions,"Niyi-Gafar, Oluwabunmi Lucy",2016,,https://www.proquest.com/docview/2901495039?accountid=13598&bdid=165485&_bd=l7znqDq18YPCsdyhKdLnDh5YS6k%3D,,,
R45D12A7E3300,ProQuest,"Infrastructure and informality: Contesting the neoliberal politics of participation and belonging in Cape Town, South Africa","Storey, Angela Diane",2016,,https://www.proquest.com/docview/1796857755?accountid=13598&bdid=165485&_bd=BNgF3ZUB8BbstCei6%2BbGFOpp7%2BY%3D,,,
R9F7C42543F92,ProQuest,"Water Metering in Rural, Piped, Community-Managed Water Systems in the Developing World","Platukyte, Simona",2016,,https://www.proquest.com/docview/1779286307?accountid=13598&bdid=165485&_bd=1cT9tq3e64UIz33MvlHgrsVL%2F7k%3D,,,
R7F547EA12CA1,ProQuest,"Water into Wine: Power and participation in local groundwater governance in Guadalupe Valley, Mexico","Pells, Chantelise",2016,,https://www.proquest.com/docview/1767329634?accountid=13598&bdid=165485&_bd=jmJdXGrJl1jN5zm7hWd4wfORp7k%3D,,,
RC5BFDEDDE986,ProQuest,Water and Its Absence in the Islamic Republic of Mauritania,"Vium, Christian",2016,,https://www.proquest.com/docview/1920228934?accountid=13598&bdid=165485&_bd=TI8v0ZbtNZVvx3ysZpaCYKLNREc%3D,,,
R1F2EDC030C66,ProQuest,"Decentralization and the Delivery of Basic Services in a Developing Country: Institutional Challenges of Providing Water and Sanitation to Urban Consumers in Addis Ababa, Ethiopia","Anjum, Eshita Erica",2016,,https://www.proquest.com/docview/1849031064?accountid=13598&bdid=165485&_bd=R4CSZnTk4e7AYvMeI0fgi2ElC%2F0%3D,,,
REF47695F773B,ProQuest,Impact of Potable Water Availability on Economic Development of North Benue State,"Akange, Stephen S.",2016,,https://www.proquest.com/docview/1834498174?accountid=13598&bdid=165485&_bd=P300T7pEEMETTAKNTR02QfbXhAc%3D,,,
R453FE5278839,ProQuest,The Effects of Fiscal Decentralization on the Provision of Basic Services in Emalahleni Local Municipality,"April, Mvuyisi Sibongile Mkhululi",2016,,https://www.proquest.com/docview/3161869312?accountid=13598&bdid=165485&_bd=Q5mICKN9FFb13tZqIfiPDWOkGz4%3D,,,
R1099FEF98B3B,ProQuest,From cash flows to water flows: an assessment of financial risks to rural water supply sustainability in sub-saharan africa,"Foster, Timothy",2016,,https://www.proquest.com/docview/2001174607?accountid=13598&bdid=165485&_bd=i4hUxlSlaTG32Uwq1Ev4RPFe7%2Bo%3D,,,
RBAEE51C68EA2,ProQuest,Análisis de la política para el suministro de agua potable y saneamiento básico en la zona rural de Colombia,"Zapata Hidalgo, Victor Hugo",2016,,https://www.proquest.com/docview/3177462028?accountid=13598&bdid=165485&_bd=XF9%2F0PEx00iP7mqOVb6R5dREpoQ%3D,,,
R20CF92AD4D48,ProQuest,Navigating the drought: A policymaker’s perspective on Montecito’s drought response,"Bierig, Darlene Ann Harper",2016,,https://www.proquest.com/docview/1821910267?accountid=13598&bdid=165485&_bd=OD%2BQ4NPFEEDftsleO7w7eJDXqcw%3D,,,
R874C3090D1AB,ProQuest,Urban Infrastructural Development - Emerging Challenges and Policy Implications: The Role of Municipal Corporations,"Singh, Vivek",2016,,https://www.proquest.com/docview/2314353455?accountid=13598&bdid=165485&_bd=SkL0ijvisBRQqepCq47WQBtjfk8%3D,,,
R72F7F5AE12F8,ProQuest,Comparing colonial water provision in British and French Africa,"Hungerford, Hilary; Smiley, Sarah L",2016,,https://www.proquest.com/docview/1789773876?accountid=13598&bdid=165485&_bd=73x6uOX8Rzb6Q3hEWVxEEXP413A%3D,,,
R0C08277D7877,ProQuest,"Johannesburg's ""model white housing scheme"" in the civic social imaginary: The genesis of a white Afrikaner welfarist node, 1933-1937","du Plessis, Irma",2016,,https://www.proquest.com/docview/2118783635?accountid=13598&bdid=165485&_bd=%2FRXothJrnlR2vok65gYR%2BK2yokw%3D,,,
RD3E532DA122B,ProQuest,Financing the Evolution of London's Water Services: 1582 to 1904,"GOLDSMITH, Hugh; CARTER, Dan",2015,,https://www.proquest.com/docview/1698779644?accountid=13598&bdid=165485&_bd=NFvC%2Bucn%2FMcg6fCC7ZHTGFWbPRI%3D,,,
R94C46748A4BA,ProQuest,Collaborative Water Partnerships for Sustainability and Social Justice,"Quinn, Patrick",2015,,https://www.proquest.com/docview/2512779037?accountid=13598&bdid=165485&_bd=BJ2WWmnF8b%2F4KbGGjlbzSYDh%2BK4%3D,,,
RA46CBB4EA448,ProQuest,O Contrato de Concessão de Serviço Municipal de Água: O Preço do Serviço Numa Perspetiva de Direito Regulatório e de Resolução Judicial de Litígios,"dos Anjos, Joana Catarina Neto",2015,,https://www.proquest.com/docview/2700776789?accountid=13598&bdid=165485&_bd=Vthuv0qbxtWnzT7Q4OgS%2BUomKwE%3D,,,
R9BCC01A465D9,ProQuest,Water and sanitation institutions and governance: Impact on service provision in urban areas of low- and middle-income countries,"Manderino, Laurie Ann",2015,,https://www.proquest.com/docview/1749035451?accountid=13598&bdid=165485&_bd=zfqTfXCf3gRpZDJRZ09vSBB1cEc%3D,,,
RBA595B4B8906,ProQuest,"The impact of regulation, ownership arrangements, and management culture on risk management practices within the water industry","Allan, Richard",2015,,https://www.proquest.com/docview/1810880966?accountid=13598&bdid=165485&_bd=yW215bKr3%2F7K3iynyhx3R0aykqM%3D,,,
R12A082B16D4D,ProQuest,"The Role of Community Participation in Water Production and Management: Lessons From Sustainable Aid in Africa International Sponsored Water Schemes in Kisumu, Kenya","Ananga, Erick Oniango",2015,,https://www.proquest.com/docview/1737850915?accountid=13598&bdid=165485&_bd=ctMko%2BHYptti7xh56C1CNgP8rqo%3D,,,
R8BBEA7716DCA,ProQuest,L'action publique urbaine a l'epreuve des reformes du service d'eau a Douala (Cameroun)?/Public-sector urban initiatives and reform of the water supply service at Douala (Cameroon),"Tenkap, Virginie Laure Nantchop",2015,,https://www.proquest.com/docview/1800409198?accountid=13598&bdid=165485&_bd=UjOd5NWvqqPGKmPqTPuh2KAAIAE%3D,,,
RBE5EAEE3DB99,ProQuest,AquaRating; An International Standard for Assessing Water and Wastewater Services,"Krause, Matthias; Cabrera, Enrique, Jr; Cubillo, Francisco",2015,,https://www.proquest.com/docview/2131409909?accountid=13598&bdid=165485&_bd=aLxxYxVUIsk35qtr4YCzumk8SH0%3D,,,
R29442D360777,ProQuest,Integrated Planning Still Faces Hurdles Despite 'Landmark' Ohio Pact,"Palleschi, Amanda",2015,,https://www.proquest.com/docview/1660905070?accountid=13598&bdid=165485&_bd=rcFvdEbYrV5Z9XlyJC2qg9IR1eQ%3D,,,
RFDE44726E78C,ProQuest,Unreliable water supplies and household coping strategies in peri-urban south africa,"Majuru, Batsirai",2015,,https://www.proquest.com/docview/1807095040?accountid=13598&bdid=165485&_bd=xU5YkBk%2Bt6ilvurCeowDPSA3YuM%3D,,,
R27F28D2DB6B5,ProQuest,Cholera prevention and control in Kenya,"Cowman, Gretchen A.",2015,,https://www.proquest.com/docview/1689691004?accountid=13598&bdid=165485&_bd=uVZTz%2FkiKn7cNzBxnFrNShGYdFE%3D,,,
R3C453AC209FD,ProQuest,Sanitation and social power in the United States.,"Carrera, Jennifer Suzanne",2015,,https://www.proquest.com/docview/1767331306?accountid=13598&bdid=165485&_bd=fIA1ch2NSN%2BWoqvLfWBejX4rhbA%3D,,,
R8B68CD13D5D8,ProQuest,Analysis of Slipback of Rural Water Supply Systems in India Using FIETS Framework and IMIS Database: Gujarat Case Study,"F., Marianna I. Novellino",2015,,https://www.proquest.com/docview/3335381095?accountid=13598&bdid=165485&_bd=9RXEKUCBVhnASTGYyXnMVPkOZFA%3D,,,
RA3A966EC7052,ProQuest,ESTRATEGIA DE ADAPTACIÓN LOCAL AL CAMBIO CLIMÁTICO PARA EL ACCESO EQUITATIVO AL AGUA EN ZONAS RURALES DE CHILE/Local adaptation strategy to climate change for equitable water access in Chilean rural zones,"Delgado, Luisa Elizabeth; Torres-Gómez, Marcela; Tironi-Silva, Antonio; Marín, Víctor Hernán",2015,,https://www.proquest.com/docview/1683343011?accountid=13598&bdid=165485&_bd=NRTUYZmHWVp5P9l6WvyV61dFrGU%3D,,,
RC99E122A1793,ProQuest,Critical Assessment of South Africa’s Water Policy,"Maphela, Bulelwa",2015,,https://www.proquest.com/docview/2528065137?accountid=13598&bdid=165485&_bd=5daSWTgVBgq7dgV%2FiOl2qq3%2BEUM%3D,,,
RB6D6F9E28A2A,ProQuest,"The EKOCENTER: A Case Study in Coca-Cola, Corporate Social Responsibility, and Bluewashing","Hamilton, Joy Marie",2015,,https://www.proquest.com/docview/1733674600?accountid=13598&bdid=165485&_bd=IWSikoC5ZgJOWu8oVGVwZXiJ12g%3D,,,
R49D1FF05CF85,ProQuest,Puerto Rico's Government to Make Major Upgrades to San Juan Water Infrastructure in Settlement with the Federal Government (PR),,2015,,https://www.proquest.com/docview/1751271623?accountid=13598&bdid=165485&_bd=RicjGqBfWXIKSR8DAqcpBdSz5RU%3D,,,
R4AE79C605DFB,ProQuest,Performance Drivers and the Public Vs. Private Management Debate on Water Sector Companies : Conclusions from the Portuguese Case,"Ribeiro, João Gonçalo Quintino Ferreira Reis",2015,,https://www.proquest.com/docview/2917520372?accountid=13598&bdid=165485&_bd=iqVB1kNolpdlvIbQM%2F%2BVwZrwJLw%3D,,,
R5CA212A76F43,ProQuest,"Community Participation in Public Water Supply Projects: A Case of Kiwalani Ward, Ilala Municipality","Kimisha, Ngwina Hussein",2015,,https://www.proquest.com/docview/3224569948?accountid=13598&bdid=165485&_bd=1FuuHgxxMZ54BGtSXNJ1BbN85lk%3D,,,
RECEB3F02E9B7,ProQuest,Improving Tribal Collaboration in California's Integrated Regional Water Management Program,"Dolan, Danielle V; Middleton, Beth Rose",2015,,https://www.proquest.com/docview/1704386600?accountid=13598&bdid=165485&_bd=ptcb47hWM7RYxLkjifNV%2BKrCzk4%3D,,,
R3A403E12A51D,ProQuest,"The Nexus of Nongovernmental Organization Water Projects, Monitoring and Evaluation, and Kenya's Water Law.","Were, Valerie Leah Achieng",2015,,https://www.proquest.com/docview/1718065242?accountid=13598&bdid=165485&_bd=Wryd3q2pW6Uxz7fL%2B%2Blu9PX%2Bzzg%3D,,,
R3966D65AAC01,ProQuest,Building Regulatory Bodies in the Brazilian States.,"Cohon, Adam Joseph",2015,,https://www.proquest.com/docview/1650145360?accountid=13598&bdid=165485&_bd=0SanBElgKgXO0T2w%2B6Xa1lJaWQQ%3D,,,
RB9780B441410,ProQuest,Access to water is a basic right,Bj,2015,,https://www.proquest.com/docview/1667290811?accountid=13598&bdid=165485&_bd=81Ek9P9bpTFcUtkr0WpiJVQDqIk%3D,,,
R36E0F4C8C7BE,ProQuest,Growth incidence analysis of nonmonetary welfare in urban and rural Nigeria,"Oyekale, Abayomi Samuel",2015,https://doi.org/10.12803/SJSECO.48157,https://www.proquest.com/docview/1884096215?accountid=13598&bdid=165485&_bd=F9Q9BB8RMnvr18OZ2iLm4jqxw%2Bg%3D,,,
R09556CBA9907,ProQuest,The Rule of Law and the Right to Water: Social and Environmental Justice through Law.,"Stacey, Richard Ross",2015,,https://www.proquest.com/docview/1641423696?accountid=13598&bdid=165485&_bd=dzamFuf8rWAOiCKhBMezu0gRG%2BE%3D,,,
RE4761BECE096,ProQuest,Local adaptation strategy to climate change for equitable water access in Chilean rural zones,"Delgado, Luisa Elizabeth; Torres-Gomez, Marcela; Tironi-Silva, Antonio; Marin, Victor Hernan",2015,,https://www.proquest.com/docview/1718065279?accountid=13598&bdid=165485&_bd=DzMT138GlKOzmAvnbuK%2BFDoz1Rg%3D,,,
R5E5747C02CEA,ProQuest,The People of Kali Beri Settlement: Pakistani Migrant Struggles in India,"Sharma, Divya",2015,,https://www.proquest.com/docview/1875705838?accountid=13598&bdid=165485&_bd=MWYHQzJkeKRJ9%2F8T0UBNd71ZHKw%3D,,,
R45CBEF060DB7,ProQuest,"In the continuing drought, can Orange County keep building?","Collins, Jeff",2015,,https://www.proquest.com/docview/1677734944?accountid=13598&bdid=165485&_bd=XRWjENJcAE4W73kD%2ByAn0AOYpdo%3D,,,
R6B6AA155D3E8,ProQuest,Harper Government Invests in Upgraded Wastewater System for God's Lake First Nation,,2015,,https://www.proquest.com/docview/1652796641?accountid=13598&bdid=165485&_bd=hylNTfWHXjLpZ39NRESzyFSLazo%3D,,,
RD9FF780DF989,ProQuest,"""Water When You Need It"": Examining Water Service Delivery with an Urban Planning Perspective","Devadiga, Asavari Vasudeo",2014,,https://www.proquest.com/docview/2239977364?accountid=13598&bdid=165485&_bd=BADZ9U89hiobHCNZSr6tI6EsH18%3D,,,
R90AEB80CD9A2,ProQuest,Analyse de la Gestion D'un Service Public dans un Contexte Transitoire: Conflits et Enjeux des Services D'eau Potable en Tunisie en 2012,"Morin, Laurence Arsenault",2014,,https://www.proquest.com/docview/2812064664?accountid=13598&bdid=165485&_bd=D8miduKaTBf0Ve0sq3Z2vfMIbSY%3D,,,
R236F99A38C0F,ProQuest,"Barriers to the Provision of Basic Sanitation in Two Selected Informal Settlements in Harare, Zimbabwe","Mukonoweshuro, Tonderai Fadzai",2014,,https://www.proquest.com/docview/3153383918?accountid=13598&bdid=165485&_bd=z2hXtanGMwfQ16Md4KN2xGDsPtQ%3D,,,
R3380C920725B,ProQuest,Reforms of water services in Burkina Faso: women's participation remains in question,"Saussey, Magalie",2014,https://doi.org/10.3917/rtm.217.0181,https://www.proquest.com/docview/1539472139?accountid=13598&bdid=165485&_bd=4tqsDGlciIua61TDOBjNkZkrcjw%3D,,,
R49459F32EBC4,ProQuest,"Improving access to water and sanitation via effective community engagement: a case study of urban abakaliki, nigeria","Uguru, Obinna Paul",2014,,https://www.proquest.com/docview/1780289214?accountid=13598&bdid=165485&_bd=FzxYoAbinvT9WqF8fmH%2FUZ0CPg8%3D,,,
R9E451FD53FF8,ProQuest,Has urban water privatization worked in the Global South?,"Vardacostas, Christos",2014,,https://www.proquest.com/docview/1531933090?accountid=13598&bdid=165485&_bd=cuI37pzwBEKDnv1pfueHp4feS8s%3D,,,
RA1D4172CB2BE,ProQuest,Developing standards for household latrines in Rwanda,"Medland, Louise S",2014,,https://www.proquest.com/docview/2312364818?accountid=13598&bdid=165485&_bd=T3%2BuJNGwB938aGjpTFr6CSKN5dg%3D,,,
R9B6709C7AE9B,ProQuest,Decision Making Under the Tree: Gender Perspectives on Decentralization Reforms in Service Delivery in Rural Tanzania,"Masanyiwa, Zacharia S.",2014,,https://www.proquest.com/docview/2580679774?accountid=13598&bdid=165485&_bd=5zmJ4AJrEy%2FgVEjgkOY%2Fpu3DcRA%3D,,,
R19FD5701BC0D,ProQuest,"Water, governance and human development variables in developing countries: multivariate inter-relationships analysis and statistical modelling using bayesian networks","Dondeynaz, Celine",2014,,https://www.proquest.com/docview/1784059866?accountid=13598&bdid=165485&_bd=EJSCeDiFxcc1fcQoeCEqis%2FE4dc%3D,wrong_file_retrieved,,"[2026-09-27] wrong_file_retrieved: Delivered PDF content does not match target record. DB target: 'Water, governance and human development variables in developing countries: multivariate...' (Dondeynaz, Celine, 2014). Actual PDF content: 'Determinants of Corporate Sustainability in the Malaysian Construction Industry' (Kwek Choon Ling et al., Journal of Management and Sustainability 13(1), 2023) -- an entirely unrelated paper on corporate sustainability in Malaysia's construction sector. Flagging wrong_file_retrieved; not screened."
R79F6CDBD7D14,ProQuest,"Environment, Rights, and Waste in Bolivia: Addressing Water and Sanitation Processes for Improved Infrastructure","Cairns, Maryann R.",2014,,https://www.proquest.com/docview/1564784879?accountid=13598&bdid=165485&_bd=5Yqv6NUEwnPS8DGCc2LElvakjFM%3D,,,
RAA804C98FCA9,ProQuest,"Gendered Participation in Water Management in Nepal: Discourses, Policies and Practices in the Irrigation and Drinking Water Sectors","Udas, Pranita Bhushan",2014,,https://www.proquest.com/docview/2580911738?accountid=13598&bdid=165485&_bd=JSG7S2AeG2AoYn4aOUwHpJPP8lo%3D,,,
R9FB03C0FA8AD,ProQuest,Modes D'organisation et Distribution de L'eau: Une Evaluation Empirique de la Performance par les Méthodes des Frontières de Production,"Mande Buafua, Patrick",2014,,https://www.proquest.com/docview/3110357588?accountid=13598&bdid=165485&_bd=DGxt1lvY%2FqvE17mZ%2B1K%2FCiSbe8w%3D,,,
RCF2C8A8C45DD,ProQuest,Sanitation and social power in the United States,"Carrera, Jennifer Suzanne",2014,,https://www.proquest.com/docview/1651953648?accountid=13598&bdid=165485&_bd=0WWTeSkW1xbw0t5KkdXUP3ZLvhU%3D,,,
RB986BD33E8D0,ProQuest,Tap versus bottle: A mixed methods analysis of public water supply and the bottled water industry in the United States,"Simons, Catherine",2014,,https://www.proquest.com/docview/1554688822?accountid=13598&bdid=165485&_bd=9sDt89%2F8Pm4x00dVMb6lRIRCN%2BA%3D,,,
R41DEC52D30D5,ProQuest,Unmasking covert injustice? A multilevel analysis of environmental inequalities and regulatory enforcement in the United States,"Liang, Jiaqi",2014,,https://www.proquest.com/docview/1636541488?accountid=13598&bdid=165485&_bd=vfRPKatHZeugZi6OiUiFTXboMIo%3D,,,
RC44FF7087ED7,ProQuest,Ações do Governo Federal na Área de Influência do Projeto de Integração do Rio São Francisco Com Bacias Hidrográficas do Nordeste Setentrional: Uma Avaliação dos Investimentos nos Municípios do Plano de Ação,"Viana, João Paulo",2014,,https://www.proquest.com/docview/1698615036?accountid=13598&bdid=165485&_bd=6eEeQZmPv2X57a6rSACr7XEgAq0%3D,,,
R893971DF7251,ProQuest,Vers une Gestion Rationnelle de L'eau Dans une Situation Complexe D'urbanisation Anarchique Dans un Pays en Développement : Cas du Bassin Versant de L'abiergué (Yaoundé-Cameroun),"Guy-Romain, Kouam Kenmogne",2014,,https://www.proquest.com/docview/3110360678?accountid=13598&bdid=165485&_bd=uYgVb8PVNBnxzevjk%2BbaDtHgYPQ%3D,,,
R383B38896514,ProQuest,"Fluid Hegemony: A Political Ecology of Water, Market Rule, and Insurgence at Bangalore's Frontier.","Ranganathan, Malini",2014,,https://www.proquest.com/docview/1520344800?accountid=13598&bdid=165485&_bd=V%2FlYvXy4cykxUv%2BZmqFWwcI4KzA%3D,,,
RA915675B6CC5,ProQuest,On Equity in India's Water Supply Public-Private Partnerships,"Bommier, Swann; Renouard, Cécile",2014,,https://www.proquest.com/docview/1698364123?accountid=13598&bdid=165485&_bd=FY5nPCub%2BNbz9VQiA0J9DXmmr8I%3D,,,
R54474056B4D8,ProQuest,Is Country-system-based Aid Really Better than Project-based Aid? Evidence from Rural Water Supply Management in Uganda,"Furukawa, Mitsuaki; Mikami, Satoru",2014,,https://www.proquest.com/docview/1698650036?accountid=13598&bdid=165485&_bd=ZxDLXqGWgjONKgO1EgLrSmTadeE%3D,,,
R083F3250F8E0,ProQuest,The political economy of community management: a study of factors influencing sustainability in malawi's rural water supply sector,"Chowns, Eleanor",2014,,https://www.proquest.com/docview/1548711228?accountid=13598&bdid=165485&_bd=keknJ93gdzd7JCJwAfL6h18SFXw%3D,,,
R41A117922E8D,ProQuest,Can the Technocrats Calm Peru's Troubled Waters?,"Lynch, Barbara",2014,,https://www.proquest.com/docview/1656157022?accountid=13598&bdid=165485&_bd=rPbMej6VMRuwPg%2BxV4z9MxkjriU%3D,,,
R75B33C1F5BAE,ProQuest,"Keepers of the water: Exploring Anishinaabe and Metis women's knowledge of water and participation in water governance in Kenora, Ontario.","Szach, Natasha J",2014,,https://www.proquest.com/docview/1567044534?accountid=13598&bdid=165485&_bd=XGO9KEZKYmDzEek8MAYRs4bgy6c%3D,,,
R263549602BA3,ProQuest,Participatory modelling for holistic understanding of catchment health and human health in andean rural microcatchments: the case of calabazas,"Dominguez Rivera, Isabel Cristina",2014,,https://www.proquest.com/docview/1779254101?accountid=13598&bdid=165485&_bd=C1%2FejFhSBUUsosIthqlbpSy6Ues%3D,,,
R77CDB9112613,ProQuest,Privatizing water and articulating indigeneity: The Chilean water reforms and the Atacameño people (Likan Antai),"Prieto, Manuel",2014,,https://www.proquest.com/docview/1554346114?accountid=13598&bdid=165485&_bd=IWX926DkDtNQUaoHiaAoTUM9CYw%3D,,,
R10C784AFAE14,ProQuest,Neoliberalism and water rights: The case of India,"Subramaniam, Mangala",2014,https://doi.org/10.1177/0011392114523973,https://www.proquest.com/docview/1520421489?accountid=13598&bdid=165485&_bd=gSumn0kgEr4gI2oF4HB7ntnLLHE%3D,,,
R60D4F5EF6DE5,ProQuest,Supporting local climate adaptation planning and implementation through local governance and decentralised finance provision,"Sharma, Virinder; Orindi, Victor; Hesse, Ced; Pattison, James; Anderson, Simon",2014,https://doi.org/10.1080/09614524.2014.907240,https://www.proquest.com/docview/1667949508?accountid=13598&bdid=165485&_bd=tOnPr%2BMPP53EprOuzRba%2Fr6JfYA%3D,wrong_file_retrieved,,"Antigravity Drive-inbox delivery (2026-09-22) does not match this record: target is 'Supporting local climate adaptation planning and implementation through local governance and decentralised finance provision' (Sharma, Virinder; Orindi, Victor; Hesse, Ced; Pattison, James; Anderson, Simon, 2014, Community Development Journal, doi 10.1080/09614524.2014.907240), but the PDF delivered was a 1-page UK-Aid-funded field 'Resilience Assessment Summary' for Kinna ward, Isiolo County, Kenya (May 2012), with no listed academic authors -- confirmed via full-text search, none of Sharma, Orindi, Hesse, Pattison, or Anderson appears anywhere in the delivered PDF. Likely a grey-literature program document related to the same Kenya County Climate Adaptation Fund initiative discussed in the target article, but not the article itself. Not screened. Needs re-retrieval of the correct Sharma et al. 2014 journal article."
R9C07F7253E84,ProQuest,Groundwater Law In India: Towards a Framework Ensuring Equitable Access and Aquifer Protection,"Cullet, Philippe",2014,,https://www.proquest.com/docview/1520791946?accountid=13598&bdid=165485&_bd=UF2VCDj9jbeWXQ8rsBbqB0m3ecY%3D,,,
R8B55DBAADF3C,ProQuest,Water resources and biofuel production after the fast-track land reform in Zimbabwe,"Mutopo, Patience; Chiweshe, Manase Kudzai",2014,,https://www.proquest.com/docview/1545536246?accountid=13598&bdid=165485&_bd=bNVp1hZ6B0KhQtFDXuD1NBNASQE%3D,,,
RD05064EDF749,ProQuest,Proposal for a Model of Co-Management for the Small Community Water Supplies in Colombia,"Bernal, Andrea; Rivas, Luis; Pena, Pilar",2014,,https://www.proquest.com/docview/1650147131?accountid=13598&bdid=165485&_bd=ZDI0DBiSG3yWEbpa77H1S9dSX%2BY%3D,,,
R8320AF7DAA5E,ProQuest,Iraq Public Sector Modernisation Programme (Ipsm) Phase Ii,,2014,,https://www.proquest.com/docview/1559386557?accountid=13598&bdid=165485&_bd=8qE5uB%2Fgru6R%2FOcyCDmZBtBvVkI%3D,,,
R3E26A73D528A,ProQuest,Audit points out DEP 's flaws,"Legere, Laura",2014,,https://www.proquest.com/docview/1547695106?accountid=13598&bdid=165485&_bd=8GmA%2BtXT6IkckVdRHwjO7xcW4gs%3D,,,
REE1F7B3E8978,ProQuest,Sharing the recurrent costs of rural water supply in Mali : the role of WaterAid in promoting sustainable service delivery,"Jones, Stephen David",2013,,https://www.proquest.com/docview/2372335217?accountid=13598&bdid=165485&_bd=ziQ8QeEK12EAhTnadrVL1gtDPW8%3D,,,
RB2AD25A65209,ProQuest,A vízszolgáltatások hatékonyságának javítása a vízkeretirányelv egyes rendelkezései és a szennyező fizet elvének tükrében,"Belényesi, Pál",2013,,https://www.proquest.com/docview/3146640521?accountid=13598&bdid=165485&_bd=2wS481Bahpx4vxN6ii6aCv7AsNI%3D,,,
RC1ECB2ABB781,ProQuest,Has urban water privatization worked in the Global South?,"Vardacostas, Christos",2013,,https://www.proquest.com/docview/1412340115?accountid=13598&bdid=165485&_bd=l0npVUl1%2FvldlJQxY5ds03yykPA%3D,,,
RAC8DC87D4EF9,ProQuest,An Exploratory Study on Regulatory Policies Governing Private Sector Participation in the Peri-urban Sanitation Market in Ghana,Nimoh; F; Poku; K; Ohene-Yankyera; K; Konradsen; F; Abaidoo; R C,2013,,https://www.proquest.com/docview/2134069554?accountid=13598&bdid=165485&_bd=CfRZ6Qpwf4Akk%2B63KJJaeh7dnPE%3D,,,
R266B681C0E60,ProQuest,"Hybrid governance, empowerment and access to safe drinking water the case of water users associations in Burkina Faso","Baron, C; Bonnassieux, A",2013,,https://www.proquest.com/docview/1463035505?accountid=13598&bdid=165485&_bd=%2BNQOLEQyCS0p7NgNaanah7jbrw8%3D,,,
R8AC52DA298ED,ProQuest,Water distribution and urban agglomeration indicators in Colombia,"Bernal, Pedro Ignacio",2013,,https://www.proquest.com/docview/1663903619?accountid=13598&bdid=165485&_bd=YQvjJeY5Gw%2FGwgAJ15LMZdhwS2s%3D,,,
RFC8EA02A9AFD,ProQuest,Uncertainty and dissent: the limits of Brazilian sanitation policy,Ana Cristina Augusto de Sousa; Nilson do Rosário Costa; Ana Cristina Augusto de Sousa; Nilson do Rosário Costa,2013,,https://www.proquest.com/docview/1643152749?accountid=13598&bdid=165485&_bd=q83ek31cvxMgU%2FLmkn1ZGM3HUvU%3D,,,
R35F90409732F,ProQuest,Enabling community-based water management systems: governance and sustainability of rural point-water facilities in Uganda,"Mugumya, Firminus",2013,,https://www.proquest.com/docview/1651914152?accountid=13598&bdid=165485&_bd=DQy5h9D4udBZkzSSFCG1Mpydiqg%3D,,,
R8C4EE8FB9874,ProQuest,Assessment of decentralized service delivery arrangements and institutional performance: the case of pakistan local government reforms,"Farooqi, Seemab Ara",2013,,https://www.proquest.com/docview/1687709052?accountid=13598&bdid=165485&_bd=eN2D1DEb6LFgX1iUoC1F9azuf8Q%3D,,,
RAD907FA178C8,ProQuest,Building a culture of accountability in service delivery. An overview of results of the GDN project on Varieties of Governance in Service Delivery,"Perry, Guillermo; Angelescu, Ramona",2013,,https://www.proquest.com/docview/1698190160?accountid=13598&bdid=165485&_bd=18SmVenzCkHv%2BRLiU0M6DFiRPvA%3D,,,
R4A50BB320392,ProQuest,Building Regulatory Bodies in the Brazilian States,"Cohon, Adam Joseph",2013,,https://www.proquest.com/docview/1525994276?accountid=13598&bdid=165485&_bd=0SZWAAM3li1KpzOIIM117CWYDX4%3D,,,
R5D8A08C43C7A,ProQuest,Islamic Republic of Mauritania; Poverty Reduction Strategy Paper,International Monetary Fund,2013,,https://www.proquest.com/docview/1698583581?accountid=13598&bdid=165485&_bd=3d2rCRpu%2Bsg5W%2FS5LX0wBLgLEsE%3D,,,
RB789C45EF948,ProQuest,"Institutional Analysis of Municipal Water Reforms: Framework And Application To Jakarta, Indonesia","Banerji, Bidisha",2013,,https://www.proquest.com/docview/1346015606?accountid=13598&bdid=165485&_bd=YOpt4LypAhX9QC9eBHrAuzclkh0%3D,,,
R5E50BE8CF218,ProQuest,"Rural Water Supply and Sanitation as Means for Development—A Case Study on Community Participation and Gender Inequality in Timor-Leste (Maubara, Liquiçá)","Tam, Therese Nguyen Thi Phuong",2013,,https://www.proquest.com/docview/1900944324?accountid=13598&bdid=165485&_bd=ufgcc8vTcC0a%2Bp6M2Ejq39wA5UU%3D,,,
R8DE6F3C51CDA,ProQuest,EPA Launches Talks On CWA Costs But City Officials Doubt Policy Overhaul,"Palleschi, Amanda",2013,,https://www.proquest.com/docview/1272856338?accountid=13598&bdid=165485&_bd=MWtg1fQEs4bo7gRYv21YcDQ%2Fl%2BU%3D,,,
RBC60118CEC2A,ProQuest,'Panchayats and Building of Model Villages',"Shrivastava, Mukesh Kumar",2013,,https://www.proquest.com/docview/1512708799?accountid=13598&bdid=165485&_bd=0i3lLXolfo%2FlZigMf9OKJ9mQJZY%3D,,,
R1ECC532A797B,ProQuest,Hydrological politics in megacity : rethinking water governance in delhi,"Kumar, Chandra Bhushan",2013,,https://www.proquest.com/docview/1951127090?accountid=13598&bdid=165485&_bd=Cwtx1i9tIHREtJcV%2Fa%2FnL%2F8Y4OQ%3D,,,
RD5D8694F377F,ProQuest,"Private sector involvement in urban water supply management, ghana","Abiwu, Napoleon",2013,,https://www.proquest.com/docview/1827469038?accountid=13598&bdid=165485&_bd=1HsvVsLhKg66n2BkIVEoUDBp1y4%3D,,,
RC7952E83537B,ProQuest,Mayors Reject EPA Plan For Variable Water Rates As 'Non Starter',"Palleschi, Amanda",2013,,https://www.proquest.com/docview/1352304076?accountid=13598&bdid=165485&_bd=0y6HNa5xTO0W3Huu0uPLo0TkoMg%3D,,,
R000DF300E5DF,ProQuest,EPA PLANS TALKS WITH CITIES ON WATER COSTS BUT RESISTS CALL FOR OVERHAUL,"Palleschi, Amanda",2013,,https://www.proquest.com/docview/1272083887?accountid=13598&bdid=165485&_bd=gD0q32wTCUbxnt%2BllXgvMiWzkcg%3D,,,
R27165B30AE1C,ProQuest,"Governing Water in the Andean Community of Cabanaconde, Peru: From Resistance to Opposition and to Cooperation (and Back Again?)","Paerregaard, Karsten",2013,,https://www.proquest.com/docview/1465506576?accountid=13598&bdid=165485&_bd=RMqR3TGJEG%2BjY0xJDPJPIKrp1Sc%3D,,,
R291F233A049B,ProQuest,Water Issues That Affect Affordability And Safety In A Community: The Camden Ohio Experience,"Forrer, Donald A.; Zimmerman, Michael; Mannix, Annalise",2013,,https://www.proquest.com/docview/1418712072?accountid=13598&bdid=165485&_bd=S9zEf2ynIB8e8TZwfgj1fyQ2yoA%3D,,,
RFD4276983BC5,ProQuest,"Demanding Development: Democracy, Community Governance, and Public Goods Provision in India's Urban Slums","Auerbach, Adam Michael",2013,,https://www.proquest.com/docview/1722487988?accountid=13598&bdid=165485&_bd=eixd8k5TXJMV%2F12jl%2BPFg0IPpAM%3D,,,
REF72D05FEF84,ProQuest,"Water Politics: Governance, Conflict, and Vulnerability in Andean Peru.","Rey de Castro Pastor, Flavia.",2013,,https://www.proquest.com/docview/1520334500?accountid=13598&bdid=165485&_bd=ZQo2vtMBadk4%2Bx9uDop1iTEPABk%3D,,,
RBFC70108EBEE,ProQuest,"Household Sanitation, Social Norms, and Public Policy in India","Stopnitzky, Yaniv",2013,,https://www.proquest.com/docview/1520325272?accountid=13598&bdid=165485&_bd=jpnY%2FxEaj%2BSapNqPZxRzWDKY%2BfM%3D,,,
R60DBB0A716ED,ProQuest,Rights on the edge : the right to water and the peri-urban drinking water committees of cochabamba,"Walnycki, Anna Maria",2013,,https://www.proquest.com/docview/1683347635?accountid=13598&bdid=165485&_bd=bvThgsWy9G9khBjbTvZh1Zl5OAk%3D,,,
R116235C8172D,ProQuest,The capacity for collective action in marginalized populations in the framework of control strategies for recognition. The cases of Cite de l'Eternel in Port-au-Prince (Haiti) and Sierra Santa Catarina in Iztapalapa (Mexico),"Louis, Ilionor",2013,,https://www.proquest.com/docview/1520312376?accountid=13598&bdid=165485&_bd=9Mv286OunZlOK5F8UrJ%2Fbc%2Fl3yE%3D,,,
R89F9B1AF0A80,ProQuest,Sustainability of Community-Based Drinking Water Systems in Developing Countries,"Aslam, Muhammad Sagheer",2013,,https://www.proquest.com/docview/2470882563?accountid=13598&bdid=165485&_bd=ECIj3eYPtAOPuuOYlG8ApiJTqJA%3D,,,
RBFD72E374C53,ProQuest,One Approach to Organizational Learning and Community-based Inquiry: A Case Study A collaborative and empowering journey to water & sanitation,"DeRuyck, Sara",2013,,https://www.proquest.com/docview/1520323668?accountid=13598&bdid=165485&_bd=zsc3TcXSxYXeI9N4MAvHwdp1aWg%3D,,,
R516D860293B8,ProQuest,Community-based innovation dynamics in the water supply and sanitation (WSS) sector,"Catalan, Pablo",2013,,https://www.proquest.com/docview/1520338311?accountid=13598&bdid=165485&_bd=O3XH1RNIgVsO4besJOehcF66jME%3D,,,
RE22EA32656E7,ProQuest,The Global Water Regime Water's Transformation from Right to Commodity in South Africa and Bolivia,"Mirosa, Oriol",2013,,https://www.proquest.com/docview/1520314655?accountid=13598&bdid=165485&_bd=OInSPXx9vD86R%2BNLZGVGXvmfwME%3D,,,
R6CF919237649,ProQuest,Bolivia's Next Water War: Historicizing the Struggles over Access to Water Resources in the Twenty-First Century,"Fabricant, Nicole; Hicks, Kathryn",2013,,https://www.proquest.com/docview/1352770509?accountid=13598&bdid=165485&_bd=hFriU8ewWk5E7ydFedUB8EZ4vd4%3D,,,
R22B644A91DD0,ProQuest,Can Participation Change the Geography of Water? Lessons from South Africa,"Brown, Julia",2013,,https://www.proquest.com/docview/1314408108?accountid=13598&bdid=165485&_bd=JNZUm6MPa9hZsOiUT4Em98b%2B9rc%3D,,,
RA38DE71ECC8B,ProQuest,Political ecology of potable water in Guangzhou: actors and social vulnerabilities,"Wehrhahn, Rainer; Helten, Michael; Bercht, Anna Lena",2013,,https://www.proquest.com/docview/1446269143?accountid=13598&bdid=165485&_bd=iigBAfgqtbQe77GU3tr6x8sWRp0%3D,,,
R8B0799F593E8,ProQuest,Kyrgyzstan-Water Supply and Sanitation Strategy Project,,2013,,https://www.proquest.com/docview/1365720812?accountid=13598&bdid=165485&_bd=paKeM6g76garSfAtNOBZU8R%2BW2U%3D,,,
REC36569F2377,ProQuest,Avaliação de Conformidade dos Tarifários Aplicados aos Utilizadores Finais Domésticos com as Recomendações Tarifárias Publicadas Pela Entidade Reguladora dos Serviços de Águas e Resíduos,"Rodrigues, Cristina Landeiro",2012,,https://www.proquest.com/docview/2717713585?accountid=13598&bdid=165485&_bd=Hr5MM8ZjuXbHoe%2BswNMwFLsfgeY%3D,,,
R3878D84A5E02,ProQuest,"Households' coping strategies with unsatisfactory urban services in a planned city of developing countries: A case study of Abuja, Nigeria","Abubakar, Ismaila Rimi",2012,,https://www.proquest.com/docview/1287184197?accountid=13598&bdid=165485&_bd=FTK941YtKduCWXKpVlFolbLesTU%3D,,,
RD1D67F3E867A,ProQuest,Rural water development in sub-Saharan Africa: A comparative study between Uganda and Tanzania,"de Cecco, Paola",2012,,https://www.proquest.com/docview/1294174105?accountid=13598&bdid=165485&_bd=r3VOP9QeteH9a%2FkxBTdZdvUt7d8%3D,,,
R9B16902DBADD,ProQuest,From resource management to political activism: Civil society participation in Nicaragua's rural water governance,"Romano, Sarah T.",2012,,https://www.proquest.com/docview/1287983964?accountid=13598&bdid=165485&_bd=JkIqzTrgthRxYtSvu72p40TfVyk%3D,,,
R1B172397E8EA,ProQuest,From Makhaza to Rammulorsi: reflections on South Africa's 'toilet election' of 2011,"Tempelhoff, Johann",2012,,https://www.proquest.com/docview/1033285042?accountid=13598&bdid=165485&_bd=qrGlIsbllBBmmGfBYUW%2FpDbh7pY%3D,,,
R573BED34CC4E,ProQuest,"Spatial Patterns of Water Insecurity in a Developing City: Lessons from Accra, Ghana","Stoler, Justin",2012,,https://www.proquest.com/docview/1013836701?accountid=13598&bdid=165485&_bd=ZQnQeOcIUW65kVGOwz8HnTtwf2U%3D,,,
R48602DF61744,ProQuest,An Assessment of the Impact of Fiscal Decentralization on Improvement of Service Delivery at Grassroot Levels: A Case of Dodoma Municipal Council,"Samanya, Eliakundi F.",2012,,https://www.proquest.com/docview/3224571675?accountid=13598&bdid=165485&_bd=bqN4EaFWiXWn1Xhx6tRVADHjDs8%3D,,,
RC1F76F82D241,ProQuest,La construction sociale du statut juridique de l'eau: le cas du Québec et du Mexique,"Vega Cardenas, Yenny",2012,,https://www.proquest.com/docview/1319307588?accountid=13598&bdid=165485&_bd=2uKV%2BMPxKFzGgIWGK4TjDCIrhFY%3D,,,
R962EAA5E4835,ProQuest,"Square peg, round hole: Ontario First Nations technical staff perspectives on federal drinking water infrastructure policies, programs and processes","McCullough, Jason",2012,,https://www.proquest.com/docview/1018353087?accountid=13598&bdid=165485&_bd=QXDxX99rDhRP40VdjSRUg%2Bk7rqo%3D,,,
RE2FB0B34198C,ProQuest,Investigation of I-WASH's Community-Led Total Sanitation and Alternative Decentralized Sanitation Models in Rural Ghana,"Questad, Adam",2012,,https://www.proquest.com/docview/3335380827?accountid=13598&bdid=165485&_bd=16%2FbJKS2SAqnKykcE5qmpjAn9W4%3D,,,
R0E97835651DC,ProQuest,Assessing Sanitary Mixtures in East African Cities,"Letema, Sammy C.",2012,,https://www.proquest.com/docview/2566014815?accountid=13598&bdid=165485&_bd=aadjbPxMgHhQwKHxuT0uHmp%2FdxE%3D,,,
R3D464C85B346,ProQuest,"Sanitation interventions in the urban informal settlements of bangladesh: the role of government, ngos and the grassroots","Rahman, Md Mizanur",2012,,https://www.proquest.com/docview/1327119903?accountid=13598&bdid=165485&_bd=F3zyF9gs8G7F%2BiqJPkMrqDQf2e8%3D,,,
RAB48BAAD374D,ProQuest,Accelerating sanitation: A mixed methods assessment of the health ministry's role in developing countries,"Platt, Jennifer Leigh",2012,,https://www.proquest.com/docview/1284157027?accountid=13598&bdid=165485&_bd=Wb7Rg3xR3sK2dNq4D3KLyfrWCS8%3D,,,
RFEBA9E5C7885,ProQuest,Tourism and water,"Madeley, John",2012,,https://www.proquest.com/docview/1124560500?accountid=13598&bdid=165485&_bd=Tpd9sSl6Dc5NlMz%2BT4R8MaJjqWo%3D,wrong_file_retrieved,,"[2026-09-27] wrong_file_retrieved: Delivered PDF content does not match target record. DB target: 'Tourism and water' by Madeley, John (2012). Actual PDF content: Arcega-Cabrera, Leon-Aguirre et al. (2023), 'Use of Microbiological and Chemical Data to Evaluate the Effects of Tourism on Water Quality in Karstic Cenotes in Yucatan, Mexico', Bulletin of Environmental Contamination and Toxicology -- an entirely different, unrelated microbiology/water-quality study with different authors and no connection to the target citation. Flagging wrong_file_retrieved; not screened. Second retrieval attempt (2026-09-27, Antigravity delivery folder pool batch) again delivered the identical wrong file (Arcega-Cabrera, Leon-Aguirre et al. 2023 cenotes microbiology study), confirmed via full-text read. wrong_file_retrieved flag remains; record still open pending correct retrieval of Madeley 2012 Tourism and water."
R2A9751DFEE49,ProQuest,"Household Sanitation, Social Norms, and Public Policy in India","Stopnitzky, Yaniv",2012,,https://www.proquest.com/docview/1282730805?accountid=13598&bdid=165485&_bd=kVajyJi0zXjEBeMq%2F%2F81bKQqLao%3D,,,
R1FB70FD058E3,ProQuest,"Periurban Water Use, Human Health and Well-being. Emerging Issues in South Asia","Narain, Vishal",2012,,https://www.proquest.com/docview/1040880775?accountid=13598&bdid=165485&_bd=kJExMUmnThGS7hCVbYglGJwrQxc%3D,,,
R624CF4D3BCB5,ProQuest,Governance of the drinking water supply service: a case study of three mexican communities,"Becerril Tinoco, Citlalli",2012,,https://www.proquest.com/docview/1779234015?accountid=13598&bdid=165485&_bd=pEoz0jLrGcBp1DTxHuc3FeFHx0k%3D,,,
R88CACDA7D362,ProQuest,Negotiating citizenship through communal water management in highland ecuador,"Armijos Burneo, Maria Teresa",2012,,https://www.proquest.com/docview/1535017095?accountid=13598&bdid=165485&_bd=4VcL5dl3JLAqrme1xYrX5FwQhRE%3D,,,
RB6B9F7E82930,ProQuest,"Urbanization of water: Entitlements and local institutions in the provision of potable water in peri-urban Hanoi, Vietnam","Nguyen, Hao Thien",2012,,https://www.proquest.com/docview/1267150940?accountid=13598&bdid=165485&_bd=iX80HKuAHCAxni7LpH86koXaRSo%3D,,,
R2BA01311F81E,ProQuest,Estudo das Necessidades Investimento em Saneamento Básico na Província de Kuanza sul em Angola,"Tainha, Cátia Sofia Pedrosa",2012,,https://www.proquest.com/docview/3161889259?accountid=13598&bdid=165485&_bd=iUJlVQY5LQu1THHdmpLhIiywoRc%3D,,,
R76613235AA62,ProQuest,Community-based innovation dynamics in the water supply and sanitation (WSS) sector,"Catalan, Pablo",2012,,https://www.proquest.com/docview/1114897652?accountid=13598&bdid=165485&_bd=4CPygNlkKNuPcuik9XzB7uHJ%2FDU%3D,,,
R56F532773560,ProQuest,Estudo das necessidades de saneamento básico e agua potável na província de kuanza Sul em Angola,"Tainha, Cátia Sofia Pedrosa",2012,,https://www.proquest.com/docview/2610002017?accountid=13598&bdid=165485&_bd=r4x8ZcxMNn64rWqZzjzN9zFVtrQ%3D,,,
RC7D2F5CA6CBC,ProQuest,Drinking Water and Exclusion: A Case Study from California's Central Valley,"Pannu, Camille",2012,,https://www.proquest.com/docview/922785758?accountid=13598&bdid=165485&_bd=pE6We8b8GO6ByWrsqdOErZt%2FYKY%3D,,,
RDFBAE1E63D2B,ProQuest,Política del Agua en Venezuela Para el Cumplimiento de la Meta del Milenio Sobre Acceso al Agua Potable y Saneamiento Durante el Período 2000-2010,"Escalona, Iralys Eugenia González",2012,,https://www.proquest.com/docview/3098796212?accountid=13598&bdid=165485&_bd=T842mHxCFUqpmCRtzG6NzGMclAk%3D,,,
REE8F7A0C9B95,ProQuest,Do democratic transitions produce better human development outcomes? Empirical evidence from 40 years of regime changes,"Reddy, Amit",2012,,https://www.proquest.com/docview/1010625224?accountid=13598&bdid=165485&_bd=Fdpz9YVIRqK8MXPXCZeRRDErV2c%3D,,,
R7C6EB2B41FD4,ProQuest,Meeting the Water Reform Challenge,Organisation for Economic Co-operation and Development (OECD),2012,,https://www.proquest.com/docview/2131364031?accountid=13598&bdid=165485&_bd=UqghvSTuGfzxpef3QqJ7qeu0dpY%3D,,,
R4AF78D35D529,ProQuest,Current situation of water supply services in Venezuela,"Higuerey G., A. Ángel; González, María Manuela; Trujillo, Lourdes",2012,,https://www.proquest.com/docview/1620075676?accountid=13598&bdid=165485&_bd=bEcYPIvorTHp6PBsDacl3LJKuXk%3D,,,
R8CC2490739D0,ProQuest,Europäische Preisregulierungssysteme in der Wasserwirtschaft: Konzepte und Umsetzungsprobleme,"Meran, Georg",2012,https://doi.org/10.3790/vjh.81.1.167,https://www.proquest.com/docview/3162780209?accountid=13598&bdid=165485&_bd=KYZ0mbTmUxDm7aNz5eU6NKtKvdM%3D,,,
R56030675497F,ProQuest,Philippines: Lawmaker wants to update the Water Code of the Philippines,,2012,,https://www.proquest.com/docview/1223695331?accountid=13598&bdid=165485&_bd=MrUDt5o99gQ6DP2cxRNwHzsF1Uw%3D,,,
R1BC5203FA8C6,ProQuest,Nowhere to hide,"Williams, Andrew",2012,,https://www.proquest.com/docview/1021200462?accountid=13598&bdid=165485&_bd=x6i%2B6ZcoowMllnRuCtm3B%2BV6FME%3D,,,
R593B18C689DE,ProQuest,"Households have easier access to phones than sanitation, drinking water facilities",,2012,,https://www.proquest.com/docview/1321949070?accountid=13598&bdid=165485&_bd=vhfN4TqxNUp9nkb5O1%2FGkCTP9Ow%3D,,,
RA6D506F61DE8,ProQuest,"Where the waters divide: neoliberalism, white privilege, and environmental racism in Canada","Mascarenhas, Michael",2012,,https://www.proquest.com/docview/1317584458?accountid=13598&bdid=165485&_bd=rUiT%2BdxeV4KAHs1LOPZcO72AaOo%3D,,,
R24E101DAAFF3,ProQuest,The development of water management institutions and the provision for water delivery in Cameroon: history and futures,"Oumar, S B; Tewari, D D",2012,,https://www.proquest.com/docview/1515983314?accountid=13598&bdid=165485&_bd=Jq%2B%2FSnPEJ%2BHpPSLQe5AIpvSSTFw%3D,,,
R1AD93C82D460,ProQuest,South Africa : Government addressing water problems in Bushbuckridge Local Municipality,,2012,,https://www.proquest.com/docview/1080563321?accountid=13598&bdid=165485&_bd=O1yUruRxvHWZVwMEWM%2BolSZu%2FqA%3D,,,
R33F8E5CB09A4,ProQuest,OPINION: Muffled sobs,"Mercado, Juan L",2012,,https://www.proquest.com/docview/923668295?accountid=13598&bdid=165485&_bd=iSXUqpUJj7VNKHLV4XpkxcYIyEI%3D,,,
R8B684B7523C7,ProQuest,"Privatizing Water: Globalization, States and Human Rights","Baer, Madeline",2011,,https://www.proquest.com/docview/869983133?accountid=13598&bdid=165485&_bd=DDCYdxb0Bji%2BC7oGOwV8AqmIZvk%3D,,,
R3283981849DE,ProQuest,"Decentralization of Water Service Delivery in Mexico: The Effects of Party Politics, Intergovernmental Dynamics, and Municipal Capacity","Hastings, Cameron Jones",2011,,https://www.proquest.com/docview/883516450?accountid=13598&bdid=165485&_bd=h8uxN%2BfZDC69%2BOpVJwR3qon5zQQ%3D,,,
R6AE8ACA16E00,ProQuest,"Water, activism, and the World Bank: The debate over private sector participation, 1990–2010","Travis, Karen F.",2011,,https://www.proquest.com/docview/880288277?accountid=13598&bdid=165485&_bd=oyyxpwKhEHFFftGHG86h89UTMCk%3D,,,
R39C00EDBED3D,ProQuest,Análise de Desempenho das Entidades Gestoras Concessionárias dos Serviços de Águas em Portugal Continental,"da Silva, Janete Carolina Melo",2011,,https://www.proquest.com/docview/2917304143?accountid=13598&bdid=165485&_bd=XKGboosM1ncDY5%2FU5aDpXcp6poo%3D,,,
R9DF7885C70B3,ProQuest,Water reforms in Kenya: A historical challenge to ensure universal water access and meet the Millennium Development Goals,"Sambu, Daniel",2011,,https://www.proquest.com/docview/869532289?accountid=13598&bdid=165485&_bd=sXnmIcqaPWxrNU9VrQynTxMxZd8%3D,,,
R69A18D502A1C,ProQuest,"Mayors, Markets and Municipal Reform: The Politics of Water Delivery in Mexico","Herrera, Veronica Maria Sol",2011,,https://www.proquest.com/docview/892720771?accountid=13598&bdid=165485&_bd=4%2BMXidY4QMT4ncSvVkMAkQUERS8%3D,,,
R7DFD119D407B,ProQuest,Unbundling tenure issues for urban sanitation development,"Scott, Philippa",2011,,https://www.proquest.com/docview/1779233772?accountid=13598&bdid=165485&_bd=96TN5wLpBqS9aL9vhphI53kwxnU%3D,,,
R3B497922736F,ProQuest,Water Affordability in England and Wales,"Quezon Amjad, U.",2011,,https://www.proquest.com/docview/2296376397?accountid=13598&bdid=165485&_bd=DurdUm4qvFgKjE%2F24M6xhkuVGzs%3D,,,
RB39597BABD46,ProQuest,Accounting for the divergence between privatisation theory and practice in developing countries: the case of the water sector in ghana,"Robertson, Simon",2011,,https://www.proquest.com/docview/1683610354?accountid=13598&bdid=165485&_bd=rDpczszzGBZ24ZBsrrod%2BGxZSys%3D,,,
R40E7D0B743D0,ProQuest,"Square peg, round hole: Ontario First Nations technical staff perspectives on federal drinking water infrastructure policies, programs and processes","McCullough, Jason",2011,,https://www.proquest.com/docview/892067612?accountid=13598&bdid=165485&_bd=s30vZzVnc%2BW%2BWiwU97owaXP8njM%3D,,,
R50F7C3E9628F,ProQuest,"Local political innovations, state regulation and territorial disparities. A historical view on local health policies in French towns (1879-2010)","Goff, Erwan Le",2011,,https://www.proquest.com/docview/1418112376?accountid=13598&bdid=165485&_bd=uthNwvZC6av7lu7gtU3B1lzbXUE%3D,,,
R48E0C7C7D60C,ProQuest,"Africa's Water and Sanitation Infrastructure; Access, Affordability, and Alternatives","Banerjee, Sudeshna Ghosh; Morella, Elvira",2011,,https://www.proquest.com/docview/2131299276?accountid=13598&bdid=165485&_bd=jpr16g6MyTrcFHlhKDvODc3GEjo%3D,,,
R547E6CA30517,ProQuest,Affordability of water 'is a postcode lottery',"Ockenden, Karma",2011,,https://www.proquest.com/docview/869726792?accountid=13598&bdid=165485&_bd=IATbZvLXIhjOil1MaU0qH7WEt%2F4%3D,,,
R53B49BD08ECC,ProQuest,Customer-oriented reforms in urban public water supply in uganda (1998-2008),"Wanyakala, Tom Alfred",2011,,https://www.proquest.com/docview/1314577211?accountid=13598&bdid=165485&_bd=wSFm%2FCbAUNI2niAZYaqbYPRZDsE%3D,,,
R815B8434579F,ProQuest,An Evaluation of the Appropriateness of Piped Sewerage For African Cities,"Norman, Guy",2011,,https://www.proquest.com/docview/1415357688?accountid=13598&bdid=165485&_bd=cnXJLoi%2Ba2augA0QdjfR9PXLdqQ%3D,,,
RA784B15AB2D2,ProQuest,Working Paper 140 - Development Aid and Access to Water and Sanitation in Sub-Saharan Africa,"Salami, Adeleke Oluwole; Kamara, Abdul; Stampini, Marco; Sullivan, Caroline; Regassa Namara",2011,,https://www.proquest.com/docview/1697440148?accountid=13598&bdid=165485&_bd=XRIyKte55nftV8wJn2%2FlP7OYm%2FA%3D,,,
R056D4E19E04C,ProQuest,Norwich officials consider sewer fee change,"Bessette, Claire",2011,,https://www.proquest.com/docview/866005695?accountid=13598&bdid=165485&_bd=BML6uchgKIMek33%2BtJvAGLbQ6kA%3D,,,
RED7F40E568EE,ProQuest,"Contribution of public private partnerships (PPPs) between slum dweller's CBOs and public water supply authority to improve urban water governance: Experience of DSK, Bangladesh","Hossain, Khandker Zakir",2011,,https://www.proquest.com/docview/920654961?accountid=13598&bdid=165485&_bd=TkOPDD71t9XUZ6gBW9M1XB7wfxk%3D,,,
RFE0B120D4FAE,ProQuest,Access and Exclusion,"Faktor, Alex",2011,,https://www.proquest.com/docview/921622013?accountid=13598&bdid=165485&_bd=acHHNIHN8iGsETkVTW9%2FGlS4UQk%3D,,,
RC667790DEE3C,ProQuest,"Just Water: Using Pro-Poor, People-Centered and Ecologically Sustainable Models to Address the Inequities in Global Water Provisioning","Clay, Jason R.",2011,,https://www.proquest.com/docview/913104014?accountid=13598&bdid=165485&_bd=xGSOiiaFpdnVEHoiQUWycUz8lQQ%3D,,,
R3DB2F9D0CE7E,ProQuest,Civil Society in Urban Sanitation and Solid Waste Management: the Role of Ngos and Cbos in Metropolises of East Africa,"Tukahirwa, Judith Tumusiime",2011,,https://www.proquest.com/docview/2566014856?accountid=13598&bdid=165485&_bd=77O9PyWYYhURXHyWb3ErRZADKTw%3D,,,
RB147A01AE889,ProQuest,Remand for failure to state reasons is unnecessary where developer failed to comply with soil test and water supply requirements and board could not approve the application,Anonymous,2011,,https://www.proquest.com/docview/871108673?accountid=13598&bdid=165485&_bd=lCo0Ha%2Bj1Qqb5gedvQasbovvn54%3D,,,
R8B0DE17352DB,ProQuest,Regulation of Urban Water Supply: The Case of Small-Scale and Independent Providers in Ethiopia and Kenya,"Ayalew, Mulugeta Mengist",2011,,https://www.proquest.com/docview/2283360379?accountid=13598&bdid=165485&_bd=Tth5CmVlnT2%2FS0IB4M54tGg2U5Y%3D,,,
R49F492E477A0,ProQuest,"Spatial dimensions of water access and public health implications: The case of Dar es Salaam city, Tanzania","Kabuga, Sabina B.M.J.",2011,,https://www.proquest.com/docview/890095192?accountid=13598&bdid=165485&_bd=T9VPkNL%2FP0OgHgHRQcws9thRSqQ%3D,,,
RD60BBB72213E,ProQuest,Just Water? Social Disparities and Drinking Water Quality in California's San Joaquin Valley,"Balazs, Carolina Laurie",2011,,https://www.proquest.com/docview/1526000633?accountid=13598&bdid=165485&_bd=XhDvyEZ3uW%2Fj2atqk9F480hxOkw%3D,,,
R3729652D2D60,ProQuest,"Policy drought: Water resource management, urban growth, and technological solutions in post-World War II Atlanta","Hardy, Eric M.",2011,,https://www.proquest.com/docview/1498137281?accountid=13598&bdid=165485&_bd=AaaLO2q15Rqorm20zJtq26o0T2U%3D,,,
R202A61E0248F,ProQuest,Women’S Role and Participation in Water Supply Management: The Case Study of the Republic of Ghana,"Svahn, Karolin",2011,,https://www.proquest.com/docview/2002002043?accountid=13598&bdid=165485&_bd=z8eM8Gr0tdvBkpcpuiw8i0tpMw8%3D,,,
RDDC2F107211C,ProQuest,"Stakeholder participation and sustainability challenges confronting a small urban community-managed water supply project: Case study of Buea, Cameroon","Sally, Mehdi Zian",2011,,https://www.proquest.com/docview/1034736894?accountid=13598&bdid=165485&_bd=nvdu7DRFD%2BLovJdHCZZzPT3c8bU%3D,,,
RAD74E82FC618,ProQuest,"Management, uses and values of demand-oriented domestic water facilities in the akatsi district of ghana","Gbedemah, Francis Shine",2011,,https://www.proquest.com/docview/1512400620?accountid=13598&bdid=165485&_bd=X7libYLjBoeN9D%2F2S7fPb6VfX%2Bw%3D,,,
R0142AEB4AB16,ProQuest,Os Problemas Ambientais em Cabo Verde: Políticas e Medidas de Protecção Ambiental Estudo do Caso Comparativo “Praia Vs São Salvador do Mundo”,"Fernandes, Ermelindo P.",2011,,https://www.proquest.com/docview/2917306444?accountid=13598&bdid=165485&_bd=JVBnAiFU4jqMGpDkI0dANkXckrs%3D,,,
R9A54C483912F,ProQuest,Public accountability at the local government sphere in South Africa,"Sikhakane, B H; Reddy, P S",2011,,https://www.proquest.com/docview/905211437?accountid=13598&bdid=165485&_bd=L7xRGcqDLaZW75s%2Bk9MYlOdRiiE%3D,,,
RD46A8F3FC8C0,ProQuest,Shifted responsibilities case studies of Kenya's participatory Local Authority Service Delivery Action Plan (LASDAP),"Owolabi, Sade",2011,,https://www.proquest.com/docview/969245420?accountid=13598&bdid=165485&_bd=m0RllS9W3Loq8GtRxE6gD3PKU7o%3D,,,
RC8F4E74BD198,ProQuest,Organizing the distribution of drinking water,"Galerne, Mathias",2011,,https://www.proquest.com/docview/1466093707?accountid=13598&bdid=165485&_bd=nghRkou5e%2BzYWVLwSCkzCYh142E%3D,,,
R3EDD876E63CC,ProQuest,Using rainwater in buildings: the stakes in a practice to be developed,"Gouvello, Bernard de",2011,,https://www.proquest.com/docview/1466090443?accountid=13598&bdid=165485&_bd=AahB0fMYs0386kcLqmX6cDG1WIY%3D,,,
R0A1ED1B5B51E,ProQuest,AFRICA: Barriers to investment in water are lowering,,2011,,https://www.proquest.com/docview/893136746?accountid=13598&bdid=165485&_bd=XqQ2f3Raawy%2FLrzO0tbc1nlH8PE%3D,,,
R7965A5936791,ProQuest,Customers urge rejection of California American's 40.3% water rate hike,"Kalb, Loretta",2011,,https://www.proquest.com/docview/850545519?accountid=13598&bdid=165485&_bd=EssuJrMhCQrUrOA2FwROe1nx4hY%3D,,,
R53BCAAACD685,ProQuest,El cambiante panorama latinoamericano en cuanto a prestación y regulación de los servicios de agua potable y saneamiento[The changing Latin American landscape in provision and regulation of the water and sanitation services],"Lentini, Emilio J; Ferro, Gustavo",2010,,https://www.proquest.com/docview/1699081249?accountid=13598&bdid=165485&_bd=JNEoLaq68KYidNCQU2GK74t4muQ%3D,,,
R7FAFF69A2469,ProQuest,Three essays on environmental and natural resource economics,"Wang, Qiong (Juliana)",2010,,https://www.proquest.com/docview/655919778?accountid=13598&bdid=165485&_bd=hXBY%2BhihPUKSJza6CYykPaYIWRo%3D,,,
R441156713B43,ProQuest,Kamu Yönetiminde Dönüşüm Kapsamında Su Dağıtım Hizmetlerinin Cözümlenmesi,"Acar, Eray",2010,,https://www.proquest.com/docview/2956852578?accountid=13598&bdid=165485&_bd=kqbqHnAanv%2F01fTN18o%2FYsWPVXo%3D,,,
R743BD16EED6C,ProQuest,The World Bank's Framework for Service Provision: The case of the water kiosks of the Zambian commercialised utilities,"Self, Julie Ann",2010,,https://www.proquest.com/docview/749230478?accountid=13598&bdid=165485&_bd=3jsTiL%2B4QDV0jU2%2FNlt8d2ShSPg%3D,,,
R3FF05E31EAB9,ProQuest,'Slippage' : The Bane of Rural Drinking Water Sector (A Study of Extent and Causes in Andhra Pradesh),"Reddy, V Ratna; Rao, M S Ramamohan; Venkataswamy, M",2010,,https://www.proquest.com/docview/1698257745?accountid=13598&bdid=165485&_bd=kKSzWq%2B8PqAPGUWw7IVhTtq8eWQ%3D,,,
R16D87BB47C02,ProQuest,A virtuous cycle: Tracing democratic quality though equality,"Ross, Ashley Dyan",2010,,https://www.proquest.com/docview/821232569?accountid=13598&bdid=165485&_bd=N2fEKHHi2%2FKCCmhNXskoIXFTX70%3D,,,
RD55C782F8EA5,ProQuest,"From Buenos Aires to the provinces: the formation of a great public enterprise - the national Sanitary Works, 1891-1930","Regalsky, Andrés",2010,,https://www.proquest.com/docview/897341907?accountid=13598&bdid=165485&_bd=t%2FvKWNlsINDDGvAwlLjoIPj%2BPY0%3D,,,
R128F4F59CC33,ProQuest,"The Globalizing State, Public Services and the New Governance of Urban Local Communities in India: A Colloquium","Shah, Ghanshyam; Joshi, Arpita; Prasad, Purendra N; Chettiparamb, Angelique; Sekher, Madhushree; Kumar, Manoj; Singh, Lakhan; Samanta, Gopa; Mathur, Navdeep, (Coordinator)",2010,https://doi.org/10.1177/0256090920100106,https://www.proquest.com/docview/1978160598?accountid=13598&bdid=165485&_bd=OJPx1NuqA3d3Jl4R%2BhIRXwQJNDU%3D,,,
R75E7F01A6977,ProQuest,Neighbourhood Association and tenure stabilisation in informal settlements: the case of Lengkong,"Raharjo, Wiryono",2010,,https://www.proquest.com/docview/1030869800?accountid=13598&bdid=165485&_bd=zBwV99Kfe64fHAvPYcsW8C5elmQ%3D,,,
R4DB9048620C8,ProQuest,"Access of the Poor to Water Supply and Sanitation in India: Salient Concepts, Issues and Cases","Jha, Nitish",2010,,https://www.proquest.com/docview/1698613906?accountid=13598&bdid=165485&_bd=RIypCBTAOTLTzAu16O5l6CI5PhM%3D,,,
R83A0086BC9FB,ProQuest,"Water resources, health, and the sustainability of interventions to achieve water and sanitation targets of the Millennium Development Goals in a changing world","Fry, Lauren M.",2010,,https://www.proquest.com/docview/757226396?accountid=13598&bdid=165485&_bd=gQ9LqfhAx8nibtU1PQkDl8Ykddg%3D,,,
RF34E1F7828A9,ProQuest,"Materialities of government: A historical archaeology of infrastructure in Annapolis and Eastport, 1865–1951","Palus, Matthew M.",2010,,https://www.proquest.com/docview/230969823?accountid=13598&bdid=165485&_bd=k3w%2FWnoAyoa3wzkRRAweqe3lRzA%3D,,,
R86591D0CF4D9,ProQuest,"Bottoms, Hollows, and Flats: Making and Remaking the Lower Section of the American City","Moga, Steven Thomas",2010,,https://www.proquest.com/docview/860001867?accountid=13598&bdid=165485&_bd=91qYQnmf7sq%2BgpRpeYIT1lh6RbI%3D,,,
R5A9378950BA0,ProQuest,Rural Utilities Back Drinking Water Bill Despite Lack Of 'Affordability' Waiver,,2010,,https://www.proquest.com/docview/1008890987?accountid=13598&bdid=165485&_bd=QkQlBoZyWC3Eo9BAqg7KjZndBZg%3D,,,
R7D2B2A384AD7,ProQuest,Beneficiary Charges: The Cinderella of Subnational Finance,"Yeti Nisha Madhoo; Nath, Shyam",2010,,https://www.proquest.com/docview/1697576605?accountid=13598&bdid=165485&_bd=dRa4TkG1EgrZavB4%2BRTAJXfMSMk%3D,,,
R29B8C28C047A,ProQuest,"Fluid Hegemony: A Political Ecology of Water, Market Rule, and Insurgence at Bangalore's Frontier","Ranganathan, Malini",2010,,https://www.proquest.com/docview/1322071898?accountid=13598&bdid=165485&_bd=co35IJVtjiUMbrY6FlhaR0gPTcE%3D,,,
R16CB987F622F,ProQuest,Greywater and the grid: Explaining informal water use in Tijuana,"Meehan, Katharine",2010,,https://www.proquest.com/docview/759470761?accountid=13598&bdid=165485&_bd=Fc%2BcUYSbM%2BzuBP3jDdRUQs6B%2Fdc%3D,,,
R8F036FED015F,ProQuest,Locals seek federal help with sewer improvement costs,"Giusti, Autumn",2010,,https://www.proquest.com/docview/756780372?accountid=13598&bdid=165485&_bd=huq1TF8LsguowxviwPO9MHRRNDI%3D,,,
RF2265DDE420E,ProQuest,World Bank and Urban Water Supply Reforms in India: A Case Study on Karnataka,"Ghosh Mitra, Susanna",2010,,https://www.proquest.com/docview/3266743845?accountid=13598&bdid=165485&_bd=%2FYLZKWxYC%2BSsALQMCaBnIB0kRZo%3D,,,
R955D87EE3BBF,ProQuest,"Promise or compromise? Community managed water supply for the urban poor in Madhya Pradesh, India","Das, Priyam",2010,,https://www.proquest.com/docview/500007843?accountid=13598&bdid=165485&_bd=EKBzjLGC6cPgSZ1L4AUo3yELvDU%3D,,,
RD8AF9C89106F,ProQuest,South Africa's Bubble Meets Boiling Urban Social Protest,"Bond, Patrick",2010,https://doi.org/10.14452/MR-062-02-2010-06_2,https://www.proquest.com/docview/365582723?accountid=13598&bdid=165485&_bd=nptfxOrKCJXirBKxrCCVpn0E%2BTw%3D,,,
R1C7B5A6466D9,ProQuest,"The Role of Multiple Institutions in the Management of Micro Spring Forests in Ukerewe, Tanzania","Katani, Josiah Zephania",2010,,https://www.proquest.com/docview/2572448272?accountid=13598&bdid=165485&_bd=b%2Fb2HfBgKhiNIOd01bIlBh3m5n8%3D,,,
R00F911D1EF6E,ProQuest,Integrated Water Resources Management: A theoretical exploration of the implementation gap between the developed and developing worlds,"Schiff, Jennifer S",2010,,https://www.proquest.com/docview/835113945?accountid=13598&bdid=165485&_bd=tUPvxYsqFJFjMD%2F%2BpC18K%2BVHA8o%3D,,,
R539A4277D7E5,ProQuest,"Vulnerability, Adaptation, and Resilience to Flood and Climate Change-Related Risks among Marginal Riverine Communities in Metro Manila","Porio, Emma",2010,,https://www.proquest.com/docview/743068230?accountid=13598&bdid=165485&_bd=xQxB1%2B9qQnaHgYr9Kk8pdBuXPww%3D,,,
R9FDD2D036452,ProQuest,Government price regulation analysis and evaluation on wastewater treatment industry,"Zhu, Jun",2010,,https://www.proquest.com/docview/1870391419?accountid=13598&bdid=165485&_bd=HXSTcP6fQkNpAITg2UIoPQ3F9Pg%3D,,,
RC4B2DD54F358,ProQuest,"Challenges and Conflicts of the Water Remunicipalisation: The Example of the Concession of La Paz El Alto, Bolivie","Poupeau, Franck",2010,,https://www.proquest.com/docview/835111634?accountid=13598&bdid=165485&_bd=Xt45qyrqrKw2cRGPmJoQLg9lGOs%3D,,,
R43DE424922CB,ProQuest,Service Delivery for the Poor in South Africa The Right of Access to Food and Water,"Mubangizi, Betty C; Mubangizi, John C",2010,,https://www.proquest.com/docview/754042074?accountid=13598&bdid=165485&_bd=4%2FQsK0%2FXIAQdELvgm1BVOO%2FqM%2FA%3D,,,
R33F51CB30C14,ProQuest,"Water for life, not for profit: Globalization, development, and water struggles in India","Bywater, Krista Anne",2010,,https://www.proquest.com/docview/743059901?accountid=13598&bdid=165485&_bd=Bef3UZ%2BW4l1pmfLqefHp23PH4TQ%3D,,,
R77233241BC77,ProQuest,Toward the Institutionalization of a Delegated Community Management? The Case of the Access to Water in Poor Urban Poor Settlements of in Port-au-Prince,"Barrau, Emilie; Frenoux, Clement",2010,,https://www.proquest.com/docview/835112434?accountid=13598&bdid=165485&_bd=2mOcBtcXS%2Fbdt88gbb%2BdJop3Ls4%3D,,,
R3FABE0DB9595,ProQuest,Privatizing water: governance failure and the world's urban water crisis,"Bakker, Karen J",2010,,https://www.proquest.com/docview/928054372?accountid=13598&bdid=165485&_bd=beGmP8LESWM8u36dM2T8vMFjDdM%3D,,,
RF20FC9499DD0,ProQuest,Alternatives de partenariats pour la gestion de l'eau potable dans les quartiers pauvres des zones urbaines: Cas de Kinshasa,"Katsongo, Kamathe",2010,,https://www.proquest.com/docview/737555540?accountid=13598&bdid=165485&_bd=jYnlkuiVvCtLux06HBaedh6MCjQ%3D,,,
R6FA0E5C9345F,ProQuest,Small Scale Providers in the Water Supply Chain of Small and Medium Indian Towns,"Angueletou-Marteau, Anastasia",2010,,https://www.proquest.com/docview/835112142?accountid=13598&bdid=165485&_bd=2KHQj6kFf9tRGnotnGl3zVqfhyw%3D,,,
R9A5136DBA184,ProQuest,Water in Africa: availability and access,"Baron, Catherine",2010,,https://www.proquest.com/docview/853209533?accountid=13598&bdid=165485&_bd=0B1Rv14DyDVpOTNMM3aU8qEjHJw%3D,,,
R8E01C3ED492E,ProQuest,WORLD BANK GROUP: Independent Impact Evaluation: National Solidarity Program Enhances Local Governance and Increases Involvement of Women; [1],Anonymous,2010,,https://www.proquest.com/docview/252163944?accountid=13598&bdid=165485&_bd=1D3dwh2hj0d%2Fz9j8BnpmGroqmsA%3D,,,
RDBD6F9484AB1,ProQuest,Municipal water service models and regulation,"Zheng, Yan Ling",2009,,https://www.proquest.com/docview/1869202682?accountid=13598&bdid=165485&_bd=kCgQKrUjKCUSvfdjjY3t2fPWvO8%3D,,,
R2EB4D666487D,ProQuest,Towards Improved Partnerships in the Water Sector in the Middle East: a Case Study of Jordan,"Odeh, Nancy",2009,,https://www.proquest.com/docview/305095707?accountid=13598&bdid=165485&_bd=0S4wgYmYUSDg8J29XEsNwasFquc%3D,,,
R9614DD77DB9B,ProQuest,Local Service Delivery of Potable Water in the Philippines: National Review and Case Analysis,"Israel, Danilo C",2009,,https://www.proquest.com/docview/1698934683?accountid=13598&bdid=165485&_bd=wwzsPjRzdG18UduPVudcdA2INms%3D,,,
R3998F8462C95,ProQuest,Water Pollution Control Authority acts within its discretion in denying extension of service for large development outside planned service area,Anonymous,2009,,https://www.proquest.com/docview/233304240?accountid=13598&bdid=165485&_bd=EagNrIMHbSqYhMt3QktZjmA%2B6F0%3D,,,
R0358B81545C7,ProQuest,A Study of the Impact of Decentralization on Access to Service Delivery,"Saavedra-Costas, Pablo A.",2009,,https://www.proquest.com/docview/885864720?accountid=13598&bdid=165485&_bd=u1v14EEhxa1yjkcJz%2Bn48NNBNFw%3D,,,
R09FC86C2B2A1,ProQuest,Performance and ownership in the governance of urban water,"García-Rubio, Miguel A; González-Gómez, Francisco; Guardiola, Jorge",2009,,https://www.proquest.com/docview/1698393236?accountid=13598&bdid=165485&_bd=zwlO6%2Fdzm2fQA3QIzrHav%2FBLv3A%3D,,,
R0D5C4BC1354D,ProQuest,Private Sector Participation in the Provision of Urban Water Supply: Examining the Options and Scope in Mumbai,"Nallathiga, Ramakrishna",2009,,https://www.proquest.com/docview/198492729?accountid=13598&bdid=165485&_bd=og%2Fl%2BidALATHmAsSEtXMlVTST4E%3D,,,
R0B53702535FD,ProQuest,Managing Water for All,Organisation for Economic Co-operation and Development (OECD),2009,,https://www.proquest.com/docview/2131212515?accountid=13598&bdid=165485&_bd=ZhAIz%2Bb41vgO1R77otasYnpfKzI%3D,,,
R062509D0652A,ProQuest,Features of the drinkable water sector in Venezuela,"Escalona, Lenny; Espitia, Manuel; García, Lucia",2009,,https://www.proquest.com/docview/851745770?accountid=13598&bdid=165485&_bd=7RgqZZ6VtLh4nxUE%2FjHsKtxWp6Y%3D,,,
RDE42FAEF86DD,ProQuest,Water and sanitation provision through public-private partnerships: Challenges for municipalities,"Nzimakwe, Thokozani Ian",2009,,https://www.proquest.com/docview/61750762?accountid=13598&bdid=165485&_bd=dF8bKBuPz71vNEQm9AOKExBLmL8%3D,,,
RC4E5083A9C61,ProQuest,Structure and development of German water supply compared with other European countries,"Wackerbauer, Johann",2009,,https://www.proquest.com/docview/761041275?accountid=13598&bdid=165485&_bd=NbcptoyoVko6JH5eyW95RS6bNCw%3D,,,
R72C09FDD09E5,ProQuest,Engineering modernity: the provision of water for tangier 1840-1956,"Viehoff, V. A.",2009,,https://www.proquest.com/docview/1774213454?accountid=13598&bdid=165485&_bd=918y13Er7SUuZw%2FxFVf1N2A%2FyI4%3D,,,
R95726741ACAE,ProQuest,Rural sewer access,"Mann, Damian",2009,,https://www.proquest.com/docview/457142673?accountid=13598&bdid=165485&_bd=LGDR8mWZz0Aq3KQupEnW7ywKOxo%3D,,,
R40DBF56B62A4,ProQuest,"A Study of the Interconnections Between Colonial Land Policies and Urbanisation in Lagos, 1861-1960","Davies, Ganiyu Olanrewaju",2009,,https://www.proquest.com/docview/2700780133?accountid=13598&bdid=165485&_bd=yyAgaOyQ4YCvxwH1eE06W92S2GM%3D,,,
R3EC82F2544AC,ProQuest,State regulatory frameworks for basic sanitation in Brazil,"Alceu de Castro Galvão Junior; Nishio, Sandra Regina; Bouvier, Beatriz Baraúna; Frederico Araujo Turolla",2009,,https://www.proquest.com/docview/1643151242?accountid=13598&bdid=165485&_bd=okcdWwUO6Guuj2mkEHWS3mf4QZ8%3D,,,
R6201DEBD9C1D,ProQuest,Improving Local Service Delivery for the MDGs in Asia: the Case of the Philippines,Philippine Institute for Development Studies,2009,,https://www.proquest.com/docview/1698934796?accountid=13598&bdid=165485&_bd=l17uzTh36CieeLxH0a0chAVBbDM%3D,,,
R52820A2B58CF,ProQuest,Institutional and regulatory economics of Public Private Partnerships in infrastructure: Evidences from stochastic cost frontier analysis and three case studies of urban water utilities,"Kumar, Manish",2009,,https://www.proquest.com/docview/304881426?accountid=13598&bdid=165485&_bd=B0aNO1HW2zzLwVaavijX64n0%2BdY%3D,,,
R1646F0221608,ProQuest,The governance of service delivery for the poor and women: A study of rural water supply in Ethiopia,"Mogues, Tewodaj; Cohen, Marc J; Birner, Regina; Lemma, Mamusha; Randriamamonjy, Josee; Tadesse, Fanaye; Paulos, Zelekawork",2009,,https://www.proquest.com/docview/1698098757?accountid=13598&bdid=165485&_bd=GebkrjoIWGd3ZS7bG9vCD%2BIorDs%3D,,,
R751F32AD5F4D,ProQuest,Access to and governance of rural services: Agricultural extension and drinking water supply in Ethiopia,"Mogues, Tewodaj; Cohen, Marc J; Birner, Regina; Lemma, Mamusha; Randriamamonjy, Josee; Tadesse, Fanaye; Paulos, Zelekawork",2009,,https://www.proquest.com/docview/1698097834?accountid=13598&bdid=165485&_bd=fj%2FRJVLowNcCZ9OEEbL4hRXhKIk%3D,,,
R5551DCF6AC45,ProQuest,Sustainable approach needed for water bills,"Sutherland, Alan",2009,,https://www.proquest.com/docview/232127637?accountid=13598&bdid=165485&_bd=2CMRHmuSJAInihi%2BT0riF%2B62TZE%3D,,,
R6E056F269F35,ProQuest,"Choice and Preference of Water Supply institutions: Analysing Expert, Stakeholder and Consumer Preferences for Reforms in developing city of Delhi","Tiwari, Anand Prakash",2009,,https://www.proquest.com/docview/1884218023?accountid=13598&bdid=165485&_bd=Erquz4cUWNJ0puSr4cK%2Bx7QrJCM%3D,,,
RE38B01D5853D,ProQuest,Allocating water from agriculture to growing cities : the Hyderabad case (South-India) and its implications for urban water transfers research and policy,"Celio, Mattia S",2009,,https://www.proquest.com/docview/2312390380?accountid=13598&bdid=165485&_bd=8T06IQFSXORDVh4NGDPR8TE2KRs%3D,,,
R5FAD601495A9,ProQuest,"Management of faecal sludge in the urban areas of low-income countries: a case of tamale, ghana","Nkansah, Andrews",2009,,https://www.proquest.com/docview/899749347?accountid=13598&bdid=165485&_bd=vrih6M%2BFn4pEGRexVAb7%2BPLxYtI%3D,,,
R44BE62ED7B12,ProQuest,"Watershed characterization, management and policy implication: Towards a sustainable human-ecosystem comunity with a case study from Krueng Aceh Watershed Aceh, Indonesia","Sopacua, Juliaty",2009,,https://www.proquest.com/docview/758921889?accountid=13598&bdid=165485&_bd=onEnHZuJfUn6C4%2BlPZ9Oeoe5NLo%3D,,,
R1F37F14B3722,ProQuest,Alternatives à l'assainissement centralisé dans les pays en développement: Le cas des zones périurbaines du Vietnam,"Beausejour, Julie",2009,,https://www.proquest.com/docview/305131821?accountid=13598&bdid=165485&_bd=knZ9vUoONs5tST85sZUOujspB2w%3D,,,
RFA65F81DDB47,ProQuest,"Scarce, costly and uncertain: water access in Kibera, Nairobi","Crow, Ben; Odaba, Edmond",2009,,https://www.proquest.com/docview/1698040908?accountid=13598&bdid=165485&_bd=epHnXWTrMEsfHQnJtHN6Cv%2Fgy1g%3D,,,
R4C4CC585B1C8,ProQuest,An Assessment of the Local Service Delivery of Potable Water in Dumaguete City and Selected Areas of Agusan del Sur Province,"Israel, Danilo C",2009,,https://www.proquest.com/docview/882909536?accountid=13598&bdid=165485&_bd=K2NOnIzfAzfoJ43eVcbihhGz7mk%3D,,,
RC3766387D69C,ProQuest,Using consumer beliefs and values in the design of sustainable water governance systems,"da Ponte, Carlos",2009,,https://www.proquest.com/docview/60354798?accountid=13598&bdid=165485&_bd=0PH8GUwEDrDGWEz%2BJQqkYp%2BYuMw%3D,,,
R494C5B6A5FB0,ProQuest,Democracy and efficacy in service provision: A comparison of post -reform domestic water supply in three Indian states,"Misra, Kajri",2009,,https://www.proquest.com/docview/304878190?accountid=13598&bdid=165485&_bd=GXhjpoq9tRb3EXmOBCUeF0GnuNE%3D,,,
R82299B091458,ProQuest,Will Jakarta be the next Atlantis? Excessive groundwater use resulting from a failing piped water network,"Colbran, Nicola",2009,,https://www.proquest.com/docview/37131173?accountid=13598&bdid=165485&_bd=JrR4OqHed7NhL8K1fk26DDR%2BFXs%3D,,,
RDAFBB5117ACF,ProQuest,Water uncertainties in Southeastern Nigeria: Why government should be interested in management,"Akpabio, Emmanuel M; Ekanem, Ekanem M",2009,,https://www.proquest.com/docview/764428706?accountid=13598&bdid=165485&_bd=HJUDDgSqMmmVvNG7c5jy6nXYFWo%3D,,,
REA9578DA2DE4,ProQuest,A study on the regulatory reform of municipalsystems of public utilities in china,"Guo, Jian Qing",2009,,https://www.proquest.com/docview/1868792811?accountid=13598&bdid=165485&_bd=svBflKhxYAuJzpf9e1n1K13CiDw%3D,,,
RC3DCB866134D,ProQuest,Palestinian water shortage another effect of conflict,Anonymous,2009,,https://www.proquest.com/docview/250716958?accountid=13598&bdid=165485&_bd=wvjf5d33CbQA3OXnty9AuEpWULI%3D,,,
RC467FC57751F,ProQuest,A study on management of sewage treatment concession for xilang water treatment plant in guangzhou,"Zheng, Da Bin",2009,,https://www.proquest.com/docview/1869033670?accountid=13598&bdid=165485&_bd=UWPFMJD7Yqc7veXtQs5ozYA5OCY%3D,,,
R096943083833,ProQuest,Évaluation des captages futurs en eau souterraine par les municipalités du Québec,"Armand, Flavie",2009,,https://www.proquest.com/docview/305128605?accountid=13598&bdid=165485&_bd=U2jAJANTONqimn3wTXw7Z1rG95o%3D,,,
R31BD502FD038,ProQuest,Stream-flow bill bad for state,"Pederson, Jennifer A",2009,,https://www.proquest.com/docview/269054159?accountid=13598&bdid=165485&_bd=1qigRbCL7XpQ9XcKlXSE4u7xB9E%3D,,,
RF6D0D4B41804,ProQuest,Function improvement research on the accessorial-room of existing country house in cold area,"Ji, Jun",2009,,https://www.proquest.com/docview/1869036618?accountid=13598&bdid=165485&_bd=xBBrxuwkCVODdylODGGxsOQbvaU%3D,,,
R539E1F872FAF,ProQuest,Nergui Manalsuren interviews JAE SO and PETER KOLSKY of the World Bank; [Source: NoticiasFinancieras],Anonymous,2009,,https://www.proquest.com/docview/466194484?accountid=13598&bdid=165485&_bd=CeKhsbUuu7CbrIVdur3mf7hlPGQ%3D,,,
RDDF23D3C6F70,ProQuest,Sustainability of rural water services in low-income countries: case studies in sub-saharan africa,"Harvey, Peter A.",2008,,https://www.proquest.com/docview/898748449?accountid=13598&bdid=165485&_bd=UO66eXbcxH9hOB12H%2B%2FFwZRgYcM%3D,,,
RB396888EAC30,ProQuest,CHALLENGES AND REALITIES OF WATER MANAGEMENT OF MEGACITIES: THE CASE OF MEXICO CITY METROPOLITAN AREA,"Tortajada, Cecilia",2008,,https://www.proquest.com/docview/220711586?accountid=13598&bdid=165485&_bd=FpbRCCkuBDjHZyv%2B84A5MjPSP6U%3D,,,
RA2073B7078CB,ProQuest,"Desired Outcomes, Unexpected Processes: Two Stories of Sanitation Maintenance in Erode Tenements, India","Balakrishnan, Sai",2008,,https://www.proquest.com/docview/3335387414?accountid=13598&bdid=165485&_bd=pnlJplQg1rKdX35Wcawkjbhu0yo%3D,,,
R014D81805085,ProQuest,Is water policy limiting residential growth? Evidence from California,"Hanak, Ellen",2008,,https://www.proquest.com/docview/36866896?accountid=13598&bdid=165485&_bd=YYHjjgf7Rc5gyPvEQTNbu74OgPo%3D,,,
RAB5640F28991,ProQuest,"Water, politics and the persistence of uneven development in the zambian copperbelt","Padfield, Rory",2008,,https://www.proquest.com/docview/301722711?accountid=13598&bdid=165485&_bd=ydjabfT2PwgREtKdT0VKm9B1tLM%3D,,,
R0AA26166D6FD,ProQuest,"Institutions, urban governance, and leadership: A study of the impacts of community planning and governance on the delivery of urban services and infrastructure in Cambodia","Meng, Bunnarith",2008,,https://www.proquest.com/docview/304600704?accountid=13598&bdid=165485&_bd=%2FIEgqv8KQHgNt90w%2B3d%2BZR3vA7M%3D,,,
R13E5DBA3512A,ProQuest,The Covenant Conundrum in Urban Water Conservation,"Dyckman, Caitlin S",2008,,https://www.proquest.com/docview/208558022?accountid=13598&bdid=165485&_bd=sW4RELDTcgA5CYpMOkNm%2BOerA1A%3D,,,
RE8FC10EE45D1,ProQuest,Implications of bulk water transfer on local water management institutions: A case study of the Melamchi Water Supply Project in Nepal,"Pant, Dhruba; Bhattarai, Madhusudan; Basnet, Govinda",2008,,https://www.proquest.com/docview/1698098756?accountid=13598&bdid=165485&_bd=Tj9oPVbLVkzNhHiqAwNgWzXc9Nw%3D,,,
R6894E7AD5A28,ProQuest,Challenges in up-scaling good practices,"Joshi, Sharadbala",2008,,https://www.proquest.com/docview/899715468?accountid=13598&bdid=165485&_bd=MHWsLe84AwxWRVIAaCoClXZOk7s%3D,,,
R344271883340,ProQuest,Addressing China's Water Scarcity; A Synthesis of Recommendations for Selected Water Resource Management Issues,"Xie, Jian",2008,,https://www.proquest.com/docview/2131973158?accountid=13598&bdid=165485&_bd=dXyQSQUe%2FtaC%2B6FuUlja2KrGHeM%3D,,,
RC62E2BE34445,ProQuest,"Environment, Poverty and Social Learning in Urban India: Issues and Strategies (A Case Study of Ludhiana Metropolitan Town)","Teotia, Manoj Kumar",2008,,https://www.proquest.com/docview/61783233?accountid=13598&bdid=165485&_bd=z8zQvf216nlZzvntXUMtbg0y4zA%3D,,,
R941190D16D5E,ProQuest,Study and Empirical Analyses on Water Price Regulation in Kunming,"Luo, Juan Hui",2008,,https://www.proquest.com/docview/1027100754?accountid=13598&bdid=165485&_bd=alMpqv%2BQ%2Fa5ej9CbyW15TaeOjNE%3D,,,
RB72AD6020116,ProQuest,Social policies and private sector participation in water supply: beyond regulation,"Prasad, Naren",2008,,https://www.proquest.com/docview/877841672?accountid=13598&bdid=165485&_bd=mxabSs0JXymYQ3PajLW68vQAH80%3D,,,
R5ADC318283B8,ProQuest,NEWS: CAG finds gaping holes in rural water supply scheme,Anonymous,2008,,https://www.proquest.com/docview/222049180?accountid=13598&bdid=165485&_bd=iKsMXLaq1lzNXIIpvJ3DsyvjDWo%3D,,,
R0A72E874D143,ProQuest,Accounting and the move to privatize water services in Africa,"Abu Shiraz Rahaman; Everett, Jeff; Neu, Dean",2007,https://doi.org/10.1108/09513570710778992,https://www.proquest.com/docview/211310877?accountid=13598&bdid=165485&_bd=ey5yhrQxDw7ND80l9xOq1VlVCZk%3D,,,
R3F1281999A87,ProQuest,Stay Public or Go Private?: A Comparative Analysis of Water Services between Quito and Guayaquil,"Carrillo, Paul; Bellettini, Orazio; Coombs, Elizabeth",2007,,https://www.proquest.com/docview/1698563629?accountid=13598&bdid=165485&_bd=R7SEylyXSogHNjdATgpJJouQdPc%3D,,,
RA66F588D8A99,ProQuest,"Private sector participation in water provision: a reform policy to meet rapid growth and development, with reference to arriyadh city, saudi arabia","Almayouf, Abdualelah Mohammad",2007,,https://www.proquest.com/docview/301711361?accountid=13598&bdid=165485&_bd=kfnkYr2jDf8H7QZNBT8cIHVUdAs%3D,,,
R2201C83298F4,ProQuest,Stepping Up; Improving the Performance of China's Urban Water Utilities,"Browder, Greg; Xie, Shiqing; Fan, Mingyuan",2007,,https://www.proquest.com/docview/2130901536?accountid=13598&bdid=165485&_bd=a03GJ7gq%2BEMaLPsciFFpsIFN52k%3D,,,
R434EF4693E4E,ProQuest,Reforming Delivery of Urban Services in Developing Countries: Evidence from a Case Study in India,Kala Seetharam Sreedhar,2007,,https://www.proquest.com/docview/1698337660?accountid=13598&bdid=165485&_bd=eZ3DqtJnYZ589t%2FrAyO8V5WwGqs%3D,,,
R3F4833ECD4D5,ProQuest,Open wider,"Barnes, Simon",2007,,https://www.proquest.com/docview/232147725?accountid=13598&bdid=165485&_bd=Y5U8ihbpeooAWiVvmA9Wg79WrJ0%3D,,,
R92FD73BDD7F6,ProQuest,"Institutions, inequality and the impact of foreign aid: a simultaneous equation approach","Torres Ledezma, Sebastian Generoso",2007,,https://www.proquest.com/docview/301649074?accountid=13598&bdid=165485&_bd=o3%2FFrfo%2FjFkzAhTKQQdjSz63Ysw%3D,,,
RB3AEDD2F6C6D,ProQuest,The Commodification of Water in Soweto and Its Implications for Social Justice,"Harvey, Ebrahim",2007,,https://www.proquest.com/docview/3161877743?accountid=13598&bdid=165485&_bd=tNmTuwbumZ3G9Nyh0K%2BiJGbr9hk%3D,,,
RCAA5D3528516,ProQuest,MANILA WATER - Steadfast approach pays off,,2007,,https://www.proquest.com/docview/206615020?accountid=13598&bdid=165485&_bd=q5TACbMqthJVWey8QVoevhlMyIk%3D,,,
R0B2F89A503C5,ProQuest,National Initiative for Human Development and Solidarity-Based Economy in Morocco. For a Better Access to Water and Sanitation,"de Miras, Claude",2007,,https://www.proquest.com/docview/61646007?accountid=13598&bdid=165485&_bd=2jP99EIhY6fWqcuA4%2FOfEpXfVC4%3D,,,
R987C9F7911DB,ProQuest,The pipe dream of partnership?: the type two outcomes of the world summit on sustainable development,"Stewart, Amy Eleanor",2007,,https://www.proquest.com/docview/301727742?accountid=13598&bdid=165485&_bd=PF0JjHjJC%2FIRysoJ1fzxve0tqiM%3D,,,
R921A35369A2E,ProQuest,'Swa'-Jal-Dhara or 'Pay'-Jal-Dhara-sector reform and the right to drinking water in Rajasthan and Maharashtra,"Preeti, Sampat",2007,,https://www.proquest.com/docview/36833792?accountid=13598&bdid=165485&_bd=dNxSz%2B7g05jOOynbuu%2F4GagcWVM%3D,,,
R64BC7EEA6E10,ProQuest,The most trusted and safest water supply systems in Asia; [Source: IPS],Puy Kea,2007,,https://www.proquest.com/docview/467149581?accountid=13598&bdid=165485&_bd=7nE8cqVwsn4kd2JCoHCnktr2ybw%3D,,,
R076AC687A7CA,ProQuest,Water restriction rules give businesses a break,"Becker, Lori",2007,,https://www.proquest.com/docview/465129930?accountid=13598&bdid=165485&_bd=byVaAV%2FT87iKDbUr48wbqD0MTQU%3D,,,
R7B80D58AAA56,ProQuest,Governance and Water Management: Progress and Tools in Mediterranean Countries,"Sgobbi, Alessandra; Fraviga, Gregorio",2006,,https://www.proquest.com/docview/2083193085?accountid=13598&bdid=165485&_bd=Gd46FKZ6NPWh0RFi%2B4Go%2BjZZRo4%3D,,,
R8D4B8D227839,ProQuest,Reforming delivery of urban services in developing countries: Evidence from a case study in India,"Sridhar, Kala Seetharam",2006,,https://www.proquest.com/docview/1698837078?accountid=13598&bdid=165485&_bd=VruL2sJipa%2BU6%2BNpUxGPBv%2FQas4%3D,,,
R65A6539CFE87,ProQuest,Water for African Cities: Integrating a Pro-poor Gender Analysis in UN-HABITAT's Water for African Cities Programme Phase II,"Khosla, Prabha",2006,,https://www.proquest.com/docview/211608242?accountid=13598&bdid=165485&_bd=jruAFIltcL7KD2Zk7hbswLqjRjk%3D,,,
R2B81E70A4BB1,ProQuest,Collective (In)Action and Corruption: Access to Improved Water and Sanitation,"Anbarci, Nejat; Escaleras, Monica; Register, Charles",2006,,https://www.proquest.com/docview/1698038759?accountid=13598&bdid=165485&_bd=JueQpwpqdXV5zr5R32qT1N98zaA%3D,,,
R191679B5A6DC,ProQuest,Partnerships between water sector institutions and aid agencies in urban areas affected by armed conflict,"Pinera, Jean-Francois",2006,,https://www.proquest.com/docview/1780172206?accountid=13598&bdid=165485&_bd=Y%2FWlhGbl9E9I%2F8ucAOrODxE5iRg%3D,,,
RC6BAC88E6BC6,ProQuest,"A political ecology of water struggles in durban, south africa","Loftus, A. J.",2006,,https://www.proquest.com/docview/1820835718?accountid=13598&bdid=165485&_bd=bMSYClMfIANXOKTcY2A7gYqXgmM%3D,,,
RA33EB9EC622E,ProQuest,"Understanding domain-based interorganizational collaboration: Governance, process and capacity","Bertels, Stephanie Petra",2006,,https://www.proquest.com/docview/305360569?accountid=13598&bdid=165485&_bd=7QrJMNTOcJUETJecZtZ%2BQ73Sl54%3D,,,
R912106578041,ProQuest,"Where the Waters Divide: Environmental Justice, Neoliberalism, and Aboriginal Voices. An Ethnography of the Changing Canadian Water Sector","Mascarenhas, Michael",2006,,https://www.proquest.com/docview/60011154?accountid=13598&bdid=165485&_bd=THyJvuqS5D%2BweLMROx%2Fb1Q%2B9g4M%3D,,,
R21C980DAC422,ProQuest,U.S. EPA Proposes Changes to Affordability Criteria,"Landers, Jay",2006,,https://www.proquest.com/docview/228564231?accountid=13598&bdid=165485&_bd=NyH96wlB9Xfy49FOnU%2B9RVCEjHs%3D,,,
R0B60D81754F1,ProQuest,"Assessing the potential for community-based waste management strategies: action research in the Kumasi Pui, Ghana.","Bradford, A.M.",2006,,https://www.proquest.com/docview/301726996?accountid=13598&bdid=165485&_bd=WwlK5RfQCXHYG9PC8ERK7Q1Aln0%3D,,,
R28009B7EF2D4,ProQuest,City reaches for measuring stick,"Chambers, Kelley",2006,,https://www.proquest.com/docview/459883392?accountid=13598&bdid=165485&_bd=DjzC8Q0C54FsL9v7Mo%2Bs04rbP%2B0%3D,,,
RD7C47CFCB469,ProQuest,Ownership of water system is a prerequisite for obtaining an operator's permit and such a permit cannot be revoked based on failure to extend service,Anonymous,2005,,https://www.proquest.com/docview/233315291?accountid=13598&bdid=165485&_bd=YREYH8FvuzMZNjsEREqJfBNddLQ%3D,,,
R535C43876BC2,ProQuest,Water by Truck in Mexico City,"Pike, Jill",2005,,https://www.proquest.com/docview/3335381589?accountid=13598&bdid=165485&_bd=mg1H4OXiuqa%2FGe9JS3Y4E7vIbTY%3D,,,
R58EDF93B59EB,ProQuest,Maintaining the Status Quo: How Institutional Norms and Practices Create Conservative Water Organizations,"Lach, Denise; Ingram, Helen; Rayner, Steve",2005,,https://www.proquest.com/docview/203710538?accountid=13598&bdid=165485&_bd=cI%2FHIQCSwbqnCzxeGj4jUfDUapg%3D,,,
R7F31C23B02CE,ProQuest,"Economic issues of water price identification and demand estimation when price is cryptic: Experience from Windhoek, Namibia","Kavezeri-Karuaihe, Selma Tuemumunu",2005,,https://www.proquest.com/docview/305385227?accountid=13598&bdid=165485&_bd=YWgHZTXk4rd2xB6RmEzn9y7yLkA%3D,,,
R7EB39E733DBD,ProQuest,Water utilities told to comply with law,"Natividad, Beverly T",2005,,https://www.proquest.com/docview/233729487?accountid=13598&bdid=165485&_bd=%2BJ2L9ocGCNw4aeO%2FD1lzvoeGzLc%3D,,,
RCA01B7C2AA05,ProQuest,Refusing to use sewer system could be costly for Tulsa residents,"Lassek, P J",2005,,https://www.proquest.com/docview/463566569?accountid=13598&bdid=165485&_bd=AxpfLjHmTIKv19pWm%2FIvyPW%2F3go%3D,,,
R6DC7D8F54275,ProQuest,Review of Aguas del Illimani (Suez) Activities in Bolivia,,2005,,https://www.proquest.com/docview/451522501?accountid=13598&bdid=165485&_bd=B2S7KlOTVxy196R95B0GH%2BgQ0D0%3D,,,
RF674F5317DB3,ProQuest,Officers find violations at Ingleside Mobile Home Park,"Ku, Michelle",2005,,https://www.proquest.com/docview/461406126?accountid=13598&bdid=165485&_bd=TGrfkaLYOq7OIlaqzZhiSGKz%2Bso%3D,,,
R8D17FD08613D,ProQuest,MEETING THE MDGS IN URBAN AREAS: THE FORGOTTEN ROLE OF LOCAL ORGANIZATIONS,"Satterthwaite, David",2005,,https://www.proquest.com/docview/220702457?accountid=13598&bdid=165485&_bd=lHod0DyseVPEZtCfP3lFS2gcY3Y%3D,,,
R59C7996EF355,ProQuest,"Decentralization, mobilization and democracy in mature neoliberalism: The Bolivian case","MacLean, Melissa Jane",2005,,https://www.proquest.com/docview/276601264?accountid=13598&bdid=165485&_bd=baFni8S7Z7JuMO0ElIoFeKzBZgI%3D,,,
R21CEABEE31CB,ProQuest,Infrastructure Regulation and Poverty Reduction in Developing Countries: A Review of the Evidence and a Research Agenda,"Parker, David; Kirkpatrick, Colin; Figueira-Theodorakopoulou, Catarina",2005,,https://www.proquest.com/docview/1697510658?accountid=13598&bdid=165485&_bd=zPMX2t9JESMtqq2xzJHbj8hFtRs%3D,,,
RD1CA6C37CE54,ProQuest,"The social construction of access to water in Zambia's copperbelt, 1900-2000: beyond the managerial explanation for inadequate access.","Kazimbaya-Senkwe, B. M.",2005,,https://www.proquest.com/docview/301636427?accountid=13598&bdid=165485&_bd=UiK%2ForpTWklhq6yGWwQMpkR6seg%3D,,,
RD5965565FA86,ProQuest,"Water, Modernity and the Demise of the Bacteriological City","Gandy, Matthew",2005,,https://www.proquest.com/docview/59997414?accountid=13598&bdid=165485&_bd=hqpJQHkwPFiDEy%2FxhbQGXF21zwU%3D,,,
R2DF8CA73B2F9,ProQuest,The Los Angeles 'oligarchy' and the governance of water and power networks: the making of a municipal utility based on market principles (1902-1930),"MacKillopp, Fionn",2005,,https://www.proquest.com/docview/37738448?accountid=13598&bdid=165485&_bd=86q0OQT%2BT0oJUnYPY%2BHQuZJdbEQ%3D,,,
RB6A989E4C111,ProQuest,Slow taps raise pressure for water,"Smith, Jennifer C",2005,,https://www.proquest.com/docview/460295008?accountid=13598&bdid=165485&_bd=AOYvG0w%2FONul%2FUKXoyvSIGkK%2Fm0%3D,,,
RC799781441A6,ProQuest,"Sewer fines loom in Monroe County, Fla.","Matley, Alyson",2005,,https://www.proquest.com/docview/463564978?accountid=13598&bdid=165485&_bd=Vm10A22GzyMrN5tm4KVHt3SCUMg%3D,,,
RF93EED37BB8F,ProQuest,Lexington County utility fined record $4.3 million,"Fretwell, Sammy",2005,,https://www.proquest.com/docview/463589753?accountid=13598&bdid=165485&_bd=iW6BprugrlsfkVp1TeS8i79viwo%3D,,,
R3E8AE794F6AC,ProQuest,Pro-Poor Water Services in Metro Manila: In Search for Greater Equity,"Cuaresma, Jocelyn C",2004,,https://www.proquest.com/docview/1697509985?accountid=13598&bdid=165485&_bd=50QTnc9ViPRtM97gCWlm3mU%2Fd5I%3D,,,
R8A233B683AB3,ProQuest,Regulation and the Privatisation of Water Services in Developing Countries: Assessing the Impact of the General Agreement on Trade in Services (GATS),"Kirkpatrick, Colin; Parker, David",2004,,https://www.proquest.com/docview/1697510445?accountid=13598&bdid=165485&_bd=UXUaLzWNiSndNnvgV8a8KaFc18w%3D,,,
RDC9369A8DAA3,ProQuest,"Utility district's water service connection fee does not violate state constitution's restrictions on assessments, fees, and charges on real property",Anonymous,2004,,https://www.proquest.com/docview/233329204?accountid=13598&bdid=165485&_bd=xWQj8mIFURUAmH8P4pUKp2t%2FFB0%3D,,,
R909537B5BCC6,ProQuest,Water policy and poverty reduction in a semi-arid catchment.,"Hope, R. A.",2004,,https://www.proquest.com/docview/301658656?accountid=13598&bdid=165485&_bd=ojC93QhH1I%2Fi1S5XPR7DOEjdty8%3D,,,
R6B1C512A548D,ProQuest,"Analysis of costs, affordability, reliability, and regulatory compliance in small community water systems in the midwestern United States","Bik, Thomas J.",2004,,https://www.proquest.com/docview/305125206?accountid=13598&bdid=165485&_bd=R76WQPgNJqphSW46qX5YZsxpc9E%3D,,,
R09C62AA99257,ProQuest,Poor show,"Cook, Andrea",2004,,https://www.proquest.com/docview/232073993?accountid=13598&bdid=165485&_bd=pmhLRxLvdNzSBHAWuV8FASGsqO4%3D,,,
R82FA8B9E6C86,ProQuest,"Pioneering Redistributive Regulatory Reform. A Study of Implementation of a Catchment Management Agency for the Inkomati Water Management Area, South Africa","Brown, Julia; Woodhouse, Phil",2004,,https://www.proquest.com/docview/1697510140?accountid=13598&bdid=165485&_bd=V5bm3Wx064mpQRb%2FdzlecELrCSg%3D,,,
RA3532680FF7E,ProQuest,Getting water from public private partnerships,"Goyal, Ashima",2004,,https://www.proquest.com/docview/1699000876?accountid=13598&bdid=165485&_bd=J7EIVangZ9w%2B5dygFvoC47h0Lyk%3D,,,
R8DE4C1CA8649,ProQuest,Better safe than sorry? Reliability policy in network industries,"Aalbers, Rob; Shestalova, Victoria; Onderstal, Sander",2004,,https://www.proquest.com/docview/1698174715?accountid=13598&bdid=165485&_bd=nNzNekoWaAAxJpI0iShfy6bzUtU%3D,,,
R428DB4CD17C9,ProQuest,"Where the Waters Divide: Governance, Inequality, and First Nations: An Ethnography of the Changing Canadian Water Sector","Mascarenhas, Michael",2004,,https://www.proquest.com/docview/61742152?accountid=13598&bdid=165485&_bd=m8bSfmKg5gKnI%2Bi8sJmvZWBKI5U%3D,,,
RC5C542280C82,ProQuest,The limits of production efficiency analysis: new institutional economics and PSP contracts,"Rothenberger, Dieter; Truffer, Bernhard",2004,,https://www.proquest.com/docview/1010663252?accountid=13598&bdid=165485&_bd=ftCdmL0sNK5WByCpCF%2Bs3MIqJWQ%3D,,,
R63A158BCC44F,ProQuest,FOCUS: The Maynilad-MWSS deal,"Cecille S. Visto with Jennee Grace U. Rubrico, Bernardette S. Sto.",2004,,https://www.proquest.com/docview/233763181?accountid=13598&bdid=165485&_bd=SK035VAphtv6DbkgP6JbInMlAps%3D,,,
R4BB786E2810A,ProQuest,Indonesia regulations: Controversial water bill enacted,,2004,,https://www.proquest.com/docview/466778388?accountid=13598&bdid=165485&_bd=8ugj5NUVxY92KqGAkTkfURtTGqk%3D,,,
R9CEE31D42CF4,ProQuest,Cost recovery for sanitation services: the case of poor urban areas in Zimbabwe. (BL: DXN064828),"Manase, G.",2003,,https://www.proquest.com/docview/301639173?accountid=13598&bdid=165485&_bd=BHh1oiHv92Re2YycyozGSG5cQDc%3D,,,
RCEB1E6378EFA,ProQuest,"The institutions of water service delivery: Privatization and participation in Greater Buenos Aires, Argentina","Galletti, Nicholas",2003,,https://www.proquest.com/docview/305293141?accountid=13598&bdid=165485&_bd=6IyefDC7AjuTcljB4mCWnYoM0Gk%3D,,,
R6F668FC3C942,ProQuest,"Privatized water, retreating state: Access and affordability issues for a public -private good in developing country contexts","Fauconnier, Isabelle Tien",2003,,https://www.proquest.com/docview/305343616?accountid=13598&bdid=165485&_bd=Z0QibNR0BvBQMJ1YksTN1xakAZ8%3D,,,
R4CADE2450779,ProQuest,Sustainability of community water management in small towns of developing countries : case studies from Ghana,"Doe, Steve R K",2003,,https://www.proquest.com/docview/2312400779?accountid=13598&bdid=165485&_bd=QI%2BNeTWdTNhr9SsceZYP4zr%2FtdY%3D,,,
R97377ACE56C7,ProQuest,"Septic Regulations and Suburban Development Patterns: an Analysis Based on Soil Data in Norfolk County, Massachusetts","Reardon, Timothy",2003,,https://www.proquest.com/docview/3323489399?accountid=13598&bdid=165485&_bd=KXKaS0sr5PvX7Vo3xKdkvBvfKD0%3D,,,
RD9378ED5C469,ProQuest,The corporatization of urban water supply: Cape Town's institutional transformation in post-apartheid South Africa,"Smith, Laila",2003,,https://www.proquest.com/docview/288380698?accountid=13598&bdid=165485&_bd=ikLr7d%2FTEFWyWJHqszA0I30aZXE%3D,,,
RF78378B78A27,ProQuest,The Demand for Water: Consumer Response to Scarcity*,"Krause, Kate; Chermak, Janie M; Brookshire, David S",2003,,https://www.proquest.com/docview/203114653?accountid=13598&bdid=165485&_bd=GdqxWH2e79ht0HDToS4FmaaanBU%3D,,,
R03A03D4DBFB6,ProQuest,Considering the Water Poverty Index in the context of poverty alleviation,"Sullivan, Caroline; Meigh, Jeremy",2003,,https://www.proquest.com/docview/1943059734?accountid=13598&bdid=165485&_bd=MOrJwNPux3%2B9QLwMozArcZuAZvs%3D,,,
RC3901F88638C,ProQuest,Water Privatisation Policies and Conflicts in Bolivia: The Water War in Cochabamba (1999-2000) (BL: DXN068378),"Crespo, C.",2003,,https://www.proquest.com/docview/301606818?accountid=13598&bdid=165485&_bd=5fimGUS1F9ixYjX5vvIZeqtGpHM%3D,,,
R60E91FAC2C7E,ProQuest,To Take A Stand,"Alunan, Rafael M, III",2003,,https://www.proquest.com/docview/233792545?accountid=13598&bdid=165485&_bd=1czetU4MHxTMhnJjsCKlJWefgII%3D,,,
RE2E96E4F7B3F,ProQuest,"Growth Effectively Banned in Galt, Calif., over Excess Sewage","Kolber, Michael",2003,,https://www.proquest.com/docview/464413598?accountid=13598&bdid=165485&_bd=GHryAlECtbTBLA3WnBX%2BuIttZUw%3D,,,
R11F8F3CCA5C9,ProQuest,New Rules Could Triple Sewage Disposal Costs for Some California Cities,"Kolber, Michael",2003,,https://www.proquest.com/docview/464228084?accountid=13598&bdid=165485&_bd=FPIop77oTNyQZvXJs02cVa%2BMhx0%3D,,,
R68E3DCE1EFC5,ProQuest,"Rapid Growth, Drought Force Russell, Kan., to Widen Search for More Water","Unruh, Tim",2003,,https://www.proquest.com/docview/461448265?accountid=13598&bdid=165485&_bd=lfX2pZgpA0cpEdnGh%2F%2B3DHmM09k%3D,,,
RB686937E77D0,ProQuest,Essays in environmental economics and policy,"Cavanagh, Sheila Marie",2002,,https://www.proquest.com/docview/305585787?accountid=13598&bdid=165485&_bd=IL4nOhIG6X1SbIt7%2FbyysjA%2Bgsk%3D,,,
RD8874354635C,ProQuest,"Competition, Regulation and the Urban Poor: A Case Study of Water","Mitlin, Diana",2002,,https://www.proquest.com/docview/1697509873?accountid=13598&bdid=165485&_bd=FMsU4tQURtopZvIjnhUm6NsVOyI%3D,,,
RB679F2F595E2,ProQuest,In Gotham's shadow: Brooklyn and the consolidation of Greater New York,"Levine, Steven A.",2002,,https://www.proquest.com/docview/252087695?accountid=13598&bdid=165485&_bd=onnlRibLKD33kBMuWYc2pWkA4q4%3D,,,
R24C96DE6980C,ProQuest,Water; Local-Level Management,"Brooks, David B",2002,,https://www.proquest.com/docview/2130916485?accountid=13598&bdid=165485&_bd=hYGAYzG5re6j0JPw%2FOV623KXc1c%3D,,,
RB81EBABE0575,ProQuest,Economic governance and its impact on the development of Congo,"Ndinga, Mathias Marie Adrien",2002,,https://www.proquest.com/docview/37901370?accountid=13598&bdid=165485&_bd=i%2FIdKSiQzqQTzF0rMtrGpugyHuI%3D,,,
R67F8016B7676,ProQuest,"The institutional responses to the water needs of the urban poor: a study of collective action in delhi slums, india","Tovey, Kathryn Signe",2002,,https://www.proquest.com/docview/301541984?accountid=13598&bdid=165485&_bd=Ja8ZELEMFBbQc9AH7yDB9y3Vj4s%3D,,,
R372B7BD96AE2,ProQuest,DWR Releases SWP Delivery Reliability Report,News Editors/Government,2002,,https://www.proquest.com/docview/446400215?accountid=13598&bdid=165485&_bd=iR7FbD2bc%2F2uGaRtijLixm0sJVY%3D,,,
R8DC502F714E9,ProQuest,"Informal water services in metropolitan cities of developing world: The case of Jakarta, Indonesia","Susantono, Bambang",2001,,https://www.proquest.com/docview/304685890?accountid=13598&bdid=165485&_bd=GmfyHWO6GEAap6AZwyjF%2Brq3Jik%3D,,,
R0C0F7458F5B6,ProQuest,Public-Private-Community Partnerships in Management and Delivery of Water to Urban Poor: The Case of Metro Manila,"David, Cristina C; Inocencio, Arlene B",2001,,https://www.proquest.com/docview/1698960486?accountid=13598&bdid=165485&_bd=qNks0l95UmzEkEUDRD%2F4KLHiX18%3D,,,
R41952F336171,ProQuest,Low-cost sanitation improvements in poor communities: conditions for physical sustainability,"Sarmento, Veronica de Barros Araujo",2001,,https://www.proquest.com/docview/301593893?accountid=13598&bdid=165485&_bd=vr%2FuksUf58HUtjie%2FCZKgx0m99w%3D,,,
RA22D49F75F35,ProQuest,Organisationsformen und Umweltabgaben im kommunalen Gewaesserschutz,"Rahmeyer, Fritz",2001,,https://www.proquest.com/docview/1697769687?accountid=13598&bdid=165485&_bd=Q8dKCbc0zOhhuqkDXBYreADHiNY%3D,,,
RBB932417FB0A,ProQuest,Environmental Governance: A Comparative Analysis of Nine City Case Studies,"Satterthwaite, David",2001,https://doi.org/10.1002/jid.824,https://www.proquest.com/docview/60452547?accountid=13598&bdid=165485&_bd=5yJ6uRB06ggC4SgFNhy9vHvbET4%3D,,,
R1B8FD401A58C,ProQuest,Rehabilitation in Tehri Dam: An evaluation,"Sinha, B K; Pokhriyal, H C",2001,https://doi.org/10.1177/004908570103100210,https://www.proquest.com/docview/1972049531?accountid=13598&bdid=165485&_bd=qqv6e9JJwBtjWQQSKs4efxL9x7g%3D,,,
R5390D778E0EC,ProQuest,Water Service Delivery In Indonesia: The Case Study of Greater Bandung,"Lukito, Lastyo Kuntoaji",2000,,https://www.proquest.com/docview/3335366694?accountid=13598&bdid=165485&_bd=3%2F9Ff07cfAcpyy3ND143FM1pdaQ%3D,,,
R8570E4178FA8,ProQuest,Performance of drinking water and wastewater assistance programs for the United States-Mexico border region,"Carter, Nicole Therese",2000,,https://www.proquest.com/docview/304629106?accountid=13598&bdid=165485&_bd=XMpq%2B1muEtug28qDOhr6I1TbSXE%3D,,,
R3608EDBE2155,ProQuest,"The voluntary sector in urban service provision and planning in Nairobi City, Kenya","Otiso, Kefa Mairura",2000,,https://www.proquest.com/docview/304607339?accountid=13598&bdid=165485&_bd=Z4E0VR2%2BP8FfN7DNIHnE4qUeteU%3D,,,
R00C2AB20F1B8,ProQuest,Walkerton a risk management nightmare,"Blakeney, William",2000,,https://www.proquest.com/docview/224983822?accountid=13598&bdid=165485&_bd=MssaECkKo%2BWBSkNci1a7GobpRDE%3D,,,
RED01AD3DE1C0,ProQuest,"Victims, villains and fixers: the urban environment and Johannesburg's poor","Beall, Jo; Crankshaw, Owen; Parnell, Susan",2000,,https://www.proquest.com/docview/39002357?accountid=13598&bdid=165485&_bd=U1h%2FQeCxYv98Jzx7gET5wsdOvIk%3D,,,
R31E29BB9CFED,ProQuest,"WORLD BANK: India, World Bank launch series on India's water resources management",,2000,,https://www.proquest.com/docview/445984918?accountid=13598&bdid=165485&_bd=zmxoFrHwPsA4lCw2AdInQauUaAI%3D,wrong_file_retrieved,,"[2026-09-27] wrong_file_retrieved: Delivered PDF content does not match target record. DB target: 'WORLD BANK: India, World Bank launch series on India's water resources management' (2000). Actual PDF content: The Lancet Commission's 'Global health 2035: a world converging within a generation' (Jamison, Summers et al., Lancet 2013;382:1898-1955) -- an entirely unrelated global health investment report with no connection to India water resources. Flagging wrong_file_retrieved; not screened."
R32637D4AEE2F,ProQuest,UN: Fourth Committee begins consideration of Special Committee`s report on Israeli practices in occupied territories; Also approves draft resolution on peaceful uses of outer space,,2000,,https://www.proquest.com/docview/445964111?accountid=13598&bdid=165485&_bd=BLo6Fq%2F3VfRtuJ3KL3qviRQYEfs%3D,,,
R6DC2266E149C,ProQuest,Urban water policy in Mexico: Municipalization and privatization of water services,"Pineda Pablos, Nicolas",1999,,https://www.proquest.com/docview/304529192?accountid=13598&bdid=165485&_bd=aSkyKU93mUk%2BI22IqKZECcJbrBM%3D,,,
R9C1C22492D50,ProQuest,"The Role of Private Vending in Developing Country Water Service Delivery: The Case of Karachi, Pakistan","Abdullah, Roohi",1999,,https://www.proquest.com/docview/3335378748?accountid=13598&bdid=165485&_bd=zAscseisuPXS6VOjrpcN%2BJ8oTJ4%3D,,,
R7A09E8C3D1EC,ProQuest,INDIA: Demand for water charges on amended regulation stayed,,1999,,https://www.proquest.com/docview/221570764?accountid=13598&bdid=165485&_bd=auLn6HzVXQnwoOf1Tv952fiqnUI%3D,,,
R8D7A6206306A,ProQuest,Social Policies in Brazil: Decentralization in a Federal State,"Arretche, Marta T S",1999,,https://www.proquest.com/docview/61456458?accountid=13598&bdid=165485&_bd=O0cfjHzOobi9P2O%2FhCvCCYPL16o%3D,,,
RA7BCE5D9D9B7,ProQuest,India: Improve incentives to urban water systems: IBRD,,1999,,https://www.proquest.com/docview/221556682?accountid=13598&bdid=165485&_bd=mHnd5QCd0eFE80JYqOETQ8sUAtA%3D,,,
R34D45C07503E,ProQuest,Understanding Household Demand for Water: The Metro Manila Case,"David, Cristina C; Inocencio, Arlene B",1998,,https://www.proquest.com/docview/1698307250?accountid=13598&bdid=165485&_bd=Nc%2B39%2FfZYPka4PGJyjxDzz4XXY4%3D,,,
RCACE10FF1A2E,ProQuest,Deregulated private water supply: A policy option for developing countries,"Penelope Brook Cowen; Cowen, Tyler",1998,,https://www.proquest.com/docview/195592397?accountid=13598&bdid=165485&_bd=F32%2BOayRr1e20YTW60zupzGN%2FbI%3D,,,
RE3109F023415,ProQuest,The Americas: Keeping Paraguay's Aguateros on Stream,By Tova Maria Solo,1998,,https://www.proquest.com/docview/398855175?accountid=13598&bdid=165485&_bd=L1dKFWrnrZLTTNguqKvadfhvHHY%3D,,,
RF6F378E8BEED,ProQuest,"Decentralisation, rural development and local government performance: A case study of rural municipalities in north-east Brazil","Parker, Andrew Noel",1998,,https://www.proquest.com/docview/304511605?accountid=13598&bdid=165485&_bd=KN%2B5cOOQq8vSIvf84tks0OnyNPs%3D,,,
R60306EB7267E,ProQuest,"Regulation, Organization and Incentives: The Political Economy of Potable Water Services in Honduras","Walker, Ian; Velasquez, Max; Ordoñez, Fidel; Rodriguez, Florencia",1997,,https://www.proquest.com/docview/1698562671?accountid=13598&bdid=165485&_bd=roNCbdOtcOa%2F%2FfOIq9uhKEedB6U%3D,,,
RFEB9ED093D55,ProQuest,"Privatization of infrastructure services: The case of water supply in Sharm El-Sheikh City, South Sinai, Egypt","Salem, Osama Shebl",1997,,https://www.proquest.com/docview/1795668692?accountid=13598&bdid=165485&_bd=vkQtM68NzEcFclIcbsMYeVMc4C8%3D,,,
R983F824C3D18,ProQuest,BRAZIL: WATER TREATMENT EQUIPMENT MARKET (1); [2],,1997,,https://www.proquest.com/docview/236600997?accountid=13598&bdid=165485&_bd=LyQvaz0g5EddTsJUoEjVwfo7d4Q%3D,,,
R83DE7F8BC8B8,ProQuest,Water scarcity in the Maltese islands: geopolitics and management issues (BL),"Birdi, N.S.",1997,,https://www.proquest.com/docview/301572027?accountid=13598&bdid=165485&_bd=468d6kunV9wBWmzBrwOiuHsyn%2FA%3D,,,
R8D23BFC1BBD4,ProQuest,A Study of the Interest Structure in Conflicting Regions by the Use of Water Resources,"Yoon, Keun-Sup; Song, Jeong-Key",1997,,https://www.proquest.com/docview/61463144?accountid=13598&bdid=165485&_bd=mcNLUzPBQD7mzUUhR%2Fs7J8X0TKE%3D,,,
R3C624A3C67BC,ProQuest,"Asia has more safe water (... but still wastes 35%, ADB data book shows)",,1997,,https://www.proquest.com/docview/233967463?accountid=13598&bdid=165485&_bd=5OGedA5Q6fa6BQN7i6ybOe9HhiA%3D,,,
R40F5B8C5A87E,ProQuest,"Water provision improvements: A case study of Trinidad. Willingness to pay, pricing policy, cost reduction and institutional strengthening","Mycoo, Michelle",1996,,https://www.proquest.com/docview/250184729?accountid=13598&bdid=165485&_bd=%2FgCShIDu3zi7VOrgkasv%2B9hFH20%3D,,,
R98BB33D47A34,ProQuest,Optimising the Monitoring and Assessment of Rural Water Supplies,"Bartram, Jamie",1996,,https://www.proquest.com/docview/2139675580?accountid=13598&bdid=165485&_bd=JE5G2YYHwEoBbw8BJrIyczYoVPY%3D,,,
R914CBE5E46B4,ProQuest,Basic Sanitary Systems and Social Inequalities in the Rio de Janeiro Metropolitan Area,"Marques, Eduardo Cesar",1996,,https://www.proquest.com/docview/61555050?accountid=13598&bdid=165485&_bd=L0WPx5I4TmoVdDY7wGmknKRY930%3D,,,
R5B80422C1F88,ProQuest,"Women and willingness to pay: Assessing a community water supply management paradigm, South Sulawesi, Indonesia","Millette, Colin Martin",1996,,https://www.proquest.com/docview/304240669?accountid=13598&bdid=165485&_bd=Qp3zODiRxV%2B0CrtAhnwSFXHvsjc%3D,,,
R8B85D281CD0E,ProQuest,Will open market and deregulation come to water and wastewater,"Kucera, Daniel J",1995,,https://www.proquest.com/docview/214929239?accountid=13598&bdid=165485&_bd=7dM69VAYMp5cFZxO8LE6ipv95wc%3D,,,
R3F1CE01B835F,ProQuest,"Regionalism, politics and the environment: Metropolitan public works in Boston, Massachusetts and Oakland, California, 1840 to 1940 and beyond","Elkind, Sarah S.",1994,,https://www.proquest.com/docview/304097283?accountid=13598&bdid=165485&_bd=2nzNrmumdr28MtpvAAwxl8OrZ3Y%3D,,,
R538E5E5AB7DD,ProQuest,Impact of the 1986 Amendments to the Safe Drinking Water Act on the state of Mississippi,"Gibson, Phillip West",1994,,https://www.proquest.com/docview/304124184?accountid=13598&bdid=165485&_bd=VxwmZye%2FUCOEyjnmUperw7esaOk%3D,,,
RF85ECB600A1A,ProQuest,The design of a water quality management system for nigerian rivers,"Onuoha, Anthonia Ezinwanne",1993,,https://www.proquest.com/docview/899810652?accountid=13598&bdid=165485&_bd=AGhlv1phIF5pdfX08M6VUtDcZUM%3D,,,
R9E983B7336B2,ProQuest,"Water and Sanitation in SÃO Paulo, Brazil: Successful Strategies for Service Provision in Low-Income Communities","Watson, Gabrielle",1992,,https://www.proquest.com/docview/3335378032?accountid=13598&bdid=165485&_bd=0zNhCiIdjuZ6wgVf1l7aLj91XOU%3D,,,
RDC210162F68C,ProQuest,"Urban services in the National Cities of India: organization, financing, planning and delivery.","Mathur, B.",1991,,https://www.proquest.com/docview/301440102?accountid=13598&bdid=165485&_bd=2XS7eFipP%2Fmaop0LndP79GSEQDE%3D,,,
RDBBAD120B99B,ProQuest,Environmental upgrading and intra-urban migration in Calcutta,"Foster, M.S.",1989,,https://www.proquest.com/docview/301452818?accountid=13598&bdid=165485&_bd=oNXGfLYU0k7QAmL47d3uJxjaoDY%3D,,,
RED7D4F64B82B,ProQuest,Short-run water supply allocation under uncertainty: Markets and market failure,"Smith, Mark Griffin",1987,,https://www.proquest.com/docview/303579084?accountid=13598&bdid=165485&_bd=FBoqf2Q8S3Qd%2Bla%2FeXVG7kWGF4s%3D,,,
R4FAD1AD2F331,ProQuest,U.S. to Issue Rules On Farm Workers' Sanitary Facilities,By Cathy Trost,1987,,https://www.proquest.com/docview/398014976?accountid=13598&bdid=165485&_bd=yc%2FaZsWjaeUB4d2DMx8GJlFkvfg%3D,,,
R8B463479A1DC,ProQuest,The 20th century comes to the farm,"Meister, Dick",1987,,https://www.proquest.com/docview/1034942554?accountid=13598&bdid=165485&_bd=q7OLb5Rpphi99pgo%2FHrunNnwWHc%3D,,,
RF178B14284D3,ProQuest,Will New Leadership Unlock OSHA's Resources?,"Sheridan, Peter J",1985,,https://www.proquest.com/docview/213675713?accountid=13598&bdid=165485&_bd=CtYek4pXPS8rhQr5vfE8WdPZ5B8%3D,,,
R34A37671F4E3,ProQuest,Service Delivery Rules and the Distribution of Local Government Services: Three Detroit Bureaucracies,"Jones, Bryan D; Greenberg, Saadia R; Kaufman, Clifford; Drew, Joseph",1978,,https://www.proquest.com/docview/61561571?accountid=13598&bdid=165485&_bd=y1K00h0fHFKCt1%2BRYoess5AzxQo%3D,,,
R0A2594540DD4,ProQuest,"Colonias in the Lower Rio Grande Valley of South Texas: A Summary Report. Lyndon B. Johnson School of Public Affairs, Policy Research Report, Number 18","Haynes, Kingsley E.; And Others",1977,,https://www.proquest.com/docview/63823621?accountid=13598&bdid=165485&_bd=0oS8KwYYgzuD1P%2BWUNm8lPHkgZY%3D,,,
R59BEC3BB67DA,ProQuest,MIGRATORY LABOR IN COLORADO. PROGRESS REPORT,"SIMPSON, RAY; AND OTHERS",1960,,https://www.proquest.com/docview/64460769?accountid=13598&bdid=165485&_bd=iexvr2u71PVma7xHfhBLgtcPCiI%3D,,,
R2059AB4CC3EA,ProQuest,COVERAGE DOUBLED ON SANITARY RULES,,1951,,https://www.proquest.com/docview/112087672?accountid=13598&bdid=165485&_bd=98%2Bv%2FVJ1p4yv4cjMH%2BP3Niqe3No%3D,,,
RF91805DCB154,ProQuest (Sociological Abstracts),"Commodifying Water in Coastal Tanzania: Natural Resource Management and Social Relations, 1926-1937","Kelly, Chau Johnson",2016,,https://www.proquest.com/docview/1791051847?accountid=13598&bdid=165489&_bd=1cX8UKo0hERa9ceyvs%2FcBrk6vb8%3D,,,
R6C86916C37F7,ProQuest (Sociological Abstracts),"The State-System Faced with the Indigenous Issue. Analysis of the Rights Acknowledgement Modes for the Huarpe Identity, Water, and Communal Lands in Mendoza (Argentina)","Saldi, Leticia; Saldi, Leticia",2016,,https://www.proquest.com/docview/1795935866?accountid=13598&bdid=165489&_bd=99vEezexl34eBr7D3vL3O%2FrklzE%3D,,,
R51904425AE1F,ProQuest (Sociological Abstracts),A Study on Global Water Consumption and Improved Sanitation Facilities: Indias Plight in Contrast to Other Countries,"Musunuru, Kamakshaiah",2016,,https://www.proquest.com/docview/1839223710?accountid=13598&bdid=165489&_bd=zsrBDX1ZoJBa4aVNnfziSfbYcvA%3D,,,
RE23C90E46CB2,ProQuest (Sociological Abstracts),Policy designs to address water allocations during societal transitions: The Southern Nevada Water Authority's Groundwater Development project,"Welsh, Lisa W",2016,,https://www.proquest.com/docview/1767329538?accountid=13598&bdid=165489&_bd=7dYqR3Lk8KWoQQcrP4Lb3Svyayk%3D,,,
R595A6A4F582B,ProQuest (Sociological Abstracts),El mínimo vital de agua potable en la jurisprudencia de la Corte Constitucional colombiana,"Gutierrez, Elizabeth Restrepo; Yepes, Carlos Alberto Zarate",2016,,https://www.proquest.com/docview/1818080754?accountid=13598&bdid=165489&_bd=N003MHg7FUlHkNRihOGX%2FuveVOI%3D,,,
R0400EAA17741,ProQuest (Sociological Abstracts),"Water Availability and Reliability in Dar es Salaam, Tanzania","Smiley, Sarah L",2016,https://doi.org/10.1080/00220388.2016.1146699,https://www.proquest.com/docview/1794657721?accountid=13598&bdid=165489&_bd=xaPqacC7qc15ATUcodofLcZOplM%3D,,,
RBCCE0BE11DF1,ProQuest (Sociological Abstracts),"Speech by Silvia Tecun León, Lawyer and Indigenous Activist, Member of Movimiento de Mujeres indígenas Tz'ununija' / Indigenous Women's Movement Tz'ununija' (Guatemala)",,2016,,https://www.proquest.com/docview/1891238957?accountid=13598&bdid=165489&_bd=vJwmVnb7zA%2F7uQNBKBFQ%2FOdNi%2Fg%3D,,,
R4A41AB5C8E9F,ProQuest (Sociological Abstracts),UBÓSTWO WODNE NA PRZYKŁADZIE ANGLII I WALII / WATER POVERTY ON THE EXAMPLE OF ENGLAND AND WALES,"Libor, Grze-gorz",2016,,https://www.proquest.com/docview/1821115312?accountid=13598&bdid=165489&_bd=LqyHe1n4Y1mJ%2ByybS9k7NaC7B4c%3D,,,
RA168CF9EC43E,ProQuest (Sociological Abstracts),Trakya-İstanbul geriliminde hidro-sosyal döngüler,"Acara, Eda",2016,,https://www.proquest.com/docview/1855628421?accountid=13598&bdid=165489&_bd=QTxUNzro3fYKPRkF9MTkNfhxVRw%3D,,,
R2506CFFB306E,ProQuest (Sociological Abstracts),"GOBERNANZA DEL AGUA EN LA CIUDAD DE SÃO PAULO: ACTORES SOCIALES, DEGRADACIÓN SOCIOAMBIENTAL Y ACCIONES PÚBLICAS INNOVADORAS/Water governance in the city of São Paulo: social actors, socio-environmental degradation and innovative public policies","Jacobi, Pedro Roberto; Silva-Sánchez, Solange; Fracalanza, Ana Paula",2015,,https://www.proquest.com/docview/1683343056?accountid=13598&bdid=165489&_bd=b1FzzeBzCnYxfg%2FHNSgeWV2Gha4%3D,,,
RC8E7A15BCAE4,ProQuest (Sociological Abstracts),"""It really was a shock to the system""- a socio-technical study of the effects of the Christchurch earthquakes on water conservation habits","McManus, Ruth; Gallagher, Jasmine Mary",2015,,https://www.proquest.com/docview/1703581280?accountid=13598&bdid=165489&_bd=%2Br8z0g%2F%2BRL1MShtUFJxnsa8N8bk%3D,,,
R32A279CFF769,ProQuest (Sociological Abstracts),"ENTRE LAS POLÍTICAS POR EL AGUA Y LOS ESFUERZOS POR CALMAR LA SED. EL «ACUEDUCTO DEL DESIERTO» EN LAS TIERRAS SECAS NO IRRIGADAS DE LAVALLE, MENDOZA/Between water policies and efforts to calm thirst: the «aqueduct of the desert» in the unirrigated drylands of Lavalle, Mendoza","Cepparo, María Virginia Grosso; Torres, Laura María",2015,,https://www.proquest.com/docview/1683343100?accountid=13598&bdid=165489&_bd=qe2VXsN2%2BiBuyQrNdbM1IRKth0M%3D,,,
R117905075AEC,ProQuest (Sociological Abstracts),"Unraveling Sanitation and Sewerage Concerns in a Developing Country Metropolis: The Case of Metro Manila, Philippines","Palanca-Tan, Rosalina",2015,,https://www.proquest.com/docview/1774915134?accountid=13598&bdid=165489&_bd=hYUuvXrGLDFPNVjQLn7P3S476GE%3D,,,
R94C540970575,ProQuest (Sociological Abstracts),¿QUÉ HA PASADO CON EL AGUA EN EL NUEVO ESTADO PLURINACIONAL DE BOLIVIA?/What happened with the water in the new Plurinational State of Bolivia?,"Gamboa, Nataly Viviana Vargas",2015,,https://www.proquest.com/docview/1683343086?accountid=13598&bdid=165489&_bd=Aknn5GKxsZC067RtnnIXBi44UvI%3D,,,
R6A066278CB75,ProQuest (Sociological Abstracts),"ANÁLISIS DE UN CONFLICTO SOCIOAMBIENTAL POR AGUA Y TURISMO EN SARDINAL, COSTA RICA 1/ANALYSIS OF A SOCIOENVIRONMENTAL CONFLICT OVER WATER AND TOURISM IN SARDINAL, COSTA RICA","Navas, Grettel; Cuvi, Nicolás",2015,,https://www.proquest.com/docview/1812639867?accountid=13598&bdid=165489&_bd=BmHT%2FSUORvFOCoee%2FkaxCQtswag%3D,,,
R376A8432AC2C,ProQuest (Sociological Abstracts),"Organización social y autogestión del agua Comunidades de la Ciénega de Chapala, Michoacán","Moreno, Adriana Sandoval; Günther, María Griselda",2015,,https://www.proquest.com/docview/1770381781?accountid=13598&bdid=165489&_bd=YxNeA6gD7k%2FlgKkP3wUip0DofWk%3D,,,
R7B4238C0F691,ProQuest (Sociological Abstracts),Perceptions of Water Quality in First Nations Communities Exploring the Role of Context,"Baird, Julia; Plummer, Ryan; Dupont, Diane; Carter, Blair",2015,https://doi.org/10.3167/nc.2015.100205,https://www.proquest.com/docview/1708167827?accountid=13598&bdid=165489&_bd=RaEhUBz5M144a5EeINp9mn850Ww%3D,,,
R2A53E0A25CE8,ProQuest (Sociological Abstracts),Just Water? Social Disparities and Drinking Water Quality in California's San Joaquin Valley.,"Balazs, Carolina Laurie",2015,,https://www.proquest.com/docview/1641423266?accountid=13598&bdid=165489&_bd=Rc3lOzzlzKvreg0OyRxwmUb4PYg%3D,,,
R03D7439F873C,ProQuest (Sociological Abstracts),"Water and Health in the Nandamojo Watershed of Costa Rica: Community Perceptions towards Water, Sanitation, and the Environment.","Mcknight, James Roy",2015,,https://www.proquest.com/docview/1684423965?accountid=13598&bdid=165489&_bd=NDA%2Flf%2BxWOjJ6WJpSQtQaVkXZRw%3D,,,
R2B8D3E7C4006,ProQuest (Sociological Abstracts),Health Risk Perceptions by Private Wells Owners on Collective Action for Water Reform.,"Irick, Macon L",2015,,https://www.proquest.com/docview/1767331918?accountid=13598&bdid=165489&_bd=2N0qR8hGBicLAoxzxsJQLM7jehk%3D,,,
R75900CFEF1EA,ProQuest (Sociological Abstracts),Citizen Participation in the Management of Water Resources: Community Perspective in Puerto Rico,"Perez-Vera, Alice J.,",2015,,https://www.proquest.com/docview/1718064472?accountid=13598&bdid=165489&_bd=q%2FgnL2buAHCjMOH4tH2Y1ovujcA%3D,,,
R0EF03089DEC3,ProQuest (Sociological Abstracts),"Ecological Sanitation in the U.S.: Barriers and Opportunities in Water Conservation, Resource Recovery, and Green Jobs","Cole, Lauren K",2015,,https://www.proquest.com/docview/1767330615?accountid=13598&bdid=165489&_bd=Oq2ER%2Boy06YtXD1q9%2Fq8OiUiY7I%3D,,,
R0B7EE19A8A50,ProQuest (Sociological Abstracts),"Reworking the relation between sanitation and the city in Dar es Salaam, Tanzania","Pastore, Maria Chiara",2015,https://doi.org/10.1177/0956247815592285,https://www.proquest.com/docview/1790889888?accountid=13598&bdid=165489&_bd=1a6srp1K2xtUlgNK0EoJorieaTc%3D,,,
R82B0A8A2A278,ProQuest (Sociological Abstracts),Spectacular infrastructure and its breakdown in socialist Vietnam,"Schwenkel, Christina",2015,,https://www.proquest.com/docview/1708000263?accountid=13598&bdid=165489&_bd=iGTpudr7CLVfxpSW7kyG0H4VQq8%3D,,,
R150C5FBFA557,ProQuest (Sociological Abstracts),The urban sanitation conundrum: what can community-managed programmes in India unravel?,"Das, Priyam",2015,https://doi.org/10.1177/0956247815586305,https://www.proquest.com/docview/1790893429?accountid=13598&bdid=165489&_bd=ghAyf0j7Ov3kKnC0T1nQxZ39ry0%3D,,,
R139D522CD1BC,ProQuest (Sociological Abstracts),Bottled Water in Mexico: The privatization of the supply to the commodification of water resources,"Pacheco-Vega, Raul",2015,,https://www.proquest.com/docview/1738476798?accountid=13598&bdid=165489&_bd=JoijiYFtZ%2BoSh%2FvuYAgwuCXE5E8%3D,,,
R01EC667EA2B2,ProQuest (Sociological Abstracts),Rural Households' Access to Basic Amenities in India: Deprivation and Socio-economic Exclusions,"Kumar, Arjun",2015,,https://www.proquest.com/docview/1793584856?accountid=13598&bdid=165489&_bd=pLNldZW8kaLve%2FslXUq2mDZ1OxQ%3D,,,
RD077D53AD370,ProQuest (Sociological Abstracts),What happened with the water in the new Plurinational State of Bolivia?,"Vargas Gamboa, Nataly Viviana",2015,,https://www.proquest.com/docview/1718065497?accountid=13598&bdid=165489&_bd=DMkfq5XsYtE7fFT5kqnQX588Jk0%3D,,,
RC80C4545C96E,ProQuest (Sociological Abstracts),"Water governance in the city of Sao Paulo: social actors, socio-environmental degradation and innovative public policies","Jacobi, Pedro Roberto; Silva-Sanchez, Solange; Fracalanza, Ana Paula",2015,,https://www.proquest.com/docview/1718065538?accountid=13598&bdid=165489&_bd=qZwzdJ5gOqF4IR3RUJFXkYb%2BwU0%3D,,,
R09476239ACAF,ProQuest (Sociological Abstracts),The ethics of a formula: Calculating a financial-humanitarian price for water,"Ballestero, Andrea",2015,,https://www.proquest.com/docview/1686448961?accountid=13598&bdid=165489&_bd=JMFAYU31qLhwWWHsWIi6qionlbs%3D,,,
R6E6BEDC8C211,ProQuest (Sociological Abstracts),School WASH Infrastructures and Compliance with the RTE,"Sarkar, Anjan",2015,,https://www.proquest.com/docview/1819946480?accountid=13598&bdid=165489&_bd=NuBPxXIhc8YTaGhFF3OD67YfPH8%3D,,,
R000FED66EADD,ProQuest (Sociological Abstracts),"Analyzing Sierra Leone's water reform efforts: law, environment, and sociocultural justice issues","Akiwumi, Fenda A",2015,https://doi.org/10.1080/21565503.2015.1080617,https://www.proquest.com/docview/2571051226?accountid=13598&bdid=165489&_bd=dtpSdmMiT953AlOszI6%2FJYwQ3H4%3D,,,
R28DF90FAA6A2,ProQuest (Sociological Abstracts),CONSUMUL DE APA - INDICATOR AL CALITAlII VIElII,"Huma, Cristina",2015,,https://www.proquest.com/docview/1835455297?accountid=13598&bdid=165489&_bd=xWh7NK%2F4u5CKPJ%2BmvvqHtfF%2Ff8I%3D,,,
RC3AC23403C33,ProQuest (Sociological Abstracts),Provisions of Basic Household Amenities in India: A Progress Report,"Mishra, Udaya S; Shukla, Vachaspati",2015,,https://www.proquest.com/docview/1794127075?accountid=13598&bdid=165489&_bd=blqfh7wyPRBsuUNNxWwHqsOd6wg%3D,,,
R0181A040A1F4,ProQuest (Sociological Abstracts),Conflitos ambientais e as águas do rio São Francisco/Environmental conflicts and the waters of the São Francisco river,"da Silva, José Marcos; Gurgel, Idê Gomes Dantas; dos Santos, Mariana Olívia; Gurgel, Aline do Monte; Augusto, Lia Giraldo da Silva; Costa, André Monteiro",2015,,https://www.proquest.com/docview/1817094595?accountid=13598&bdid=165489&_bd=fT3FQdkyW2t7xYgigtcMDWJ1TYU%3D,,,
R6CEE24664A38,ProQuest (Sociological Abstracts),"Between water policies and efforts to calm thirst: the 'aqueduct of the desert' in the unirrigated drylands of Lavalle, Mendoza","Grosso Cepparo, Maria Virginia; Torres, Laura Maria",2015,,https://www.proquest.com/docview/1718065231?accountid=13598&bdid=165489&_bd=guePoMbP8dzw95IztC24jwSuxuM%3D,,,
RC52F442830A7,ProQuest (Sociological Abstracts),Self Perceived Well-Being and Quality of life of People in a Water Scarce Village in India,"Narang, Bindiya",2014,,https://www.proquest.com/docview/1755538658?accountid=13598&bdid=165489&_bd=NkUX3A4F4SywymDwWJr3HMS8thQ%3D,,,
R35CDA57C8CD2,ProQuest (Sociological Abstracts),Protecting the Water Supply: The Philippine Experience,"Almaden, Catherine Roween C",2014,,https://www.proquest.com/docview/1641643685?accountid=13598&bdid=165489&_bd=uXfcoaUk%2B5hoDZMB6FdOUd9CpS4%3D,,,
R3A2D08B497E7,ProQuest (Sociological Abstracts),Acceso y apropiación del agua en comunidades rurales pobres de Argentina central. Transformaciones y conflictos/Access and appropriation of water in poor rural communities in central Argentina. Transformations and conflicts,"Cáceres, Daniel M; Rodríguez-Bilella, Pablo",2014,,https://www.proquest.com/docview/1524713319?accountid=13598&bdid=165489&_bd=2mYzHxyfiVAEeqyZ9ORHqknzQvk%3D,,,
R373E8DEB3ED4,ProQuest (Sociological Abstracts),LA ACCIÓN COLECTIVA DEL AGUA EN COLOMBIA Y EL REFERENDO COMO ACERCAMIENTO DE DEMOCRACIA DIRECTA*/COLLECTIVE ACTION FOR WATER IN COLOMBIA AND THE REFERENDUM AS DIRECT DEMOCRACY APPROACH,"Bustos, Ivette Johanna Gómez",2014,,https://www.proquest.com/docview/1660332204?accountid=13598&bdid=165489&_bd=tJn5wdmP5vHETCofomEwXlF25MM%3D,,,
RB485AECB6179,ProQuest (Sociological Abstracts),Building '21st Century Sewer Socialism': Sanitation and Venezuela's Technical Water Committees.,"McMillan, Rebecca",2014,,https://www.proquest.com/docview/1567045745?accountid=13598&bdid=165489&_bd=ZuEh%2FBjuzayFXyYH05fMfTIhiyA%3D,,,
RCA5D9972A667,ProQuest (Sociological Abstracts),"Institutional Analysis of Municipal Water Reforms: Framework And Application To Jakarta, Indonesia.","Banerji, Bidisha",2014,,https://www.proquest.com/docview/1520344277?accountid=13598&bdid=165489&_bd=A%2Byla9Tud60fxTaPm5wzBN6efxc%3D,,,
R64222E33C007,ProQuest (Sociological Abstracts),"A Critical Ethnography of Globalization in Lesotho, Africa: Syndemic Water Insecurity and the Micro-politics of Participation.","Workman, Cassandra L",2014,,https://www.proquest.com/docview/1520313826?accountid=13598&bdid=165489&_bd=OXCiQOOpfzcpZ5gzR1GbZw1uhCg%3D,,,
R868499C879CC,ProQuest (Sociological Abstracts),"Dispossession and defiance: Kalaupapa patients, Hale Mohalu, and Hawaiian resistance.","McAleavey, Margaret M",2014,,https://www.proquest.com/docview/1629332313?accountid=13598&bdid=165489&_bd=a93TrDtYPPaRgJN4RLdg0ScnHmE%3D,,,
R9241ED58E492,ProQuest (Sociological Abstracts),"Public water supply systems in New York City, Boston, and Seattle: The policy choice of conservation over filtration.","Egan, Michael J",2014,,https://www.proquest.com/docview/1629332405?accountid=13598&bdid=165489&_bd=fR74KCZARqv5a%2ByenOhhnY4UeYw%3D,,,
R4139A8D02FD1,ProQuest (Sociological Abstracts),"Capital, Accumulation, and Crisis: Surveying the Neoliberal Waterscape of Municipal Privatization in Canada.","Lang, Michael Keith",2014,,https://www.proquest.com/docview/1629333232?accountid=13598&bdid=165489&_bd=8P56iXiQPBC1kl%2FQIV8TRkHkO%2FQ%3D,,,
R144A499B49EF,ProQuest (Sociological Abstracts),"Elections, protests, and the provision of public goods.","Sainz Santamaria, Jose Jaime",2014,,https://www.proquest.com/docview/1629332874?accountid=13598&bdid=165489&_bd=UNi%2B0zmEo7b5ydh%2BTXvQASqUMZQ%3D,,,
R0E116D99D106,ProQuest (Sociological Abstracts),"Public things, excremental politics, and the infrastructure of bare life in Ghana's city of Tema","Chalfin, Brenda",2014,,https://www.proquest.com/docview/1501461708?accountid=13598&bdid=165489&_bd=JMfByHmi2sn1O%2FNHMX8NVWoREcE%3D,,,
R7719912E9823,ProQuest (Sociological Abstracts),Water Justice: A Multilayer Term and Its Role in Cooperation,"Kallhoff, Angela",2014,,https://www.proquest.com/docview/1667951191?accountid=13598&bdid=165489&_bd=H0tnHaHDkrOpwid5stwi1zRzECk%3D,,,
R44D9FCE3586A,ProQuest (Sociological Abstracts),he cycle of political demands: a methodological approach applied to the race for the reform of the institutional framework of the water in Costa Rica,"Rodriguez, Felipe Alpizar",2014,,https://www.proquest.com/docview/1567047085?accountid=13598&bdid=165489&_bd=EIj3tsi%2FwNL%2BLbcrEuYIDaUN1Pg%3D,,,
R110B658A4045,ProQuest (Sociological Abstracts),Surface Water Pollution and its Implication in the Kumba Municipality of Cameroon,"Fombe, Lawrence F; Bih, Queenta Ntum",2014,,https://www.proquest.com/docview/1767330128?accountid=13598&bdid=165489&_bd=M2H49xT1s9BFo6oVHh9NB6jCkWY%3D,,,
RDD4F6035C693,ProQuest (Sociological Abstracts),"Artisanal fishworker, social justice, and cognitive justice: access to land and water","Baldi, Cesar Augusto",2014,,https://www.proquest.com/docview/1767328834?accountid=13598&bdid=165489&_bd=Y7bVG3IPvcm%2BrldQ86q2UQLqtg0%3D,,,
RCC46C7105DE8,ProQuest (Sociological Abstracts),"Conflicts over water in South Africa. Inequalities, social mobilizations and the use of law","Aubriot, Julie",2014,,https://www.proquest.com/docview/1650145509?accountid=13598&bdid=165489&_bd=7Den6r%2FHrVKQHrxDi5XIJR4XSPw%3D,,,
RD2B443A67F95,ProQuest (Sociological Abstracts),Non-participation of low-income households in community-managed water supply projects in India,"Das, Priyam; Takahashi, Lois",2014,,https://www.proquest.com/docview/1567047015?accountid=13598&bdid=165489&_bd=ds6pyq1BKzGzeoO71JDexmnLIu0%3D,,,
R7F34A7ECA7B8,ProQuest (Sociological Abstracts),Un/known Waters: Navigating Everyday Risks of Infrastructural Breakdown in Mumbai,"Bjorkman, Lisa",2014,https://doi.org/10.1215/1089201X2826061,https://www.proquest.com/docview/1728662336?accountid=13598&bdid=165489&_bd=CKOU5DCpfgSqJ7334O7ylg1JJ1Q%3D,,,
R0B1CE2205CB7,ProQuest (Sociological Abstracts),Why Is the World Bank Financing Forced Evictions?,"Leon, Joshua K",2014,https://doi.org/10.1080/10402659.2014.906991,https://www.proquest.com/docview/1660023908?accountid=13598&bdid=165489&_bd=GO0Jvu2CWXBMdZs96OWo3QVxw0c%3D,,,
R2FE56A7F0F98,ProQuest (Sociological Abstracts),A commercial and local public service. The role of small private operators in the supply of peripheral neighborhoods in Africa,"Botton, Sarah; Blanc, Aymeric",2014,,https://www.proquest.com/docview/1650145490?accountid=13598&bdid=165489&_bd=fwdptRKc7n45UShJgQqGbysQ1FA%3D,,,
RCC26C6F3FA89,ProQuest (Sociological Abstracts),Corporate social responsibility meets public service. A case-study of Nagpur's contract,"Zerah, Marie-Helene; Renouard, Cecile",2014,,https://www.proquest.com/docview/1650146104?accountid=13598&bdid=165489&_bd=dXSGxC3QcMrv1W%2BwCzH%2Fp93%2F4ng%3D,,,
R4FD86A9598F6,ProQuest (Sociological Abstracts),A constrained partial privatization. The case of the Compagnie des Eaux in Berlin,"Blanchet, Thomas",2014,,https://www.proquest.com/docview/1650146110?accountid=13598&bdid=165489&_bd=QT02K4ToWt3yJyjYrsEDJpO4CsQ%3D,,,
R3181DF9643CD,ProQuest (Sociological Abstracts),'The ballasted actor': a joint venture for water services in Chongqing,"Lorrain, Dominique",2014,,https://www.proquest.com/docview/1650145948?accountid=13598&bdid=165489&_bd=4WIRSdqlS3WBXocWxtEBdmBs5uU%3D,,,
RE94860057914,ProQuest (Sociological Abstracts),"The delegitimation of an international operator. A retrospective look at the concession of water and sanitation services in Buenos Aires, 1993-2006","de Gouvello, Bernard",2014,,https://www.proquest.com/docview/1650145447?accountid=13598&bdid=165489&_bd=2p4ZTvlmk2pT1qSGaR%2BBYmR6y%2F4%3D,,,
R93ED21A52828,ProQuest (Sociological Abstracts),The Impact of Market-Friendly Policies in the Eastern Cape Municipalities,"Breakfast, N; Bradshaw, G; Haines, R",2014,,https://www.proquest.com/docview/1761675188?accountid=13598&bdid=165489&_bd=NaWof%2FnTanbFmXhBaaNWeO%2BqYNQ%3D,,,
R7949197536F5,ProQuest (Sociological Abstracts),Characterizing the management of water resources in rural schools of semiarid Alagoas: proposal for an evaluation model,"Mazorra Aguiar, Javier; Perez Sonora, Maria; Fernandez Garcia, Luz; Ventura, Andrea; Lumbreras Martin, Julio",2014,,https://www.proquest.com/docview/1761679723?accountid=13598&bdid=165489&_bd=sRpzXLlvxYsMhA%2BZBGsX38O%2F%2FNE%3D,,,
RCED96ED90680,ProQuest (Sociological Abstracts),Barriers to Access to Potable Water as an Aspect of Social Exclusion of the Roma Population,"Skobla, Daniel; Filcak, Richard",2014,,https://www.proquest.com/docview/1708502337?accountid=13598&bdid=165489&_bd=8H%2Fac5rsieH0p05%2FEadjQ%2FwZShU%3D,,,
RA1DB69F3C338,ProQuest (Sociological Abstracts),The self-organization of urban water management. The role of cooperatives within the aggregate system of La Paz and El Alto,"Hardy, Sebastien; Poupeau, Franck",2014,,https://www.proquest.com/docview/1650145494?accountid=13598&bdid=165489&_bd=AmFr8RbtyI96qTOUMuTXBVQvGcQ%3D,,,
R00844FA233FD,ProQuest (Sociological Abstracts),"Autonomy and the intercultural: interpreting the history of Australian Aboriginal water management in the Roper River catchment, Northern Territory","Barber, Marcus; Jackson, Sue",2014,https://doi.org/10.1111/1467-9655.12129,https://www.proquest.com/docview/1623581551?accountid=13598&bdid=165489&_bd=X1l6196WrxXVd8s1y0X%2FTRgqtK0%3D,,,
R52AA2A5BBA5D,ProQuest (Sociological Abstracts),The legitimacy of private intervention in a public service. The renewal of water service contracts in the suburbs of Paris,"Defeuilley, Christophe",2014,,https://www.proquest.com/docview/1650145519?accountid=13598&bdid=165489&_bd=Ke5DFPOIHCNu6ixF3kcMWpoIE74%3D,,,
R92A2339263CC,ProQuest (Sociological Abstracts),Access and appropriation of water in poor rural communities in central Argentina. Transformations and conflicts,"Caceres, Daniel M; Rodriguez-Bilella, Pablo",2014,,https://www.proquest.com/docview/1667952606?accountid=13598&bdid=165489&_bd=uiRjS6CbpQWPhsFW9PEoYV%2FyrKQ%3D,,,
R023B3A0D827A,ProQuest (Sociological Abstracts),Water rights and watershed management in Mexico. The Sonora river case,"Pablos, Nicolas Pineda; Vaquez, Jose Luis Moreno; Adams, Alejandro Salazar; Ley, America Nallely Lutz",2014,,https://www.proquest.com/docview/1692289130?accountid=13598&bdid=165489&_bd=6tpht%2F2s94Gxx5yU7bPbmkXuXVE%3D,,,
RD7AA5058E24F,ProQuest (Sociological Abstracts),Los sistemas urbanos de cuenca en México. Transitando a estrategias integrales de gestión hídrica/Urban systems of river basin in Mexico. Setting up integral strategies of water resources management,"Monroy-Ortiz, Rafael",2013,,https://www.proquest.com/docview/1331138754?accountid=13598&bdid=165489&_bd=Uo7Xbfx5K2FCEkJ6GtxnpLhY4zs%3D,,,
RE467B32806AA,ProQuest (Sociological Abstracts),"Migration into the ""Illegality"" and Coping with Difficulties in a Squatter Settlement in Bishkek","Isabaeva, Eliza",2013,,https://www.proquest.com/docview/1530634255?accountid=13598&bdid=165489&_bd=2UtwnsFLCqy4x8EoBW5E8kMElXg%3D,,,
R4E86551F1961,ProQuest (Sociological Abstracts),"""I Learn From You and You Learn From Me"": The Importance of Women, Authentic Relationships, and a Holistic Approach to WaSH in Developing Countries","Harris, Therese Marie",2013,,https://www.proquest.com/docview/1520340084?accountid=13598&bdid=165489&_bd=MPIKWJIb%2By8bjJPjZbSnWl11WxI%3D,,,
RB60F8EAD6FC8,ProQuest (Sociological Abstracts),The economics and environmental policy of the Safe Drinking Water Act,"Seo, Mi Suk",2013,,https://www.proquest.com/docview/1520324629?accountid=13598&bdid=165489&_bd=jzSSFESZzyYQ2TvfIjiN%2BwnF0w0%3D,,,
R27416ECBE4AB,ProQuest (Sociological Abstracts),Gendered waters: The participation of women on the program 'One Million Cisterns' in the Brazilian semi-arid region,"Moraes, Andrea Ferreira Jacques de.",2013,,https://www.proquest.com/docview/1520312462?accountid=13598&bdid=165489&_bd=H6RJ0QIWQaMM90VPeM6DGLI4DYk%3D,,,
RB73B3B8F6678,ProQuest (Sociological Abstracts),Unveiling Water (In) Justice in Arequipa: A Case Study of Mining Industry in Urban Space,"Roca Servat, Denisse",2013,,https://www.proquest.com/docview/1520323674?accountid=13598&bdid=165489&_bd=tH9LFNdftovJ3k64b2Cc%2FFq%2BYj0%3D,,,
RBA885F30DDEE,ProQuest (Sociological Abstracts),Oklahoma's forgotten drought: Regional and federal responses to climate crisis in the 1950s,"Balkwill, Daniel M",2013,,https://www.proquest.com/docview/1520319253?accountid=13598&bdid=165489&_bd=CnwNZwUErJ0ZYIToDWv2B%2B9PXtE%3D,,,
R08C6711EFF6C,ProQuest (Sociological Abstracts),"Race for water resources among Beaufort / Jasper, SC and Effingham / Chatham, GA counties.","Khan, Adil A",2013,,https://www.proquest.com/docview/1520314037?accountid=13598&bdid=165489&_bd=ObNp%2BmLZLJ8KlQFaLrcdWMT55OA%3D,,,
R689E5A167595,ProQuest (Sociological Abstracts),"Policy inadequacies in groundwater use: A case study in the Powder River Basin, Wyoming.","Wilson, Amber L",2013,,https://www.proquest.com/docview/1520333669?accountid=13598&bdid=165489&_bd=AgRI8tDKBwbR09%2FqccJ%2B3TgyCxY%3D,,,
R0327EF4BAA21,ProQuest (Sociological Abstracts),"Is the Tap Locked? An Event History Analysis of Piped Water Access in Ouagadougou, Burkina Faso","Dos Santos, Stéphanie; LeGrand, Thomas",2013,https://doi.org/10.1177/0042098012462613,https://www.proquest.com/docview/1328023869?accountid=13598&bdid=165489&_bd=YOMwXWwYf0zR0borbFSlcUxo5WA%3D,,,
R0282D73BD533,ProQuest (Sociological Abstracts),"Reluctant Cities, Colonias and Municipal Underbounding in the US: Can Cities Be Convinced to Annex Poor Enclaves?","Mukhija, Vinit; Mason, David R",2013,https://doi.org/10.1177/0042098013482503,https://www.proquest.com/docview/1441056442?accountid=13598&bdid=165489&_bd=b898wUw%2BQEFHGxhTCzXypPmAIlY%3D,,,
RCB891A1B158D,ProQuest (Sociological Abstracts),Doing a Survey on Urban Inequalities in Bolivia,"Poupeau, Franck",2013,,https://www.proquest.com/docview/1728663046?accountid=13598&bdid=165489&_bd=09Va8OPu2bX7qw9uG2SonmpAuIM%3D,,,
R05BD2228D528,ProQuest (Sociological Abstracts),Working from strengths to assess changes in gender equality,"Willetts, Juliet; Carrard, Naomi; Crawford, Joanne; Rowland, Claire; Halcrow, Gabrielle",2013,https://doi.org/10.1080/09614524.2013.840564,https://www.proquest.com/docview/1520336628?accountid=13598&bdid=165489&_bd=uOyUhzwfACxn%2Fhc4TmakLqmxzXU%3D,,,
R0714B62F6AF9,ProQuest (Sociological Abstracts),The constraints on climate change adaptation in a city with a large development deficit: the case of Dar es Salaam,"Kiunsi, Robert",2013,https://doi.org/10.1177/0956247813489617,https://www.proquest.com/docview/1504423387?accountid=13598&bdid=165489&_bd=ppMQcdNUNO%2FL0QGvRE4v5sI9RyY%3D,,,
R102EBEF65059,ProQuest (Sociological Abstracts),Self-Organizing Network Capital and the Success of Collaborative Public Programs,"Shrestha, Manoj K",2013,https://doi.org/10.1093/jopart/mus007,https://www.proquest.com/docview/1364704195?accountid=13598&bdid=165489&_bd=VrZIuDDSHzGokcZNtaFIKxSb4E8%3D,,,
R16F0AFE12556,ProQuest (Sociological Abstracts),Technical and political stakes in water management and control: the case of the Minas Conga project in northern Peru,"Grieco, Kyra; Salazar-Soler, Carmen",2013,,https://www.proquest.com/docview/1492600110?accountid=13598&bdid=165489&_bd=%2Be1u1xfiOojNTm4Kl6bBcLvUdYI%3D,,,
R300953A25D97,ProQuest (Sociological Abstracts),"Water, North African Immigrants, and the Parisian Bidonvilles, 1950s-1960s","McDonnell, Hugh",2013,,https://www.proquest.com/docview/1429630010?accountid=13598&bdid=165489&_bd=Wx6BC9Hxce3pOU5jAjUvSpuTxu4%3D,,,
R20EF62C3558C,ProQuest (Sociological Abstracts),"Providing Access to Water: The pump, the spring and the klu: Brokerage and local development on the Tibetan Plateau","de Heering, Xenia",2013,,https://www.proquest.com/docview/1364702966?accountid=13598&bdid=165489&_bd=kvepXLvG2nNJF50%2B3HGG91c8RJU%3D,,,
R133156D538B6,ProQuest (Sociological Abstracts),Water Security in Buenos Aires and the Paraná-Paraguay Waterway,"Kane, Stephanie C",2012,https://doi.org/10.17730/humo.71.2.b884qx914u101j42,https://www.proquest.com/docview/1022486421?accountid=13598&bdid=165489&_bd=%2Bh7yDLgWxLvm3bd17wC1ezb8S%2Bc%3D,,,
RE1D66F569B25,ProQuest (Sociological Abstracts),"La vivienda nueva en la ciudad de Chihuahua: oferta y demanda/New housing stock in Chihuahua City, Mexico: supply and demand","Romo-Aguilar, María de Lourdes; Córdova-Bojórquez, Gustavo; Fuentes-Flores, César; Brugués-Rodríguez, Alejandro",2012,,https://www.proquest.com/docview/1346906486?accountid=13598&bdid=165489&_bd=BgdUBFXVJR6UYK1zLFocOKIma8s%3D,,,
R00FB49388689,ProQuest (Sociological Abstracts),"The Classification of Drinking Water between Public Administration and Rural Communities in South Kordofan, Sudan. Travelling Models and Technologies",,2012,https://doi.org/10.3790/soc.62.1.73,https://www.proquest.com/docview/1800521931?accountid=13598&bdid=165489&_bd=JuqKycYOT0U8O7VnFrlU31TkRoM%3D,,,
R278C999FC1BA,ProQuest (Sociological Abstracts),This text studies the shared meanings inside an emerging social mobilization for the defence of water at the Cuenca de México (CM). This work stems from a doctoral research on such a mobilization’s recent developments (2005-2009) and its potential social,Leonardo Garavito González,2012,,https://www.proquest.com/docview/1965249170?accountid=13598&bdid=165489&_bd=wXSKUHVG6xBxZbJ3WQjRa0uduQ4%3D,,,
R58C1D17BBFB9,ProQuest (Sociological Abstracts),"""Is it Safe?"" Risk Perception and Drinking Water in a Vulnerable Population","Spence, Nicholas; Walters, Dan",2012,,https://www.proquest.com/docview/1400224506?accountid=13598&bdid=165489&_bd=z1F6V3VfAF%2BjE%2FnAmyDruUpjVyA%3D,,,
RE8E6A91987B2,ProQuest (Sociological Abstracts),"THE RIGHT TO WATER: UNDERSTANDING ITS ECONOMIC, SOCIAL AND CULTURAL COMPONENTS AS DEVELOPMENT FACTORS FOR INDIGENOUS COMMUNITIES","Concha, Luis Carlos Buob",2012,,https://www.proquest.com/docview/1428294217?accountid=13598&bdid=165489&_bd=RAzBVElilKuIBkF1sDrZT3aC6Zg%3D,,,
R060118F9EC4B,ProQuest (Sociological Abstracts),"THE ""REAL"" MOLDOVA? DIRTY WATER, GLOBAL ENVIRONMENTALISM AND RURAL SANITATION PROJECTS","Samuelson, Amy",2012,,https://www.proquest.com/docview/1241989909?accountid=13598&bdid=165489&_bd=lFrHELdH3MnOxrLHDzpF3kgHkTY%3D,,,
RFE1FBAF9AFEA,ProQuest (Sociological Abstracts),"Internalising a Crisis? Household Level Response to Water Scarcity in the City of Harare, Zimbabwe","Manzungu, Emmanuel; Chioreso, Rennie",2012,,https://www.proquest.com/docview/1268825144?accountid=13598&bdid=165489&_bd=vEiWZOW0uK9wDVZ7qGvn7t08osg%3D,,,
RDCF62542C383,ProQuest (Sociological Abstracts),Lacking a connection to a community water system: Water quality and human health impacts in El Paso colonias,"McDonald, Yolanda Jane",2012,,https://www.proquest.com/docview/1322721612?accountid=13598&bdid=165489&_bd=Fnli2HOrUdai3E%2F7YvSfzrJoKUY%3D,,,
RD79C5847EDB7,ProQuest (Sociological Abstracts),Water Safety Plan cost analysis: Explanation building with case studies in the Western Pacific Region,"Chang, Zai Kang",2012,,https://www.proquest.com/docview/1322717824?accountid=13598&bdid=165489&_bd=Yp6XqMiQm%2F%2Bx9CaUE27O3gbG%2B30%3D,,,
R3D9F9CA8F30F,ProQuest (Sociological Abstracts),"Manufacturing insecurity: Power, water, waste, and the silences of sustainability and suffering in northwest Alaska","Eichelberger, Laura Palen",2012,,https://www.proquest.com/docview/1018358549?accountid=13598&bdid=165489&_bd=lA8NbPVkQtJRQIYUoI7YfJdXwZo%3D,,,
RD066F67D6BBF,ProQuest (Sociological Abstracts),The management of open dumps in rural Alaska-the continuing need for public health action: A policy analysis,"Shirley, Jacqueline D",2012,,https://www.proquest.com/docview/1081867793?accountid=13598&bdid=165489&_bd=PCEn8vV9O9iuV10PWgl9%2B28gEOI%3D,,,
RDBDBB4F39AE0,ProQuest (Sociological Abstracts),The impact of water quality on health in rural China,"Zhang, Jing",2012,,https://www.proquest.com/docview/1322716943?accountid=13598&bdid=165489&_bd=c6Lx62UhbvpnbGTUpG%2FWsFrKu04%3D,,,
R32EF21906A9F,ProQuest (Sociological Abstracts),"Spatial dimensions of water access and public health implications: The case of Dar es Salaam city, Tanzania","Kabuga, Sabina B.M.J.",2012,,https://www.proquest.com/docview/1018343382?accountid=13598&bdid=165489&_bd=vj0o52foIVYDww99gMKdNq43%2Bdw%3D,,,
RFF8A4C071501,ProQuest (Sociological Abstracts),The paradox of indigenous sovereignty and American democracy: Discourse of exclusion in Navajo water rights,"Jones, Benjamin Bahe",2012,,https://www.proquest.com/docview/1322726411?accountid=13598&bdid=165489&_bd=%2BHQ06GR1yEC6SaZUgaCQsgT97NE%3D,,,
R3A3E97D51FC7,ProQuest (Sociological Abstracts),"Liquid Resistance: Water, Infrastructure & the Politics of Contraction in New Orleans","Kirkpatrick, Lucas Owen",2012,,https://www.proquest.com/docview/1018355632?accountid=13598&bdid=165489&_bd=pA6ri07IgdKjGcm6GQADl3%2BF7NE%3D,,,
R7A1EB1512BE4,ProQuest (Sociological Abstracts),"Interim evaluation of a large scale sanitation, hygiene and water improvement programme on childhood diarrhea and respiratory disease in rural Bangladesh","Huda, Tarique Md Nurul; Unicomb, Leanne; Johnston, Richard B; Halder, Amal K; Sharker, Md Abu Yushuf; Luby, Stephen P",2012,https://doi.org/10.1016/j.socscimed.2011.10.042,https://www.proquest.com/docview/1022173632?accountid=13598&bdid=165489&_bd=mCohFXG6n4trfbyGQcIEpYMbT1A%3D,,,
R14D92D589123,ProQuest (Sociological Abstracts),Governance experimentation and factors of success in socio-technical transitions in the urban water sector,"Bos, JJ; Brown, RR",2012,https://doi.org/10.1016/j.techfore.2012.04.006,https://www.proquest.com/docview/1024699361?accountid=13598&bdid=165489&_bd=LL0qA9Br2HwEJHRBa39ztjbptak%3D,,,
RF93BC0D925B3,ProQuest (Sociological Abstracts),Using econometric analysis of willingness-to-pay to investigate economic efficiency and equity of domestic water services in the West Bank,"Awad, Ibrahim M",2012,,https://www.proquest.com/docview/1080937417?accountid=13598&bdid=165489&_bd=1X6xMofYQivsbHXts%2F3Lf1rJyIQ%3D,,,
R7646278F4075,ProQuest (Sociological Abstracts),Sustainable development as a community of practice: insights from rural water projects in Egypt,"Armanios, Daniel Erian",2012,,https://www.proquest.com/docview/1018343083?accountid=13598&bdid=165489&_bd=VJl5yd4Ack3bNirIwHL6%2BsFXzCw%3D,,,
RF7F8D43984CE,ProQuest (Sociological Abstracts),Municipal Socialism Then and Now: some lessons for the Global South,"Leopold, Ellen; McDonald, David A",2012,https://doi.org/10.1080/01436597.2012.728321,https://www.proquest.com/docview/1283643188?accountid=13598&bdid=165489&_bd=Wz1AmVCQzNDjW4SPULCeEItdqJM%3D,wrong_file_retrieved,,"Antigravity Drive-inbox delivery (2026-09-22) does not match this record: target is 'Municipal Socialism Then and Now: some lessons for the Global South' (Leopold, Ellen; McDonald, David A, 2012, doi 10.1080/01436597.2012.728321), but the PDF delivered was Jamie Peck (2009), 'Creative moments: working culture, through municipal socialism and neoliberal urbanism' (book chapter in McCann & Ward (eds), Urban/global: relationality and territoriality in the production of cities, University of Minnesota Press) -- confirmed via full-text search, neither 'Leopold' nor 'McDonald' appears anywhere in the delivered PDF, and the whole document (a creative-class/creative-cities urban economic-development policy piece contrasting 1980s GLC cultural-industries policy with 2000s Detroit branding) never mentions water or sanitation. Not screened. Needs re-retrieval of the correct Leopold & McDonald 2012 Third World Quarterly article."
R8094C9F76A2E,ProQuest (Sociological Abstracts),Social and Environmental Limits to the Process of Conurbanization of the Southeastern Region of Coahuila in the Face of the XXI Century,"Maya Martinez, Marcos Noe",2012,,https://www.proquest.com/docview/1322720656?accountid=13598&bdid=165489&_bd=vNlLjNxY8O2J23TPBl%2F5VnZdPdg%3D,,,
R5F816EF47755,ProQuest (Sociological Abstracts),"Water Supply Challenges in Poor Districts and Suburbs of Fez, Morocco","Akdim, Brahim; El Harchaoui, Noureddine; Laaouane, Mohamed; Soydan, Haluk",2012,,https://www.proquest.com/docview/1081861608?accountid=13598&bdid=165489&_bd=clcaStQrloTlOQps2%2FK7OZvz7LE%3D,,,
R43F7DF65A6A0,ProQuest (Sociological Abstracts),"Drinking-water Quality Surveillance Programme (Vigiagua): identifying gaps in policy making and, program implementation on the municipal level","Queiroz, Ana Carolina Lanza; Cardoso, Lais Santos de Magalhaes; Silva, Sheyla Christina Ferreira da; Heller, Leo; Cairncross, Sandy",2012,,https://www.proquest.com/docview/1315602058?accountid=13598&bdid=165489&_bd=WE4nbgZzcB48TlE3c%2FNndbij8z8%3D,,,
RC83B2F8DABA8,ProQuest (Sociological Abstracts),Sanitation Costs and Services in Selected Villages of Andhra Pradesh,"Snehalatha, M; Reddy, Ratna, V; Jayakumar, N",2012,,https://www.proquest.com/docview/1463025704?accountid=13598&bdid=165489&_bd=0erSospbRtrQlWuPOLzwaJD15uI%3D,,,
R974FD3D71CCE,ProQuest (Sociological Abstracts),"New housing stock in Chihuahua City, Mexico: supply and demand","Romo-Aguilar, Maria de Lourdes; Cordova-Bojorquez, Gustavo; Fuentes-Flores, Cesar; Brugues-Rodriguez, Alejandro",2012,,https://www.proquest.com/docview/1347782330?accountid=13598&bdid=165489&_bd=yE29xnvlJ6WnJBzAfgK35pTcss0%3D,,,
RA5369197925F,ProQuest (Sociological Abstracts),Drinking Water Management: Problems and Prospects,"Sunny, Celine",2011,,https://www.proquest.com/docview/900350761?accountid=13598&bdid=165489&_bd=CfFzWj4hizPIuN3RSphFhxUTzqw%3D,,,
RD30EA40D7E40,ProQuest (Sociological Abstracts),Community culture and rural water management,"Lopez, Mirey",2011,,https://www.proquest.com/docview/862599248?accountid=13598&bdid=165489&_bd=eW0XBcSr7Ribna63grvgVcRdAgg%3D,,,
R41A91E60A210,ProQuest (Sociological Abstracts),When ripples becomes waves: Exploring the role of policy in the creation and coordination of citizen participation in Minnesota's water governance landscape,"Steiger-Meister, Kaitlin",2011,,https://www.proquest.com/docview/1018366242?accountid=13598&bdid=165489&_bd=uVMFOQ1Woq8iZUVp7Ycn7o78ybE%3D,,,
R0086649A35D6,ProQuest (Sociological Abstracts),"Enclosing the commons? A political ecology of access to land and water in Sussundenga, Mozambique","Walker, Michael Madison",2011,,https://www.proquest.com/docview/862599264?accountid=13598&bdid=165489&_bd=8Uo4ITQ80KoOfaAQBOB7xZCSg28%3D,,,
RF2A12EA02B7B,ProQuest (Sociological Abstracts),An evaluation of the effects of a pricing policy on the water consumption of heterogeneous households in Seattle,"Hsu, Yuin-Jen David",2011,,https://www.proquest.com/docview/1018362157?accountid=13598&bdid=165489&_bd=1zYGsFVfaSB99VExM1C%2B0u8DDQ8%3D,,,
RA8BE7511205C,ProQuest (Sociological Abstracts),"Adaptation to Extreme Droughts in Arizona, Georgia, and South Carolina: Evaluating Adaptive Capacity and Innovative Planning and Management Approaches for States and Their Community Water Systems","Engle, Nathan Lee",2011,,https://www.proquest.com/docview/1018338181?accountid=13598&bdid=165489&_bd=%2BGLFwjd0D2iiGiCLqva7rD1xM2k%3D,,,
R21368E057802,ProQuest (Sociological Abstracts),Applying the theories of sustainable water aid,"Douglas, Caleb B",2011,,https://www.proquest.com/docview/1018358374?accountid=13598&bdid=165489&_bd=6r46UMhWzNH%2B9cqEpf2I9eyyIN0%3D,,,
R1FEE9837402C,ProQuest (Sociological Abstracts),"Liberation in a Time of Neoliberalism: Citizenship, Technology and Politics in Post-Apartheid South Africa","von Schnitzler, Anna Christina",2011,,https://www.proquest.com/docview/1018358252?accountid=13598&bdid=165489&_bd=27V8egR55lHV1O5TRqW22bxR1V8%3D,,,
R4F1FB446FBBC,ProQuest (Sociological Abstracts),Managing water: Efficiency-equity tradeoffs in the participatory approach,"O'Donnell, Anna.,",2011,,https://www.proquest.com/docview/856406064?accountid=13598&bdid=165489&_bd=cf0vcGJslUYV5k1QUnthvMtT6ac%3D,,,
R2BCD39E31B8C,ProQuest (Sociological Abstracts),"The long journey to become 'the river of national unity': The Sao Francisco river basin from 1940s to 2008 and the interactions of environment, government and local citizens","Nascimento, Lucigleide Nery",2011,,https://www.proquest.com/docview/1018360813?accountid=13598&bdid=165489&_bd=lBte5ODXzqrkcjThoVV%2FZpogl3k%3D,,,
R25BC906C4FE5,ProQuest (Sociological Abstracts),"Expert attempts: Water, collectives, prices and the law in Costa Rica and Brazil","Ballestero Salaverry, Andrea",2011,,https://www.proquest.com/docview/1018365820?accountid=13598&bdid=165489&_bd=bL7P9v9Ijh84kuisM0jHqGA%2Biw8%3D,,,
R7D937D8EE891,ProQuest (Sociological Abstracts),An assessment of the impact of clean water legislation and regulations on small town service provision,"Khan, Murtaza",2011,,https://www.proquest.com/docview/1018357311?accountid=13598&bdid=165489&_bd=ldKUznweVL9tjz1jfr6r0Ugm1p4%3D,,,
R14F3D3927E11,ProQuest (Sociological Abstracts),Poor access to water and sanitation: Consequences for girls at a rural school,"Devnarain, Bhanumathi; Matthias, Carmel R",2011,https://doi.org/10.1080/10130950.2011.575993,https://www.proquest.com/docview/1417523353?accountid=13598&bdid=165489&_bd=nlEuPDgGRhAN0p7cDlKekOTD160%3D,,,
R153375378313,ProQuest (Sociological Abstracts),"The Moral Economy of Water Reexamined: Reciprocity, Water Insecurity, and Urban Survival in Cochabamba, Bolivia","Wutich, Amber",2011,,https://www.proquest.com/docview/864095919?accountid=13598&bdid=165489&_bd=LSj%2BZWXHIWO0ya7jSFyDYYjj3HA%3D,,,
RB996294D1EFC,ProQuest (Sociological Abstracts),"""How High the Mountain, How High the Water"": Right to the Water and Right to the Forest in the Water Project in Village Zetang","Zhang, Peiguo; Wang, Yang",2011,,https://www.proquest.com/docview/1266146336?accountid=13598&bdid=165489&_bd=MXfXAYiYwJyfwUOxnD0w%2FXCPz%2FU%3D,,,
RE773CC0CA7BB,ProQuest (Sociological Abstracts),Customary norms and common good: the ethics of water in rural communities in Minas Gerais,"Galizoni, Flavia Maria; Ribeiro, Eduardo Magalhaes",2011,,https://www.proquest.com/docview/1010632390?accountid=13598&bdid=165489&_bd=VO5bmTusjGtHQwbGESGHrEWjjac%3D,,,
R43DF474F6316,ProQuest (Sociological Abstracts),"Appropriation of space and water in informal urban settlements of Port Moresby, Papua New Guinea","Repic, Jaka",2011,,https://www.proquest.com/docview/1037879085?accountid=13598&bdid=165489&_bd=k6f3y0MNlnQKzV7v3IiWlHvr80I%3D,,,
R006EEFF9CD0E,ProQuest (Sociological Abstracts),Liquid Politics: Water And The Politics Of Everyday Life In The Modern City,"Taylor, Vanessa; Trentmann, Frank",2011,https://doi.org/10.1093/pastj/gtq068,https://www.proquest.com/docview/914765919?accountid=13598&bdid=165489&_bd=qNPVqr0OGLyEr2WTuJSLWNOacUM%3D,,,
R924B36212B3F,ProQuest (Sociological Abstracts),"Institutional aspects of water management in Pachuca, Hidalgo","Amaya Ventura, Maria de Lourdes",2011,,https://www.proquest.com/docview/1221412522?accountid=13598&bdid=165489&_bd=7lKWbDrj1ZxdUikHAeTvg1dceHo%3D,,,
R0CCBF382E07C,ProQuest (Sociological Abstracts),The state of urban health in India; comparing the poorest quartile to the rest of the urban population in selected states and cities,"Agarwal, Siddharth",2011,https://doi.org/10.1177/0956247811398589,https://www.proquest.com/docview/887500624?accountid=13598&bdid=165489&_bd=DQhn8H5bHLcicCyfl2FUU%2FK2oAA%3D,,,
RD5F023BFA68D,ProQuest (Sociological Abstracts),"The other side of the ""Aymara rebel city"" Rural migration, intra-urban mobility and political protest in El Alto, Bolivia","Poupeau, Franck",2011,,https://www.proquest.com/docview/1037880739?accountid=13598&bdid=165489&_bd=Ba3XoaKC6Ojq0hjwNwGMBGDJX64%3D,,,
RF2E35C2360D3,ProQuest (Sociological Abstracts),Water-rights Settlements and Reclamation in Central Arizona as a Cross-cultural Experience: A Reexamination of Native Water Policy,"Matsui, Kenichi",2011,,https://www.proquest.com/docview/887781501?accountid=13598&bdid=165489&_bd=ZfxXrxYD%2BcwUd6TTPWWzgCxMXoE%3D,,,
R4D32CA9D65E4,ProQuest (Sociological Abstracts),"The government of running waters in nineteenth-century France: Police powers, the law and scientific knowledge","Ingold, Alice",2011,,https://www.proquest.com/docview/881463608?accountid=13598&bdid=165489&_bd=22UbX7a1wjMNDZu8nmxiOBxnc6o%3D,,,
R7EAA65D3F9B9,ProQuest (Sociological Abstracts),The water policy in Amazon: specificities of the relationship between legal framework and users of Purus basin,"Ravena, Nirvia; Ravena Canete, Voyner; Magalhaes de Sousa, Romulo; Lima de Souza, Cleide; Canete, Thales M R",2011,,https://www.proquest.com/docview/1221407751?accountid=13598&bdid=165489&_bd=uqqez4gKEz3DAvGCLU9m%2BHoegKU%3D,,,
R03DD1BAD1AD0,ProQuest (Sociological Abstracts),"Residents' Perceptions of Tap Water and Decisions to Purchase Bottled Water: A Survey Analysis from the Appalachian, Big Sandy Coal Mining Region of West Virginia","McSpirit, Stephanie; Reid, Caroline",2011,https://doi.org/10.1080/08941920903401432,https://www.proquest.com/docview/902079593?accountid=13598&bdid=165489&_bd=MT6ERwctlDFk%2FzrKFSw5IoSocyk%3D,,,
R301C53154F20,ProQuest (Sociological Abstracts),"Urban environmental conflicts: a strategy for mobilization with the access of drinking water in Tandil, Argentina","Guerrero, Elsa Marcela",2011,,https://www.proquest.com/docview/1315599497?accountid=13598&bdid=165489&_bd=SkmfgEpJBZhJ8dDPvP3i8ymJzVo%3D,,,
R14EE06D3195B,ProQuest (Sociological Abstracts),Environmental survey of segregated habitats of Roma in Hungary: a way to be empowering and reliable in minority research,"Kosa, Karolina; Darago, Laszlo; Adany, Roza",2011,https://doi.org/10.1093/eurpub/ckp097,https://www.proquest.com/docview/919903128?accountid=13598&bdid=165489&_bd=bq4dbX30%2F6LuItkET0nmeVJDsPk%3D,,,
RC52295EE51A4,ProQuest (Sociological Abstracts),Evolution and Efficiency Profiles of Urban Water Utilities in Mexico,"Ley, America N. Lutz; Adams, Alejandro Salazar",2011,,https://www.proquest.com/docview/1322722130?accountid=13598&bdid=165489&_bd=wyqPwtunxUhuDUdNXOBGPyqTMYw%3D,,,
R5F504FF47CD2,ProQuest (Sociological Abstracts),Urban Water Politics and Water Security in Disadvantaged Urban Communities in Ghana,"Ainuson, Kweku G",2010,,https://www.proquest.com/docview/759262658?accountid=13598&bdid=165489&_bd=wviO0bNsU4GHN8Xbx%2BMUC6KI0Ss%3D,,,
R6184CF72189E,ProQuest (Sociological Abstracts),"NGOs and CBOs working in partnership on waterborne disease prevention in Dhaka, Bangladesh","Ohikata, Makito",2010,,https://www.proquest.com/docview/743058912?accountid=13598&bdid=165489&_bd=JyYyiDUHQejsLD%2FKsEJhr7yM%2B4A%3D,,,
RAC858309BD98,ProQuest (Sociological Abstracts),Municipal bonds and water the US experience in financing its water supply and implications for developing countries,"Platz, Daniel",2010,,https://www.proquest.com/docview/758135502?accountid=13598&bdid=165489&_bd=shW6yaHkggVEytRfEnFZI09Vt%2Bc%3D,,,
RB203D7B906DB,ProQuest (Sociological Abstracts),The effects and determinants of local transparency in Mexico: Who's accountable,"Ortega Nieto, Daniel",2010,,https://www.proquest.com/docview/818805940?accountid=13598&bdid=165489&_bd=d4EJQy4GyHy0WZohFx3GIh%2BKFHc%3D,,,
R127DF8827EFF,ProQuest (Sociological Abstracts),The evolution of water policy in Spain in the decade of the nineties,"de Cisneros de Britto, Julio Cesar.",2010,,https://www.proquest.com/docview/743062709?accountid=13598&bdid=165489&_bd=BN4moljCfle0uBl9jPx211uvyHA%3D,,,
R635D5D509059,ProQuest (Sociological Abstracts),Private sector involvement in public water distribution: Assessing local water systems in Massachusetts,"Dehner, Corey Denenberg",2010,,https://www.proquest.com/docview/60347802?accountid=13598&bdid=165489&_bd=LnzV0PegtKn5N38s7c7dXYqxj9Y%3D,,,
RA7FF9B149D10,ProQuest (Sociological Abstracts),Keeping hope: Encountering and imagining the national state in a North China village,"Hu, Zongze",2010,,https://www.proquest.com/docview/60352364?accountid=13598&bdid=165489&_bd=kEikyFdG%2BIAELLRifAhY4KyKdOI%3D,,,
REB29F47D59D0,ProQuest (Sociological Abstracts),Towards a General Theory of Resource Use: Constructing Alternate Institutions to Cope with the Future and the Commons,"Douglas, Karen Manges; Sjoberg, Gideon",2010,,https://www.proquest.com/docview/743067195?accountid=13598&bdid=165489&_bd=2Ll4o4nHqJ%2F4l8IuLfkx8dV6qGw%3D,,,
RAB87291BF172,ProQuest (Sociological Abstracts),"Water Shortage in Ankara, Turkey and Disaster Management Policy","Odabas, Zuhal Yonca; Kasapoglu, Aytul",2010,,https://www.proquest.com/docview/743065311?accountid=13598&bdid=165489&_bd=cTG2CqH6EeVrCktuD1MraMBY5XE%3D,,,
RE525171E84BE,ProQuest (Sociological Abstracts),Civil Society and Water Governance: A Study of Hiware Bazar Village in India,"Patil, Rajendra Bhupal",2010,,https://www.proquest.com/docview/743055702?accountid=13598&bdid=165489&_bd=GSB1DgX7tiYQm8UNZzaiWZoEDQI%3D,,,
R7B71421C10E6,ProQuest (Sociological Abstracts),The revolution of the water in Maracaibo: democratic radicalization or political instrumentalization?,"Uhel, Mathieu",2010,,https://www.proquest.com/docview/1037881841?accountid=13598&bdid=165489&_bd=4tT4RYtiRYxEHHnsF83OkJ2NeNQ%3D,,,
R1604D54075E7,ProQuest (Sociological Abstracts),"The Privatization of Water in Italy: Ambiguity, Resistance, and Enlightening Questions","Fantini, Emanuele",2010,,https://www.proquest.com/docview/754037079?accountid=13598&bdid=165489&_bd=H8W6WE%2BgWWSje%2Fd8m8fphxtI%2Bac%3D,,,
RD73D5B6277C5,ProQuest (Sociological Abstracts),Social Influence and Decision-Making: Evaluating Agent Networks in Village Responses to Change in Freshwater,"Altaweel, Mark; Alessa, Lilian N; Kliskey, Andrew D",2010,,https://www.proquest.com/docview/754039699?accountid=13598&bdid=165489&_bd=%2Bt%2FYqUYW7C%2Fvf06S%2FMdO55KchvI%3D,,,
R111EFC29F4F6,ProQuest (Sociological Abstracts),The Political Economy of Village Sanitation in South India: Capture or Poor Information?,"Ban, Radu; Das Gupta, Monica; Rao, Vijayendra",2010,https://doi.org/10.1080/00220380903002962,https://www.proquest.com/docview/577636398?accountid=13598&bdid=165489&_bd=yAXhUuigJvG0Q6oZc%2B1VLGRnjQM%3D,,,
R83A715FB0D2F,ProQuest (Sociological Abstracts),"Historic communities in the big city: emergency political-culture in Tecamac, State of Mexico","Correa Ortiz, Hernan",2010,,https://www.proquest.com/docview/1221407496?accountid=13598&bdid=165489&_bd=5O0gnPewLLd8e83PvtLxvZmr7hE%3D,,,
R142F0281D111,ProQuest (Sociological Abstracts),Chapter 16 Histories and continuities of water governance in Northern Ghana,"Hauck, Jennifer; Youkhana, Eva",2010,https://doi.org/10.1108/S1057-1922(2010)0000016019,https://www.proquest.com/docview/764422898?accountid=13598&bdid=165489&_bd=cr2BBFePnuS5Ruo8b8B8eSWvicA%3D,,,
R0320961C9ED4,ProQuest (Sociological Abstracts),I cannot drink water on an empty stomach: a gender perspective on living with drought,"Arku, Frank S; Arku, Cynthia",2010,https://doi.org/10.1080/13552071003600091,https://www.proquest.com/docview/60382536?accountid=13598&bdid=165489&_bd=3lO19cB2I5KuFy%2B8mrleNrdEIWk%3D,,,
R205B372B031E,ProQuest (Sociological Abstracts),"The Surprising Diversity of Hombori's Water Resources: Between Environmental Contrasts, Local Practices and Outside Technologies","Gangneron, Fabrice; Becerra, Sylvia; Dia, Amadou Hamath",2010,,https://www.proquest.com/docview/862598455?accountid=13598&bdid=165489&_bd=vvfXjWrySTBLL6Ue9qICCSr7h5w%3D,,,
RF43CEF153CB0,ProQuest (Sociological Abstracts),Water and Poverty in the Mediterranean Region: The Response of the Market,"Ferragina, Eugenia; Quagliarotti, Desiree",2010,,https://www.proquest.com/docview/835112050?accountid=13598&bdid=165489&_bd=LQOa0JogX7v8l3gn3%2BhVu29A7jo%3D,,,
R50C45049A46A,ProQuest (Sociological Abstracts),"Water Management in Brazilian Cities: New Water Services Law, New Issues and New Players","Britto, Ana Lucia",2010,,https://www.proquest.com/docview/835112181?accountid=13598&bdid=165489&_bd=X%2F%2Bsr6lwZmHCcI65aTzP75W%2BIEI%3D,,,
RD7C715A30575,ProQuest (Sociological Abstracts),Potable Water Supply in Tunisia: The Tariff Regulation Model Faces Future Challenges,"Touzi, Sarra; Barraque, Bernard; Treyer, Sebastien",2010,,https://www.proquest.com/docview/835112191?accountid=13598&bdid=165489&_bd=JAeBDQwIjG7lNlL6HIL85%2BlOx2A%3D,,,
R7CA6720F058E,ProQuest (Sociological Abstracts),Water Provision in Havana: Shared Interests,"Pinceau, Pascale",2010,,https://www.proquest.com/docview/835112396?accountid=13598&bdid=165489&_bd=2HTczn3ZszfnduhyTCXP1KnzQ4A%3D,,,
R8FDF24CFE210,ProQuest (Sociological Abstracts),Environmental Conflicts and Environmentalist Conflicts in Porfirian Mexico,"Simon Ruiz, Inmaculada",2010,,https://www.proquest.com/docview/1125220221?accountid=13598&bdid=165489&_bd=PdgeNl%2F2%2FfzOb8USjTZYs0487gA%3D,,,
R5B0328EFA4B2,ProQuest (Sociological Abstracts),"""Non-Sovereign"" Governance and Regulation of Water Services in Monrovia (Liberia)","Urcun, Aude; Renou, Yvan; Plauchu, Vincent",2010,,https://www.proquest.com/docview/835112452?accountid=13598&bdid=165489&_bd=ZbrE4VBxQdRtabYaFrlhqu1vnsA%3D,,,
RD9FCD084C294,ProQuest (Sociological Abstracts),"Governance and Social Participation in the Management of Water in El Cangrejo Microbasin, Municipality of Autlan de Navarro, Jalisco, Mexico","Guerrero-de Leon, Aida Alejandra; Gerritsen, Peter R W; Martinez-Rivera, Luis Manuel; Salcido-Ruiz, Silvia; Meza-Rodriguez, Demetrio; Busto-Santana, Humberto Rafael",2010,,https://www.proquest.com/docview/822521959?accountid=13598&bdid=165489&_bd=jG2duFPLhsXJUWbPDkGxjTEhwOM%3D,,,
R3481E71E1755,ProQuest (Sociological Abstracts),"The Water Crisis in Blantyre City and its Impact on Women: The Cases of Mabyani and Ntopwa, Malawi",Anonymous,2009,,https://www.proquest.com/docview/232163256?accountid=13598&bdid=165489&_bd=mq15r58Ymuc9RKGVDGmBGoAJzcc%3D,,,
R13E85C59B4CA,ProQuest (Sociological Abstracts),Water Scarcity and the Sustainability of a Common Pool Resource Institution in the Urban Andes,"Wutich, Amber",2009,https://doi.org/10.1007/s10745-009-9227-4,https://www.proquest.com/docview/206003556?accountid=13598&bdid=165489&_bd=3i%2Br%2FDvOfKerkFSa4NLDExKBjZU%3D,,,
RA712B2759F69,ProQuest (Sociological Abstracts),Drinking water quality and trust: Communities and risk information,"Burley, Caitlin J",2009,,https://www.proquest.com/docview/60332383?accountid=13598&bdid=165489&_bd=hDEN3ys1c1%2B8aZZE5wfb836kju8%3D,,,
R8151C5FF246C,ProQuest (Sociological Abstracts),Democratization and power-sharing for alternative social orders: Lessons from economic liberalization and water conflict in India,"Amano, Yuichi",2009,,https://www.proquest.com/docview/60339698?accountid=13598&bdid=165489&_bd=TCrF4pTY%2Fj56RbCe%2BJ9qS819eBU%3D,,,
R05315EFB334C,ProQuest (Sociological Abstracts),Mutual aid as community development: Accessing potable water in rural El Salvador,"Ewart, Sande",2009,,https://www.proquest.com/docview/60349431?accountid=13598&bdid=165489&_bd=k8BFOUyKevlgl4ga7e1%2FfBmO9vI%3D,,,
RBC57AD90ACFB,ProQuest (Sociological Abstracts),Outlook for Reform of Water Sector in Mexico: An Institutional Analysis,"Amaya Ventura, Ma. de Lourdes",2009,,https://www.proquest.com/docview/1125216853?accountid=13598&bdid=165489&_bd=8GthXgAYOS2%2BpSHNBXHe2Te%2BP6I%3D,,,
R4FDF6D399848,ProQuest (Sociological Abstracts),Municipal Responsibilities in Environmental Matters,"Pichardo Pagaza, Ignacio",2009,,https://www.proquest.com/docview/60342093?accountid=13598&bdid=165489&_bd=b22Kzi83xsoKcfmwl3WahSL54LQ%3D,,,
R1803F7055859,ProQuest (Sociological Abstracts),"Management Arrangements from One Context to Another: Crossbreeding, Ruptures and Innovations? French Water and Electricity Service Groups in the Shantytowns of Buenos Aires","Botton, Sarah",2009,,https://www.proquest.com/docview/743045826?accountid=13598&bdid=165489&_bd=4iwrRtqvJJ9Uoa6zznb%2B9ANUr5Y%3D,,,
RCDF7F883CAB7,ProQuest (Sociological Abstracts),"Opening up urban policy and social identities: Neither entrepreneurs, nor bureaucrats, or neighbours: deep statality and extense statality","Nunez, Ana",2009,,https://www.proquest.com/docview/60345451?accountid=13598&bdid=165489&_bd=cPm0r%2Ff%2F9T13v308kRg%2BMYDHjOM%3D,,,
R5CA121A0E656,ProQuest (Sociological Abstracts),Istria -- Draguc Dam,"Butic, Natasa Loncar; Magdalenic, Ivan; Zupancic, Milan",2009,,https://www.proquest.com/docview/743044173?accountid=13598&bdid=165489&_bd=7N7WHPO3zdHJ1XqIlUhT1gA0jw0%3D,,,
R8E5241AB17D4,ProQuest (Sociological Abstracts),From Big Solutions to Small Practices: Bringing Back the Active Consumer,"Chappells, Heather; Medd, Will",2008,,https://www.proquest.com/docview/213969261?accountid=13598&bdid=165489&_bd=I9mbFzdRnCXTd4MN3ZNWcnOi8SI%3D,,,
RD27BEE97CAF5,ProQuest (Sociological Abstracts),Watering the slums: How a utility and its street-level bureaucrats connected the poor in Bangalore,"Connors, Genevieve",2008,,https://www.proquest.com/docview/61788801?accountid=13598&bdid=165489&_bd=0feBnxU9X6eewEE98JvkLtZk%2BF8%3D,,,
R2281812753A2,ProQuest (Sociological Abstracts),Functions and Spatial Structures of Local Utility Systems,"Tietz, Hans-Peter",2008,,https://www.proquest.com/docview/60362443?accountid=13598&bdid=165489&_bd=JYxkkyHSyXxcV8VxUWg6LT7xHXQ%3D,,,
R90145EEE554B,ProQuest (Sociological Abstracts),Health Impacts Due to Deficient Water Access,"Razzolini, Maria Tereza Pepe; Risso Gunther, Wanda",2008,,https://www.proquest.com/docview/61709457?accountid=13598&bdid=165489&_bd=%2BrveXhoarw1NhxMAdyMr92p014Q%3D,,,
RA3629C1AA14D,ProQuest (Sociological Abstracts),"Folklore, Water and Development","Tanner, R.E.S.",2008,,https://www.proquest.com/docview/61668797?accountid=13598&bdid=165489&_bd=1uM5cxHxPZp%2FNKkwUNMowNvA%2BFQ%3D,,,
R405EFE65A300,ProQuest (Sociological Abstracts),Gender and Water from a Human Rights Perspective: The Role of Context in Translating International Norms into Local Action,"Singh, Nandita; Astrom, Karsten; Hyden, Hakan; Wickenberg, Per",2008,,https://www.proquest.com/docview/61725639?accountid=13598&bdid=165489&_bd=GDmAPTFrMIECc00neopNFU9k2ag%3D,,,
RD5A2982CF41B,ProQuest (Sociological Abstracts),Bearing the Cost: An Examination of the Gendered Impacts of Water Policy Reform in Malawi,"Marra, Simona",2008,,https://www.proquest.com/docview/61752917?accountid=13598&bdid=165489&_bd=AMj4D%2F6wl9q2rnq2QTXr9zycxuo%3D,,,
R102FC970D831,ProQuest (Sociological Abstracts),Millennium Development Goals and water service delivery strategies: reflections on the fit between national and local policies on water in the context of global poverty alleviation initiatives,"Thompson, Lisa; Nleya, Ndodana",2008,,https://www.proquest.com/docview/61784629?accountid=13598&bdid=165489&_bd=%2FeQSnOCFEkKDMPWe9fywbtPdtp0%3D,,,
R991252919846,ProQuest (Sociological Abstracts),"My Water's Fine, Isn't it? An Exploration of the Gendered Perception of Water Quality and Security in Australia","Crampton, Andrea; Ragusa, Angela",2008,,https://www.proquest.com/docview/61769914?accountid=13598&bdid=165489&_bd=2eVe0G2JJfIopmrhCb3aJ%2B9eTZk%3D,,,
R2ACE64C7DF13,ProQuest (Sociological Abstracts),The Cost of War: The Children of Iraq,"Ismael, Shereen T",2007,,https://www.proquest.com/docview/232581427?accountid=13598&bdid=165489&_bd=3PoqihcM6%2Fgb2fIpzGlYsxxYwBQ%3D,,,
R37CCB59AF4BA,ProQuest (Sociological Abstracts),The Kugeria women water project: A mixed-methods evaluation of a women's micro-initiative project (Kenya),"Hill-Schmidtke, MaLinda Nanette",2007,,https://www.proquest.com/docview/61750737?accountid=13598&bdid=165489&_bd=FWpLx%2BJ9LFuI1QSIQa%2BwCUBrHNk%3D,,,
R09F94E3DD04D,ProQuest (Sociological Abstracts),The impact of population density and racial composition on municipal government expenditures,"Williams, DeEdgra Washington",2007,,https://www.proquest.com/docview/61645431?accountid=13598&bdid=165489&_bd=lmZcuEoT4JBau6OCf%2FfuHFAX%2BOw%3D,,,
R2C381BB80403,ProQuest (Sociological Abstracts),The Urban Origins of Suburban Autonomy,"Gale, Dennis E",2007,,https://www.proquest.com/docview/228391915?accountid=13598&bdid=165489&_bd=OH%2BYufB%2F7nfPeiszep8rrxXy%2Bvo%3D,,,
RD13D38AD5EB6,ProQuest (Sociological Abstracts),Participation in a Comunitary Context. The Water Technica Desk Brisas of Paraiso in Caracas,"Ramirez, Luis Alfredo",2007,,https://www.proquest.com/docview/61663922?accountid=13598&bdid=165489&_bd=Y3f0JXl2Kum8aieYlOe4wEso0A0%3D,,,
R090C6103AD6B,ProQuest (Sociological Abstracts),Reforms Toward Integrated Management of Water in Europe An Example for Quebec to Follow?,"Aubin, David",2007,,https://www.proquest.com/docview/61691558?accountid=13598&bdid=165489&_bd=TFDNqr12jTcy83JBz825CIAoyHg%3D,,,
RF9A0E2C1D2F8,ProQuest (Sociological Abstracts),History and identity of Techniques of Water Tables: Analysis of participatory processes,"Lacabana, Miguel; Cariola, Cecilia",2007,,https://www.proquest.com/docview/61696775?accountid=13598&bdid=165489&_bd=Ii06%2FYRs%2FsgGPFOKJta3DxGQYek%3D,,,
RA02AB9126675,ProQuest (Sociological Abstracts),The interdisciplinary study of conflicts over water in urban areas: a contribution from the sociology,"Castro, Jose Esteban",2007,,https://www.proquest.com/docview/61689076?accountid=13598&bdid=165489&_bd=kfvM2lVX3Y6nRq%2FSMNviSbPKWP8%3D,,,
R6DA59BCE31A8,ProQuest (Sociological Abstracts),"CHAOS AND CONTAMINATION: Water Pollution and Economic Upheaval in Hamburg, 1919-1923","Closmann, Charles E",2007,,https://www.proquest.com/docview/222423829?accountid=13598&bdid=165489&_bd=iY7FOAU8Ax6krFFg3xG6J%2BsOWbU%3D,,,
R553639A6DDDE,ProQuest (Sociological Abstracts),The Water in Mexico City and the Factor of Political Fragmentation,"Kloster, Karina; De Alba, Felipe",2007,,https://www.proquest.com/docview/61685468?accountid=13598&bdid=165489&_bd=es7JWg6w2LHVUYWejbuLWQ6I9DY%3D,,,
R58CA7A40C336,ProQuest (Sociological Abstracts),How 'Water for All!' policy became hegemonic: The power of the World Bank and its transnational policy networks,"Goldman, Michael",2007,https://doi.org/10. 1016/j.geoforum.2005.10.008,https://www.proquest.com/docview/61653711?accountid=13598&bdid=165489&_bd=ZAx9UxqZye%2FGPWFGymnmFM0qjY4%3D,,,
R842C76873455,ProQuest (Sociological Abstracts),Considerations about Water Supply and Public Health: a case study in the Brazilian Amazonia,"Giatti, Leandro Luiz",2007,,https://www.proquest.com/docview/61655482?accountid=13598&bdid=165489&_bd=JB17LaxfvLt0nr9M%2Fpskm7v2qsQ%3D,,,
R60ED41AD8564,ProQuest (Sociological Abstracts),Cost-Benefit Evaluation of Water Desalinization Systems in Rural Communities of Ceara,"Campos, Roberio Telmo",2007,,https://www.proquest.com/docview/743047332?accountid=13598&bdid=165489&_bd=10nLTvftIwP2Z56JUQz%2BY7PkyjA%3D,,,
RD2DBBAADC68B,ProQuest (Sociological Abstracts),Quality of Life of Migrant Households in Select Slums of Tamil Nadu,"Sundari, S",2007,,https://www.proquest.com/docview/61388685?accountid=13598&bdid=165489&_bd=FvnxvVO6CgFQXj6rKnnlsCpcYVY%3D,,,
R01EF154CA5CB,ProQuest (Sociological Abstracts),From Disciplinary to Interdisciplinary Community Development: The Jos-McMaster Drought and Rural Water Use Project in Nigeria,"Fiki, Charles Oladipo; Amupitan, Joash; Dabi, Daniel; Nyong, Anthony",2007,https://doi.org/10.1300/J125v15n01_07,https://www.proquest.com/docview/61423015?accountid=13598&bdid=165489&_bd=6biKtRhqpgiPT6FSsFtl8GsV8pk%3D,,,
R6AD0F046A114,ProQuest (Sociological Abstracts),"Water, Public Hygiene and Fire Control in Medieval Towns: Facing Collective Goods Problems While Ensuring the Quality of Life","Ewert, Ulf Christian",2007,,https://www.proquest.com/docview/61705545?accountid=13598&bdid=165489&_bd=QPlot9NbBaY%2FaGxWZlC1KD3C3dY%3D,,,
RD76F8D724BA5,ProQuest (Sociological Abstracts),A New Logic of Infrastructure Supply: The Commercialization of Water and the Transformation of Urban Governance in Germany,"Wissen, Markus; Naumann, Matthias",2006,,https://www.proquest.com/docview/231923562?accountid=13598&bdid=165489&_bd=DTe3dsEj%2BgXtpS5JVvOSZALNQV0%3D,,,
RD6E56D782850,ProQuest (Sociological Abstracts),Liquid Relations: Contested Water Rights and Legal Complexity,"Raby, Namika",2006,https://doi.org/10.1525/aa.2006.108.4.920,https://www.proquest.com/docview/198164188?accountid=13598&bdid=165489&_bd=gAmgkLSg%2FSxlSZTgkqAZ5MEGPlY%3D,,,
R9DF784217B95,ProQuest (Sociological Abstracts),People's Participation and Water Management in the State of Gujarat,"Rao, Hemixa V; Merchant, Amrapali M",2006,,https://www.proquest.com/docview/61790338?accountid=13598&bdid=165489&_bd=ARSC5dD5PGq9CRdj2u30dwARRqA%3D,,,
R7F49EAD053E1,ProQuest (Sociological Abstracts),The Diminishing Role of the Third World City in the Era of Globalization,"Macharia, Kinuthia",2006,,https://www.proquest.com/docview/61751366?accountid=13598&bdid=165489&_bd=zTbWnpzUeyk8%2BEscwxlNCFwyGbg%3D,,,
R0AF5F2494B63,ProQuest (Sociological Abstracts),The Authenticity of 'Type Two' Multistakeholder Partnerships for Water and Sanitation in Africa: When is a Stakeholder a Partner?,"Stewart, Amy; Gray, Tim",2006,https://doi.org/10.1080/09644010600627592,https://www.proquest.com/docview/194689731?accountid=13598&bdid=165489&_bd=fofcsQq3Cl517ik995TxglWRSqI%3D,,,
R48D769671882,ProQuest (Sociological Abstracts),The Foundation Waters for the Service of Public Welfare,"Sensoy, Fatma",2006,,https://www.proquest.com/docview/61677731?accountid=13598&bdid=165489&_bd=6goyMwAvT83vL37XE0qraF4WWmg%3D,,,
R40CD1DA5FB19,ProQuest (Sociological Abstracts),The Problems of Adequate Safe Water Supply in a Medium-Size City,"Duran Juarez, Juan; Torres Rodriguez, Alicia",2006,,https://www.proquest.com/docview/61600037?accountid=13598&bdid=165489&_bd=Dui%2FKkp%2FHCC3sq4fu7S35uPojzI%3D,,,
R001780FF5AE4,ProQuest (Sociological Abstracts),Subaltern strategies and development practice: urban water privatization in Ghana,"Yeboah, Ian",2006,https://doi.org/10.1111/j.1475-4959.2006.00184.x,https://www.proquest.com/docview/61618774?accountid=13598&bdid=165489&_bd=8Vorv3Ni1p8gu39QV5aM3EEGbUI%3D,,,
RA76DA205A350,ProQuest (Sociological Abstracts),Political cooperation in an urban mosaic. The case of the water company in Parisian suburbs [1880-1923],"Claude, Viviane",2006,,https://www.proquest.com/docview/743049611?accountid=13598&bdid=165489&_bd=%2Bu08qsMbjyQvZxRgbZBImGQ8jr0%3D,,,
R013E7C57E2C0,ProQuest (Sociological Abstracts),"Wastewater management in Kunming, China: a stakeholder perspective on measures at the source","Medilanski, Edi; Chuan, Liang; Mosler, Hans-Joachim; Schertenleib, Roland; Larsen, Tove A",2006,https://doi.org/10.1177/0956247806069615,https://www.proquest.com/docview/61662066?accountid=13598&bdid=165489&_bd=aHBtKA7%2Fy%2F%2BM2r%2Fp%2FTwGym3x%2Fqs%3D,,,
R7C09AA5F791D,ProQuest (Sociological Abstracts),The emergence of water markets in Australia and implications for rural social work,"Mason, Robyn; McDonald, John; Ollerenshaw, Alison",2006,,https://www.proquest.com/docview/741612889?accountid=13598&bdid=165489&_bd=pL2I7wLZgSRlmW5FXvdVFwio99g%3D,,,
R3CCC6537F58C,ProQuest (Sociological Abstracts),La dinámica urbana desde la perspectiva social y comunicación alrededor de las aguas residuales en la Guajira (Colombia),"Madariaga, Camilo; Mosquera, Mario; Manga, Jose; Gallardo, Luz Dary",2005,,https://www.proquest.com/docview/1435817372?accountid=13598&bdid=165489&_bd=Veq%2BdbT2swYc%2F8NKv3gHpLd28%2Fs%3D,,,
R18130395EDEF,ProQuest (Sociological Abstracts),"Science, Technology and Agency in the Development of Drought-Prone Areas: A Cognitive History of Drought and Scarcity","Vincent, Linden Faith",2005,,https://www.proquest.com/docview/59989515?accountid=13598&bdid=165489&_bd=0f3YJqDvf0L%2FMhGOexKgr%2B1r2Mk%3D,,,
R99433B75F8E9,ProQuest (Sociological Abstracts),Ecology in Public Health,"Kiss, Laszlo",2005,,https://www.proquest.com/docview/60508640?accountid=13598&bdid=165489&_bd=SqGgM4fk55dnhnU2mmcHcc4pjVU%3D,wrong_file_retrieved,,"[2026-09-27] wrong_file_retrieved: Delivered PDF content does not match target record. DB target: 'Ecology in Public Health' by Kiss, Laszlo (2005). Actual PDF content: Chen, Weng, Huang, Li & Duan (2025), 'Integrated PRRSV prevention and control strategy based on the One Health concept: across the boundaries of virology, ecology and public health', Frontiers in Microbiology -- an entirely different, unrelated veterinary/swine-virology review with different authors and no connection to the target citation ('Ecology in Public Health' by Kiss, 2005). Flagging wrong_file_retrieved; not screened; Drive file left in place, not moved to Processed."
R0878C3037524,ProQuest (Sociological Abstracts),"Universal (Non)service? Water Markets, Household Demand and the Poor in Urban Kenya","Gulyani, Sumila; Talukdar, Debabrata; Kariuki, R Mukami",2005,https://doi.org/10.1080/00420980500150557,https://www.proquest.com/docview/236304460?accountid=13598&bdid=165489&_bd=RCrLu1DzAPV%2FIP5plbK1ojE6%2Bi0%3D,,,
R7DB32FBFB5A6,ProQuest (Sociological Abstracts),Water as Culture. Disputes around a Scarce Resource in the North-East Areas of Guanajuato,"Uzeta, Jorge",2005,,https://www.proquest.com/docview/59987205?accountid=13598&bdid=165489&_bd=U6AFGJKoK9mpxc8fmrp9ELJ6W7s%3D,,,
RE5B087932D77,ProQuest (Sociological Abstracts),"Environmental, Gender and Institutional Dimensions of Drinking Water Supply","Ravichandran, M; Boopathi, S",2005,,https://www.proquest.com/docview/61349124?accountid=13598&bdid=165489&_bd=p4KY2cN%2B5tBjXwuJeCSqRrTN93w%3D,,,
RC2D0222AE67F,ProQuest (Sociological Abstracts),Rural Development in Bangladesh through the Institutionalization of Village Development Committees (VDCs): A Paradigm of Partnership Effort,"Sarker, Profulla C",2005,,https://www.proquest.com/docview/59999555?accountid=13598&bdid=165489&_bd=XiOs%2BS8hSwiEtM93JnUJU8C8np0%3D,,,
RB69EB53C7345,ProQuest (Sociological Abstracts),Toward a Social Policy for Argentina's Infrastructure Sectors: Evaluating the Past and Exploring the Future,"Foster, Vivien",2004,,https://www.proquest.com/docview/61702706?accountid=13598&bdid=165489&_bd=ySiYB4Cr%2Fi5eY%2FUjcHKwITYd6KE%3D,,,
RB61219B29251,ProQuest (Sociological Abstracts),Improved Community Participation: Lessons from Water Supply Programmes in Angola,"Godfrey, Sam; Obika, Amaka",2004,,https://www.proquest.com/docview/60525630?accountid=13598&bdid=165489&_bd=Dzowx5P5lq%2FTC%2BOA7BKikIOdQZM%3D,,,
R3B04E4067F01,ProQuest (Sociological Abstracts),"Problems of Water, AIDS and Home-Based Care: A Case Study from Rural Northern KwaZulu-Natal","Hutchings, Anne; Buijs, Gina",2004,,https://www.proquest.com/docview/60511702?accountid=13598&bdid=165489&_bd=wCrTQaXccY9qN5h8iV9uc4ajsq4%3D,,,
RFB7ACA7095E1,ProQuest (Sociological Abstracts),Local Empowerment through Community Mapping for Water and Sanitation in Dar es Salaam,"Glockner, Heike; Mkanga, Meki; Ndezi, Timothy",2004,,https://www.proquest.com/docview/60515599?accountid=13598&bdid=165489&_bd=Si4mI8eiChfEcW%2FXoWx1tfEpRSg%3D,,,
R34D4B693CF22,ProQuest (Sociological Abstracts),Access to water for the urban poor in Cape Town: Where equity meets cost recovery,"Smith, Laila; Hanson, Susan",2003,https://doi.org/10.1080/0042098032000094414,https://www.proquest.com/docview/236276480?accountid=13598&bdid=165489&_bd=HMEqv%2FOu9ElNCVCjMGk5NPHICCE%3D,,,
R25CA44C49907,ProQuest (Sociological Abstracts),Estimation of residential water demand: A state-of-the-art review,"Arbues, Fernando; Maria Angeles Garcia-Valinas; Martinez-Espineira, Roberto",2003,,https://www.proquest.com/docview/199089064?accountid=13598&bdid=165489&_bd=z4vRFMxQPHUDzTCLvmPrKCK5SDE%3D,,,
RAE3FE682A17A,ProQuest (Sociological Abstracts),"David versus Goliath in Cochabamba: Water Rights, Neoliberalism, and the Revival of Social Protest in Bolivia","Assies, Willem",2003,https://doi.org/10.1177/0094582X03252286,https://www.proquest.com/docview/60488043?accountid=13598&bdid=165489&_bd=JTiq%2FckO2wclNQ8TLywWcrIFhP4%3D,,,
REA33F6108102,ProQuest (Sociological Abstracts),Tapping into Water Rights: An Exploration of Native Entitlement in the Treaty 8 Area of Northern Alberta,"Statt, Graham R",2003,,https://www.proquest.com/docview/60489902?accountid=13598&bdid=165489&_bd=B0QBCRnLqG%2FjIAQsvhifX49VyXg%3D,,,
R01025F73B0E2,ProQuest (Sociological Abstracts),The Private Sector in Rural Water and Sanitation Services in Uganda: Understanding the Context and Developing Support Strategies,"Danert, Kerstin; Carter, Richard C; Rwamwanja, Ronnie; Ssebalu, Jamil; Carr, Graham; Kane, David",2003,https://doi.org/10.1002/jid.1053,https://www.proquest.com/docview/60562970?accountid=13598&bdid=165489&_bd=afcfNggqnb22nevTFJvZxTeriBM%3D,,,
R60DC82ADD4E5,ProQuest (Sociological Abstracts),Muddying the Elephants Water: Policy and Practice in Community Water Supply,"Hagg, Gerard; Emmett, Tony",2003,,https://www.proquest.com/docview/60471702?accountid=13598&bdid=165489&_bd=C0AWF6vxotw%2FV5gtbD4mu4CtEDU%3D,,,
R22BDDAD9DE04,ProQuest (Sociological Abstracts),"Our Needs, Our Priorities; Women and Men from the Slums in Mumbai and Pune Talk about Their Needs for Water and Sanitation","Bapat, Meera; Agarwal, Indu",2003,,https://www.proquest.com/docview/60477056?accountid=13598&bdid=165489&_bd=50TzA3QrkJdjpyHpaxyP6jbqHIM%3D,,,
RD36E83DB2D6A,ProQuest (Sociological Abstracts),Environmental Issues and the Criminological Imagination,"White, Rob",2003,,https://www.proquest.com/docview/60497643?accountid=13598&bdid=165489&_bd=ipa%2BklBLzmbQ%2FOjmU4FYYo7jjWg%3D,,,
R0B8D73D4EBE3,ProQuest (Sociological Abstracts),The Ministry of Dry Taps? The Department of Water Affairs and Forestry and the Transition to Market-Based Service Provision in South Africa,"Louw, Stephen",2003,,https://www.proquest.com/docview/60466607?accountid=13598&bdid=165489&_bd=efPg4AItNcbPvaqjl6zmX5eNafM%3D,,,
RAD2FE0FCE03D,ProQuest (Sociological Abstracts),Public Participation in Water Resource Management in South Africa under the New National Water Policy - A Means to Equity and Sustainability? A Case Study of the Inkomati Basin,"Sherwill, Tamsyn; Rogers, Kevin; Fig, David",2002,,https://www.proquest.com/docview/61763401?accountid=13598&bdid=165489&_bd=TPrclKw%2B7FYG61q%2Bg2s1GILtDVQ%3D,,,
R9F70616FE813,ProQuest (Sociological Abstracts),Public/Private Dynamics in a Global Frame: Narratives of Water Management in the UK and the Netherlands,"Dicke, Willemijn; Albrow, Martin",2002,,https://www.proquest.com/docview/61739679?accountid=13598&bdid=165489&_bd=v4bUfoyYLA0GzIUs9aRxx6EVdLo%3D,,,
RED170577C429,ProQuest (Sociological Abstracts),The People's Water: Technology Transfer and Community Empowerment in Guatemala,"Clemens, Bruce; Karp, Andrew W; Papadakis, Maria",2002,,https://www.proquest.com/docview/60443745?accountid=13598&bdid=165489&_bd=%2BHVHGs2RCYg7CYtiSQzfr71ljLY%3D,,,
R3B415FA79D4C,ProQuest (Sociological Abstracts),"Gender, Class, and Access to Water: Three Cases in a Poor and Crowded Delta","Crow, Ben; Sultana, Farhana",2002,https://doi.org/10.1080/08941920290069272,https://www.proquest.com/docview/60469266?accountid=13598&bdid=165489&_bd=nw6K2zafWtN%2FGu1xHBKKe4NtRpA%3D,wrong_file_retrieved,,"Google Drive delivery (2026-09-27) does not match this record: target is 'Gender, Class, and Access to Water: Three Cases in a Poor and Crowded Delta' (Crow, Ben; Sultana, Farhana, 2002, Society & Natural Resources), but the PDF delivered was Sneddon, Harris, Dimitrov & Ozesmi (2002), 'Contested Waters: Conflict, Scale, and Sustainability in Aquatic Socioecological Systems' -- the introductory essay to the SAME special issue (Society & Natural Resources 15:8), confirmed via full-text read: the delivered content's own title, authors, and abstract match the Sneddon et al. introduction verbatim, and the introduction itself cites 'Crow and Sultana, this issue' as a separate article on Bangladesh gender/water dynamics -- confirming the target article is a distinct piece within the same issue that was not the one delivered. Not screened. Needs re-retrieval of the correct Crow & Sultana 2002 article."
R08ABAD98A481,ProQuest (Sociological Abstracts),Achieving Sustainable Livelihoods -- A Case Study of a Mexican Rural Community,"Perez, Nina",2002,,https://www.proquest.com/docview/60466625?accountid=13598&bdid=165489&_bd=Sw6BwskYxrUYVbIkZcT8QygBGrI%3D,,,
R9327F27AC821,ProQuest (Sociological Abstracts),Inequities in Access to and Use of Drinking Water Services in Latin America and the Caribbean,"Soares, Luiz Carlos Rangel; Griesinger, Marilena O; Dachs, J Norberto W; Bittner, Marta A; Tavares, Sonia",2002,,https://www.proquest.com/docview/61472675?accountid=13598&bdid=165489&_bd=EqBmVd%2Bj3%2Fj8suws7s4L%2BYo%2FWj8%3D,,,
R16E56D8BCECE,ProQuest (Sociological Abstracts),Women's Empowerment through Self-Help Groups: A Participatory Approach,"Vijayanthi, K N",2002,,https://www.proquest.com/docview/60459122?accountid=13598&bdid=165489&_bd=zubTax9ImB%2BoRTb9FgFLTun%2BK%2BA%3D,,,
R729A7D7BB28B,ProQuest (Sociological Abstracts),Calculating a Water Poverty Index,"Sullivan, Caroline",2002,,https://www.proquest.com/docview/60474756?accountid=13598&bdid=165489&_bd=QMdU3bjahfz5mFrM3oPWSKNypNU%3D,,,
R6B83C25D63F4,ProQuest (Sociological Abstracts),Issues of water in medieval London to c. 1300,"Keene, Derek",2001,,https://www.proquest.com/docview/200575095?accountid=13598&bdid=165489&_bd=6fcE3rYvR%2FucMMZdwEmr7bfPlaY%3D,,,
R99E902142AC2,ProQuest (Sociological Abstracts),The Social Ecology of the Central Chaco in Paraguay: The Mennonite Colonies and Adjacent Indigenous Settlements,"Garay-Fluhmann, Rosa del Carmen",2001,,https://www.proquest.com/docview/60390832?accountid=13598&bdid=165489&_bd=Kvm4RBC6%2FbUrVIlwoX%2FZVZDQKsA%3D,,,
RE75FBF29CA7B,ProQuest (Sociological Abstracts),"Water Policy in Israel 1948-2000: Policy Paradigms, Policy Networks and Public Policy","Menahem, Gila",2001,,https://www.proquest.com/docview/60424188?accountid=13598&bdid=165489&_bd=i8MQ299Z58MsYuhxpqRkIRvuc2c%3D,,,
RB7928AD60DCA,ProQuest (Sociological Abstracts),Environmental Justice Issues Related to Inadequate Wastewater Treatment in Small Communities in Tennessee,"Mookherjee, Harsha N; Riemer, Jeffrey W; George, Dennis B; Wells, M J M; Clark, Y R; Rollins, Sharon; Gilbert, Anne; O'Connell, Ann",2001,,https://www.proquest.com/docview/60420228?accountid=13598&bdid=165489&_bd=vzZZ4iFxoGmdAySgHGysW2i0xLo%3D,,,
R8AE17492C7B2,ProQuest (Sociological Abstracts),Locating Women's Rights in the Blue Revolution,"Hans, Asha",2001,,https://www.proquest.com/docview/60408278?accountid=13598&bdid=165489&_bd=rR2MRyJI827tvO0MFETNqmaFzwg%3D,,,
R93E6153E24ED,ProQuest (Sociological Abstracts),"The State Civil Society Partnership in the Provision of Water and Sanitation for the Urban Poor: The Case of Kibera, Nairobi","Zamberia, Agostino Matano",2000,,https://www.proquest.com/docview/61454906?accountid=13598&bdid=165489&_bd=HGaOuWm%2B85lGfSiutmsOGG87rb4%3D,,,
R7E64FAC2423C,ProQuest (Sociological Abstracts),"Upstream, Downsteam, Mainstream and Rural: A Case Study Approach for Understanding the Edwards Aquifer Debates","Douglas, Karen Manges",2000,,https://www.proquest.com/docview/61516678?accountid=13598&bdid=165489&_bd=xvk%2Bslh9s6i79BgaDd%2Fk4Ds9BFc%3D,,,
R88872A35E723,ProQuest (Sociological Abstracts),"Water, Power and Gender: Pressing Questions and Overlooked Interests in a Poor and Crowded Delta","Crow, Ben; Sultana, Farhana",2000,,https://www.proquest.com/docview/61722031?accountid=13598&bdid=165489&_bd=zIHR0Vkgflh%2BzIlg0v4d34es3cw%3D,,,
R3B61267DB6ED,ProQuest (Sociological Abstracts),Privatising Water in the Driest State: The Impacts on Employees and Industrial Relations of the Corporatisation and Outsourcing of Metropolitan Water and Sewerage Services in South Australia,"Ranald, Patricia; Black, Bronwynn",2000,,https://www.proquest.com/docview/60410192?accountid=13598&bdid=165489&_bd=vhgy7poLU3spTylgM1bMvs%2FreIc%3D,,,
R5480CFE0C7C3,ProQuest (Sociological Abstracts),The Impact of Public-Private Partnerships as an Approach to Social Delivery on Environmental Conservation and Protection,"Schur, Michael",2000,,https://www.proquest.com/docview/60421957?accountid=13598&bdid=165489&_bd=X%2F0usVFJtd8CdChJgG1MGUQMMfk%3D,,,
R4FF1B9A43E90,ProQuest (Sociological Abstracts),"Urban Economic Growth, Infrastructure and Poverty in India: Lessons from Visakhapatnam","Amis, Philip; Kumar, Sashi",2000,,https://www.proquest.com/docview/61566807?accountid=13598&bdid=165489&_bd=8jf2wo%2BWx8FaWLCWw%2F2EW7YOUn4%3D,,,
RB7EEE74C2059,ProQuest (Sociological Abstracts),Risky business: An analysis of claimsmaking in the development of an Ontario drinking water objective for tritium,"McMullan, Colin; Eyles, John",1999,,https://www.proquest.com/docview/216927601?accountid=13598&bdid=165489&_bd=tSq3mfPXJPPUztXw7zGyCsEnxBg%3D,,,
R363872DC816E,ProQuest (Sociological Abstracts),Return of the Citizen: The Unstable Territories of Citizenship in Latin America,"Castro, Jose Esteban",1999,,https://www.proquest.com/docview/61511812?accountid=13598&bdid=165489&_bd=HasOHuiUASnBy42K9Ydso%2BHn3CA%3D,,,
R7AEB85475021,ProQuest (Sociological Abstracts),"Promoting Clean Water in Nineteenth-Century Public Policy: Professors, Preachers, and Polliwogs in Kingston, Ontario","MacNaughton, Colleen",1999,,https://www.proquest.com/docview/61528749?accountid=13598&bdid=165489&_bd=dp3fL8dwRh1H62HTFczCUIpkado%3D,,,
R12527DF38787,ProQuest (Sociological Abstracts),Cultural responses to water shortage among Palestinians in Jordan: The water crisis and its impact on child health,Nedal Hamdi Arar,1998,https://doi.org/10.17730/humo.57.3.cg116q0581r51575,https://www.proquest.com/docview/201022828?accountid=13598&bdid=165489&_bd=ersy8nYfAbmWSdE1s8vRLH6YDbw%3D,,,
R0DBA3B0816C9,ProQuest (Sociological Abstracts),Informal rules! Using institutional economics to understand service provision in Turkey's spontaneous settlements,"Leitmann, Josef; Baharoglu, Deniz",1998,,https://www.proquest.com/docview/220600356?accountid=13598&bdid=165489&_bd=6nDHYbYiQYN0OMoDjX7EHNZYx68%3D,,,
R6DE9BC55DB88,ProQuest (Sociological Abstracts),Environmental Justice Issues Related to Inadequate Wastewater Treatment in Small Communities in Tennessee,"Mookherjee, Harsha N; Riemer, Jeffrey W; George, Dennis B; Wells, M J M; Clark, Y R; Rollins, Sharon; Gilbert, Anne; O'Connell, Ann",1998,,https://www.proquest.com/docview/61778478?accountid=13598&bdid=165489&_bd=LIdqNG6NilmR9hGf25WA6yaFxdM%3D,,,
RA8D7D9FFBB0B,ProQuest (Sociological Abstracts),Perceptions on Healthy: Water and Sanitation Problems in Nigeria. A Comparative Study of Rural Small Town and Urban Shantytown,"Rinne, Eva-Marita",1998,,https://www.proquest.com/docview/61770363?accountid=13598&bdid=165489&_bd=5jnAHlz4dML25SzzIdBhHpMVzY0%3D,,,
RDF0CDDC35CC4,ProQuest (Sociological Abstracts),"Indigenous Groups, Private Prawn Farms and Mangrove Ecosystem","Thanizholi, Percival",1998,,https://www.proquest.com/docview/61733984?accountid=13598&bdid=165489&_bd=ejGj75CABELP71WjK6ppaYdg9e8%3D,,,
RD86099DE8261,ProQuest (Sociological Abstracts),Water Scarcity in Kitulwatte: The Social Causes and Consequences of Environmental Degradation in a Highland Uva Village of Sri Lanka,"Starkloff, Ralf",1998,,https://www.proquest.com/docview/61649856?accountid=13598&bdid=165489&_bd=diL431k5Wpv7B6lDCeLJ6rGI1R0%3D,,,
RFF59EF78388B,ProQuest (Sociological Abstracts),Political Ecology of Tourism,"Stonich, Susan C",1998,,https://www.proquest.com/docview/61504787?accountid=13598&bdid=165489&_bd=lusPa%2BDYDBSMteBOAnMKYg1h4Mo%3D,,,
R3B64CAE2D9A4,ProQuest (Sociological Abstracts),Community and Institutional Impact of a Major Chemical Accident,"Becker, Steven M",1997,,https://www.proquest.com/docview/61740495?accountid=13598&bdid=165489&_bd=g%2Ff3h1Zdzc2vGxbmdSdT7iWfVfU%3D,,,
RA3A0BC4E8DCF,ProQuest (Sociological Abstracts),Rural Women and Piped Drinking Water Projects: Challenges and Experiences of a Community Development Consultancy,"Datar, Chhaya; Joshi, Shruti",1997,,https://www.proquest.com/docview/61447965?accountid=13598&bdid=165489&_bd=dNjECzU5YxzYSglt3%2FDp8iVmXg0%3D,,,
RABC4B755E559,ProQuest (Sociological Abstracts),"Sustainable Development and Urban Growth: Precarious Habitat and Water Management in Ho Chi Minh City, Vietnam","Bolay, Jean-Claude; Cartoux, Sophie; Cunha, Antonio; Du, Thai Thi Ngoc; Bassand, Michel",1997,,https://www.proquest.com/docview/61579934?accountid=13598&bdid=165489&_bd=Mi%2Btx%2BmMxEqTOSlZCB6J3VbtDms%3D,,,
R0CD725BAD368,ProQuest (Sociological Abstracts),Community Participation: So What? Evidence from a Comparative Study of Two Rural Water Supply and Sanitation Projects in India,"Manikutty, S",1997,,https://www.proquest.com/docview/61536039?accountid=13598&bdid=165489&_bd=KnJ9gCjhFTX4oQpGKuo1phMpyZw%3D,,,
R5146F5F19CAB,ProQuest (Sociological Abstracts),"Signs, Meanings and Actions Associated with Schistosomiasis Mansoni in a Small Village in Brazil","Uchoa, Elizabeth; Guerra, Henrique Leonardo; Firmo, Joselia Araujo Oliveira; Lima e Costa, Maria Fernanda",1997,,https://www.proquest.com/docview/61441325?accountid=13598&bdid=165489&_bd=jA5zUsvyLhhQKpi87dJeWh2cHKw%3D,,,
R30212281A28D,ProQuest (Sociological Abstracts),Do Metropolitan Special Districts Reinforce Sociospatial Inequalities? A Study of Sewerage and Technical Education in Milwaukee County,"Hawkins, Brett W; Hendrick, Rebecca M",1997,,https://www.proquest.com/docview/60063563?accountid=13598&bdid=165489&_bd=IGtLnzRLjoTivbOM1NaUdY5B%2Bh0%3D,,,
R651CBFBCE26C,ProQuest (Sociological Abstracts),Urban institutions at the crossroads: Judicial activism and pollution prevention in Kanpur,"Alley, Kelly D",1996,,https://www.proquest.com/docview/205353595?accountid=13598&bdid=165489&_bd=1hrdwfqopXaFO1bHwp7GmhJie%2BQ%3D,,,
R7C8D7AC0D2D2,ProQuest (Sociological Abstracts),Water Policies in Europe,"Barraque, Bernard",1996,,https://www.proquest.com/docview/61514205?accountid=13598&bdid=165489&_bd=sBnlAvuHlPNfZHAUlK%2FQbnpvThA%3D,,,
R82DB783C4024,ProQuest (Sociological Abstracts),Health and Hygiene in the Colonias: Water and Disease,"Mroz, Richard C, Jr; Morales, Loretta L; VanDerslice, James",1996,,https://www.proquest.com/docview/61567001?accountid=13598&bdid=165489&_bd=o6pRB6jbN5XnYi%2Bp5dshr5YvodE%3D,,,
R69603BEC4746,ProQuest (Sociological Abstracts),Reviews -- Covering Ground: Communal Water Management and the State in the Peruvian Highlands by David W. Guillet,"Sherbondy, Jeanette E",1995,,https://www.proquest.com/docview/201635200?accountid=13598&bdid=165489&_bd=lHKsQWA5rflnERb3BxSkP0rF7SY%3D,,,
R45B89503C5F5,ProQuest (Sociological Abstracts),Public Attitudes toward Environmental Problems and Environmental Protection: The Case of Taegu City,"Kim, Doo-Sik",1995,,https://www.proquest.com/docview/61408956?accountid=13598&bdid=165489&_bd=sY21GaPkB78DguN0gc%2FOfZlcb3g%3D,,,
R8DB5C56CDD5F,ProQuest (Sociological Abstracts),A Human Rights Approach for Access to Clean Drinking Water: A Case Study,"Kanaaneh, Hatim; McKay, Fiona; Sims, Emily",1995,,https://www.proquest.com/docview/61544794?accountid=13598&bdid=165489&_bd=d8K%2Bfd6HHpkyKLU0mTvv2XNCdSE%3D,,,
R0131B1D0A1D8,ProQuest (Sociological Abstracts),"Improving Human Welfare through Appropriate Technology: Government Responsibility, Citizen Duty or Customer Choice","Bell, Morag; Franceys, Richard",1995,,https://www.proquest.com/docview/1761705278?accountid=13598&bdid=165489&_bd=XwN9TaeOrXpWci16oWE3b3sCgEM%3D,,,
R0DD7699D458F,ProQuest (Sociological Abstracts),Water Poverty,"Lister, Ruth",1995,,https://www.proquest.com/docview/61614279?accountid=13598&bdid=165489&_bd=sPa0KvvQ8ayPpvwZFpiz818Y1fk%3D,,,
R782AD6B2F886,ProQuest (Sociological Abstracts),"Sanitary services and decision making in Houston, 1876-1945","Melosi, Martin V",1994,,https://www.proquest.com/docview/222348283?accountid=13598&bdid=165489&_bd=wBUk%2BEKKPUdr4GglYMWcP%2BgEEKo%3D,,,
RCD2C6A07E255,ProQuest (Sociological Abstracts),"Household Demand for Improved Water and Sanitation in a Large Secondary City. Findings from a Study in Gujranwala, Pakistan","Altaf, Mir Anjum",1994,,https://www.proquest.com/docview/61628480?accountid=13598&bdid=165489&_bd=7Um3cnnGlZPv5C5P1JprxqAlc1I%3D,,,
RF6D719896B92,ProQuest (Sociological Abstracts),Promoting Community Based Approaches to Social Infrastructure Provision in Urban Areas in Nigeria,"Uduku, N O",1994,,https://www.proquest.com/docview/61581913?accountid=13598&bdid=165489&_bd=ujGFkTuavoKEzu0zBrUthGkEiAY%3D,,,
RABD66ADEC58D,ProQuest (Sociological Abstracts),Public Health and the Water Crisis in the Occupied Palestinian Territories,"Bellisari, Anna",1994,,https://www.proquest.com/docview/61588891?accountid=13598&bdid=165489&_bd=LyRXobQG31lyucNMut4BpM3JdEA%3D,,,
RF74DF45F2EC0,ProQuest (Sociological Abstracts),Sudanese Refugees in Koboko: Environmental Health Interventions,"Morgan, Joy",1994,,https://www.proquest.com/docview/61625363?accountid=13598&bdid=165489&_bd=3n25jRZXv1m8nTKP7cbcySS41Rc%3D,,,
R0999DC7092C9,ProQuest (Sociological Abstracts),Water and bureaucracy in colonial Puebla de los Angeles,"Lipsett-Rivera, Sonya",1993,,https://www.proquest.com/docview/195887398?accountid=13598&bdid=165489&_bd=oGon25G7S11EZcyofR5aUWEsc6Q%3D,,,
R0A4D9728FDBA,ProQuest (Sociological Abstracts),"Accessing Water Channeling Power: Class, Gender, and Caste Inequalities in India's Desert","Goldman, Michael",1993,,https://www.proquest.com/docview/61724527?accountid=13598&bdid=165489&_bd=Jn5eXLmWPE7UihH5Yb28LhBqVCo%3D,,,
RCF62179B1024,ProQuest (Sociological Abstracts),Indian Water Settlements: The Prerequisites of Successful Negotiation,"McCool, Daniel",1993,,https://www.proquest.com/docview/61584672?accountid=13598&bdid=165489&_bd=RDd5LySW3nJ%2FvGmJCIh%2BSyC5CRk%3D,,,
RD60E718BDABA,ProQuest (Sociological Abstracts),Building Community Infrastructure in the 1990s: Progressive Improvement,"Choguill, Charles L; Franceys, Richard; Cotton, Andrew",1993,,https://www.proquest.com/docview/61579480?accountid=13598&bdid=165489&_bd=EuNVGlxg5gVgm7%2FCFJ14jc0s7Zo%3D,,,
RD7DADD5E40F3,ProQuest (Sociological Abstracts),Community Involvement in Water Supply in West Java,"Mikkelsen, Britha; Yulianti, Yanti; Barre, Anton",1993,,https://www.proquest.com/docview/61582606?accountid=13598&bdid=165489&_bd=xFrvHpDllOuHrKOl7eB1feD8Aqw%3D,,,
R911113185692,ProQuest (Sociological Abstracts),Meeting Women's Needs and Priorities for Water and Sanitation in Cities,"Jordan, Sara; Wagner, Fritz",1993,,https://www.proquest.com/docview/61642877?accountid=13598&bdid=165489&_bd=%2B8RRqNR2ULf3ZrRtf%2BgTWFQyyXc%3D,,,
R5AA11D41E884,ProQuest (Sociological Abstracts),The Dynamics of Community Development in Rural Areas: An Application of Practice Skills,"Molefe, S P",1992,,https://www.proquest.com/docview/61623576?accountid=13598&bdid=165489&_bd=rU5hKNwktuq49EkAGf1Yaq1Dmxg%3D,,,
RC1C56C979F95,ProQuest (Sociological Abstracts),District Planning with Community Participation in Peru: The Work of the Institute of Local Democracy -- IPADEL,"Dawson, Elsa",1992,,https://www.proquest.com/docview/61625245?accountid=13598&bdid=165489&_bd=GM5rd2%2FLf2CFxKIYqmuwIudt3OQ%3D,,,
R1C9A46997407,ProQuest (Sociological Abstracts),A Multifaceted Approach to Health Education: A Case Study from Rural Egypt,"El-Katsha, Samiha; Watts, Susan",1992,,https://www.proquest.com/docview/1761703215?accountid=13598&bdid=165489&_bd=8xrrphYY1buE7TYvWBcdeCtT%2FVI%3D,,,
R9D8640F4A571,ProQuest (Sociological Abstracts),The Struggle against the Poisoning of Harlan County's Dayhoit: Fighting the Good Fight,"Silver, Roy",1991,,https://www.proquest.com/docview/61722890?accountid=13598&bdid=165489&_bd=UCLJV2YkOYDtVjqMnCuKSy5ratI%3D,,,
R37DCAD169088,ProQuest (Sociological Abstracts),Women and Water in Rural Maharashtra,"Rao, Brinda",1991,,https://www.proquest.com/docview/61600420?accountid=13598&bdid=165489&_bd=NWeB5%2FgO1RTfUwdJ%2FXyGxG%2FLIEU%3D,,,
R7CD6914EBD98,ProQuest (Sociological Abstracts),The Organisation and Management of Urban Local Authorities in Zimbabwe,"Mutizwa-Mangiza, N D",1991,,https://www.proquest.com/docview/61608155?accountid=13598&bdid=165489&_bd=JXQX%2BRoSrraVwzWkur2Nwt7BrBk%3D,,,
R7531F28F6AEF,ProQuest (Sociological Abstracts),Estimating the Willingness to Pay for Water Services in Deve,,1990,,https://www.proquest.com/docview/236551555?accountid=13598&bdid=165489&_bd=RauKbCNo8Gu8Ta96zSjAz4M%2BcCI%3D,,,
RAD8C6784655F,ProQuest (Sociological Abstracts),"Women, Water Supply and Sanitation in Kenya","Krhoda, George Okoye",1990,,https://www.proquest.com/docview/61617840?accountid=13598&bdid=165489&_bd=ALlyNnD9nUQRdrwFV%2FCh1e6cGdE%3D,,,
R0C4B74812D98,ProQuest (Sociological Abstracts),Community Self-Financing of Water Supply and Sanitation: What Are the Promises and Pitfalls?,"Yacoob, May",1990,,https://www.proquest.com/docview/61654538?accountid=13598&bdid=165489&_bd=m0IN4f2rNH02kFlWFWRphkn8FN8%3D,,,
RD614E67E9FD0,ProQuest (Sociological Abstracts),Cultivating Hot Peppers and Water Crisis in India's Desert,"Goldman, Michael",1989,,https://www.proquest.com/docview/61703021?accountid=13598&bdid=165489&_bd=IxzxQNRphTQ6sK%2FbRkEW57NJ3SA%3D,,,
R2E7BB8B28F65,ProQuest (Sociological Abstracts),Rhetoric and Reality: Privatisation and the Water Environment,"Rees, Judith",1989,,https://www.proquest.com/docview/61548695?accountid=13598&bdid=165489&_bd=RjG%2F2kbT%2FDhLymhDmAdiN%2BZu%2FH4%3D,,,
R08A3A9C2AA0D,ProQuest (Sociological Abstracts),"Evaluating Water and Sanitation Projects: Lessons from Imo State, Nigeria",Imo State Evaluation Team,1989,,https://www.proquest.com/docview/1761718815?accountid=13598&bdid=165489&_bd=T0TFweEdEucggZjZHofgbUWqzfc%3D,,,
RA2B08A4E5C6C,ProQuest (Sociological Abstracts),"Same Game, Different Players: Problems in Urban Public Utility Regulation, 1850-1987","Jacobson, Charles",1989,,https://www.proquest.com/docview/61437542?accountid=13598&bdid=165489&_bd=RuHwDv518Vnqpg4zsdhJTceLRzo%3D,,,
R2D27FBF09787,ProQuest (Sociological Abstracts),Paying for and Getting Water in Hyderabad City,"Blore, Ian",1989,,https://www.proquest.com/docview/61587007?accountid=13598&bdid=165489&_bd=BrZ7tN6zPGcZTnZv4bnjGE%2BI6SM%3D,,,
RF912AB5EA5DB,ProQuest (Sociological Abstracts),Notes from the Underground: On the Nineteenth-Century Urban Water Economy,"Swaan, Abram de",1988,,https://www.proquest.com/docview/61697144?accountid=13598&bdid=165489&_bd=HcK3oV%2BJ8CG4aj1Lxj%2FwrHJvI%2B4%3D,,,
R670A30E557ED,ProQuest (Sociological Abstracts),French-Speaking Africa: Toward a Transfer of Water Management to Villagers,"Assogba, Yao",1988,,https://www.proquest.com/docview/61533683?accountid=13598&bdid=165489&_bd=1QCsaKRPGZO8LKn8gUZf%2FBMXbpI%3D,,,
R34F391ECF79C,ProQuest (Sociological Abstracts),Assessing Preferences in Cost-Benefit Analysis: Reflections on Rural Water Supply Evaluation in Haiti,"MacRae, Duncan, Jr; Whittington, Dale",1988,,https://www.proquest.com/docview/61568395?accountid=13598&bdid=165489&_bd=RsDovLZOj1q3alBwFwuDdoGGhdo%3D,,,
R820D14CC7283,ProQuest (Sociological Abstracts),Two Approaches to the Improvement of Low-Income Urban Areas -- Madras and Orangi,"Hasan, Arif; Vaidya, Chetan",1986,,https://www.proquest.com/docview/61612297?accountid=13598&bdid=165489&_bd=1OrZgqTUCZ3EAv0Kv%2FgXDS%2BAzvc%3D,,,
RB502238078E1,ProQuest (Sociological Abstracts),"Focusing on Women for Water and Sanitation: The Case of Mapo Community in Ibadan, Nigeria","Olaseha, I O; Namanja, Gracian Bazilious",1985,,https://www.proquest.com/docview/1463021945?accountid=13598&bdid=165489&_bd=E%2FEOeOH8IzUSN%2B%2FVzYUWyUIf%2Bo0%3D,,,
R2A78224662CC,ProQuest (Sociological Abstracts),Community Water Systems: A Typology,"Francis, Joe D; Jussaume, Raymond A, Jr",1984,,https://www.proquest.com/docview/61717673?accountid=13598&bdid=165489&_bd=jLh0W5qsNNm%2Bif%2FQ9QUtbEJfD7c%3D,,,
R616601FB5F8E,ProQuest (Sociological Abstracts),Political Economy and the Environment of Appalachia: The Case of Yellow Creek,"Faber, Daniel R",1983,,https://www.proquest.com/docview/61757157?accountid=13598&bdid=165489&_bd=mgvypA0JZ5tj0ThBdR1A6OIfSDQ%3D,,,
R1D80BF6FC64D,ProQuest (Sociological Abstracts),Reducing Consumption in Periods of Acute Scarcity: The Case of Water,"Berk, Richard A; Cooley, Thomas F; LaCivita, C J; Parker, Stanley; Sredl, Kathy; Brewer, Marilynn",1980,,https://www.proquest.com/docview/61062558?accountid=13598&bdid=165489&_bd=3RmDnMEqV9uFmrdHeSqBn7mWWnQ%3D,,,
R1D9934EC161F,ProQuest (Sociological Abstracts),Water Supply Constraints on Nigeria's Economic Development: The Example of Anambra State,"Okpala, Don C I",1980,,https://www.proquest.com/docview/61584638?accountid=13598&bdid=165489&_bd=YONLGsd6lnQz5H%2Bo4HjsRhkQcco%3D,,,
R495876E390CD,ProQuest (Sociological Abstracts),Water Conservation Policy Making in Local Government during Drought,"Lee, Motoko Y",1979,,https://www.proquest.com/docview/61736351?accountid=13598&bdid=165489&_bd=YZmJ%2BI255vQlpNixDv32dg1YHDg%3D,,,
RA2E440B64BC6,ProQuest (Sociological Abstracts),Water Dependency and Urban Poverty,"Rew, Alan",1979,,https://www.proquest.com/docview/61435555?accountid=13598&bdid=165489&_bd=WBMQNql4OR8V4ZCBhJ%2FSHJIG6Ho%3D,,,
R53E952688C31,ProQuest (Sociological Abstracts),Water and Sanitation in Bangladesh,"Islam, Nurul; Huq, Aminul; Murshid, K A S; Hossain, Monowar",1979,,https://www.proquest.com/docview/61554392?accountid=13598&bdid=165489&_bd=P0jtxEdG4qnX5ZntKR380Uz0yNo%3D,,,
R6F088AD68289,ProQuest (Sociological Abstracts),A Community-Initiated Water Supply Project in Colombia,"Mora Ramirez, Jaime; Salazar Duque, Alfredo",1979,,https://www.proquest.com/docview/61584582?accountid=13598&bdid=165489&_bd=8IBchNw7opaK2KYA%2FlvNotkKUOc%3D,,,
R7E12B6ABAD99,ProQuest (Sociological Abstracts),An Analysis of the Social Impacts of the Availability and Provisions of Water in Rural Kentucky,"Pigg, Kenneth E",1977,,https://www.proquest.com/docview/61751038?accountid=13598&bdid=165489&_bd=W8R5jjoTQqItalRmO6VRPyHZ5vc%3D,,,
R446E70D5B2BF,ProQuest (Sociological Abstracts),Effect of Rural Industrialization on Residential Water Costs in Kentucky,"Pigg, Kenneth E",1977,,https://www.proquest.com/docview/61713502?accountid=13598&bdid=165489&_bd=mnjHE1A48DvZp9oZJ3CgsU9dMww%3D,,,
R68AD060FBC36,ProQuest (Sociological Abstracts),Chief Joseph Dam Community Impact Report,"Harnisch, Arthur A",1977,,https://www.proquest.com/docview/61770902?accountid=13598&bdid=165489&_bd=SRZG5gvLkM%2FWD1B360HbhjOIQME%3D,,,
R0908697F9FE5,ProQuest (Sociological Abstracts),Self-Help in Rural Mexico: Santa Maria's Well,"Scott, Michael F",1977,,https://www.proquest.com/docview/61553327?accountid=13598&bdid=165489&_bd=GWL7hjk1%2B%2FeGoZ0FYasZeGNoaPw%3D,,,
R189CE1C67FCB,ProQuest (Sociological Abstracts),The Challenge of Africa's Water Development,"Krishnamurthy, K V",1977,,https://www.proquest.com/docview/60845153?accountid=13598&bdid=165489&_bd=%2FS%2BOSeyFUAG7AnGV4oE%2FfSLqNlE%3D,,,
R94CFBCC4FA43,ProQuest (Sociological Abstracts),The Application of an Agency Decision-Making Model,"Shapiro, David L; Shelton, Robert B",1977,,https://www.proquest.com/docview/60827886?accountid=13598&bdid=165489&_bd=Vtq8Q20MW0il53Ac3iya9w6M99s%3D,,,
R7CE46FD4E682,ProQuest (Sociological Abstracts),"1,400 GOVERNMENTS","Wood, Robert C; Almendinger, Vladimir",1960,,https://www.proquest.com/docview/60659529?accountid=13598&bdid=165489&_bd=qhkKS%2FR80dlv%2BxKSFGYPZdsjTCw%3D,,,
R0912E3546254,Scopus,Water Utilities Capacity and Governance: Insights into Sustainable Service Improvement,Asfaw T.D.; Dejen Z.A.; Mekonen S.; Kassegn M.; Melaku A.; Gezahegn K.; Abera Z.,2026,10.1007/s41101-025-00462-0,https://www.scopus.com/pages/publications/105027523038?origin=resultslist,not_retrievable,,"paywalled per Unpaywall, no OA copy indexed"
R1070B38261EF,Scopus,Bridging the Gap in Urban Water Accessibility: Exploring the Barriers to Equity in Water Access in Ghana,Fobi Kontor M.; Núñez Collado J.R.; Brown A.,2026,10.1007/978-3-032-20649-7_4,https://www.scopus.com/pages/publications/105040166221?origin=resultslist,not_retrievable,,"paywalled per Unpaywall, no OA copy indexed"
R6ED6084F5486,Scopus,Corruption and SDG 6: Clean Water and Sanitation for All,Breen M.; Marks D.,2026,10.4324/9781003570912-7,https://www.scopus.com/pages/publications/105039408625?origin=resultslist,pending,,DOI not indexed by Unpaywall; needs manual/title search
R8CEA97553141,Scopus,Legal Frameworks for Equitable Water Governance: Strengthening Policy Mechanisms for Sustainable Water Access and Rights,Somvanshi J.; Patil-Nikam A.M.; Singh N.; Bhattacharjee M.; Kumar R.; Dutta N.; Dash S.S.,2026,,https://www.scopus.com/pages/publications/105043578069?origin=resultslist,no_oa_copy_found,,"No DOI in Scopus record; no matching DOI found via Crossref title search, no OA copy identifiable"
R7E7395199865,Scopus,Assessing the Targeting Efficiency of Clean Water Subsidies Under Uncertainty,Williams H.; Upendram S.; Mingie J.; Cho S.-H.,2026,10.1007/s00267-026-02581-3,https://www.scopus.com/pages/publications/105047556857?origin=resultslist,not_retrievable,,"paywalled per Unpaywall, no OA copy indexed"
R96730AA0B95E,Scopus,Political Ecology and Social Production of Drinking Water Scarcity in India's Contaminated Landscapes,Ranjan A.; Mallick S.; Mandal K.K.,2026,10.1111/geoj.70087,https://www.scopus.com/pages/publications/105038927372?origin=resultslist,not_retrievable,,"paywalled per Unpaywall, no OA copy indexed"
RF658E0A799E3,Scopus,Expert group decision-making on ESG strategies for water public sanitation utilities under fiscal and budgetary constraints in Brazil,de Lima M.D.S.; Silva W.D.O.; Neto M.M.; Fontana M.E.; Silva A.E.A.,2026,10.1016/j.jup.2026.102252,https://www.scopus.com/pages/publications/105040972926?origin=resultslist,not_retrievable,,"paywalled per Unpaywall, no OA copy indexed"
R3E3041A3D444,Scopus,Household Water Insecurity Severity Across Urban Areas with Varying Aridity Levels in Sub-Saharan Africa: Examples from Namibia,Munyayi R.; Swatuk L.A.; Mazvimavi D.; Chiramba T.; Mapani B.,2026,10.1016/j.wasec.2026.100200,https://www.scopus.com/pages/publications/105034764603?origin=resultslist,not_retrievable,,"paywalled per Unpaywall, no OA copy indexed"
RA05D3AF00122,Scopus,Tehran’s Water Scarcity Dilemma: Insights from a 150-Year Adaptive Cycle Assessment,Rahimi M.; Ghorbani M.,2026,10.1007/s41101-026-00541-w,https://www.scopus.com/pages/publications/105043063288?origin=resultslist,not_retrievable,,"paywalled per Unpaywall, no OA copy indexed"
R76155657D06D,Scopus,Disparities in Drinking Water Security: Implications for Achieving SDG 6 in Native American Nations in the United States,Bandala E.R.; Ayoko G.A.; Goonetilleke A.,2026,10.1177/19394071251414501,https://www.scopus.com/pages/publications/105046983067?origin=resultslist,not_retrievable,,"paywalled per Unpaywall, no OA copy indexed"
RD5F4C87F3A7F,Scopus,Water Supply Megaproject in a Developing Nation: Lessons in Stakeholder Dynamics and Postcompletion Resilience from Prolonged Delays,Sharma Bhattarai S.; Kisi K.; Dhakal R.; Kim H.,2026,10.1061/JLADAH.LADR-1362,https://www.scopus.com/pages/publications/105018459067?origin=resultslist,not_retrievable,,"paywalled per Unpaywall, no OA copy indexed"
RDAD1AD310708,Scopus,Women as teammates: Gender composition of village councils and policy outcomes in India,Singhania D.; Roy Chowdhury S.,2026,10.1080/03003930.2026.2690384,https://www.scopus.com/pages/publications/105042404538?origin=resultslist,not_retrievable,,"paywalled per Unpaywall, no OA copy indexed"
R819F9D5C3821,Scopus,Household Perspectives on Urban Water Service Delivery: Implications for Policy and Practice in the Philippines,Preña E.M.; Labayo C.P.; Lorenzana E.A.; Poja J.G.; Montas M.M.P.,2026,10.1177/1087724X261439281,https://www.scopus.com/pages/publications/105034418725?origin=resultslist,not_retrievable,,"paywalled per Unpaywall, no OA copy indexed"
R85534933BB87,Scopus,"Green dreams and toxic realities: Exploring the environmental health risks and coping strategies of women in mining settlements in Obuasi, Ghana",Donkor P.; Siabi E.K.; Mensah S.K.; Frimpong K.,2026,10.1016/j.resourpol.2026.105957,https://www.scopus.com/pages/publications/105039867405?origin=resultslist,not_retrievable,,"paywalled per Unpaywall, no OA copy indexed"
R567DAF227DB7,Scopus,Strategy formulation for accelerating safe sanitation improvement in Lamongan,Andhi D.D.; Yulfiah Y.,2026,10.22515/y379nm75,https://www.scopus.com/pages/publications/105042076726?origin=resultslist,pending,,DOI not indexed by Unpaywall; needs manual/title search
R24E6C749E5D4,Scopus,"Reimagining water governance through feminist perspectives: Women’s everyday experiences in the Toltén Hydrosocial Territory, Southern Chile",Hernando-Arrese M.; Ibarra M.I.; Bolados P.,2026,10.1016/j.envsci.2026.104408,https://www.scopus.com/pages/publications/105039993548?origin=resultslist,not_retrievable,,"paywalled per Unpaywall, no OA copy indexed"
R174328BEEE2D,Scopus,Urban India’s water supply woes: A review of policies and provisioning,Lenka A.K.; Chanchal R.; Sheemar V.,2026,10.1201/9781003771937-102,https://www.scopus.com/pages/publications/105039036228?origin=resultslist,pending,,DOI not indexed by Unpaywall; needs manual/title search
R86C2630C985B,Scopus,Urban and Valuation Aspects of an Illegal Neighborhood: The Case of Campo Sorbo in Ancient Capua,de Biase C.; Napolitano A.; Redouane Z.; Menna D.,2026,10.1007/978-3-031-97660-5_30,https://www.scopus.com/pages/publications/105010824346?origin=resultslist,not_retrievable,,"paywalled per Unpaywall, no OA copy indexed"
RFF914C913EB0,Scopus,"Brazil's national menstrual health program–Progress, gaps, and pathways to equity: A concept note (PLATO WP1)",Brum M.; Pathiraja V.; Haddadi M.; Saraswath L.; Kurmi O.; Rathnayake N.; Eleje G.U.; Mbwele B.; Ikwuka D.C.; Mitra P.K.; Nguyen N.T.; Wijamuni N.; Benetti-Pinto C.; Tweneboah-Koduah F.; Martyn-Dickens C.; Mintah-Afful N.; Kemp H.F.; Shi J.Q.; Elneil S.; Phiri P.; Delanerolle G.,2026,10.1002/ijgo.71231,https://www.scopus.com/pages/publications/105047507098?origin=resultslist,not_retrievable,,"paywalled per Unpaywall, no OA copy indexed"
R736F132F3B41,Scopus,Water utility residential customer disconnections and sociodemographic effects from across pandemic-era policy shifts: Evidence from New Jersey,Pierce G.; Downs K.; El-Khattabi A.R.; Levine L.,2026,10.1016/j.jup.2026.102263,https://www.scopus.com/pages/publications/105042611704?origin=resultslist,not_retrievable,,"paywalled per Unpaywall, no OA copy indexed"
RCBAA87F83EE7,Scopus,"Hybrid sanitation infrastructure in Tema, Ghana",Oteng-Ababio M.; Grant R.; Stacey P.; Rasmussen J.; Torm N.,2026,10.1080/07352166.2026.2655740,https://www.scopus.com/pages/publications/105037526346?origin=resultslist,not_retrievable,,"paywalled per Unpaywall, no OA copy indexed"
R6A466BAF0B8D,Scopus,"Wastewater, air quality, and environmental justice in the Southern West Bank: an integrated analysis using remote sensing, geospatial analysis, and terrain modeling (2019–2024)",Nassar N.; Zabadi H.A.; Chabaane Z.L.,2026,10.1007/s41207-026-01143-7,https://www.scopus.com/pages/publications/105039008900?origin=resultslist,not_retrievable,,"paywalled per Unpaywall, no OA copy indexed"
RC8B07ED6AB66,Scopus,Technological transformation and spatial restructuring of hydraulic infrastructure in modern Guangzhou (1859–1938),Shi S.; Rao X.,2026,10.1080/02665433.2026.2637688,https://www.scopus.com/pages/publications/105034887532?origin=resultslist,not_retrievable,,"paywalled per Unpaywall, no OA copy indexed"
RAD10C62A249B,Scopus,The Role of Local Governments in Addressing Rural-Urban Migration through Service Provision in Somalia,Ahmed Mohamed O.M.; Osman A.I.,2026,10.31920/2056-5682/2026/v13n1a1,https://www.scopus.com/pages/publications/105041373328?origin=resultslist,not_retrievable,,"paywalled per Unpaywall, no OA copy indexed"
RA68C586C9114,Scopus,"Water Governance and Sustainable Development Goal 6: Strategies and Insights from Central Himalaya, Nepal",Pant R.R.; Gautam S.K.; Basnet N.; Awasthi M.P.; Joshi K.R.; Bishwakarma K.,2026,,https://www.scopus.com/pages/publications/105038150014?origin=resultslist,not_retrievable,,"No DOI in Scopus; matched via Crossref (DOI 10.1039/9781837677252-00049), paywalled per Unpaywall, no OA copy indexed"
R068F867FBBD8,Scopus,Enhancing Service Delivery Efficiency Through Inter-Local Collaboration: A Network Analysis in Water Service Context,Shen R.; Guo H.D.; Alam S.Y.U.,2026,10.1177/02750740251384215,https://www.scopus.com/pages/publications/105019369709?origin=resultslist,not_retrievable,,"paywalled per Unpaywall, no OA copy indexed"
R3076E09A98B6,Scopus,Deciphering the Water Accessibility in Urban Neighbourhoods: A Case of Water Supply in Delhi,Kumar S.; Mishra S.; Kumar A.,2026,10.1007/978-981-95-0736-8_59,https://www.scopus.com/pages/publications/105033563899?origin=resultslist,not_retrievable,,"paywalled per Unpaywall, no OA copy indexed"
RAD0160D7783C,Scopus,Water policy reform’s effect on child health,Jandoc K.R.L.; Abrigo M.R.M.,2026,10.1007/s42495-025-00164-4,https://www.scopus.com/pages/publications/105022415582?origin=resultslist,not_retrievable,,"paywalled per Unpaywall, no OA copy indexed"
R977803570ABE,Scopus,"The Effect of Water Access on Female Health, Nutrition and Economic Empowerment—A Case Study of Kaudihar Block, Prayagraj, India",Hasnat M.; Khan A.S.,2026,10.1007/978-981-95-3775-4_14,https://www.scopus.com/pages/publications/105034974881?origin=resultslist,not_retrievable,,"paywalled per Unpaywall, no OA copy indexed"
R0B54C2151A19,Scopus,"Infrastructural violence, water insecurity, and gender in northern Peru",Kothadia A.; Salmon-Mulanovich G.; Ingham S.; Rusyidi B.; Cole S.; Tallman P.,2026,10.1016/j.socscimed.2026.119452,https://www.scopus.com/pages/publications/105043909604?origin=resultslist,not_retrievable,,"paywalled per Unpaywall, no OA copy indexed"
R713CB9789BDD,Scopus,Water Safety in Sub-Saharan Africa,Izah S.C.; Jacob D.E.; Alum E.U.; Fayiah M.,2026,10.1007/978-3-032-10602-5_9,https://www.scopus.com/pages/publications/105027014218?origin=resultslist,not_retrievable,,"paywalled per Unpaywall, no OA copy indexed"
R4D38A1953C24,Scopus,Decade-long waits for drinking water in Nepal’s capital city: urban household’s willingness to pay for improved water services,Dhanusk K.; Devkota N.; Khanal G.; Byanjankar R.; Danuwar R.K.,2026,10.1080/1573062X.2026.2618690,https://www.scopus.com/pages/publications/105028443310?origin=resultslist,not_retrievable,,"paywalled per Unpaywall, no OA copy indexed"
R7897046FE31C,Scopus,Evaluating Policies for Restoration of a Forest Catchment: An Institutional Analysis,Gupta S.; Das S.; Chaudhuri R.,2026,10.1505/146554825840449614,https://www.scopus.com/pages/publications/105038423821?origin=resultslist,not_retrievable,,"paywalled per Unpaywall, no OA copy indexed"
R90F5277E2A8C,Scopus,Household resilience under intermittent water supply in Algeria social housing,Belmeziti A.; M’hammedi Bouzina A.; De Gouvello B.,2026,10.1080/17535069.2026.2682476,https://www.scopus.com/pages/publications/105040984066?origin=resultslist,not_retrievable,,"paywalled per Unpaywall, no OA copy indexed"
R83E2D75E6112,Scopus,"Decentralization on paper, centralization in practice: exploring the structural barriers to effective urban governance in Pakistan’s decentralized systems",Pirzada Z.A.; Shafaat N.; Mahar S.A.,2026,10.1080/12294659.2026.2623585,https://www.scopus.com/pages/publications/105029424231?origin=resultslist,not_retrievable,,"paywalled per Unpaywall, no OA copy indexed"
R5DD9B13CFEF7,Scopus,"Water, Sanitation, and Hygiene (WASH) crisis in Gaza: a case study of public health collapse and governance failure",Turkman N.; Ibrahim M.S.; Ayyad D.; Alfarra M.; Qurie M.,2026,10.2166/wh.2026.271,https://www.scopus.com/pages/publications/105046859096?origin=resultslist,not_retrievable,https://iwaponline.com/jwh/article-pdf/doi/10.2166/wh.2026.271/1628549/jwh2026271.pdf,OA PDF exists per Unpaywall but publisher streams it via a CDN domain (watermark*.silverchair.com) that is hard-blocked for automated browser interaction; not legitimately downloadable via available tools
RC037F198C191,Scopus,"Effectiveness and implementation contexts of water, sanitation, and hygiene (WASH) interventions in Anglophone sub-Saharan Africa: a scoping review",Ezenwaka U.; Okeke C.; Ojiakor I.; Nwankwo J.; Nzeadibe C.; Onwujekwe O.,2026,10.1080/09603123.2026.2645408,https://www.scopus.com/pages/publications/105033116154?origin=resultslist,not_retrievable,,"paywalled per Unpaywall, no OA copy indexed"
R1FC034307127,Scopus,"Willingness to pay for demand for improvement in drinking water, sanitation, and micro-environmental facilities: case study from Lucknow slums in India",Nayak S.; Singh P.K.,2026,10.1007/s10668-025-07081-8,https://www.scopus.com/pages/publications/105030382851?origin=resultslist,not_retrievable,,"paywalled per Unpaywall, no OA copy indexed"
R53B11A53DAE2,Scopus,Sanitation Management Strategy In East Lombok Using SSK Instruments,Dwiyanti L.; Agustawijaya D.S.,2026,10.1063/5.0340077,https://www.scopus.com/pages/publications/105040370817?origin=resultslist,not_retrievable,,"paywalled per Unpaywall, no OA copy indexed"
RB5CE0736968C,Scopus,Indigenous Water Infrastructure: Lessons from Alaska Native Communities,Nartey M.; Poleacovschi C.; Hill C.G.,2026,,https://www.scopus.com/pages/publications/105036925234?origin=resultslist,not_retrievable,,"No DOI in Scopus; matched via Crossref (DOI 10.1002/9781394236855.ch11), paywalled per Unpaywall, no OA copy indexed"
RA21FC16F1DBD,Scopus,"Reliability, functionality, and governance of community-managed rural water points in Ginir district, Ethiopia",Alemu A.M.; Addisu T.; Tolosa D.; Abduro S.; Fetene S.; Bekele B.,2026,10.1016/j.jup.2026.102205,https://www.scopus.com/pages/publications/105035522763?origin=resultslist,not_retrievable,,"paywalled per Unpaywall, no OA copy indexed"
R1DFA2BA2F467,Scopus,"Scale mismatches and the value of social networks in access to sanitation facilities in Mwanza City, Tanzania: A Socio-Ecological Network analysis",Mwesongo C.S.,2026,10.1016/j.landusepol.2025.107814,https://www.scopus.com/pages/publications/105019092992?origin=resultslist,not_retrievable,,"paywalled per Unpaywall, no OA copy indexed"
R4747D449F29A,Scopus,"Toward SDG 6 in the Deduru Oya Basin, Sri Lanka: Assessing Localized Progress in Rural and Urban Settings",Gamage D.; Ranasinghe P.; Nagabhatla N.; Chandrasena N.; Jayasena C.,2026,10.1007/978-981-95-0736-8_2,https://www.scopus.com/pages/publications/105033608812?origin=resultslist,not_retrievable,,"paywalled per Unpaywall, no OA copy indexed"
RBA105FD5A504,Scopus,Narratives of water scarcity and community resilience: advancing strategic communication for sustainability,Paz P.A.,2026,10.1007/s42108-026-00529-1,https://www.scopus.com/pages/publications/105048213347?origin=resultslist,not_retrievable,,"paywalled per Unpaywall, no OA copy indexed"
R915D81484D57,Scopus,Beyond additionality: why every WASH investment must be climate-resilient,Jabagi E.; Portal Carús M.,2026,10.1039/d6ew00349d,https://www.scopus.com/pages/publications/105048677037?origin=resultslist,not_retrievable,,"paywalled per Unpaywall, no OA copy indexed"
RF68C0E230BC1,Scopus,Barriers to Successful Implementation of Coproduction in Potable Water Service Delivery in the Mncwasa Water Scheme,Blaai S.; Kuhlengisa I.R.; Zindi B.,2026,10.46469/mq.2026.66.4.14,https://www.scopus.com/pages/publications/105048428765?origin=resultslist,not_retrievable,,"paywalled per Unpaywall, no OA copy indexed"
R6F6D47EB744B,Scopus,"R-existing in a saturated water body: hydrofeminist textile approach to Mallolafken, Chile",Hernando-Arrese M.; Muñoz H.; Goujon D.,2026,10.1108/JOE-11-2025-0151,https://www.scopus.com/pages/publications/105046684761?origin=resultslist,not_retrievable,,"paywalled per Unpaywall, no OA copy indexed"
RB6F4EC4588CC,Scopus,"Water Scarcity, Gender, and Community Organization in Coquimbo, Chile",Contreras P.; Castillo M.; Cuevas C.; González P.,2026,10.1177/0094582X261419440,https://www.scopus.com/pages/publications/105029253033?origin=resultslist,not_retrievable,,"paywalled per Unpaywall, no OA copy indexed"
RE060C1C30D90,Scopus,Incorporating growth machines into rural-urban hydrosocial territories: a comparative-historical analysis of watershed power dynamics,Blake S.E.,2026,10.1080/23251042.2025.2491992,https://www.scopus.com/pages/publications/105003271515?origin=resultslist,not_retrievable,,"paywalled per Unpaywall, no OA copy indexed"
R524A6753EA93,Scopus,HARNESSING SOCIO-CULTURAL PRACTICES OF SHANTY DWELLERS FOR INCLUSIVE URBAN DEVELOPMENT IN SRI LANKA: EVIDENCE FROM WATTALA,Herath O.; Wijesinghe M.; Thathsara R.,2026,10.31705/WCS.2026.65,https://www.scopus.com/pages/publications/105046347907?origin=resultslist,pending,,DOI not indexed by Unpaywall; needs manual/title search
R9A2EAB3D043C,Scopus,Integrated Framework for Assessing Urban Water Security in Megacities under Hydrological Extremes,Khan S.; Khan F.,2026,10.1007/978-3-032-08411-8_6,https://www.scopus.com/pages/publications/105027551028?origin=resultslist,not_retrievable,,"paywalled per Unpaywall, no OA copy indexed"
RC9C82B800ADD,Scopus,Focal Box 3: Water. Flows of Power and Networks of Solidarity,Hamza N.H.T.,2026,10.1007/978-3-031-98103-6_9,https://www.scopus.com/pages/publications/105042702084?origin=resultslist,not_retrievable,,"paywalled per Unpaywall, no OA copy indexed"
R565FCA6BF637,Scopus,"Efforts and Disparities in Self-help Infrastructure Provisioning and Maintenance in Unplanned Neighborhoods of Zaria Urban Area, Nigeria",Oladimeji J.S.,2026,10.1007/978-3-032-08992-2_43,https://www.scopus.com/pages/publications/105036381594?origin=resultslist,not_retrievable,,"paywalled per Unpaywall, no OA copy indexed"
R111BE952904C,Scopus,Effect of Water Crisis on Rural Women: A Review of Indian Perspectives,Khatun S.; Aktar N.,2026,10.1007/978-3-032-10887-6_1,https://www.scopus.com/pages/publications/105048488527?origin=resultslist,not_retrievable,,"paywalled per Unpaywall, no OA copy indexed"
R44CE27DC9727,Scopus,"Gendered Dimensions of Water Security and Food Supply: Examining Women’s Health and Leadership in Gangani Census Mouza, West Bengal",Sarkar A.; Basak S.; Jana S.; Halder O.; Bhowal A.,2026,10.1007/978-3-032-10887-6_4,https://www.scopus.com/pages/publications/105048505025?origin=resultslist,not_retrievable,,"paywalled per Unpaywall, no OA copy indexed"
R8BE6FE4C32D7,Scopus,Enhancing water security through mobile constructed wetlands: A decentralised approach for wastewater reclamation and reuse,Mohd Nazir N.Z.; Lee K.E.; Goh T.L.; Mokhtar M.; Sharani N.A.; Mohd Aris A.; Khor B.C.; Wan Abdullah W.A.R.; Husain H.; Raja Mamat R.B.,2025,10.1016/j.jece.2025.117859,https://www.scopus.com/pages/publications/105010849580?origin=resultslist,not_retrievable,,"paywalled per Unpaywall, no OA copy indexed"
R1188080A4527,Scopus,Framing Water Through Oil: How Hydrocarbons Shape Water Governance in Algeria,Benyovszky S.,2025,,https://www.scopus.com/pages/publications/105031241473?origin=resultslist,no_oa_copy_found,,"No DOI in Scopus record; no matching DOI found via Crossref title search, no OA copy identifiable"
R893123523371,Scopus,"A Systematic Review of Water, Sanitation and Hygiene of Bangladesh: Prospects and Challenges to Achieve Sustainable Development",Ahona N.; Anik A.; Tareq S.,2025,10.1111/wej.70009,https://www.scopus.com/pages/publications/105015448061?origin=resultslist,not_retrievable,,"paywalled per Unpaywall, no OA copy indexed"
R117C5DC21727,Scopus,How Representatives of Community-Based Water Organisations Navigate Gaps in Colombia’s National Drinking Water Co-Production Strategy,Lindt K.; Royero Benavides B.,2025,,https://www.scopus.com/pages/publications/105031231653?origin=resultslist,no_oa_copy_found,,"No DOI in Scopus record; no matching DOI found via Crossref title search, no OA copy identifiable"
R086CC8C86468,Scopus,Gridless water configurations: integrating informal water activities and arrangements for equitable urban water development in India and Kenya,Asvanon R.; Nazareth A.; Barquet K.,2025,10.1080/1573062X.2025.2529924,https://www.scopus.com/pages/publications/105011252886?origin=resultslist,not_retrievable,,"paywalled per Unpaywall, no OA copy indexed"
RAA945DD273DD,Scopus,Proposal for an integrated model to assess municipal efficiency in managing sanitation and water risks,Guedes W.P.; Ferreira D.H.L.; Branchi B.A.,2025,10.1007/s10668-025-06704-4,https://www.scopus.com/pages/publications/105015643134?origin=resultslist,not_retrievable,,"paywalled per Unpaywall, no OA copy indexed"
RD226743CE2E4,Scopus,"A Colonial Discourse on ‘Urban Water’: A Case Study of Hesaraghatta Waterworks in Bangalore, India",Jash A.,2025,,https://www.scopus.com/pages/publications/105015401105?origin=resultslist,no_oa_copy_found,,"No DOI in Scopus record; no matching DOI found via Crossref title search, no OA copy identifiable"
R03D388B03A8D,Scopus,"The impact of public spending on water, sanitation and hygiene adoption: Governance thresholds for complementary policies",Achuo E.D.; Asongu S.A.,2025,10.1111/issj.12535,https://www.scopus.com/pages/publications/85201688893?origin=resultslist,oa_pdf_candidate,https://onlinelibrary.wiley.com/doi/pdfdirect/10.1111/issj.12535,OA PDF located via Unpaywall (not yet downloaded)
RC8E1C6959D2C,Scopus,Water Access in Mexico City: A Review of Local Research Approaches,Sámano Romero G.; Chavez-Mejia A.,2025,10.1002/wat2.70046,https://www.scopus.com/pages/publications/105024762878?origin=resultslist,oa_page_candidate,https://doi.org/10.1002/wat2.70046,"OA landing page located via Unpaywall, no direct PDF link (not yet downloaded)"
R93164FD9F779,Scopus,Assessing the Impact of the PFAS Rule on Water Affordability: Evidence from Ohio,Gardner J.W.; Kohls E.E.; Gingerich D.B.,2025,10.1021/acsestwater.4c00787,https://www.scopus.com/pages/publications/85211617642?origin=resultslist,not_retrievable,,"paywalled per Unpaywall, no OA copy indexed"
RBEFE4D574380,Scopus,"Blasting the Lifeline: Effects of Artisanal and Small-Scale Mine Blasting on Rural Water Supply Systems in Songwe District, Southern Highlands — Tanzania",Msigwa L.K.; Mwakanyamale E.P.,2025,10.1007/s41101-025-00427-3,https://www.scopus.com/pages/publications/105015422182?origin=resultslist,not_retrievable,,"paywalled per Unpaywall, no OA copy indexed"
R3DCF362CC675,Scopus,"Economic analysis of improved sanitation facilities among rural households: evidence from Bukoba District, Tanzania",Banyenza E.; Mkuna E.; Kitole F.A.; Tibamanya F.Y.; Nsindagi T.; Lihawa R.; Mugula V.; Kacholi G.,2025,10.1007/s13412-024-00979-1,https://www.scopus.com/pages/publications/85203596983?origin=resultslist,not_retrievable,,"paywalled per Unpaywall, no OA copy indexed"
R6686BA3989B9,Scopus,How is the Theory of Intersectionality Helping us Rethink the Contemporary Issue of Lack of Access to WASH?,Singh R.,2025,10.1057/s41301-025-00448-4,https://www.scopus.com/pages/publications/105021438631?origin=resultslist,not_retrievable,,"paywalled per Unpaywall, no OA copy indexed"
R8B12BBC0815A,Scopus,Socio-ecological barriers to women's empowerment in sanitation in Eastern Indonesia,Dwipayanti N.M.U.; Kurnianingsih I.D.K.D.S.; Mustafa A.; Nastiti A.; Daniel D.; Kowara M.; Savitri I.G.A.D.,2025,10.1016/j.healthplace.2025.103554,https://www.scopus.com/pages/publications/105019574320?origin=resultslist,not_retrievable,,"paywalled per Unpaywall, no OA copy indexed"
RA41ACB484CFD,Scopus,"How do water utilities’ decisions perpetuate theft in informal settlements? Collaborative systems analysis in Accra, Ghana",Vicario E.F.; Amankwaa E.F.; Ghebremichael K.; Mihelcic J.R.,2025,10.1016/j.watres.2025.123297,https://www.scopus.com/pages/publications/85217954861?origin=resultslist,not_retrievable,,"paywalled per Unpaywall, no OA copy indexed"
R78B2DCE9ED20,Scopus,"Exploring Water, Sanitation, and Hygiene Status and Health Outcomes in Zimbabwe: A Scoping Review of Literature",Betera S.; Nyamandi V.; Nunu W.N.,2025,10.1177/00469580251401469,https://www.scopus.com/pages/publications/105024963940?origin=resultslist,oa_page_candidate,https://doi.org/10.1177/00469580251401469,"OA landing page located via Unpaywall, no direct PDF link (not yet downloaded)"
R2A5837C6012B,Scopus,The Hidden Household Water Affordability Burden: An Examination of Municipal Ordinances and Racial Equity,Medwid L.; Huang D.; Carroll D.A.; Khalaf C.; Albrecht K.; Li J.,2025,10.1177/02750740251340063,https://www.scopus.com/pages/publications/105006984012?origin=resultslist,not_retrievable,,"paywalled per Unpaywall, no OA copy indexed"
RD5C9E5E5D1D4,Scopus,Does participation in village assembly lead to improved public good allocation? Evidence from India,Rajasekhar D.; Kurosaki T.; Manjula R.; Mori Y.,2025,10.1007/s42973-025-00203-x,https://www.scopus.com/pages/publications/105004467932?origin=resultslist,not_retrievable,,"paywalled per Unpaywall, no OA copy indexed"
R1136FBCE60EA,Scopus,Testing the effects of merit appointments and bureaucratic autonomy on governmental performance: Evidence from African bureaucracies,Fernandez S.; Cheema F.,2025,10.1111/puar.13896,https://www.scopus.com/pages/publications/85208597681?origin=resultslist,not_retrievable,,"paywalled per Unpaywall, no OA copy indexed"
R79DDA9B193D4,Scopus,Connecting the Pipes: Navigating the Fragmented Rural Water Governance in the Philippines Through Common-Pool Resource Design Principles and Social Capital,"Salazar A.D., Jr.",2025,10.1111/aspp.70010,https://www.scopus.com/pages/publications/105002447977?origin=resultslist,not_retrievable,,"paywalled per Unpaywall, no OA copy indexed"
R3D86BDAB5223,Scopus,Sanitation struggles and public health concerns in Ghana: insights from Sodom and Gomorrah slum,Ayelazuno R.A.; Tetteh S.,2025,10.1007/s43545-025-01063-3,https://www.scopus.com/pages/publications/105000344215?origin=resultslist,not_retrievable,,"paywalled per Unpaywall, no OA copy indexed"
R0B55C15E524A,Scopus,"The dynamics of household sanitation services and faeco-oral diseases externalities in Osun State, southwest Nigeria",Aluko O.O.,2025,10.1093/trstmh/trae101,https://www.scopus.com/pages/publications/86000455154?origin=resultslist,not_retrievable,,"paywalled per Unpaywall, no OA copy indexed"
R18E16EA3A367,Scopus,"Out of sight, out of mind? The crisis of decentralized water and wastewater servicing in Indigenous communities",Lauret A.; Black K.; Golwala S.; Vogel T.,2025,10.1016/j.envsci.2025.104058,https://www.scopus.com/pages/publications/105002652338?origin=resultslist,not_retrievable,,"paywalled per Unpaywall, no OA copy indexed"
R9565493615D5,Scopus,"Community, citizenship and social class in neoliberal rural drinking water governance",Bhatia S.; Sinha S.; Sen S.,2025,,https://www.scopus.com/pages/publications/105023284234?origin=resultslist,no_oa_copy_found,,"No DOI in Scopus record; no matching DOI found via Crossref title search, no OA copy identifiable"
RD7C03A60934A,Scopus,From dams to tanks to jerry cans: Storage as a multi-scalar analytic,Kasper M.,2025,10.1177/25148486251372784,https://www.scopus.com/pages/publications/105019710068?origin=resultslist,oa_page_candidate,https://doi.org/10.1177/25148486251372784,"OA landing page located via Unpaywall, no direct PDF link (not yet downloaded)"
R099B3B8ACB46,Scopus,Tanker trucks in Chile: from the normalization of an emergency to the commodification of water,Nicolas-Artero C.; Blanco-Wells G.,2025,10.1080/07900627.2024.2423734,https://www.scopus.com/pages/publications/105001956121?origin=resultslist,not_retrievable,,"paywalled per Unpaywall, no OA copy indexed"
RC010E2D2BD7B,Scopus,The Current Situation of People Belonging to the Dalit Community Living in Bangladesh to Achieve the 11th Goal of SDG 2030,Chandra B.; Parasar A.,2025,10.1007/s12552-025-09459-9,https://www.scopus.com/pages/publications/105018518999?origin=resultslist,not_retrievable,,"paywalled per Unpaywall, no OA copy indexed"
R7419FF987C80,Scopus,Judicial and non-judicial factors regarding the right to access freshwater in low- and middle-income countries,Mortada A.R.; Pagani L.S.,2025,10.1007/s41207-025-00784-4,https://www.scopus.com/pages/publications/105001854512?origin=resultslist,not_retrievable,,"paywalled per Unpaywall, no OA copy indexed"
RF11E20F0A218,Scopus,Evaluation of failings in urban water supply and sanitation systems in Sub-Saharan Africa: a systematic review to inform future planning,Agbo C.; Jeffrey P.; Sule M.N.,2025,10.2166/washdev.2025.267,https://www.scopus.com/pages/publications/86000356338?origin=resultslist,not_retrievable,https://iwaponline.com/washdev/article-pdf/15/2/148/1534345/washdev2025267.pdf,OA PDF exists per Unpaywall but publisher streams it via a CDN domain (watermark*.silverchair.com) that is hard-blocked for automated browser interaction; not legitimately downloadable via available tools
R7A597F245FFB,Scopus,A Review on Water Management Strategies for Sustainable Development of Tomorrow,Tyagi R.S.; Singh S.K.; Goyal P.K.,2025,10.1007/s40030-025-00917-6,https://www.scopus.com/pages/publications/105014887850?origin=resultslist,not_retrievable,,"paywalled per Unpaywall, no OA copy indexed"
R6202636BCF92,Scopus,"Water supply sources, management committees, and water insecurity in semi-arid northwest Ghana",Pienaah C.K.A.; Amoak D.; Batung E.; Dassah C.; Molle M.N.; Antabe R.; Luginaah I.,2025,10.1007/s40899-025-01261-0,https://www.scopus.com/pages/publications/105012294949?origin=resultslist,not_retrievable,,"paywalled per Unpaywall, no OA copy indexed"
R1F72CDCE0D1C,Scopus,"Assessing the effectiveness of a rights based approach for pro-poor WASH services: A study in urban poor settlements in Khulna, Bangladesh",Naz S.; Hossain M.Z.; Rahaman K.R.,2025,10.1016/j.wdp.2025.100663,https://www.scopus.com/pages/publications/85216771644?origin=resultslist,not_retrievable,,"paywalled per Unpaywall, no OA copy indexed"
R921083606DF7,Scopus,Beyond coverage: Unveiling income and spatial inequalities in access to water and sanitation services in Chile,Bravo J.; Anriquez G.; Melo O.; Donoso G.,2025,10.1016/j.jup.2025.102061,https://www.scopus.com/pages/publications/105016785921?origin=resultslist,not_retrievable,,"paywalled per Unpaywall, no OA copy indexed"
R251294714250,Scopus,Including Women in Community Water Governance: Implications for Gender-Sensitive Community Resilience Planning,Angmor E.,2025,10.4324/9781003641612-13,https://www.scopus.com/pages/publications/105020105610?origin=resultslist,not_retrievable,,"paywalled per Unpaywall, no OA copy indexed"
R27D8B011E5A9,Scopus,DISGUST AND PUNISHMENT IN IMMIGRATION DETENTION,Reguera A.F.L.,2025,10.4324/9781032617060-8,https://www.scopus.com/pages/publications/105027499354?origin=resultslist,not_retrievable,,"paywalled per Unpaywall, no OA copy indexed"
R5D4687D7BDC5,Scopus,Minimizing Inequality in Urban Water: ST-GNN Forecasting and Differentiable Optimization,Ghosh A.; Misra R.,2025,10.1109/BigData66926.2025.11402231,https://www.scopus.com/pages/publications/105037844285?origin=resultslist,not_retrievable,,"paywalled per Unpaywall, no OA copy indexed"
R364672C9B3D8,Scopus,Management and challenges in access and diagnosis of drinking water services in Rural Areas of Latin América,Acosta-González A.; Jimenez-Junca C.A.; Gallardo-Salas M.A.,2025,10.4018/979-8-3693-6089-7.ch010,https://www.scopus.com/pages/publications/105012914185?origin=resultslist,not_retrievable,,"paywalled per Unpaywall, no OA copy indexed"
R0E3B58AEF079,Scopus,Service Delivery and the Pulse of Citizen Satisfaction in Urban Governance of Bangladesh,Mollah M.A.H.,2025,10.1007/978-981-96-7564-7,https://www.scopus.com/pages/publications/105022954712?origin=resultslist,not_retrievable,,"paywalled per Unpaywall, no OA copy indexed"
R813F684CFDA0,Scopus,Mapping Climate-Induced Risks in Maharashtra’s Rural Water Supply,Mandal S.; Vaishnavi P.N.A.; Vharkat B.; Ghodke A.; Kabir Y.,2025,10.4324/9781003600404-3,https://www.scopus.com/pages/publications/105012325745?origin=resultslist,not_retrievable,,"paywalled per Unpaywall, no OA copy indexed"
RE8C4C6D64CCE,Scopus,Addressing inequities through localised interventions: lessons from a network governance initiative for sanitation in India,Pillai S.,2025,10.1080/09614524.2025.2562481,https://www.scopus.com/pages/publications/105018836774?origin=resultslist,not_retrievable,,"paywalled per Unpaywall, no OA copy indexed"
RAEB53D610704,Scopus,"ENVIRONMENTAL RESILIENCE PLANNING IN OVERLOOKED SMALL TOWNS: Examining Temporalities and Structural Challenges in Access to Water and Sanitation in Yilo Krobo Municipality, Ghana",Frimpong L.K.; Okyere S.A.; Mensah S.L.; Tumawu A.F.,2025,10.4324/9781003588801-20,https://www.scopus.com/pages/publications/105024147315?origin=resultslist,not_retrievable,,"paywalled per Unpaywall, no OA copy indexed"
R2A4FEC099A8E,Scopus,Israel’s Systematic Weaponization of Water and Sanitation,Harik G.; Nemr Z.; Zurayk R.,2025,10.1007/978-3-031-88500-6_10,https://www.scopus.com/pages/publications/105008786365?origin=resultslist,not_retrievable,,"paywalled per Unpaywall, no OA copy indexed"
R7A6343D72FE4,Scopus,Repurposing a traditional water resources management tool for the sanitation sector,Abiodun O.A.; Ayeleru O.O.,2025,10.1016/B978-0-443-33038-4.00026-X,https://www.scopus.com/pages/publications/105026836520?origin=resultslist,not_retrievable,,"paywalled per Unpaywall, no OA copy indexed"
RFAC4975783C2,Scopus,Accessibility to WASH and waste management services in African urban informal settlements: A comparative analysis,Hassan A.W.; Zhang D.; Ibrahim M.,2024,10.2166/washdev.2024.201,https://www.scopus.com/pages/publications/85186614865?origin=resultslist,not_retrievable,https://iwaponline.com/washdev/article-pdf/doi/10.2166/washdev.2024.201/1352109/washdev2024201.pdf,OA PDF exists per Unpaywall but publisher streams it via a CDN domain (watermark*.silverchair.com) that is hard-blocked for automated browser interaction; not legitimately downloadable via available tools
R10949E2F3E33,Scopus,Water and Sanitation for Urban Health: A Gender Perspective on Impacts and Coping Strategies in Mangaung Metropolitan Municipality,Mgwele A.; Bhanye J.I.; Mocwagae K.S.,2024,10.1007/978-3-031-68734-1_4,https://www.scopus.com/pages/publications/85205368376?origin=resultslist,not_retrievable,,"paywalled per Unpaywall, no OA copy indexed"
R5A0698F76B59,Scopus,Spatial Analysis of Access to Basic Services in Urban West Bengal: Disparities and Determinants,Chattopadhyay S.,2024,10.1177/00219096221141343,https://www.scopus.com/pages/publications/85144177241?origin=resultslist,not_retrievable,,"paywalled per Unpaywall, no OA copy indexed"
R2223B69F1132,Scopus,An Institutional Approach for Sustainable Service Provision in Peri-Urban Areas: A Case of Chennai Metropolitan Area,Singh C.,2024,10.1007/978-981-97-8370-0_16,https://www.scopus.com/pages/publications/85219003066?origin=resultslist,not_retrievable,,"paywalled per Unpaywall, no OA copy indexed"
R677647C5F851,Scopus,Performance evaluation of existing water supply system: a case study,Mishra A.K.; Sudarsan J.S.; Suribabu C.R.; Nithiyanantham S.,2024,10.1007/s42108-022-00195-z,https://www.scopus.com/pages/publications/85175806467?origin=resultslist,not_retrievable,,"paywalled per Unpaywall, no OA copy indexed"
RB54D6D9FB939,Scopus,Integrating urban household solid waste management with WASH: Implications from case studies of monitoring in sub-Saharan Africa,Wright J.; Dzodzomenyo M.; Hill A.G.; Okotto L.G.; Thomas-Possee M.L.H.; Shaw P.J.; Okotto-Okotto J.,2024,10.1016/j.envdev.2024.100990,https://www.scopus.com/pages/publications/85191016810?origin=resultslist,not_retrievable,,"paywalled per Unpaywall, no OA copy indexed"
R9529ADF23E59,Scopus,"Strengthening rural community water safety planning in Pacific Island countries: evidence and lessons from Solomon Islands, Vanuatu, and Fiji",Souter R.T.; Ruuska D.; Pene S.; Benjamin C.; Funubo S.; Beal C.D.; Sanderson R.; Batikawai S.; Ravai A.; Antoinette-Wickham T.; Rankin T.; Peter L.; Molitambe H.; Theophile G.; Shrestha S.; Kotra K.K.; Bugoro H.; Panda N.; Deo V.; Love M.,2024,10.2166/wh.2024.144,https://www.scopus.com/pages/publications/85189790409?origin=resultslist,not_retrievable,https://iwaponline.com/jwh/article-pdf/doi/10.2166/wh.2024.144/1363184/jwh2024144.pdf,OA PDF exists per Unpaywall but publisher streams it via a CDN domain (watermark*.silverchair.com) that is hard-blocked for automated browser interaction; not legitimately downloadable via available tools
RF98D06B8E550,Scopus,An assessment tool to improve rural groundwater access: Integrating hydrogeological modelling with socio-technical factors,Cid-Escobar D.; Folch A.; Ferrer N.; Katuva J.; Sanchez-Vila X.,2024,10.1016/j.scitotenv.2023.168864,https://www.scopus.com/pages/publications/85179123334?origin=resultslist,oa_pdf_candidate,https://ars.els-cdn.com/content/image/1-s2.0-S0048969723074934-ga1_lrg.jpg,OA PDF located via Unpaywall (not yet downloaded)
R22E3DE7CF37B,Scopus,"Impact of Urban Waste Management on Public Health and Role of AMRUT Scheme: A Study Of Jammu & Kashmir, India.",Akther R.; Gulzar D.; Rasool M.,2024,,https://www.scopus.com/pages/publications/85191026729?origin=resultslist,no_oa_copy_found,,"No DOI in Scopus record; no matching DOI found via Crossref title search, no OA copy identifiable"
R8F0BBD5B3E65,Scopus,"Application of Integrated Urban Water Security Index (IUWSI) in Sana’a, Yemen (Case study)",Alwathaf Y.; Abdel Kawy W.A.; Aljawzi A.A.; Eweys O.A.,2024,10.1080/1573062X.2023.2256722,https://www.scopus.com/pages/publications/85170672647?origin=resultslist,not_retrievable,,"paywalled per Unpaywall, no OA copy indexed"
R564EBA594FA5,Scopus,Water Governance at Ehlanzeni District Municipality,Mdiniso J.M.; Twala N.D.,2024,,https://www.scopus.com/pages/publications/85211175797?origin=resultslist,no_oa_copy_found,,"No DOI in Scopus record; no matching DOI found via Crossref title search, no OA copy identifiable"
R914002893C13,Scopus,Post-colonial Water Governance: Shifting Paradigms,Das M.,2024,10.1177/22308075231204929,https://www.scopus.com/pages/publications/85174575312?origin=resultslist,not_retrievable,,"paywalled per Unpaywall, no OA copy indexed"
RA838FD560173,Scopus,"Urban water sector management, challenges, opportunities and cross-cutting issues: A case of Malawi’s urban water sector",Chinangwa W.; Chinangwa L.,2024,10.4324/9781003437833-7,https://www.scopus.com/pages/publications/85213181012?origin=resultslist,not_retrievable,,"paywalled per Unpaywall, no OA copy indexed"
R7928A8D997DB,Scopus,Urban Power: Democracy and Inequality in São Paulo and Johannesburg,Bradlow B.H.,2024,,https://www.scopus.com/pages/publications/105037224423?origin=resultslist,no_oa_copy_found,,"No DOI in Scopus record; no matching DOI found via Crossref title search, no OA copy identifiable"
R317A97623CE6,Scopus,Identifying Socio-Technical Challenges to Decentralized Wastewater Infrastructure Management in the Rural Alabama Black Belt,Bakchan A.; White K.D.,2024,10.1061/9780784485279.069,https://www.scopus.com/pages/publications/85188745238?origin=resultslist,not_retrievable,,"paywalled per Unpaywall, no OA copy indexed"
RE4DD7B4912DD,Scopus,"City growth and periurban linkages: land transformation, rural-urban linkages, and the environmental implications of the Kolkata Municipal Development Authority region, India",Bhanja R.; Bannerji P.,2024,10.1016/B978-0-443-15832-2.00007-1,https://www.scopus.com/pages/publications/85206182598?origin=resultslist,not_retrievable,,"paywalled per Unpaywall, no OA copy indexed"
R81549C4709FC,Scopus,Building Political Capabilities through Participation for Environmental Justice in Informal Housing in Kathmandu,Singh S.; Singh B.,2024,10.4324/9781003371175-24,https://www.scopus.com/pages/publications/85209857368?origin=resultslist,wrong_file_retrieved,,"Antigravity retrieval delivered the wrong chapter: target record is 'Building Political Capabilities through Participation for Environmental Justice in Informal Housing in Kathmandu' (Singh & Singh, ch.18, 10.4324/9781003371175-24), but the PDF received contains chs.19-20 of the same edited volume (Sherpa; Awale) instead. Not screened. Needs re-retrieval of the correct chapter. Second retrieval attempt (following a prior wrong_file_retrieved flag) again delivered the wrong file: a 12-page book chapter, ""19 Climate Change in Nepal through an Indigenous Environmental Justice Lens"" by Pasang Yangjee Sherpa (Part 6, Climate Justice, an edited volume) -- confirmed via full-text search that neither ""Singh"" nor ""Political Capabilities"" appears anywhere in the delivered PDF. This does NOT match the screening-database title ""Building Political Capabilities through Participation for Environmental Justice in Informal..."" (believed to be Singh S. & Singh B. 2024). wrong_file_retrieved flag remains in place; record left open pending retrieval of the correct Singh & Singh article. Third retrieval attempt (2026-09-18, Google Drive Zotero-storage re-sync, two independent folder copies HCAZJNK8 and BVKHNCU9) again delivered the identical wrong chapter (Sherpa, ch.19, DOI 10.4324/9781003371175-25) -- confirmed via full-text read, not just filename. wrong_file_retrieved flag remains; record still open pending correct retrieval of Singh & Singh ch.18 (DOI 10.4324/9781003371175-24). Fourth retrieval attempt (2026-09-21, Google Drive inbox 'Check drive now' batch): again delivered the wrong file -- this time chs.19-20 of the same edited volume (Sherpa, 'Climate Change in Nepal through an Indigenous Environmental Justice Lens,' DOI 10.4324/9781003371175-25; and Awale, 'Women, Water, and Weather: Kavre Villages Adapt to the Increasing Impacts of the Climate Crisis,' DOI 10.4324/9781003371175-26), confirmed via full-text read -- neither 'Singh' nor 'Political Capabilities' appears anywhere in the delivered PDF. An initial pass mistakenly recorded this record as excluded (E01) based on the wrong delivered file's content without first checking this record's prior full_text_status/notes history; that erroneous decision was caught and reverted the same session (see CHANGELOG.md). wrong_file_retrieved flag remains in place; record still open pending correct retrieval of Singh & Singh ch.18 (DOI 10.4324/9781003371175-24)."
R83E00944CB27,Scopus,A participatory approach for characterizing the resilience of rural water supply systems in semi-arid areas,Gasmi H.; Burte J.; Martins E.S.P.R.; Younsi S.; Morardet S.; Kuper M.,2024,10.1007/s10113-023-02161-9,https://www.scopus.com/pages/publications/85181740652?origin=resultslist,not_retrievable,,"paywalled per Unpaywall, no OA copy indexed"
RDFD0BD285B8B,Scopus,Politicizing Water Supply in South Africa: The Case of uMhlathuze Local Municipality,Tutu O.J.; Dlamini N.P.,2024,,https://www.scopus.com/pages/publications/85211144900?origin=resultslist,no_oa_copy_found,,"No DOI in Scopus record; no matching DOI found via Crossref title search, no OA copy identifiable"
RFE5ED2F0D758,Scopus,"The cascading disaster risk of water, energy and food systems",Rahman H.M.T.; Ingram S.; Natcher D.,2024,10.1080/17477891.2024.2323105,https://www.scopus.com/pages/publications/85186248891?origin=resultslist,not_retrievable,,"paywalled per Unpaywall, no OA copy indexed"
R52FAFE164D34,Scopus,Enhancing Sustainability Through Public Water Supply Level of Quality Services in Kelantan,Asmadi A.S.; Saimy I.S.,2024,10.1007/978-3-031-67437-2_25,https://www.scopus.com/pages/publications/85206464978?origin=resultslist,not_retrievable,,"paywalled per Unpaywall, no OA copy indexed"
RBC8617E9FCEC,Scopus,Urbanwater security assessment: investigating inequalities using amulti-scale approach,Marcal J.; Shen J.; Antizar-Ladislao B.; Butler D.; Hofman J.,2024,10.2166/aqua.2024.307,https://www.scopus.com/pages/publications/85188858956?origin=resultslist,not_retrievable,https://iwaponline.com/aqua/article-pdf/doi/10.2166/aqua.2024.307/1376931/jws2024307.pdf,OA PDF exists per Unpaywall but publisher streams it via a CDN domain (watermark*.silverchair.com) that is hard-blocked for automated browser interaction; not legitimately downloadable via available tools
R8DE1F9124F7C,Scopus,Urbanization and Housing Infrastructure in Urban India,Roy A.K.; Chakravarty D.; Ngangbam S.; Sarif N.,2024,10.1017/9781009318846.014,https://www.scopus.com/pages/publications/105024635850?origin=resultslist,not_retrievable,,"paywalled per Unpaywall, no OA copy indexed"
RD91790B5D974,Scopus,Combinatoric Efficiency Model of Clean Water Companies for Strategic Governance in Indonesia,Muftiadi A.; Afandi Y.P.; Muchlis A.; Pham Q.M.; Rilansari V.,2024,,https://www.scopus.com/pages/publications/105000805954?origin=resultslist,no_oa_copy_found,,"No DOI in Scopus record; no matching DOI found via Crossref title search, no OA copy identifiable"
RC04D9D795CDA,Scopus,"Urban wastewater management in Nepal: generation, treatment, engineering, and policy perspectives",Karki B.K.; Baniya S.; Kharel H.L.; Angove M.J.; Paudel S.R.,2024,10.2166/h2oj.2024.105,https://www.scopus.com/pages/publications/85189170142?origin=resultslist,not_retrievable,https://iwaponline.com/h2open/article-pdf/doi/10.2166/h2oj.2024.105/1380580/h2oj2024105.pdf,OA PDF exists per Unpaywall but publisher streams it via a CDN domain (watermark*.silverchair.com) that is hard-blocked for automated browser interaction; not legitimately downloadable via available tools
RF8CBBF4B3293,Scopus,"Clean water supply and urban hygiene control in colonial Semarang, Indonesia",Amini M.,2024,10.1080/02665433.2023.2283836,https://www.scopus.com/pages/publications/85177588696?origin=resultslist,not_retrievable,,"paywalled per Unpaywall, no OA copy indexed"
R3B2D8C4FDAD6,Scopus,Urban Public Services Delivery and Sustainable Development: A Survey of User Opinion in Four Major Metropolitan Cities in India,Banerji B.; Maitra P.,2024,10.1007/978-981-99-8842-6_11,https://www.scopus.com/pages/publications/85187669271?origin=resultslist,not_retrievable,,"paywalled per Unpaywall, no OA copy indexed"
R63A961CABDE1,Scopus,Spatial difference analysis of water and sanitation in China's counties based on a spatial econometric model,Zhao L.; Huo Y.; Wang X.; Huang J.,2024,10.1016/j.iref.2024.04.003,https://www.scopus.com/pages/publications/85189691285?origin=resultslist,not_retrievable,,"paywalled per Unpaywall, no OA copy indexed"
R00099389C0FE,Scopus,Feasibility of financing nature-based solutions for water security through water tariffs: Evidence from South Africa,du Plessis N.S.; Turpie J.K.; Letley G.K.,2024,10.2166/aqua.2024.221,https://www.scopus.com/pages/publications/85188190101?origin=resultslist,not_retrievable,https://iwaponline.com/aqua/article-pdf/doi/10.2166/aqua.2024.221/1352663/jws2024221.pdf,OA PDF exists per Unpaywall but publisher streams it via a CDN domain (watermark*.silverchair.com) that is hard-blocked for automated browser interaction; not legitimately downloadable via available tools
R6649852F695A,Scopus,Assessing trends in urban municipal water use across the Great Lakes Basin,Polidori J.A.; Paulson H.L.; Gronewold A.D.,2024,10.1016/j.jglr.2023.102243,https://www.scopus.com/pages/publications/85175232153?origin=resultslist,not_retrievable,,"paywalled per Unpaywall, no OA copy indexed"
R65514C8CBF4A,Scopus,Liveability Assessment in South Africa’s Hostel Accommodation: Implications for Urban Health and Sustainable Development Goal 11,Leboto-Khetsi L.; Kohima J.; Gambe T.R.; Mphambukeli T.N.; Rammile S.,2024,10.1007/978-3-031-68734-1_6,https://www.scopus.com/pages/publications/85205375568?origin=resultslist,not_retrievable,,"paywalled per Unpaywall, no OA copy indexed"
RA99F92B0FE3F,Scopus,Challenges to and Strategies for Regionalization of Responsible Management of Decentralized Wastewater Infrastructure in the Rural Alabama Black Belt,Bakchan A.; White K.D.,2024,10.2175/193864718825159673,https://www.scopus.com/pages/publications/105002132262?origin=resultslist,not_retrievable,,"paywalled per Unpaywall, no OA copy indexed"
R6E293CFE9E51,Scopus,Impact of efficiency on affordability: A study of the Brazilian new water loss goals,Fagundes T.S.; Marques R.C.; Malheiros T.F.,2024,10.2166/ws.2024.098,https://www.scopus.com/pages/publications/85195028151?origin=resultslist,not_retrievable,https://iwaponline.com/ws/article-pdf/24/5/1645/1429494/ws024051645.pdf,OA PDF exists per Unpaywall but publisher streams it via a CDN domain (watermark*.silverchair.com) that is hard-blocked for automated browser interaction; not legitimately downloadable via available tools
R301FEFA108ED,Scopus,Rainwater harvesting for water security and gender equity,Adeyeye K.; Bello-Dambatta A.,2024,10.1201/9781032638102-20,https://www.scopus.com/pages/publications/85203032409?origin=resultslist,not_retrievable,,"paywalled per Unpaywall, no OA copy indexed"
R7941BACF0B51,Scopus,"Changing water sources and extraction methods in Bangladesh: Challenges, consequences, and sustainable solutions",Jakariya M.; Rahman M.M.; Mahzabin L.; Chowdhury A.; Adiba H.; Alam M.S.; Murshed M.F.; Sonne C.; Barceló D.; Chen J.; Islam M.A.; Bhattacharya P.,2024,10.1016/j.gsd.2024.101129,https://www.scopus.com/pages/publications/85186649655?origin=resultslist,not_retrievable,,"paywalled per Unpaywall, no OA copy indexed"
R88CC7FF82D68,Scopus,Spatial vulnerability assessment for water service providers: a case study from the gaza strip,Eshtawi T.A.; Abdellatif M.,2024,10.1007/s10708-024-11016-7,https://www.scopus.com/pages/publications/85182860332?origin=resultslist,not_retrievable,,"paywalled per Unpaywall, no OA copy indexed"
R19F259B54FE8,Scopus,Institutional arrangements for improving water and sanitation services in the rural villages of India: a systems thinking approach,Kanyagui M.K.; Rajendrakumar S.; Viswanathan P.K.,2024,10.1002/wwp2.12172,https://www.scopus.com/pages/publications/85190383721?origin=resultslist,not_retrievable,,"paywalled per Unpaywall, no OA copy indexed"
R4501A101EB4D,Scopus,Water and sanitation services in Brazil: evaluating the regulatory governance based on the institutional analysis and development framework,Ávila N.R.A.; de Carvalho B.E.; de Moraes Cordeiro Netto O.,2023,10.2166/wp.2023.215,https://www.scopus.com/pages/publications/85168982487?origin=resultslist,not_retrievable,https://iwaponline.com/wp/article-pdf/doi/10.2166/wp.2023.215/1241862/wp2023215.pdf,OA PDF exists per Unpaywall but publisher streams it via a CDN domain (watermark*.silverchair.com) that is hard-blocked for automated browser interaction; not legitimately downloadable via available tools
RD387D22A7424,Scopus,"Water economies of Bodh Gaya, Bihar: Urban water in rural town",Rajput R.; Sharma A.,2023,10.1016/j.habitatint.2023.102754,https://www.scopus.com/pages/publications/85147777102?origin=resultslist,not_retrievable,,"paywalled per Unpaywall, no OA copy indexed"
RA8A5DB49E365,Scopus,"Property rights, public health, and planning for informal settlements in Nairobi, Kenya",Ouma S.; Corburn J.; Weru J.,2023,10.1080/07352166.2022.2051712,https://www.scopus.com/pages/publications/85130269040?origin=resultslist,not_retrievable,,"paywalled per Unpaywall, no OA copy indexed"
RDEE8F58A6541,Scopus,"Water supply and sanitation projects in the last decade: project characteristics, multilateral development bank performance, and quality of results",Machete I.F.; Marques R.C.,2023,10.2166/washdev.2023.176,https://www.scopus.com/pages/publications/85181170344?origin=resultslist,not_retrievable,https://iwaponline.com/washdev/article-pdf/doi/10.2166/washdev.2023.176/1327502/washdev2023176.pdf,OA PDF exists per Unpaywall but publisher streams it via a CDN domain (watermark*.silverchair.com) that is hard-blocked for automated browser interaction; not legitimately downloadable via available tools
RDD8664471937,Scopus,Water insecurity tradeoffs: U.S. drinking water systems during the COVID-19 pandemic,Fincher B.; Jepson W.; Casellas Connors J.P.,2023,10.1016/j.wasec.2023.100144,https://www.scopus.com/pages/publications/85179090590?origin=resultslist,not_retrievable,,"paywalled per Unpaywall, no OA copy indexed"
R5A437147DAEF,Scopus,Impact of the policy framework and institutional setup on urban water supply in Malawi: The case of the Lilongwe Water Board,Malemba E.; Masinde W.,2023,10.1002/wwp2.12091,https://www.scopus.com/pages/publications/85146340274?origin=resultslist,not_retrievable,,"paywalled per Unpaywall, no OA copy indexed"
RA97C26406604,Scopus,Socio-Managerial Framework of Health Governance: Empirical Evidence from India’s National Sanitation Program (SBM-G),Nanda S.; Warrier U.,2023,10.1177/09720634221150998,https://www.scopus.com/pages/publications/85150994668?origin=resultslist,not_retrievable,,"paywalled per Unpaywall, no OA copy indexed"
R05D1DB0905E0,Scopus,"The politics of owing: Accounting, water disconnection, and austerity urbanism in Detroit",Heil M.,2023,10.1177/23996544221141626,https://www.scopus.com/pages/publications/85144178201?origin=resultslist,not_retrievable,,"paywalled per Unpaywall, no OA copy indexed"
R36560DA3DD11,Scopus,Development of Performance Index for Small and Medium-Sized Drinking Water Systems,Pokhrel S.R.; Chhipi-Shrestha G.; Mian H.; Hewage K.; Sadiq R.,2023,10.1007/978-3-031-34593-7_78,https://www.scopus.com/pages/publications/85172016123?origin=resultslist,not_retrievable,,"paywalled per Unpaywall, no OA copy indexed"
R20E132C954C2,Scopus,"Water committees in the implementation of decentralization measures in the water sector in Gaza Province, Mozambique: ownership and resistance",Nhaurire A.F.; Wells-Brown T.; Capurchande R.,2023,10.2166/aqua.2023.059,https://www.scopus.com/pages/publications/85179556857?origin=resultslist,not_retrievable,https://iwaponline.com/aqua/article-pdf/doi/10.2166/aqua.2023.059/1309185/jws2023059.pdf,OA PDF exists per Unpaywall but publisher streams it via a CDN domain (watermark*.silverchair.com) that is hard-blocked for automated browser interaction; not legitimately downloadable via available tools
R62EB9029AA88,Scopus,"Managing water scarcity via rainwater harvesting system in Kathmandu Valley, Nepal: People's awareness, implementation challenges and way forward",Khanal G.; Maraseni T.; Thapa A.; Devkota N.; Paudel U.R.; Khanal C.K.,2023,10.1016/j.envdev.2023.100850,https://www.scopus.com/pages/publications/85150865655?origin=resultslist,not_retrievable,,"paywalled per Unpaywall, no OA copy indexed"
R0A6B926D1F15,Scopus,The optimization of public toilet maintenance in Covid-19 pandemic era,Demartoto A.; Zunariyah S.; Pujihartati S.H.,2023,10.1063/5.0144912,https://www.scopus.com/pages/publications/85160829557?origin=resultslist,not_retrievable,,"paywalled per Unpaywall, no OA copy indexed"
R68FA4CACB9C4,Scopus,Geographies of Infrastructure: Everyday Governance of Urban Water Supply Beyond the Utility Network in Dar es Salaam,Dakyaga F.; Schramm S.; Lupala J.M.; Magembe-Mushi D.L.,2023,,https://www.scopus.com/pages/publications/85167837649?origin=resultslist,no_oa_copy_found,,"No DOI in Scopus record; no matching DOI found via Crossref title search, no OA copy identifiable"
RFA35C88B1CB7,Scopus,"Relationship between Community Water Management, Conceptions, and Struggles for Justice in Southwest Colombia",Blanco-Moreno C.; Peña-Varón M.,2023,10.1089/env.2022.0065,https://www.scopus.com/pages/publications/85164201037?origin=resultslist,not_retrievable,,"paywalled per Unpaywall, no OA copy indexed"
R54561E5AC278,Scopus,The rhetoric of community participation in urban South African water governance,Tyhotyholo T.; Ncube B.,2023,10.1016/j.jup.2023.101573,https://www.scopus.com/pages/publications/85156087091?origin=resultslist,not_retrievable,,"paywalled per Unpaywall, no OA copy indexed"
R8077376646C2,Scopus,Modeling water inequality and water security: The role of water governance,Babuna P.; Yang X.; Tulcan R.X.S.; Dehui B.; Takase M.; Guba B.Y.; Han C.; Awudi D.A.; Li M.,2023,10.1016/j.jenvman.2022.116815,https://www.scopus.com/pages/publications/85142806497?origin=resultslist,not_retrievable,,"paywalled per Unpaywall, no OA copy indexed"
R26B827D73178,Scopus,ROLES OF PUBLIC FINANCING TO ADDRESS URBAN FAECAL SLUDGE MANAGEMENT (FSM) SERVICES IN BANGLADESH: A STUDY OF DHAKA AND FARIDPUR CITIES,Sharmin M.; Murtaza G.; Islam R.,2023,10.5276/jswtm/iswmaw/492/2023.152,https://www.scopus.com/pages/publications/85170649999?origin=resultslist,not_retrievable,,"paywalled per Unpaywall, no OA copy indexed"
RD67517CB43CE,Scopus,"Root-Cause Analysis of Water System Failures in Jackson, Mississippi, and Flint, Michigan, Using the Institutional Analysis and Development Framework",Grigg N.S.,2023,10.1061/JPCFEV.CFENG-4352,https://www.scopus.com/pages/publications/85144598015?origin=resultslist,not_retrievable,,"paywalled per Unpaywall, no OA copy indexed"
RCA6456CEF4AB,Scopus,Segregated by neighbourhoods: infrastructure differentials in an emerging Ghanaian city,Amoah S.T.; Tampah-Naah A.M.,2023,10.1007/s43545-023-00703-w,https://www.scopus.com/pages/publications/85200614756?origin=resultslist,not_retrievable,,"paywalled per Unpaywall, no OA copy indexed"
RD58B0324ACD5,Scopus,Societal Impact Analysis of Community-managed Potable Water Supply System in Rural India,Ghosal S.; Ruj C.,2023,10.1177/19367244221119140,https://www.scopus.com/pages/publications/85142182604?origin=resultslist,not_retrievable,,"paywalled per Unpaywall, no OA copy indexed"
R45CFDA2B4FDC,Scopus,Does professionalizing maintenance unlock demand for more reliable water supply? Experimental evidence from rural Uganda,Smith D.W.; Atwii Ongom S.; Davis J.,2023,10.1016/j.worlddev.2022.106094,https://www.scopus.com/pages/publications/85138506372?origin=resultslist,not_retrievable,,"paywalled per Unpaywall, no OA copy indexed"
RFA9C722C42BC,Scopus,Stakeholders in Ghana’s water sector development and implications for rural water tariff payment: a review,Bukari F.I.M.; Yembilah N.N.-K.; Adjuik R.Y.; Baguri Sumani J.B.,2023,10.1080/02508060.2022.2117251,https://www.scopus.com/pages/publications/85139091824?origin=resultslist,not_retrievable,,"paywalled per Unpaywall, no OA copy indexed"
RE318E69A8CF5,Scopus,Substitution of piped water and self-supplied groundwater: The case of residential water in South Africa,Aina I.V.; Thiam D.R.; Dinar A.,2023,10.1016/j.jup.2022.101480,https://www.scopus.com/pages/publications/85145317412?origin=resultslist,not_retrievable,,"paywalled per Unpaywall, no OA copy indexed"
R1AA1C8DA926F,Scopus,"Water challenges in rural-urban fringe villages: A case of Potheri village near Chennai, Tamil Nadu",Sudarsan J.S.; Ghosh P.; Rajan R.J.,2023,10.1016/B978-0-443-18778-0.00023-4,https://www.scopus.com/pages/publications/85176857870?origin=resultslist,not_retrievable,,"paywalled per Unpaywall, no OA copy indexed"
RF5D1F190C33A,Scopus,Gender and social inclusion in community water resource management: lessons from two districts in the Himalayan foothills and the Terai in Nepal,Raut M.; Varady R.G.; Rajouria A.,2023,10.1080/02508060.2023.2213962,https://www.scopus.com/pages/publications/85161894880?origin=resultslist,not_retrievable,,"paywalled per Unpaywall, no OA copy indexed"
R7AFAD77B57D7,Scopus,Open defecation near a world heritage site: causes and implication for sustainable tourism and heritage management,Mensah J.; Tachie B.Y.; Potakey H.M.D.,2023,10.1108/JCHMSD-11-2020-0164,https://www.scopus.com/pages/publications/85113790932?origin=resultslist,not_retrievable,,"paywalled per Unpaywall, no OA copy indexed"
R7EB1309DA47D,Scopus,WATER PRICING AND ITS DETERMINANTS IN NAMIBIA,Iindombo N.; Abel S.; Maparara T.; Mukarati J.; Le Roux P.,2023,10.34109/ijefs.202315315,https://www.scopus.com/pages/publications/85179405493?origin=resultslist,pending,,DOI not indexed by Unpaywall; needs manual/title search
RD08AB246F841,Scopus,Informal social accountability mechanisms for water sanitation and hygiene (WASH) in childcare centres in Nairobi City County's informal settlements,Chumo I.; Kabaria C.; Muindi K.; Elsey H.; Phillips-Howard P.A.; Mberu B.,2022,10.1016/j.ugj.2022.07.001,https://www.scopus.com/pages/publications/85140070303?origin=resultslist,oa_pdf_candidate,https://www.sciencedirect.com/science/article/pii/S2664328622000419/pdf,OA PDF located via Unpaywall (not yet downloaded)
R2C581DBE11FC,Scopus,AFTER THE RIGHT TO WATER: Rethinking the State and Justice in Mumbai,Deekshit P.; Sumbre S.,2022,10.1111/1468-2427.13095,https://www.scopus.com/pages/publications/85137003055?origin=resultslist,not_retrievable,,"paywalled per Unpaywall, no OA copy indexed"
R4B45E853A064,Scopus,Deficits in implementing integrated water resources management in South Africa: The role of institutional interplay,Lukat E.; Pahl-Wostl C.; Lenschow A.,2022,10.1016/j.envsci.2022.06.010,https://www.scopus.com/pages/publications/85133281785?origin=resultslist,not_retrievable,,"paywalled per Unpaywall, no OA copy indexed"
RC18E0E45916F,Scopus,Do people appreciate economic value of water in Baku City of Azerbaijan?,Scandizzo P.L.; Abbasov R.,2022,10.1007/978-981-16-7128-9_9,https://www.scopus.com/pages/publications/85152382824?origin=resultslist,not_retrievable,,"paywalled per Unpaywall, no OA copy indexed"
R095705AF6EDC,Scopus,"REDRAWING OUR URBAN WATERS: Merging design, law, and policy in advancing distributed water systems",Muller B.; Amos A.; Cerra J.F.; Cheng C.; Feldman D.L.; Lau T.; Netusil N.R.; Porse E.,2022,10.4324/9781003033530-28,https://www.scopus.com/pages/publications/85141474554?origin=resultslist,not_retrievable,,"paywalled per Unpaywall, no OA copy indexed"
R681CE8101972,Scopus,Readiness of Solomon Islands in Meeting the Sustainable Development Goals (SDGs) in Water and Sanitation,Rachman C.B.; Olivera L.; Qomariyah Y.,2022,10.1007/978-3-030-94020-1_10,https://www.scopus.com/pages/publications/85195131795?origin=resultslist,not_retrievable,,"paywalled per Unpaywall, no OA copy indexed"
R02E30E613172,Scopus,"Hybridity in Practice: Responding to Water Insecurity in São Paulo, Dhaka and Cairo",Cawood S.; Wahby N.; Ferrara L.N.,2022,,https://www.scopus.com/pages/publications/85141330682?origin=resultslist,no_oa_copy_found,,"No DOI in Scopus record; no matching DOI found via Crossref title search, no OA copy identifiable"
R26D83A716F0D,Scopus,History of tailings dam failure: Impacts on access to safe water and influence on the legislative framework,Guimarães R.N.; Moreira V.R.; Cruz J.R.A.; Saliba A.P.M.; Amaral M.C.S.,2022,10.1016/j.scitotenv.2022.158536,https://www.scopus.com/pages/publications/85137265121?origin=resultslist,not_retrievable,,"paywalled per Unpaywall, no OA copy indexed"
R93C610A0FADB,Scopus,Sanitation in Mexico: An Overview of Its Realization as a Human Right,García-Searcy V.; Villada-Canela M.; Arredondo-García M.C.; Anglés-Hernández M.; Pelayo-Torres M.C.; Daesslé L.W.,2022,10.3390/su14052707,https://www.scopus.com/pages/publications/85125818432?origin=resultslist,oa_pdf_candidate,https://www.mdpi.com/2071-1050/14/5/2707/pdf?version=1646042551,OA PDF located via Unpaywall (not yet downloaded)
R168B474EA513,Scopus,"Enhancing Governance Capacity to Ensure a Long-Term Water Supply: The Case of Windhoek, Namibia",Olivieri F.; Koop S.H.A.; Van Leeuwen K.; Hofman J.,2022,10.3390/su14042387,https://www.scopus.com/pages/publications/85125038972?origin=resultslist,oa_pdf_candidate,https://www.mdpi.com/2071-1050/14/4/2387/pdf?version=1645434451,OA PDF located via Unpaywall (not yet downloaded)
R768FC158FA5B,Scopus,Challenges and opportunities with social inclusion and community-based water management in Solomon Islands,Love M.W.; Beal C.; Gonzalez D.; Hagabore J.; Benjamin C.; Bugoro H.; Panda N.; O'oi J.; Offer C.; Souter R.,2022,10.1111/dpr.12597,https://www.scopus.com/pages/publications/85124738511?origin=resultslist,not_retrievable,,"paywalled per Unpaywall, no OA copy indexed"
R00F3F0AE116B,Scopus,Performance assessment of water services in Brazilian municipalities: An integrated view of efficiency and access,Tourinho M.; Santos P.R.; Pinto F.T.; Camanho A.S.,2022,10.1016/j.seps.2021.101139,https://www.scopus.com/pages/publications/85113329384?origin=resultslist,not_retrievable,,"paywalled per Unpaywall, no OA copy indexed"
R3910B0D419CF,Scopus,"Community Water Projects Sustainability for Climate Change Resilience and Adaptation in Suam Catchment Area of West Pokot County, Kenya",Nyongesa K.W.,2022,10.1007/978-3-031-23116-2_3,https://www.scopus.com/pages/publications/85151049911?origin=resultslist,not_retrievable,,"paywalled per Unpaywall, no OA copy indexed"
R0B35E79268FB,Scopus,Sustainability of water and sanitation state-owned companies in Brazil,Gonçalves E.; Werneck Capodeferro M.; Jerônimo Smiderle J.; Engel Guimarães P.H.,2022,10.1177/17835917221077915,https://www.scopus.com/pages/publications/85130558602?origin=resultslist,not_retrievable,,"paywalled per Unpaywall, no OA copy indexed"
R2FD78ECD7A87,Scopus,"Waterlogging mitigation and safe water supply: lessons learnt from low-lying areas of Basirhat municipality, India",Dey A.; Islam S.T.; Paul B.; Bandyopadhyay S.; Sengupta P.; Sanyal N.; Mondal K.P.; Jubaer A.; Mitra R.,2022,10.1108/IJDRBE-08-2021-0106,https://www.scopus.com/pages/publications/85129151053?origin=resultslist,not_retrievable,,"paywalled per Unpaywall, no OA copy indexed"
R909EC228A5A0,Scopus,Performance Assessment for Increasing Connection Rates of Private Water Supply Operators in Cambodia,Phea S.; Kazama S.; Takizawa S.,2022,10.3390/w14152369,https://www.scopus.com/pages/publications/85136950210?origin=resultslist,oa_pdf_candidate,https://www.mdpi.com/2073-4441/14/15/2369/pdf?version=1659514203,OA PDF located via Unpaywall (not yet downloaded)
R9AB7DE304D07,Scopus,"INSTITUTIONAL, ECONOMIC, AND SPATIAL BARRIERS TO WATER SERVICES DELIVERY IN URBAN SLUMS AND INFORMAL SETTLEMENTS",Adams E.A.; Vásquez W.F.,2022,10.4324/9781003057574-19,https://www.scopus.com/pages/publications/85142005598?origin=resultslist,not_retrievable,,"paywalled per Unpaywall, no OA copy indexed"
R266C31733ECD,Scopus,Governance and effectiveness of public–private partnership in Ghana's rural-water sector,Nyanyofio J.G.T.; Domfeh K.A.; Buabeng T.; Maloreh-Nyamekye T.; Appiah-Agyekum N.N.,2022,10.1108/IJPSM-05-2021-0129,https://www.scopus.com/pages/publications/85136517150?origin=resultslist,not_retrievable,,"paywalled per Unpaywall, no OA copy indexed"
R922FAF988B94,Scopus,Water Infrastructure in a small west African city: Situating sharing and volunteering in the making of urban infrastructures,Neves Alves S.,2022,10.1016/j.geoforum.2022.04.009,https://www.scopus.com/pages/publications/85130372328?origin=resultslist,not_retrievable,,"paywalled per Unpaywall, no OA copy indexed"
R34F67D862D3B,Scopus,Water Shutoffs During COVID-19 and Black Lives: Case Study Detroit,Moody H.; Easley L.E.; Sissen M.,2022,10.1089/env.2020.0064,https://www.scopus.com/pages/publications/85126071451?origin=resultslist,not_retrievable,,"paywalled per Unpaywall, no OA copy indexed"
RBE444DC1D837,Scopus,"Securing human right to water of slum-dwellers in Mumbai, India: Achievements, limitations, and institutional appropriation",Wagle P.,2022,10.1016/j.geoforum.2022.03.016,https://www.scopus.com/pages/publications/85127478447?origin=resultslist,not_retrievable,,"paywalled per Unpaywall, no OA copy indexed"
R06EAFC8382BE,Scopus,Water security in native American communities of Nevada,Bandala E.R.; McCarthy M.I.; Brune N.,2022,10.1016/j.envsci.2022.07.009,https://www.scopus.com/pages/publications/85134701739?origin=resultslist,not_retrievable,,"paywalled per Unpaywall, no OA copy indexed"
RBC82A4BC7CA1,Scopus,Rural Domestic Water Supply in India: Progress and Issues,Dinesh Kumar M.; Bassi N.; Kumar S.,2022,10.1007/978-981-16-9198-0_1,https://www.scopus.com/pages/publications/85124563806?origin=resultslist,not_retrievable,,"paywalled per Unpaywall, no OA copy indexed"
R2B8D2F8F5CD6,Scopus,The Impact of Government Revenue on the Achievement of the Sustainable Development Goals and the Amplification Potential of Good Governance,O’Hare B.; Hall S.G.,2022,,https://www.scopus.com/pages/publications/85129949944?origin=resultslist,no_oa_copy_found,,"No DOI in Scopus record; no matching DOI found via Crossref title search, no OA copy identifiable"
RF6B522F1675F,Scopus,"Racialized water governance: the ‘hydrological frontier’ in the Northern Territory, Australia",O’Donnell E.; Jackson S.; Langton M.; Godden L.,2022,10.1080/13241583.2022.2049053,https://www.scopus.com/pages/publications/85126656584?origin=resultslist,not_retrievable,,"paywalled per Unpaywall, no OA copy indexed"
RD841349D5ED3,Scopus,"Introducing a Framework for Analyzing Weaknesses in Institutional Service Delivery and the Human Rights to Water and Sanitation: Case Studies from the Democratic Republic of Congo, Haiti, Mozambique, and Niger",Borja-Vega C.; Grabinsky J.; Kløve E.,2022,10.3390/w14203209,https://www.scopus.com/pages/publications/85140903043?origin=resultslist,oa_pdf_candidate,https://www.mdpi.com/2073-4441/14/20/3209/pdf?version=1666679008,OA PDF located via Unpaywall (not yet downloaded)
RDC81C21BAB76,Scopus,How electoral competition shapes local public goods provision in South Africa,Zimbalist Z.,2022,10.1080/13510347.2021.1952991,https://www.scopus.com/pages/publications/85117287398?origin=resultslist,not_retrievable,,"paywalled per Unpaywall, no OA copy indexed"
R724B4C3FA211,Scopus,Rethinking the sustainability of rural water delivery under the community ownership and management model,Kotoku G.; Kumasi T.C.,2022,10.1007/s40899-022-00751-9,https://www.scopus.com/pages/publications/85137787980?origin=resultslist,not_retrievable,,"paywalled per Unpaywall, no OA copy indexed"
R69151C02A363,Scopus,"Water Context in Latin America and the Caribbean: Distribution, Regulations and Prospects for Water Reuse and Reclamation",Rodríguez C.; García B.; Pinto C.; Sánchez R.; Serrano J.; Leiva E.,2022,10.3390/w14213589,https://www.scopus.com/pages/publications/85141832857?origin=resultslist,oa_pdf_candidate,https://www.mdpi.com/2073-4441/14/21/3589/pdf?version=1667895453,OA PDF located via Unpaywall (not yet downloaded)
RA36810299D56,Scopus,Bureaucratic quality and social development,Prasad M.; Zaloznaya M.,2021,10.1525/sod.2019.0023,https://www.scopus.com/pages/publications/85117892749?origin=resultslist,not_retrievable,,"paywalled per Unpaywall, no OA copy indexed"
R8622EA7628D5,Scopus,Barriers and coping strategies of households with no access to drinking water and waterborne sanitation in two low-income neighbourhoods in Botswana,Bolaane B.; Tema N.; Phuthologo B.,2021,10.1016/j.habitatint.2021.102372,https://www.scopus.com/pages/publications/85110402114?origin=resultslist,not_retrievable,,"paywalled per Unpaywall, no OA copy indexed"
R8C288AFDD095,Scopus,"Factors associated with water quality, sanitation, and hygiene in rural schools in 14 low- and middle-income countries",Cronk R.; Guo A.; Fleming L.; Bartram J.,2021,10.1016/j.scitotenv.2020.144226,https://www.scopus.com/pages/publications/85098068173?origin=resultslist,not_retrievable,,"paywalled per Unpaywall, no OA copy indexed"
R3E6BA23463D1,Scopus,Water and Sanitation Access in the Shamva District for Sustainability and Development of the Zimbabwean Smallholder Farming Sector,Rubhara T.T.; Oduniyi O.S.,2021,10.1007/978-3-030-70952-5_6,https://www.scopus.com/pages/publications/85149424125?origin=resultslist,not_retrievable,,"paywalled per Unpaywall, no OA copy indexed"
R862008024A2F,Scopus,Everyday Practices of Urban Poor to Access Water: Evidence from Delhi Slums,Sarkar A.,2021,10.1007/978-981-16-3100-9_15,https://www.scopus.com/pages/publications/85112608554?origin=resultslist,not_retrievable,,"paywalled per Unpaywall, no OA copy indexed"
REA20A1EE4939,Scopus,Evaluating the significance of cash transfers on household consumption,Muchiri S.; Choi S.-K.,2021,10.1111/1467-8268.12606,https://www.scopus.com/pages/publications/85118119544?origin=resultslist,not_retrievable,,"paywalled per Unpaywall, no OA copy indexed"
R11ECDBD13542,Scopus,Wash financial and social investment dynamics in a conflict-arid district of jariban in somalia,Mafuta W.; Zuwarimwe J.; Mwale M.,2021,10.3390/su13094836,https://www.scopus.com/pages/publications/85105751589?origin=resultslist,oa_pdf_candidate,https://www.mdpi.com/2071-1050/13/9/4836/pdf?version=1620721122,OA PDF located via Unpaywall (not yet downloaded)
RE3CF16EB04A4,Scopus,"Mapping Climate-Induced Risk for Water Supply, Sanitation and Hygiene in Rajasthan",Hemani R.; Bassi N.; Dinesh Kumar M.; Chandra U.,2021,10.1007/978-3-030-59459-6_10,https://www.scopus.com/pages/publications/85102058583?origin=resultslist,not_retrievable,,"paywalled per Unpaywall, no OA copy indexed"
R8493FC9E4702,Scopus,"A Stochastic Approach to Evaluate Drinking Water Availability Status—A Case Study on Patharghata GP, Rajarhat CD Block, North 24 Paraganas, West Bengal, India",Ray R.; Majumdar P.; Palit M.,2021,10.1007/978-981-33-6412-7_27,https://www.scopus.com/pages/publications/85105871747?origin=resultslist,not_retrievable,,"paywalled per Unpaywall, no OA copy indexed"
R8F74892813E3,Scopus,An integrated information system of climate-watermigrations-conflicts nexus in the congo basin,Tshimanga R.M.; Lutonadio G.-S.K.; Kabujenda N.K.; Sondi C.M.; Mihaha E.-T.N.; Ngandu J.-F.K.; Nkaba L.N.; Sankania G.M.; Beya J.T.; Kombayi A.M.; Bonso L.M.; Likenge A.L.; Nsambi N.M.; Sumbu P.Z.; Bin Yuma Y.; Bisa M.K.; Lututala B.M.,2021,10.3390/su13169323,https://www.scopus.com/pages/publications/85113408690?origin=resultslist,oa_pdf_candidate,https://www.mdpi.com/2071-1050/13/16/9323/pdf?version=1629795131,OA PDF located via Unpaywall (not yet downloaded)
RC8A90C42BB5C,Scopus,Spatial analysis of domestic water use and rural livelihoods in a semi-arid African highland,Strauch A.M.; Kalumbwa E.; Almedom A.M.,2021,10.1016/j.jaridenv.2021.104608,https://www.scopus.com/pages/publications/85112379706?origin=resultslist,not_retrievable,,"paywalled per Unpaywall, no OA copy indexed"
R68BAAC4442C9,Scopus,"Shared injustice, splintered solidarity: Water governance across urban-rural divides",Shi L.; Ahmad S.; Shukla P.; Yupho S.,2021,10.1016/j.gloenvcha.2021.102354,https://www.scopus.com/pages/publications/85114698382?origin=resultslist,not_retrievable,,"paywalled per Unpaywall, no OA copy indexed"
RFCA60136D710,Scopus,Evaluation of Development Strategies and Community Needs in Developing Countries: A Comparative Case Study of Informal Settlements in Asia and Africa,Awad A.; Bartlett D.; Conaldi G.,2021,10.1007/978-3-030-65181-7_17,https://www.scopus.com/pages/publications/85116090046?origin=resultslist,not_retrievable,,"paywalled per Unpaywall, no OA copy indexed"
R938EE2BA8270,Scopus,"Assessing Water Security at District Level: A Case Study of Bangkok, Thailand",Onsomkrit A.; Babel M.S.; Shinde V.R.; Pandey V.P.,2021,10.1007/978-3-319-54612-4_12,https://www.scopus.com/pages/publications/85119106612?origin=resultslist,not_retrievable,,"paywalled per Unpaywall, no OA copy indexed"
R6ABE0E28ADCB,Scopus,Action Plans for Building Climate-Resilient Water Supply and Sanitation Systems: Results from Case Studies,Bassi N.; Hemani R.; Mankad P.,2021,10.1007/978-3-030-59459-6_11,https://www.scopus.com/pages/publications/85102078253?origin=resultslist,not_retrievable,,"paywalled per Unpaywall, no OA copy indexed"
R81F081FED1A1,Scopus,"Unequal Protection Revisited: Planning for Environmental Justice, Hazard Vulnerability, and Critical Infrastructure in Communities of Color",Hendricks M.D.; Van Zandt S.,2021,10.1089/env.2020.0054,https://www.scopus.com/pages/publications/85104553136?origin=resultslist,not_retrievable,,"paywalled per Unpaywall, no OA copy indexed"
R46096F5F6F6C,Scopus,Access to water and sanitation services in brazilian vulnerable areas: The role of regulation and recent institutional reform,Narzetti D.A.; Marques R.C.,2021,10.3390/w13060787,https://www.scopus.com/pages/publications/85102760714?origin=resultslist,oa_pdf_candidate,https://www.mdpi.com/2073-4441/13/6/787/pdf?version=1615656089,OA PDF located via Unpaywall (not yet downloaded)
RD647EE91E2BF,Scopus,"Water Governance for Sustainable Development: Role of Community Participation, Opportunities and Challenges",Venu Madhav M.,2021,10.1007/978-981-15-8237-0_26,https://www.scopus.com/pages/publications/105033506778?origin=resultslist,not_retrievable,,"paywalled per Unpaywall, no OA copy indexed"
R67FE26C96329,Scopus,Upgrading Slums in India,Sinha B.R.K.,2021,10.1007/978-981-15-5608-1_33,https://www.scopus.com/pages/publications/85092919934?origin=resultslist,not_retrievable,,"paywalled per Unpaywall, no OA copy indexed"
R5571A513905A,Scopus,Gendered infrastructure and liminal space in Delhi’s unauthorized colonies,Truelove Y.,2021,10.1177/02637758211055483,https://www.scopus.com/pages/publications/85120408254?origin=resultslist,wrong_file_retrieved,,"Title/author nominally match a record for Truelove Y. (2021), 'Gendered infrastructure and liminal space in Delhi's unauthorized colonies,' Environment and Planning D: Society and Space, DOI 10.1177/02637758211055483. However, the delivered PDF is an entirely different publication: a 2019 multi-author digital magazine/workshop output ('Urban Infrastructures', produced from the 'Labouring Urban Infrastructures' workshop, Durham UK, June 2019, edited by Ruszczyk/Stokes/De Coss), running to 16 short essays across many research locations. It does contain a differently-titled short magazine essay by the same author ('The Body as Infrastructure: Gender and the Everyday Practices and Labour of Water's Urban Circulation,' Delhi, India, Yaffa Truelove, pp.27-29) on a related but distinct theme -- but this is not the target 2021 peer-reviewed journal article and cannot substitute for it. Left open pending a correct re-retrieval of the actual target article. Not moved from the inbox per the wrong_file_retrieved convention (see R33E4CEE682AC/R58E83E4193E6 precedent)."
R79D057F1787A,Scopus,Grouping District and Cities for Environmental Sanitation Indicators of SDGs Achievement in East Java,Permatasari E.O.; Zain I.,2021,,https://www.scopus.com/pages/publications/85117396749?origin=resultslist,no_oa_copy_found,,"No DOI in Scopus record; no matching DOI found via Crossref title search, no OA copy identifiable"
R57CFAE80B0D4,Scopus,Global water shortages: A Philippines case study,Palanca-Tan R.,2020,,https://www.scopus.com/pages/publications/85082688542?origin=resultslist,no_oa_copy_found,,"No DOI in Scopus record; no matching DOI found via Crossref title search, no OA copy identifiable"
R80C0C7C65752,Scopus,Policy implementation considerations for basic services: A South African urban sanitation case,Taing L.,2020,10.17159/wsa.2020.v46i2.8251,https://www.scopus.com/pages/publications/85086311572?origin=resultslist,pending,,DOI not indexed by Unpaywall; needs manual/title search
R235E42D59F53,Scopus,Policy Note: Policy Responses to Ensure Access to Water and Sanitation Services during COVID-19: Snapshots from the Environment for Development (EfD) Network,Amaechina E.; Amoah A.; Amuakwa-Mensah F.; Amuakwa-Mensah S.; Bbaale E.; Bonilla J.A.; Brühl J.; Cook J.; Chukwuone N.; Fuente D.; Madrigal-Ballestero R.; Marín R.; Nam P.K.; Otieno J.; Ponce R.; Saldarriaga C.A.; Lavin F.V.; Viguera B.; Visser M.,2020,10.1142/S2382624X20710022,https://www.scopus.com/pages/publications/85095792309?origin=resultslist,oa_page_candidate,http://hdl.handle.net/11554/10292,"OA landing page located via Unpaywall, no direct PDF link (not yet downloaded)"
R39032949ECCB,Scopus,"Monopolisation, market liberalisation and madness: Order and disorder in water supply governance",Baumfield V.S.,2020,,https://www.scopus.com/pages/publications/85090955924?origin=resultslist,no_oa_copy_found,,"No DOI in Scopus record; no matching DOI found via Crossref title search, no OA copy identifiable"
R393A582BEEEF,Scopus,Conclusions: The Quintessence of W+S Sector Reforms in Sub-Saharan Africa,Werchota R.,2020,10.1007/978-3-030-31383-8_8,https://www.scopus.com/pages/publications/85119288078?origin=resultslist,not_retrievable,,"paywalled per Unpaywall, no OA copy indexed"
R4BF827AA3CCC,Scopus,Sdg goal 6 monitoring in the Kingdom of Bahrain,Al-Noaimi M.A.,2020,10.5004/dwt.2020.25552,https://www.scopus.com/pages/publications/85098769220?origin=resultslist,not_retrievable,,"paywalled per Unpaywall, no OA copy indexed"
R34FE58FDD827,Scopus,"Sociotechnical alternatives and controversies in extending water and sanitation networks in Lima, Peru",Criqui L.,2020,,https://www.scopus.com/pages/publications/85085554640?origin=resultslist,no_oa_copy_found,,"No DOI in Scopus record; no matching DOI found via Crossref title search, no OA copy identifiable"
R91BF40E95289,Scopus,"Guarding the sons of empire: Military-state-society relations inwater, sanitation and health programs of mid-19th-century India","Halvorson S.J.; Wescoat J.L., Jr.",2020,10.3390/w12020429,https://www.scopus.com/pages/publications/85081740126?origin=resultslist,oa_pdf_candidate,https://www.mdpi.com/2073-4441/12/2/429/pdf?version=1582970254,OA PDF located via Unpaywall (not yet downloaded)
R9EC8E36A6830,Scopus,"A framework for characterizing multilevel water governance: A case study of Baltimore, Maryland",Michel V.; Eghdami S.; Hadley K.; Louis G.,2020,,https://www.scopus.com/pages/publications/85101595693?origin=resultslist,no_oa_copy_found,,"No DOI in Scopus record; no matching DOI found via Crossref title search, no OA copy identifiable"
R3B987F73842E,Scopus,Index risk of sanitation (IRS) modelling to determine domestic waste water system,Santosa F.R.E.; Atmoko A.D.; Mudjanarko S.W.,2020,10.30880/ijscet.2020.11.01.009,https://www.scopus.com/pages/publications/85090741768?origin=resultslist,pending,,DOI not indexed by Unpaywall; needs manual/title search
RA38256CBC26F,Scopus,A comprehensive index for measuringwater security in an UrbanizingWorld: The case of Pakistan's capital,Khan S.; Guan Y.; Khan F.; Khan Z.,2020,10.3390/w12010166,https://www.scopus.com/pages/publications/85079494945?origin=resultslist,oa_pdf_candidate,https://www.mdpi.com/2073-4441/12/1/166/pdf?version=1578305997,OA PDF located via Unpaywall (not yet downloaded)
R800E2F068095,Scopus,"A new hypothesis on informal land supply, livelihood, and urban form in Sub-Saharan African cities",Mottelson J.,2020,10.3390/land9110435,https://www.scopus.com/pages/publications/85096053411?origin=resultslist,oa_pdf_candidate,https://www.mdpi.com/2073-445X/9/11/435/pdf?version=1605779949,OA PDF located via Unpaywall (not yet downloaded)
R0E8C63DD77CB,Scopus,Governance for urban services in Vietnam,Thanh N.D.; Van Long P.; Giang N.K.,2020,10.1007/978-981-15-2973-3_11,https://www.scopus.com/pages/publications/85081565787?origin=resultslist,not_retrievable,,"paywalled per Unpaywall, no OA copy indexed"
R1C4163258B97,Scopus,Drinking water service delivery choices in Poland: Empirical analysis of impact factors,Szmigiel-Rawska K.; Łukomska J.,2020,,https://www.scopus.com/pages/publications/85087564946?origin=resultslist,no_oa_copy_found,,"No DOI in Scopus record; no matching DOI found via Crossref title search, no OA copy identifiable"
R7DE5FE6BC27C,Scopus,Rural water service delivery: Addressing the hidden development crisis,Horvey A.; Mukongo J.,2020,10.3362/1756-3488.19-00004,https://www.scopus.com/pages/publications/85105943453?origin=resultslist,not_retrievable,,"paywalled per Unpaywall, no OA copy indexed"
REC6425C03D7B,Scopus,Beyond the Usual Debate,Werchota R.,2020,10.1007/978-3-030-31383-8_3,https://www.scopus.com/pages/publications/85119260335?origin=resultslist,not_retrievable,,"paywalled per Unpaywall, no OA copy indexed"
R3ED39C5B7F5D,Scopus,Reconfiguring urban waterscape: Water Kiosks in Delhi as a new governance model,Sarkar U.D.; Choudhary B.K.,2020,10.2166/washdev.2020.152,https://www.scopus.com/pages/publications/85099123805?origin=resultslist,not_retrievable,https://iwaponline.com/washdev/article-pdf/10/4/996/829024/washdev0100996.pdf,OA PDF exists per Unpaywall but publisher streams it via a CDN domain (watermark*.silverchair.com) that is hard-blocked for automated browser interaction; not legitimately downloadable via available tools
RFD5A081230C5,Scopus,Scarcity amidst plenty: Lower himalayan cities struggling for water security,Ojha H.; Neupane K.R.; Pandey C.L.; Singh V.; Bajracharya R.; Dahal N.,2020,10.3390/w12020567,https://www.scopus.com/pages/publications/85081335589?origin=resultslist,oa_pdf_candidate,https://www.mdpi.com/2073-4441/12/2/567/pdf?version=1582102883,OA PDF located via Unpaywall (not yet downloaded)
R66871E6DA5D1,Scopus,A small improvement: Small cities lag in expanding household water coverage across urban India,Subramanyam N.,2020,10.2166/wp.2020.116,https://www.scopus.com/pages/publications/85089588404?origin=resultslist,not_retrievable,,"paywalled per Unpaywall, no OA copy indexed"
RE4B8992DC140,Scopus,"The sustainability and scalability of private sector sanitation delivery in urban informal settlement schools: A mixed methods follow up of a randomized trial in Nairobi, Kenya",Snyder J.S.; Prentice-Mott G.; Boera C.; Mwaki A.; Alexander K.T.; Freeman M.C.,2020,10.3390/ijerph17155298,https://www.scopus.com/pages/publications/85088675846?origin=resultslist,oa_pdf_candidate,https://www.mdpi.com/1660-4601/17/15/5298/pdf?version=1595500620,OA PDF located via Unpaywall (not yet downloaded)
R31F7BB4FD2AD,Scopus,Life-cycle costs approach for private piped water service delivery: A study in rural Viet Nam,Grant M.; Foster T.; Van Dinh D.; Willetts J.; Davis G.,2020,10.2166/washdev.2020.037,https://www.scopus.com/pages/publications/85099148905?origin=resultslist,oa_page_candidate,https://doi.org/10.2166/washdev.2020.037,"OA landing page located via Unpaywall, no direct PDF link (not yet downloaded)"
R2DA5E4A135EB,Scopus,"Bottling water differently, and sustaining the water commons? Social innovation through water service franchising in Cambodia",Lyne I.,2020,,https://www.scopus.com/pages/publications/85092184115?origin=resultslist,no_oa_copy_found,,"No DOI in Scopus record; no matching DOI found via Crossref title search, no OA copy identifiable"
RE2A16C9561C1,Scopus,Commercialisation as organised hypocrisy: The divergence of talk and action in water services in small towns in Uganda,Tutusaus M.; Schwartz K.,2020,,https://www.scopus.com/pages/publications/85087557907?origin=resultslist,no_oa_copy_found,,"No DOI in Scopus record; no matching DOI found via Crossref title search, no OA copy identifiable"
RFF0074EB6908,Scopus,Analysing Disparities in Access to Urban Basic Services under Decentralised Governance Evidence from West Bengal,Chattopadhyay S.; Das M.,2020,,https://www.scopus.com/pages/publications/85088113772?origin=resultslist,no_oa_copy_found,,"No DOI in Scopus record; no matching DOI found via Crossref title search, no OA copy identifiable"
R6938B010A8E7,Scopus,Water law and governance in post-conflict settings,Bruch C.; Weinthal E.; Troell J.,2020,10.1111/reel.12319,https://www.scopus.com/pages/publications/85078941418?origin=resultslist,not_retrievable,,"paywalled per Unpaywall, no OA copy indexed"
R9ABC6050547A,Scopus,Public Attitudes to Inequality in Water Distribution: Insights From Preferences for Water Reallocation From Irrigators to Aboriginal Australians,Jackson S.; Hatton MacDonald D.; Bark R.H.,2019,10.1029/2019WR025011,https://www.scopus.com/pages/publications/85071059952?origin=resultslist,oa_pdf_candidate,https://agupubs.onlinelibrary.wiley.com/doi/pdfdirect/10.1029/2019WR025011,OA PDF located via Unpaywall (not yet downloaded)
R2428752DF562,Scopus,"Lessons learned from the national sanitation campaign in Njombe district, Tanzania",Safari J.; Mohamed H.; Dimoso P.; Akyoo W.; Odhiambo F.; Mpete R.; Massa K.; Mwakitalima A.,2019,10.2166/washdev.2019.274,https://www.scopus.com/pages/publications/85078801157?origin=resultslist,oa_page_candidate,https://doi.org/10.2166/washdev.2019.274,"OA landing page located via Unpaywall, no direct PDF link (not yet downloaded)"
RAB0CE1247452,Scopus,"Performance of anaerobic baffled reactor for decentralized waste water treatment in urban Malang, Indonesia",Yulistyorini A.; Camargo-Valero M.A.; Sukarni S.; Suryoputro N.; Mujiyono M.; Santoso H.; Rahayu E.T.,2019,10.3390/pr7040184,https://www.scopus.com/pages/publications/85067486598?origin=resultslist,oa_pdf_candidate,https://www.mdpi.com/2227-9717/7/4/184/pdf?version=1556184443,OA PDF located via Unpaywall (not yet downloaded)
R132A30EE97F5,Scopus,Water services sustainability: Institutional arrangements and shared responsibilities,Jama A.A.; Mourad K.A.,2019,10.3390/su11030916,https://www.scopus.com/pages/publications/85061476556?origin=resultslist,oa_pdf_candidate,https://www.mdpi.com/2071-1050/11/3/916/pdf?version=1549982222,OA PDF located via Unpaywall (not yet downloaded)
RE5817EF78D59,Scopus,Application of Burke-Litwin model for capacity assessment of city corporations for sanitation services in Bangladesh,Ali M.A.; Rahman M.A.; Siddiqua S.N.; Begum F.; Shaheen A.; Rahman H.; Yousuf T.B.; Majumder A.; Rahman M.M.,2019,10.3362/1756-3488.19-00001,https://www.scopus.com/pages/publications/85080093952?origin=resultslist,not_retrievable,,"paywalled per Unpaywall, no OA copy indexed"
RDC446634BCB1,Scopus,Assessing the role of legal documentation in transboundary collaborations: A comparative analysis of water supply projects in hong kong and singapore,Xu J.; Zhao C.,2019,,https://www.scopus.com/pages/publications/85096133988?origin=resultslist,no_oa_copy_found,,"No DOI in Scopus record; no matching DOI found via Crossref title search, no OA copy identifiable"
R835937265185,Scopus,"""We don't drink the water here"": The reproduction of undrinkablewater for first Nations in Canada",Baijius W.; Patrick R.J.,2019,10.3390/w11051079,https://www.scopus.com/pages/publications/85066322790?origin=resultslist,oa_pdf_candidate,https://www.mdpi.com/2073-4441/11/5/1079/pdf?version=1558609415,OA PDF located via Unpaywall (not yet downloaded)
R363EC91C7699,Scopus,The impacts of socioeconomic development on rural drinkingwater safety in China: A provincial-level comparative analysis,Li H.; Cohen A.; Li Z.; Zhang M.,2019,10.3390/su11010085,https://www.scopus.com/pages/publications/85059189971?origin=resultslist,oa_pdf_candidate,https://www.mdpi.com/2071-1050/11/1/85/pdf?version=1545639467,OA PDF located via Unpaywall (not yet downloaded)
R33EC8B53721E,Scopus,Legitimization of the inclusion of cultural practices in the planning of water and sanitation services for displaced persons,Faure J.C.; Faust K.M.; Kaminsky J.,2019,10.3390/w11020359,https://www.scopus.com/pages/publications/85065061501?origin=resultslist,oa_pdf_candidate,https://www.mdpi.com/2073-4441/11/2/359/pdf?version=1550665055,OA PDF located via Unpaywall (not yet downloaded)
R0CF95E70945E,Scopus,Making space for practical authority: Policy formalization and the right to water in Mexico,Meehan K.,2019,10.4324/9780429453571-3,https://www.scopus.com/pages/publications/85083181507?origin=resultslist,not_retrievable,,"paywalled per Unpaywall, no OA copy indexed"
R365803888D74,Scopus,Mobilising finance for WASH: Getting the foundations right,Pories L.; Fonseca C.; Delmon V.,2019,10.3390/w11112425,https://www.scopus.com/pages/publications/85075554674?origin=resultslist,oa_pdf_candidate,https://www.mdpi.com/2073-4441/11/11/2425/pdf?version=1574259379,OA PDF located via Unpaywall (not yet downloaded)
RB5257A44EC80,Scopus,Reclaiming indigenous planning as a pathway to local water security,Patrick R.J.; Grant K.; Bharadwaj L.,2019,10.3390/w11050936,https://www.scopus.com/pages/publications/85066333485?origin=resultslist,oa_pdf_candidate,https://www.mdpi.com/2073-4441/11/5/936/pdf?version=1556872728,OA PDF located via Unpaywall (not yet downloaded)
R2ABF896EA8EB,Scopus,The enabling environment for participation in water and sanitation: A conceptual framework,Jiménez A.; LeDeunff H.; Giné R.; Sjödin J.; Cronk R.; Murad S.; Takane M.; Bartram J.,2019,10.3390/w11020308,https://www.scopus.com/pages/publications/85061510824?origin=resultslist,oa_pdf_candidate,https://www.mdpi.com/2073-4441/11/2/308/pdf?version=1550907799,OA PDF located via Unpaywall (not yet downloaded)
RA5E555B4E7F8,Scopus,Unmapped water access: Locating the role of religion in access to municipalwater supply in Ahmedabad,Mawani V.,2019,10.3390/w11061282,https://www.scopus.com/pages/publications/85068867457?origin=resultslist,oa_pdf_candidate,https://www.mdpi.com/2073-4441/11/6/1282/pdf?version=1560956134,OA PDF located via Unpaywall (not yet downloaded)
RA9DF78BB57C0,Scopus,"An analysis of water governance arrangements of metropolitan city in Chennai, Tamil Nadu",Thangamayan S.; Chandrachud S.; Sugumar S.N.,2019,10.5958/0976-5506.2019.00973.2,https://www.scopus.com/pages/publications/85074727299?origin=resultslist,not_retrievable,,"paywalled per Unpaywall, no OA copy indexed"
R29D2BA596302,Scopus,DIFFICULTY IN ACCESSING LOMÉ’S PERIPHERAL AREA TO PUBLIC DISTRIBUTION NETWORK WATER AND ALTERNATIVE SOLUTIONS; [DIFFICULTÉ D’ACCÈS DE LA ZONE PÉRIPHÉRIQUE DE LOMÉ À L’EAU DU RESEAU PUBLIC DE DISTRIBUTION ET SOLUTIONS ALTERNATIVES],Somadjago M.; Cissokho D.; Suka D.K.,2019,,https://www.scopus.com/pages/publications/85203813533?origin=resultslist,no_oa_copy_found,,"No DOI in Scopus record; no matching DOI found via Crossref title search, no OA copy identifiable"
R978BAFBB003E,Scopus,"Challenges of universal access: Health promotion strategy on pillar of open defecation free in Tirto village, Pekalongan, Central Java, Indonesia",Indriyani Y.; Yunanto Y.; Djohnson H.; Hargono R.,2019,10.5958/0976-5506.2019.00627.2,https://www.scopus.com/pages/publications/85064340516?origin=resultslist,not_retrievable,,"paywalled per Unpaywall, no OA copy indexed"
RFECC35AB2CCF,Scopus,"Sustaining High Performing Public Enterprises: Case Study of National Water and Sewerage Corporation, Uganda",Mugisha S.,2019,10.2166/9781789060256,https://www.scopus.com/pages/publications/85112074268?origin=resultslist,not_retrievable,,"paywalled per Unpaywall, no OA copy indexed"
RA2EBC84971C2,Scopus,Not built to last: Improving legal and institutional arrangements for community-based water and sanitation service delivery in Indonesia,Al'Afghani M.M.; Kohlitz J.; Willetts J.,2019,,https://www.scopus.com/pages/publications/85061992178?origin=resultslist,no_oa_copy_found,,"No DOI in Scopus record; no matching DOI found via Crossref title search, no OA copy identifiable"
REFA8FB60DA19,Scopus,"Water Consumption, Tariffs and Regulation",Hernández-Sancho F.,2019,10.2166/9781780404684,https://www.scopus.com/pages/publications/85079363522?origin=resultslist,not_retrievable,,"paywalled per Unpaywall, no OA copy indexed"
R014D93A818B8,Scopus,Towards a new paradigm in water management: Cochabamba’s water agenda from an ethical approach,Bellaubi F.; Bustamante R.,2018,10.3390/geosciences8050177,https://www.scopus.com/pages/publications/85047739441?origin=resultslist,oa_pdf_candidate,https://www.mdpi.com/2076-3263/8/5/177/pdf?version=1526315065,OA PDF located via Unpaywall (not yet downloaded)
RC111BAEBE167,Scopus,Service-level benchmarking: Some emerging global lessons for Indian water governance,Singh R.S.; Roy D.,2018,10.4324/9780429455766,https://www.scopus.com/pages/publications/85059358613?origin=resultslist,not_retrievable,,"paywalled per Unpaywall, no OA copy indexed"
R3A4DB9BCEBCF,Scopus,Organization and Community Management of Water for Domestic Use in a Rural Community in Nicaragua,Zavala-Figueroa J.M.; Velázquez-Zapata J.A.,2018,10.1007/978-3-319-70560-6_16,https://www.scopus.com/pages/publications/85071570051?origin=resultslist,not_retrievable,,"paywalled per Unpaywall, no OA copy indexed"
RA6188251C726,Scopus,Water price optimization after the Melamchi Water Supply Project: Ensuring affordability and equitability for consumer's water use and sustainability for utilities,Ojha R.; Thapa B.R.; Shrestha S.; Shindo J.; Ishidaira H.; Kazama F.,2018,10.3390/w10030249,https://www.scopus.com/pages/publications/85042739517?origin=resultslist,oa_pdf_candidate,https://www.mdpi.com/2073-4441/10/3/249/pdf?version=1519958143,OA PDF located via Unpaywall (not yet downloaded)
R33E4CEE682AC,Scopus,"Integrated Water Resources Management, Institutions and Livelihoods under Stress: Bottom-Up Perspectives from Zimbabwe",Mabiza C.C.,2018,10.1201/b14881,https://www.scopus.com/pages/publications/85141094357?origin=resultslist,wrong_file_retrieved,,"Correct title/author match (Mabiza 2013 PhD dissertation, 'Integrated Water Resources Management, Institutions and Livelihoods under Stress: Bottom-Up Perspectives from Zimbabwe'), but the delivered PDF is a truncated/preview edition containing only front matter, Chapter 1 (Introduction), and the References list -- the empirical Chapters 2-9 body text (including Chapter 4's Ward 1 waterpoint-committee case study, Chapter 7's Bulawayo urban-water contestation case, and Chapter 8's river basin planning case) is entirely absent from the extracted content. Confirmed via two independent extraction methods (Google Drive read_file_content and a raw-PDF download + pypdf page-by-page extraction across all 51 pages of the delivered file), both yielding the same ~145-150K-character content ending at the references list with no chapter-body text in between. Left open pending a complete/full-text re-retrieval of this dissertation -- not screened on the basis of incomplete content, per PROJECT_SPEC.md's rule against estimated/illustrative placeholder data."
R855E06BB5C3D,Scopus,The vital minimum amount of drinking water required in Ecuador,Moscoso A.M.; Feijó V.G.A.; Silva T.V.,2018,10.3390/resources7010015,https://www.scopus.com/pages/publications/85044110873?origin=resultslist,oa_pdf_candidate,https://www.mdpi.com/2079-9276/7/1/15/pdf?version=1519800540,OA PDF located via Unpaywall (not yet downloaded)
R04196EC4C972,Scopus,Performance improvement strategies for public sanitation infrastructure in Haridwar: A case of public toilets,Dahiya R.; Singh G.; Yadav N.,2018,,https://www.scopus.com/pages/publications/85054736042?origin=resultslist,no_oa_copy_found,,"No DOI in Scopus record; no matching DOI found via Crossref title search, no OA copy identifiable"
R93D7F84D81B3,Scopus,The elephant in the room: Informality in Tanzania’s rural waterscape,Katomero J.; Georgiadou Y.,2018,10.3390/ijgi7110437,https://www.scopus.com/pages/publications/85058046422?origin=resultslist,oa_pdf_candidate,https://www.mdpi.com/2220-9964/7/11/437/pdf?version=1541681688,OA PDF located via Unpaywall (not yet downloaded)
R2371010FE72E,Scopus,"Integrated Water Resources Management in Water-scarce Regions: Water Harvesting, Groundwater Desalination and Water Reuse in Namibia",Liehr S.; Kramm J.; Jokisch A.; Müller K.,2018,10.2166/9781780407913,https://www.scopus.com/pages/publications/85101313626?origin=resultslist,not_retrievable,,"paywalled per Unpaywall, no OA copy indexed"
R89B77B5F6948,Scopus,Transition management for improving the sustainability of WASH services in informal settlements in Sub-Saharan Africa-an exploration,Silvestri G.; Wittmayer J.M.; Schipper K.; Kulabako R.; Oduro-Kwarteng S.; Nyenje P.; Komakech H.; van Raak R.,2018,10.3390/su10114052,https://www.scopus.com/pages/publications/85055971334?origin=resultslist,oa_pdf_candidate,https://www.mdpi.com/2071-1050/10/11/4052/pdf?version=1541418850,OA PDF located via Unpaywall (not yet downloaded)
R893E21071519,Scopus,Local governance and management of health care services: A community based case study in rural odisha,Pujari S.,2018,10.5958/0976-5506.2018.01320.7,https://www.scopus.com/pages/publications/85056195586?origin=resultslist,not_retrievable,,"paywalled per Unpaywall, no OA copy indexed"
R8CE035AC2FBA,Scopus,Market solutions and inequalities in sanitation services access in Brazilian cities,de Oliveira A.,2018,,https://www.scopus.com/pages/publications/85059136427?origin=resultslist,no_oa_copy_found,,"No DOI in Scopus record; no matching DOI found via Crossref title search, no OA copy identifiable"
R31D5E0A569DF,Scopus,Global assessment of accountability in water and sanitation services using GLAAS data,Jiménez A.; Livsey J.; Åhlén I.; Scharp C.; Takane M.,2018,,https://www.scopus.com/pages/publications/85048123488?origin=resultslist,no_oa_copy_found,,"No DOI in Scopus record; no matching DOI found via Crossref title search, no OA copy identifiable"
R5540C8B76508,Scopus,Challenges of water accessibility in Peri-Urban areas in Tanzania: A case of Kigamboni Dar es Salaam,Juma M.; Nuhu S.; Juma F.B.,2018,,https://www.scopus.com/pages/publications/85050610211?origin=resultslist,no_oa_copy_found,,"No DOI in Scopus record; no matching DOI found via Crossref title search, no OA copy identifiable"
RCA75092414D1,Scopus,Auditing water management to achieve sustainable development in supply chain,Hamdan K.H.,2018,,https://www.scopus.com/pages/publications/85060843737?origin=resultslist,no_oa_copy_found,,"No DOI in Scopus record; no matching DOI found via Crossref title search, no OA copy identifiable"
R0A8DB1CB3779,Scopus,Comparing informal sector engagement across Pakistan's largest urban centers: Lessons in state and non-state engagement from Karachi and Lahore,Shaheen F.,2018,10.1007/978-981-13-0206-0_6,https://www.scopus.com/pages/publications/105008427109?origin=resultslist,not_retrievable,,"paywalled per Unpaywall, no OA copy indexed"
REC463A5AE1B2,Scopus,Assessing the sustainability of decentralized wastewater treatment systems in Rwanda,Kazora A.S.; Mourad K.A.,2018,10.3390/su10124617,https://www.scopus.com/pages/publications/85058053664?origin=resultslist,oa_pdf_candidate,https://www.mdpi.com/2071-1050/10/12/4617/pdf?version=1544782728,OA PDF located via Unpaywall (not yet downloaded)
RD1AA15964135,Scopus,Inconvenient human rights: Water and sanitation in Sweden’s informal Roma settlements,Davis M.F.; Ryan N.,2017,,https://www.scopus.com/pages/publications/85038246951?origin=resultslist,no_oa_copy_found,,"No DOI in Scopus record; no matching DOI found via Crossref title search, no OA copy identifiable"
R15CB317EBAB8,Scopus,Water and politics: Clientelism and reform in urban Mexico,Herrera V.,2017,,https://www.scopus.com/pages/publications/85028541069?origin=resultslist,not_retrievable,,"No DOI in Scopus; matched via Crossref (DOI 10.3998/mpub.9210462), paywalled per Unpaywall, no OA copy indexed"
R6F3B9DE9AD98,Scopus,"Water and conflict in Bombay hotel, Ahmedabad urban planning, governance and infrastructural violence",Desai R.; Sanghvi S.,2017,,https://www.scopus.com/pages/publications/85013270432?origin=resultslist,no_oa_copy_found,,"No DOI in Scopus record; no matching DOI found via Crossref title search, no OA copy identifiable"
R20A04973A441,Scopus,Viewpoint - Taking a multidimensional approach to small town water supply: The case of Paikgachha,Muniruzzaman I.K.; Mirza S.; Islam K.; Koli K.,2017,,https://www.scopus.com/pages/publications/85020299298?origin=resultslist,no_oa_copy_found,,"No DOI in Scopus record; no matching DOI found via Crossref title search, no OA copy identifiable"
R3B7CB6385E56,Scopus,"Cultivating innovation and equity in co-production of commercialized spring water in peri-urban Bandung, Indonesia",Nastiti A.; Meijerink S.V.; Oelmann M.; Smits A.J.M.; Muntalif B.S.; Sudradjat A.; Roosmini D.,2017,,https://www.scopus.com/pages/publications/85012911456?origin=resultslist,no_oa_copy_found,,"No DOI in Scopus record; no matching DOI found via Crossref title search, no OA copy identifiable"
RB8C0B5A1BB04,Scopus,Water service: The public stock company and territorial effects. the case of Apulia aqueduct; [Servizio idrico integrato: Società per azioni in house ed effetti territoriali. Il caso dell'Acquedotto pugliese],Ciervo M.,2017,,https://www.scopus.com/pages/publications/85031807933?origin=resultslist,no_oa_copy_found,,"No DOI in Scopus record; no matching DOI found via Crossref title search, no OA copy identifiable"
R28696F973EF4,Scopus,THE ART OF GOOD GOVERNANCE: Analysing water management success in Phnom Penh,Grant T.,2016,10.4324/9781315715919-22,https://www.scopus.com/pages/publications/85164982538?origin=resultslist,pending,,DOI not indexed by Unpaywall; needs manual/title search
R35FB60763E55,Scopus,On the temporal effects of static constitutional environmental rights provisions on access to improved sanitation facilities and water sources,Jeffords C.,2016,10.4337/jhre.2016.01.04,https://www.scopus.com/pages/publications/84963791233?origin=resultslist,not_retrievable,,"paywalled per Unpaywall, no OA copy indexed"
RBE126A48DC78,Scopus,A local public service: The action of small-scale private water providers to supply peripheral neighbourhoods in three African cities,Botton S.; Blanc A.,2016,10.4324/9781315618760-17,https://www.scopus.com/pages/publications/85107094442?origin=resultslist,pending,,DOI not indexed by Unpaywall; needs manual/title search
RBC8BB8389909,Scopus,"Rural drinking water systems. Institutions, organizations, government, administration and legitimacy; [Sistemas de agua potable rurales. Instituciones, organizaciones, gobierno, administración y legitimidad]",Galindo E.; Palerm J.,2016,,https://www.scopus.com/pages/publications/85030463832?origin=resultslist,no_oa_copy_found,,"No DOI in Scopus record; no matching DOI found via Crossref title search, no OA copy identifiable"
RDC5BD0E41BEE,Scopus,Sustainability of the public water supply and sewerage services operating system: A case study on the example of the Czech Republic,Hájek M.; Petružela L.,2016,10.1515/sab-2016-0006,https://www.scopus.com/pages/publications/84964959794?origin=resultslist,oa_page_candidate,https://doi.org/10.1515/sab-2016-0006,"OA landing page located via Unpaywall, no direct PDF link (not yet downloaded)"
R5F07B2DC4BA6,Scopus,"Water cooperatives in La Paz and El Alto, Bolivia: A complementary system",Poupeau F.; Hardy S.,2016,10.4324/9781315618760-18,https://www.scopus.com/pages/publications/85107107580?origin=resultslist,pending,,DOI not indexed by Unpaywall; needs manual/title search
RF788B25CFC3E,Scopus,"The problem of arsenic in water service in the Buenos Aires Province, Argentina. Analysis of judicial cases; [La problemática del arsénico en el servicio de agua en la provincia de Buenos Aires, Argentina. Análisis de casos jurisprudenciales]",Minaverry C.; Cáceres V.,2016,,https://www.scopus.com/pages/publications/84976871521?origin=resultslist,oa_page_candidate,https://doi.org/10.20937/rica.46846,"No DOI in Scopus; matched via Crossref (DOI 10.20937/rica.46846), OA landing page located via Unpaywall, no direct PDF link (not yet downloaded)"
R5282BED4489C,Scopus,The cartagena water supply; [L’approvisionnement d’eau à Cartagena]; [El abastecimiento de agua a Cartagena],Bernabé Crespo M.B.; Gómez Espín J.M.,2015,,https://www.scopus.com/pages/publications/85000580239?origin=resultslist,no_oa_copy_found,,"No DOI in Scopus record; no matching DOI found via Crossref title search, no OA copy identifiable"
R08037F07C5D9,Scopus,Water is life: Women’s human rights in national and local water governance in Southern and Eastern Africa,Hellum A.; Kameri-Mbote P.; van Koppen B.,2015,,https://www.scopus.com/pages/publications/85011729173?origin=resultslist,no_oa_copy_found,,"No DOI in Scopus record; no matching DOI found via Crossref title search, no OA copy identifiable"
R56AAF3CACD5B,Scopus,"Comparison of European water and wastewater prices, Part 1: Drinking water; [Vergleich Europäischer wasserund abwasserpreise: Teil 1: Trinkwasserpreise]",Lauruschkus F.; Rehberg J.,2015,,https://www.scopus.com/pages/publications/84953236021?origin=resultslist,no_oa_copy_found,,"No DOI in Scopus record; no matching DOI found via Crossref title search, no OA copy identifiable"
RA58BF19A53BD,Scopus,Water Pricing in Chile: Decentralization and Market Reforms,Donoso G.,2015,10.1007/978-3-319-16465-6_5,https://www.scopus.com/pages/publications/84995779162?origin=resultslist,not_retrievable,,"paywalled per Unpaywall, no OA copy indexed"
R85656DFD63A2,Scopus,Water Pricing in Colombia: From Bankruptcy to Full Cost Recovery,Fernández D.,2015,10.1007/978-3-319-16465-6_7,https://www.scopus.com/pages/publications/85060712807?origin=resultslist,not_retrievable,,"paywalled per Unpaywall, no OA copy indexed"
R7BAFE68AAA70,Scopus,"Planning Under Uncertainty: Climate Change, Water Scarcity and Health Issues in Leh Town, Ladakh, India",Gondhalekar D.; Nussbaum S.; Akhtar A.; Kebschull J.,2015,10.1007/978-3-319-12394-3_16,https://www.scopus.com/pages/publications/85042921664?origin=resultslist,not_retrievable,,"paywalled per Unpaywall, no OA copy indexed"
R9AA97AECE801,Scopus,Basic services for all in an urbanizing world,,2014,10.4324/9781315770581,https://www.scopus.com/pages/publications/84955414990?origin=resultslist,not_retrievable,,"paywalled per Unpaywall, no OA copy indexed"
R746C33035455,Scopus,The role of informal service providers in post-conflict reconstruction and state building,Allouche J.,2014,10.4324/9781849775809-11,https://www.scopus.com/pages/publications/85087262603?origin=resultslist,pending,,DOI not indexed by Unpaywall; needs manual/title search
REC5810E4F0E9,Scopus,"From private to public: Challenges in la Paz and El Alto, Bolivia",Poupeau F.,2014,10.1007/978-94-007-7323-3_16,https://www.scopus.com/pages/publications/84949178336?origin=resultslist,not_retrievable,,"paywalled per Unpaywall, no OA copy indexed"
R1A149EC2FBF8,Scopus,Inequalities and conflict: Water in Latin American cities,Fournier J.-M.,2014,10.1007/978-94-007-7323-3_15,https://www.scopus.com/pages/publications/84949177341?origin=resultslist,not_retrievable,,"paywalled per Unpaywall, no OA copy indexed"
R3D4018B79A26,Scopus,Poverty reduction and the human right to water and sanitation in Rural North China,Wang T.,2014,,https://www.scopus.com/pages/publications/84945248152?origin=resultslist,no_oa_copy_found,,"No DOI in Scopus record; no matching DOI found via Crossref title search, no OA copy identifiable"
R74100BBCD4C6,Scopus,"Challenges and Solutions for Urban-Tourist Water Supply on Mediterranean Tourist Islands: The Case of Majorca, Spain",Hof A.; Blázquez-Salom M.; Colom M.C.; Périz A.B.,2014,10.1007/978-3-319-07548-8_9,https://www.scopus.com/pages/publications/85145060599?origin=resultslist,not_retrievable,,"paywalled per Unpaywall, no OA copy indexed"
RAE482ED50F43,Scopus,Can mobile-enabled payment methods reduce petty corruption in urban water provision?,Krolikowski A.,2014,,https://www.scopus.com/pages/publications/84896892331?origin=resultslist,no_oa_copy_found,,"No DOI in Scopus record; no matching DOI found via Crossref title search, no OA copy identifiable"
R2018D426E682,Scopus,"Gender mainstreaming in integrated rural water supply and sanitation project in Mzimba, Malawi",Mwamsamali O.K.K.; Mayo A.W.,2014,10.2166/washdev.2014.111,https://www.scopus.com/pages/publications/84904747750?origin=resultslist,not_retrievable,,"paywalled per Unpaywall, no OA copy indexed"
RDA537B7BBB17,Scopus,Fecal sludge management (FSM): Analytical tools for assessing FSM in cities,Peal A.; Evans B.; Blackett I.; Hawkins P.; Heymans C.,2014,10.2166/washdev.2014.139,https://www.scopus.com/pages/publications/84907189566?origin=resultslist,wrong_file_retrieved,https://iwaponline.com/washdev/article-pdf/4/3/371/384956/371.pdf,"OA PDF exists per Unpaywall but publisher streams it via a CDN domain (watermark*.silverchair.com) that is hard-blocked for automated browser interaction; not legitimately downloadable via available tools Google Drive inbox delivery (2026-09-21) did not match this record: target is 'Fecal sludge management (FSM): Analytical tools for assessing FSM in cities', but the PDF delivered was Agbo, Jeffrey & Sule (2025), 'Evaluation of failings in urban water supply and sanitation systems in Sub-Saharan Africa: a systematic review to inform future planning', Journal of Water, Sanitation and Hygiene for Development 15(2):148-165, doi 10.2166/washdev.2025.267 -- confirmed via full-text read. This is itself a systematic review (secondary), not the target FSM tools paper. full_text_status was 'not_retrievable' (CDN-blocked); now 'wrong_file_retrieved'. Record left open pending correct retrieval."
R3467E75D5D0A,Scopus,"Local Public action and self-management practices in neighborhoods without piped water or sanitation, in the state of Chihuahua, México; [Acción pública local y prácticas autogestivas en colonias sin agua entubada ni saneamiento, en el estado de Chihuahua]",Bojórquez G.C.; Aguilar M.L.R.; Navarrete L.R.,2014,,https://www.scopus.com/pages/publications/84975687947?origin=resultslist,no_oa_copy_found,,"No DOI in Scopus record; no matching DOI found via Crossref title search, no OA copy identifiable"
RD033530EB729,Scopus,"Sanitation rights, Public law litigation, And inequality: A case study from Brazil",De Barcellos A.P.,2014,,https://www.scopus.com/pages/publications/84916885974?origin=resultslist,no_oa_copy_found,,"No DOI in Scopus record; no matching DOI found via Crossref title search, no OA copy identifiable"
R9C4A6F1304F3,Scopus,The sustainability of the water services in big metropolises: Lessons learnt from the EAU&3E research project; [La gestion durable des services d'eau potable dans les grandes villes: Enseignements du projet EAU&3E],Barraqué B.; Isnard L.,2014,10.1051/tsm/201404048,https://www.scopus.com/pages/publications/84899784805?origin=resultslist,not_retrievable,,"paywalled per Unpaywall, no OA copy indexed"
R39742F6CA63C,Scopus,Political ecology of potable water in Guangzhou: Actors and social vulnerabilities; [Politische Ökologie des Trinkwassers in Guangzhou: Akteure und soziale Verwundbarkeiten],Wehrhahn R.; Helten M.; Bercht A.L.,2013,,https://www.scopus.com/pages/publications/84885936607?origin=resultslist,no_oa_copy_found,,"No DOI in Scopus record; no matching DOI found via Crossref title search, no OA copy identifiable"
R0BC9D2E81E5A,Scopus,Operational and economic impacts of hurricane Irene on drinking water systems,Sham C.H.; Weidman R.; Rooke J.,2013,,https://www.scopus.com/pages/publications/84896670836?origin=resultslist,no_oa_copy_found,,"No DOI in Scopus record; no matching DOI found via Crossref title search, no OA copy identifiable"
RA9801F141888,Scopus,Slum upgrading strategies involving physical environment and infrastructure interventions and their effects on health and socio-economic outcomes,Turley R.; Saith R.; Bhan N.; Rehfuess E.; Carter B.,2013,10.1002/14651858.CD010067.pub2,https://www.scopus.com/pages/publications/84874918495?origin=resultslist,oa_page_candidate,https://pmc.ncbi.nlm.nih.gov/articles/PMC12423365/,"OA landing page located via Unpaywall, no direct PDF link (not yet downloaded)"
RA0A4C5728222,Scopus,"Sustainable management of water systems in Halaba Special Woreda, Ethiopia",Kocanda J.; Vaughan E.; Ayalew G.; Desalegn S.,2013,,https://www.scopus.com/pages/publications/85099525604?origin=resultslist,no_oa_copy_found,,"No DOI in Scopus record; no matching DOI found via Crossref title search, no OA copy identifiable"
R2604017137ED,Scopus,Public provisioning in water and sanitation study of urban slums in Delhi,Panda G.R.; Agarwala T.,2013,,https://www.scopus.com/pages/publications/84874136083?origin=resultslist,no_oa_copy_found,,"No DOI in Scopus record; no matching DOI found via Crossref title search, no OA copy identifiable"
R4C9362678E48,Scopus,Note from the field A case study on improving governance and accountability in primary schools in Kenya,Wasonga J.; Ojeny B.,2013,10.3362/1756-3488.2013.024,https://www.scopus.com/pages/publications/84880633362?origin=resultslist,not_retrievable,,"paywalled per Unpaywall, no OA copy indexed"
RB29E258A1586,Scopus,Analysis of trends in the performance of urban water utilities: A case study of Embu Water and Sanitation Company,Wakiru J.K.; Kayaga S.M.,2013,,https://www.scopus.com/pages/publications/85099524234?origin=resultslist,no_oa_copy_found,,"No DOI in Scopus record; no matching DOI found via Crossref title search, no OA copy identifiable"
RDF7B8A20B4E3,Scopus,Governance dynamics disabling the sustainability of community-managed point-water facilities in rural Uganda,Mugumya F.,2013,10.3318/ISIA.2013.24.16,https://www.scopus.com/pages/publications/84889656913?origin=resultslist,not_retrievable,,"paywalled per Unpaywall, no OA copy indexed"
R4453EA5C8B2F,Scopus,A learning approach for improving sanitation and hygiene services: Experiences from PILS in Northern Uganda,Bey V.,2013,,https://www.scopus.com/pages/publications/84891529364?origin=resultslist,no_oa_copy_found,,"No DOI in Scopus record; no matching DOI found via Crossref title search, no OA copy identifiable"
RED71C659CB3A,Scopus,Journey from fringe to centre asserting rights and dignity: Experiences of WASH intervention in India,Umar A.; Luckose M.; Jaiswal S.; Bhadauria D.,2013,,https://www.scopus.com/pages/publications/84891535134?origin=resultslist,no_oa_copy_found,,"No DOI in Scopus record; no matching DOI found via Crossref title search, no OA copy identifiable"
R494F2B4DE403,Scopus,"Population' access to drinking water, in areas vulnerable to nitrate pollution",Tevi G.; Vasilescu M.,2013,,https://www.scopus.com/pages/publications/84874869851?origin=resultslist,no_oa_copy_found,,"No DOI in Scopus record; no matching DOI found via Crossref title search, no OA copy identifiable"
R21CE9DB39993,Scopus,From adopt-a-project to permanent services: The evolution of water for people's approach to rural water supply in Bolivia,Fogelberg K.,2013,,https://www.scopus.com/pages/publications/84886939731?origin=resultslist,no_oa_copy_found,,"No DOI in Scopus record; no matching DOI found via Crossref title search, no OA copy identifiable"
R2DE9801FD80C,Scopus,Context-specific validation and introduction of technologies for sustainable WASH services,Kimera P.; Smet J.; Olschewskid A.; Parker A.,2013,,https://www.scopus.com/pages/publications/84891512675?origin=resultslist,no_oa_copy_found,,"No DOI in Scopus record; no matching DOI found via Crossref title search, no OA copy identifiable"
R8F05631CC8C9,Scopus,The impact of water governance levels on access to water for the most vulnerable: A case study from the Philippines,Lerebours A.,2013,,https://www.scopus.com/pages/publications/85099524832?origin=resultslist,no_oa_copy_found,,"No DOI in Scopus record; no matching DOI found via Crossref title search, no OA copy identifiable"
R758A75AE59C1,Scopus,Sanitation in informal settlements in East Africa (3ksan),Charles K.J.; Okurut K.; Tsinda A.; Adogo J.M.; Abbott P.; Okotto L.; Kulabako R.; Kaime T.; Chenoweth J.; Malcolm R.; Pedley S.,2013,,https://www.scopus.com/pages/publications/84891503283?origin=resultslist,no_oa_copy_found,,"No DOI in Scopus record; no matching DOI found via Crossref title search, no OA copy identifiable"
RBAF7A730DAE8,Scopus,M-governance: Use of technology in water service delivery in Kenya,Moraa H.; Salim A.; Otieno A.,2013,10.4018/978-1-4666-4900-2.ch013,https://www.scopus.com/pages/publications/84944872783?origin=resultslist,not_retrievable,,"paywalled per Unpaywall, no OA copy indexed"
R441EAF4DFFD2,Scopus,Municipal sanitation plans in Brazil as a tool for planning and cooperation to addressing the millennium development goals,Wartchow D.; Daronco G.C.,2013,,https://www.scopus.com/pages/publications/84951850985?origin=resultslist,no_oa_copy_found,,"No DOI in Scopus record; no matching DOI found via Crossref title search, no OA copy identifiable"
R671DD297E327,Scopus,"Disjuncture between economic policy and sustainable use of natural resources: Water case studies in Sonora, Mexico",Browning-Aiken A.,2012,,https://www.scopus.com/pages/publications/84905886796?origin=resultslist,not_retrievable,,"No DOI in Scopus; matched via Crossref (DOI 10.5876/9781607321729.c007), paywalled per Unpaywall, no OA copy indexed"
RECD6E1F9163C,Scopus,"Land security and the challenges of realizing the human right to water and sanitation in the slums of Mumbai, India",Murthy S.L.,2012,,https://www.scopus.com/pages/publications/84871502018?origin=resultslist,no_oa_copy_found,,"No DOI in Scopus record; no matching DOI found via Crossref title search, no OA copy identifiable"
R0DF9468FC154,Scopus,Transforming Urban Water Supplies in India: The role of reform and partnerships in globalization,Gopakumar G.,2012,10.4324/9780203803998,https://www.scopus.com/pages/publications/85134862873?origin=resultslist,not_retrievable,,"paywalled per Unpaywall, no OA copy indexed"
RF38DAB41F8F8,Scopus,Regulating water and sanitation for the poor: Economic regulation for public and private partnerships,Franceys R.; Gerlach E.,2012,10.4324/9781849772310,https://www.scopus.com/pages/publications/84925695297?origin=resultslist,not_retrievable,,"paywalled per Unpaywall, no OA copy indexed"
R3A1EB80FA37D,Scopus,"Observations of drinking water access in school food service areas before implementation of federal and state school water policy, California, 2011",Patel A.I.; Chandran K.; Hampton K.E.; Hecht K.; Grumbach J.M.; Kimura A.T.; Braff-Guajardo E.; Brindis C.D.,2012,10.5888/pcd9.110315,https://www.scopus.com/pages/publications/84866889173?origin=resultslist,oa_page_candidate,https://doi.org/10.5888/pcd9.110315,"OA landing page located via Unpaywall, no direct PDF link (not yet downloaded)"
R6E6A692D35CF,Scopus,Institutionalising Community-Led Action for Sanitary Surveillance (CLASS) through the launch of a reward scheme,Vinod Kumar Mishra A.; Shukia B.I.P.,2011,,https://www.scopus.com/pages/publications/84891654223?origin=resultslist,no_oa_copy_found,,"No DOI in Scopus record; no matching DOI found via Crossref title search, no OA copy identifiable"
R6D069078371B,Scopus,Water Services in South Africa 1994–2009,Eales K.,2011,10.1007/978-90-481-9367-7_3,https://www.scopus.com/pages/publications/84918862920?origin=resultslist,not_retrievable,,"paywalled per Unpaywall, no OA copy indexed"
RAAF6CC9EEAB3,Scopus,The impact of a new regulatory framework upon water management in Spain. The company Aguas de La Coruña S.A. (1975-2008); [El impacto del nuevo marco regulador sobre la gestión del agua en España. El caso de Aguas de La Coruña S.A. (1975-2008)],Araujo J.M.; Sánchez C.P.; Veiga G.R.,2011,,https://www.scopus.com/pages/publications/80053003572?origin=resultslist,no_oa_copy_found,,"No DOI in Scopus record; no matching DOI found via Crossref title search, no OA copy identifiable"
RA3346A12EC7F,Scopus,Participation as citizenship or payment? A case study of rural drinking water governance in Mali,Jones S.,2011,,https://www.scopus.com/pages/publications/79551667275?origin=resultslist,no_oa_copy_found,,"No DOI in Scopus record; no matching DOI found via Crossref title search, no OA copy identifiable"
R2EBBF2C7D3AE,Scopus,Implementing the right to water in Paris; [La mise en ceuvre du droit à I'eau à Paris],Smets H.,2011,,https://www.scopus.com/pages/publications/79955491856?origin=resultslist,no_oa_copy_found,,"No DOI in Scopus record; no matching DOI found via Crossref title search, no OA copy identifiable"
RED2F5DDD1F80,Scopus,Fighting a different battle - Sanitation,Henry C.; McCarthy B.,2011,,https://www.scopus.com/pages/publications/80052561318?origin=resultslist,no_oa_copy_found,,"No DOI in Scopus record; no matching DOI found via Crossref title search, no OA copy identifiable"
R93AC00BD10E7,Scopus,Water engineering: A challenge for sustainable development for vulnerable communities-case Colombia,Ramirez M.C.; Maldonado A.; Calvo D.; Gonzalez M.A.; Caicedo L.C.; Gereda D.; Muñoz F.,2011,,https://www.scopus.com/pages/publications/84895408790?origin=resultslist,no_oa_copy_found,,"No DOI in Scopus record; no matching DOI found via Crossref title search, no OA copy identifiable"
RF64B0D838A6C,Scopus,Supporting simple and effective rural water supply monitoring by local government in Malawi,Scott O.,2011,,https://www.scopus.com/pages/publications/84891655966?origin=resultslist,no_oa_copy_found,,"No DOI in Scopus record; no matching DOI found via Crossref title search, no OA copy identifiable"
R58E83E4193E6,Scopus,The human right to water and its application in the occupied palestinian territories,Cahill-Ripley A.,2011,10.4324/9780203827857,https://www.scopus.com/pages/publications/84909344467?origin=resultslist,wrong_file_retrieved,,"Title/author confirmed matching (Cahill-Ripley 2011, 'The Human Right to Water and its Application in the Occupied Palestinian Territories,' Routledge). However, the delivered PDF's extracted text (117K characters) contains only front matter/Introduction and the full Bibliography/List of Treaties -- Chapters 1-7, including the book's entire empirical Chapter 6 case study (45 semi-structured interviews in the southern West Bank, Table 6.1 WHO sufficiency analysis, Table 6.2 violations summary), are missing from the extraction. Zero '[Page N]' markers appear anywhere in the extracted text, unlike every other PDF read this session, suggesting a genuinely incomplete/corrupted delivered file rather than an extraction-tool artifact. Same handling as the R33E4CEE682AC (Mabiza dissertation) precedent: flagged wrong_file_retrieved, left open, pending a complete re-retrieval."
RF338E7E3DEA9,Scopus,Environment protection and the India's Eleventh Five-Year Plan,Kamble P.S.; Awaghade B.D.,2011,,https://www.scopus.com/pages/publications/79953106245?origin=resultslist,no_oa_copy_found,,"No DOI in Scopus record; no matching DOI found via Crossref title search, no OA copy identifiable"
R6C0638AC2F78,Scopus,Oral vaccines for preventing cholera,Sinclair D.; Abba K.; Zaman K.; Qadri F.; Graves P.M.,2011,10.1002/14651858.CD008603.pub2,https://www.scopus.com/pages/publications/79953270988?origin=resultslist,oa_page_candidate,https://www.ncbi.nlm.nih.gov/pmc/articles/6532691,"OA landing page located via Unpaywall, no direct PDF link (not yet downloaded)"
REA378333CF37,Scopus,"Capturing Indian bodies, hearths, and minds: The gendered politics of rural school reform in Bolivia, 1920s-1940s",Larson B.,2011,,https://www.scopus.com/pages/publications/70350085993?origin=resultslist,no_oa_copy_found,,"No DOI in Scopus record; no matching DOI found via Crossref title search, no OA copy identifiable"
R6A02BABD8F82,Scopus,Government financing of health in India,Vyasulu V.,2011,,https://www.scopus.com/pages/publications/79955557111?origin=resultslist,no_oa_copy_found,,"No DOI in Scopus record; no matching DOI found via Crossref title search, no OA copy identifiable"
RC579B61E2FC8,Scopus,An assessment of effective organizational-administrative factors in strengthening the work's ethic,Akbar E.; Saeid S.; Saeid A.,2011,,https://www.scopus.com/pages/publications/79961232440?origin=resultslist,no_oa_copy_found,,"No DOI in Scopus record; no matching DOI found via Crossref title search, no OA copy identifiable"
RAA872E2EA9FF,Scopus,Factors underlying college students' choice of home stay accommodation while travelling,Hsu S.-L.; Lin Y.-M.,2011,,https://www.scopus.com/pages/publications/84860375355?origin=resultslist,no_oa_copy_found,,"No DOI in Scopus record; no matching DOI found via Crossref title search, no OA copy identifiable"
R83EB94D06BE1,Scopus,Water infrastructure needs and investment: Review and analysis of key issues,Copeland C.; Tiemann M.,2011,,https://www.scopus.com/pages/publications/84946906363?origin=resultslist,no_oa_copy_found,,"No DOI in Scopus record; no matching DOI found via Crossref title search, no OA copy identifiable"
R351A2824CA79,Scopus,Guidance for water loss reduction; [Réduction des pertes en eau],Albaladejo H.; Berthault D.; Bulleryal E.; Cousin A.-C.; De The C.; Ginsburger C.; Lehembre D.; Mozer S.; Nirsimloo K.; Renaud E.; Taisne R.; Thouverez E.,2011,,https://www.scopus.com/pages/publications/84855712797?origin=resultslist,no_oa_copy_found,,"No DOI in Scopus record; no matching DOI found via Crossref title search, no OA copy identifiable"
R893234AFA905,Scopus,"Are roof tanks pro-poor service levels? A case study from eThekwini (Durban), South Africa",Brunner N.; Essl L.; Gounden T.; Mbatha S.; Ngubane N.; Starkl M.,2010,10.2316/p.2010.686-043,https://www.scopus.com/pages/publications/84858660525?origin=resultslist,not_retrievable,,"paywalled per Unpaywall, no OA copy indexed"
R07C4DC6213A6,Scopus,Private-Sector Participation in Water and Sanitation Services: The Answer to Public Sector Failures?,Castro J.E.,2010,10.1007/978-3-642-04615-5_9,https://www.scopus.com/pages/publications/85071471960?origin=resultslist,not_retrievable,,"paywalled per Unpaywall, no OA copy indexed"
RCD554221B2C5,Scopus,Multiple-use services as an alternative to rural water supply services: A characterisation of the approach,Smits S.; van Koppen B.; Moriarty P.; Butterworth J.,2010,,https://www.scopus.com/pages/publications/77956626346?origin=resultslist,no_oa_copy_found,,"No DOI in Scopus record; no matching DOI found via Crossref title search, no OA copy identifiable"
R037DC2F7B16A,Scopus,Providing Sustainable Sanitation,Fenner R.; Flores A.,2010,10.1002/9780470972847.ch12,https://www.scopus.com/pages/publications/84886063322?origin=resultslist,not_retrievable,,"paywalled per Unpaywall, no OA copy indexed"
R84C53827AA21,Scopus,"Economic regulation of the australian water sector past, present and future",Liggins P.,2010,,https://www.scopus.com/pages/publications/77958001113?origin=resultslist,no_oa_copy_found,,"No DOI in Scopus record; no matching DOI found via Crossref title search, no OA copy identifiable"
R0CAD9EDC202F,Scopus,"Human rights assessment in Parc jean Marie Vincent, Port-au-prince, Haiti",Cullen K.A.; Ivers L.C.,2010,,https://www.scopus.com/pages/publications/78650794833?origin=resultslist,no_oa_copy_found,,"No DOI in Scopus record; no matching DOI found via Crossref title search, no OA copy identifiable"
RAE888898E281,Scopus,Planning clinics: A primer,Khurian M.,2010,10.1007/978-90-481-9425-4_12,https://www.scopus.com/pages/publications/84892309136?origin=resultslist,not_retrievable,,"paywalled per Unpaywall, no OA copy indexed"
R62233FB11483,Scopus,Field demonstration of a high-performing chemical process for removing toxic metals and nitrate in the Flue Gas Desulfurization (FGD) wastewater,Teng X.; Huang Y.H.,2010,,https://www.scopus.com/pages/publications/79952254972?origin=resultslist,no_oa_copy_found,,"No DOI in Scopus record; no matching DOI found via Crossref title search, no OA copy identifiable"
R975C44396921,Scopus,"Peri-urban water and sanitation services: Policy, planning and method",Kurian M.; McCarney P.,2010,10.1007/978-90-481-9425-4,https://www.scopus.com/pages/publications/84892306224?origin=resultslist,not_retrievable,,"paywalled per Unpaywall, no OA copy indexed"
RDA5EF90584F8,Scopus,California water law and related legal authority affecting the sacramento-San Joaquin Delta,Brougher C.,2010,,https://www.scopus.com/pages/publications/85026501725?origin=resultslist,no_oa_copy_found,,"No DOI in Scopus record; no matching DOI found via Crossref title search, no OA copy identifiable"
RD76FC399F66C,Scopus,Transforming water supply regimes in India: Do public-private partnerships have a role to play?,Gopakumar G.,2010,,https://www.scopus.com/pages/publications/78649488819?origin=resultslist,no_oa_copy_found,,"No DOI in Scopus record; no matching DOI found via Crossref title search, no OA copy identifiable"
R56490574F032,Scopus,Decision-making case history for municipal infrastructure improvements,Gilbert L.N.; Stark J.; Guthikonda G.; Hoepken J.,2010,,https://www.scopus.com/pages/publications/77956972079?origin=resultslist,no_oa_copy_found,,"No DOI in Scopus record; no matching DOI found via Crossref title search, no OA copy identifiable"
R91DE84F0EC52,Scopus,The state in india after liberalization: Interdisciplinary perspectives,Gupta A.; Sivaramakrishnan K.,2010,10.4324/9780203846858,https://www.scopus.com/pages/publications/84917055696?origin=resultslist,not_retrievable,,"paywalled per Unpaywall, no OA copy indexed"
RFEE962BD6DAD,Scopus,Urban partnership approaches: A WSUP update,Bevan J.; Franceys R.,2009,,https://www.scopus.com/pages/publications/84891414663?origin=resultslist,no_oa_copy_found,,"No DOI in Scopus record; no matching DOI found via Crossref title search, no OA copy identifiable"
RCD35B77EDFE1,Scopus,Ensuring access to urban water for slum dwellers: An institutional synthesis of low income cities in Bangladesh,Swapan M.S.H.; Ahmed S.,2009,,https://www.scopus.com/pages/publications/79952307749?origin=resultslist,not_retrievable,,"No DOI in Scopus; matched via Crossref (DOI 10.1201/9780203884102-98), paywalled per Unpaywall, no OA copy indexed"
RE5C928587BA7,Scopus,State regulatory frameworks for basic sanitation in Brazil; [Marcos regulatórios estaduais em saneamento básico no Brasil],Galvão Junior A.C.; Nishio S.R.; Bouvier B.B.; Turolla F.A.,2009,,https://www.scopus.com/pages/publications/67649763943?origin=resultslist,no_oa_copy_found,,"No DOI in Scopus record; no matching DOI found via Crossref title search, no OA copy identifiable"
R80662D1B2A50,Scopus,Millennium Development Goals and the role of panchayats : Exploring through west bengal case,Ghosh D.K.,2009,,https://www.scopus.com/pages/publications/70449572006?origin=resultslist,no_oa_copy_found,,"No DOI in Scopus record; no matching DOI found via Crossref title search, no OA copy identifiable"
R8DCF8DEDE741,Scopus,Australia's western corridor recycled water project - Regulation of an indirect potable recycling scheme down under,Walker T.; Roux A.; Zavlanos V.; Bowen B.,2009,,https://www.scopus.com/pages/publications/84874741173?origin=resultslist,no_oa_copy_found,,"No DOI in Scopus record; no matching DOI found via Crossref title search, no OA copy identifiable"
R959FDBAAF44F,Scopus,Urban waterfront development patterns: Water as a structuring element of urbanity,Shrestha B.K.; Shrestha S.,2009,,https://www.scopus.com/pages/publications/79952294750?origin=resultslist,not_retrievable,,"No DOI in Scopus; matched via Crossref (DOI 10.1201/9780203884102-19), paywalled per Unpaywall, no OA copy indexed"
R802AAEF5465F,Scopus,Sustainability for security: Vulnerability assessments of Michigan water utilities - Where are we today?,Skadsen J.; Babcock R.; Mikelonis A.; Bennett J.,2009,,https://www.scopus.com/pages/publications/84873514062?origin=resultslist,no_oa_copy_found,,"No DOI in Scopus record; no matching DOI found via Crossref title search, no OA copy identifiable"
RA53680C840E0,Scopus,"Maintenance of drainage system infrastructure in Butare Town, Rwanda",Karangwa A.,2009,,https://www.scopus.com/pages/publications/79952304065?origin=resultslist,not_retrievable,,"No DOI in Scopus; matched via Crossref (DOI 10.1201/b10996-20), paywalled per Unpaywall, no OA copy indexed"
R26752BE1C207,Scopus,"Europeanisation and the rescaling of water services: Agency and state spatial strategies in the Algarve, Portugal",Thiel A.,2009,,https://www.scopus.com/pages/publications/67651123007?origin=resultslist,no_oa_copy_found,,"No DOI in Scopus record; no matching DOI found via Crossref title search, no OA copy identifiable"
RF7058FFCA090,Scopus,Hazardous waste management system; Identification and listing of hazardous waste; Final exclusion,,2009,,https://www.scopus.com/pages/publications/65349100463?origin=resultslist,no_oa_copy_found,,"No DOI in Scopus record; no matching DOI found via Crossref title search, no OA copy identifiable"
R2D6804041AA0,Scopus,CALFED bay-delta program: Overview of institutional and water use issues,Sheikh P.A.; Cody B.A.,2009,,https://www.scopus.com/pages/publications/85049077420?origin=resultslist,no_oa_copy_found,,"No DOI in Scopus record; no matching DOI found via Crossref title search, no OA copy identifiable"
R7F3F17DD0C6D,Scopus,Beyond bureaucracy? Assessing institutional change in the governance of water in England,Watson N.; Deeming H.; Treffny R.,2009,,https://www.scopus.com/pages/publications/77951264778?origin=resultslist,no_oa_copy_found,,"No DOI in Scopus record; no matching DOI found via Crossref title search, no OA copy identifiable"
R8B0C6D84F0F3,Scopus,"The sustainability of water supply schemes in Mirab Abaya and Alaba Special Woreda, SNNPRS, Ethiopia",Jeths M.; Haylamicheal I.D.; Abebe H.A.,2009,,https://www.scopus.com/pages/publications/85099525034?origin=resultslist,no_oa_copy_found,,"No DOI in Scopus record; no matching DOI found via Crossref title search, no OA copy identifiable"
R31FDE48C55CA,Scopus,Inverse modelling of aquitard structures using pilot points and regularisation,Wiese B.; Nützmann G.,2008,,https://www.scopus.com/pages/publications/55249087628?origin=resultslist,no_oa_copy_found,,"No DOI in Scopus record; no matching DOI found via Crossref title search, no OA copy identifiable"
RF4750E656C04,Scopus,Application of DBO model to waste water treatment plants in small towns,Wenjie Q.,2008,,https://www.scopus.com/pages/publications/84928948740?origin=resultslist,no_oa_copy_found,,"No DOI in Scopus record; no matching DOI found via Crossref title search, no OA copy identifiable"
REEB1EECF159B,Scopus,Reuse of purified waste water by the combination of biological and membrane processes. PRECODD 2006 programme; [Réutilisation des eaux usées épurées par association de procédés biologiques et membranaires Programme PRECODD 2006],Darras H.; Jacob M.; Gulgul C.; Cabassud C.; Racault Y.; Husson A.; Lavison G.; Moulin L.; Rauzy S.,2008,,https://www.scopus.com/pages/publications/77953175296?origin=resultslist,not_retrievable,,"No DOI in Scopus; matched via Crossref (DOI 10.1051/water/2009004), paywalled per Unpaywall, no OA copy indexed"
R4CE2FFCA0C55,Scopus,"Maintenance of drainage system infrastructure in Butare town, Rwanda",Karangwa A.,2008,,https://www.scopus.com/pages/publications/85056320443?origin=resultslist,not_retrievable,,"No DOI in Scopus; matched via Crossref (DOI 10.1201/b10996-20), paywalled per Unpaywall, no OA copy indexed"
R87153109CDCE,Scopus,"The water moratorium: Takings, markets, and public choice implications of water districts",Callagy S.,2008,,https://www.scopus.com/pages/publications/53649105268?origin=resultslist,no_oa_copy_found,,"No DOI in Scopus record; no matching DOI found via Crossref title search, no OA copy identifiable"
R58189D662CAB,Scopus,Addressing the need for water service delivery in Fragile States the case of German donor involvement in Yemen,Lindemann S.,2008,10.1007/978-3-540-76707-7_16,https://www.scopus.com/pages/publications/84891401905?origin=resultslist,not_retrievable,,"paywalled per Unpaywall, no OA copy indexed"
R3C05153D3A6A,Scopus,A new global sanitary revolution: Lessons from the past,Fawcett B.; Black M.,2008,,https://www.scopus.com/pages/publications/84891905019?origin=resultslist,no_oa_copy_found,,"No DOI in Scopus record; no matching DOI found via Crossref title search, no OA copy identifiable"
RD5FF0A504F13,Scopus,The political economy of water and sanitation services in Colombia,Krause M.,2008,10.1007/978-3-540-76707-7_11,https://www.scopus.com/pages/publications/84891433443?origin=resultslist,not_retrievable,,"paywalled per Unpaywall, no OA copy indexed"
R6D45F9C7DD0C,Scopus,An investigation into linkages between tenure and urban sanitation development,Scott P.,2008,,https://www.scopus.com/pages/publications/84891925598?origin=resultslist,no_oa_copy_found,,"No DOI in Scopus record; no matching DOI found via Crossref title search, no OA copy identifiable"
R0F5EC4C60A62,Scopus,Water tariff setting and challenges for meeting water coverage target of millennium development goals in Ghana,Siabi W.K.; Tambro P.E.P.,2008,,https://www.scopus.com/pages/publications/84891935051?origin=resultslist,no_oa_copy_found,,"No DOI in Scopus record; no matching DOI found via Crossref title search, no OA copy identifiable"
RC29923502420,Scopus,"Drinking water policy, water rights and allocation practice in rural Northern Ghana",Eguavoen I.,2008,,https://www.scopus.com/pages/publications/84891948477?origin=resultslist,no_oa_copy_found,,"No DOI in Scopus record; no matching DOI found via Crossref title search, no OA copy identifiable"
RF62C9009B097,Scopus,Private sector participation in water supply and sanitation a contribution to attaining the millennium development goals or merely the export of old solutions?,Kluge T.; Scheele U.,2008,10.1007/978-3-540-76707-7_9,https://www.scopus.com/pages/publications/79952029619?origin=resultslist,not_retrievable,,"paywalled per Unpaywall, no OA copy indexed"
R8193950719DC,Scopus,"Faecal sludge management in Accra, Ghana: Strengthening links in the chain",Boot N.L.D.; Scott R.E.,2008,,https://www.scopus.com/pages/publications/84891909069?origin=resultslist,no_oa_copy_found,,"No DOI in Scopus record; no matching DOI found via Crossref title search, no OA copy identifiable"
RFFFA5FF2C13B,Scopus,Domestic water supply in Accra: How physical and social constraints to planning have greater consequences for the poor,Van Rooijen D.J.; Spalthoff D.; Raschid-Sally L.,2008,,https://www.scopus.com/pages/publications/84891903883?origin=resultslist,no_oa_copy_found,,"No DOI in Scopus record; no matching DOI found via Crossref title search, no OA copy identifiable"
R59CEA15787E2,Scopus,Principles for mainstreaming gender equality in the South African rural water services sector,Rust U.A.,2008,,https://www.scopus.com/pages/publications/76249098092?origin=resultslist,no_oa_copy_found,,"No DOI in Scopus record; no matching DOI found via Crossref title search, no OA copy identifiable"
R42FDB078CD53,Scopus,Differential mortality across the United States: The influence of place-based inequality,McLaughlin D.K.; Stokes C.S.; Smith P.J.; Nonoyama A.,2007,,https://www.scopus.com/pages/publications/70349512520?origin=resultslist,not_retrievable,,"No DOI in Scopus; matched via Crossref (DOI 10.1515/9780791479971-007), paywalled per Unpaywall, no OA copy indexed"
R5306077E4DB1,Scopus,Institutional governance and regulation of water services,Rouse M.,2007,,https://www.scopus.com/pages/publications/34547927561?origin=resultslist,not_retrievable,,"No DOI in Scopus; matched via Crossref (DOI 10.2166/9781780401973), paywalled per Unpaywall, no OA copy indexed"
RA09BB1B16E72,Scopus,"Social evils, poverty & health",Gupta R.; Kumar P.,2007,,https://www.scopus.com/pages/publications/36749041995?origin=resultslist,no_oa_copy_found,,"No DOI in Scopus record; no matching DOI found via Crossref title search, no OA copy identifiable"
R03EED1E02A0F,Scopus,Poland: Warta basin,Blomquist W.; Tonderski A.; Dinar A.,2007,10.1007/978-3-540-28355-3_10,https://www.scopus.com/pages/publications/84889984258?origin=resultslist,not_retrievable,,"paywalled per Unpaywall, no OA copy indexed"
RF95F6CFA8080,Scopus,Institutional capacity building in rural watsan sector in Afghanistan,Safi M.A.,2007,,https://www.scopus.com/pages/publications/84891286474?origin=resultslist,no_oa_copy_found,,"No DOI in Scopus record; no matching DOI found via Crossref title search, no OA copy identifiable"
RB3112F501BD6,Scopus,Accommodating the traveller community,Silke D.,2007,10.1007/978-1-4020-5674-1_13,https://www.scopus.com/pages/publications/84892279452?origin=resultslist,not_retrievable,,"paywalled per Unpaywall, no OA copy indexed"
RF73BD5B42FC4,Scopus,Waste water issues in the federation of Bosnia and Herzegovina; [Problematika otpadnih voda u federaciji Bosne i Hercegovine],Bajraktarević-Dobran H.; Jusić S.; Serdarević A.,2006,,https://www.scopus.com/pages/publications/33645520527?origin=resultslist,no_oa_copy_found,,"No DOI in Scopus record; no matching DOI found via Crossref title search, no OA copy identifiable"
RD94A983AD34F,Scopus,"Public, ""club"" and individual management of natural resources: The case of domestic rainwater tanks in Belgium",Cornut P.; Aubin D.; Van Criekingen M.; Dubois O.; Dessouroux C.; Decroly J.-M.,2006,,https://www.scopus.com/pages/publications/34249779533?origin=resultslist,no_oa_copy_found,,"No DOI in Scopus record; no matching DOI found via Crossref title search, no OA copy identifiable"
R643AC2D2A6A8,Scopus,The viability of decentralized water and sanitation provision in developing countries: The case of Honduras,Pearce-Oroz G.,2006,10.2166/wp.2005.028,https://www.scopus.com/pages/publications/31744442142?origin=resultslist,pending,,DOI not indexed by Unpaywall; needs manual/title search
R7FE3FC387D42,Scopus,Metric and process benchmarking for utility optimisation,Milnes D.,2006,,https://www.scopus.com/pages/publications/33751161256?origin=resultslist,no_oa_copy_found,,"No DOI in Scopus record; no matching DOI found via Crossref title search, no OA copy identifiable"
RDBC6B357D9C5,Scopus,Appropriate administrative structures in harnessing water resources for sustainable growth in Nigeria,Oyebande L.,2006,10.4314/jmg.v42i1.18841,https://www.scopus.com/pages/publications/33746577329?origin=resultslist,not_retrievable,,"paywalled per Unpaywall, no OA copy indexed"
R07994BFD6F19,Scopus,8th International Conference on Computing and Control for the Water Industry,,2005,,https://www.scopus.com/pages/publications/84906217040?origin=resultslist,no_oa_copy_found,,"No DOI in Scopus record; no matching DOI found via Crossref title search, no OA copy identifiable"
R0F96663F118E,Scopus,"Institutions, performance, and the financing of infrastructure services in the Caribbean",Jha A.K.,2005,,https://www.scopus.com/pages/publications/23344450341?origin=resultslist,oa_pdf_candidate,https://elibrary.worldbank.org/doi/epdf/10.1596/978-0-8213-6280-8,"No DOI in Scopus; matched via Crossref (DOI 10.1596/978-0-8213-6280-8), OA PDF located via Unpaywall (not yet downloaded)"
RD2AA51B666DF,Scopus,Water and sanitation policies for improving health in South Africa: Overcoming the institutional legacy of apartheid,Sinanovic E.; Mbatsha S.; Gundry S.; Wright J.; Rehnberg C.,2005,10.2166/wp.2005.0038,https://www.scopus.com/pages/publications/28944450039?origin=resultslist,not_retrievable,,"paywalled per Unpaywall, no OA copy indexed"
R0252F2E832B6,Scopus,Capacity building for improved performance of water and sanitation NGOS/CBOS in Uganda,Paul D.D.; Sam K.,2005,,https://www.scopus.com/pages/publications/84891435279?origin=resultslist,no_oa_copy_found,,"No DOI in Scopus record; no matching DOI found via Crossref title search, no OA copy identifiable"
R996C1A12EAB7,Scopus,Complexities of water governance: Rise and fall of groundwater for urban use,Regmi A.,2005,,https://www.scopus.com/pages/publications/84920000962?origin=resultslist,not_retrievable,,"No DOI in Scopus; matched via Crossref (DOI 10.36019/9780813537849-008), paywalled per Unpaywall, no OA copy indexed"
RD1A02EFB3D64,Scopus,"Governance for water and sanitation services in low-income settlements: Experiences with partnership-based management in Moreno, Buenos Aires",Hardoy A.; Hardoy J.; Pandiella G.; Urquiza G.,2005,10.1630/0956247053633764,https://www.scopus.com/pages/publications/18144393799?origin=resultslist,not_retrievable,,"paywalled per Unpaywall, no OA copy indexed"
R59B7E7475B59,Scopus,"Institutionalization of community participation in rural water supply, Pakistan",Memon M.A.,2004,,https://www.scopus.com/pages/publications/84891455858?origin=resultslist,no_oa_copy_found,,"No DOI in Scopus record; no matching DOI found via Crossref title search, no OA copy identifiable"
RBEDB6556B711,Scopus,Thirsty colonias: Rate regulation and the provision of water service,Olmstead S.M.,2004,10.2307/3147149,https://www.scopus.com/pages/publications/1342309107?origin=resultslist,undecided,,"paywalled per Unpaywall, no OA copy indexed [2026-09-27] Retrieved via new_batch_pool.json (Antigravity delivery folder). Correct title/author match (Olmstead 2004, Land Economics, 'Thirsty Colonias: Rate Regulation and the Provision of Water Service'), but the extracted PDF content is entirely JSTOR access-terms boilerplate repeated ~16 times with no actual article text (introduction, methods, results, discussion all absent). Content-extraction failure on a correctly-identified file, not a wrong_file_retrieved case. Left undecided/open pending a re-extraction attempt; not moved from inbox."
R6447A2E099A1,Scopus,The local private sector in water: Realizing its potential through legal and regulatory reform,Malecek S.J.,2004,,https://www.scopus.com/pages/publications/12144279869?origin=resultslist,no_oa_copy_found,,"No DOI in Scopus record; no matching DOI found via Crossref title search, no OA copy identifiable"
R09653E7505FB,Scopus,Water resources management in Mumbai: The need for reforms,Nallathiga R.,2004,,https://www.scopus.com/pages/publications/24644494827?origin=resultslist,no_oa_copy_found,,"No DOI in Scopus record; no matching DOI found via Crossref title search, no OA copy identifiable"
R9441070BD7B9,Scopus,Water scarcity and its impact on water rights: A real concern for multinational companies?,Thorne V.T.,2003,,https://www.scopus.com/pages/publications/7444230528?origin=resultslist,no_oa_copy_found,,"No DOI in Scopus record; no matching DOI found via Crossref title search, no OA copy identifiable"
R57A89A8AFC15,Scopus,Framework for action,Rey J.,2003,,https://www.scopus.com/pages/publications/13244262679?origin=resultslist,wrong_file_retrieved,,"No DOI in Scopus; matched via Crossref (DOI 10.1016/s1366-7017(01)00018-6), paywalled per Unpaywall, no OA copy indexed [2026-09-27] wrong_file_retrieved: DB target is ""Framework for action"" by Rey J. (2003); Rey (2003), 'Framework for action' (DOI 10.1016/s1366-7017(01)00018-6). The delivered PDF is an entirely unrelated set of 2026 BJPsych Open conference abstracts on mental health services in Wales (maternity mental health beds, physical-activity interventions for mental health service users, parent-mediated autism intervention) -- wrong publication, wrong year, wrong topic entirely."
RD721960501FE,Scopus,"Good intentions, structural pitfalls: Early lessons from urban water commercialisation attempts in Kenya",Onjala J.,2002,,https://www.scopus.com/pages/publications/0036220180?origin=resultslist,no_oa_copy_found,,"No DOI in Scopus record; no matching DOI found via Crossref title search, no OA copy identifiable"
RC0F997C39416,Scopus,Water and health in Europe. A joint report from the European Environment Agency and the WHO Regional Office for Europe.,,2002,,https://www.scopus.com/pages/publications/0036371377?origin=resultslist,no_oa_copy_found,,"No DOI in Scopus record; no matching DOI found via Crossref title search, no OA copy identifiable"
R23967A17A301,Scopus,The environmental dimensions of sustainable development for cities,McGranahan G.; Satterthwaite D.,2002,,https://www.scopus.com/pages/publications/0036314973?origin=resultslist,not_retrievable,,"No DOI in Scopus; matched via Crossref (DOI 10.1080/20436564.2002.12219844), paywalled per Unpaywall, no OA copy indexed"
R8B876DC5F95E,Scopus,"To privatize or not to privatize? Reform of urban water supply services in Jabotabek, Indonesia",Argo T.A.; Firman T.,2001,,https://www.scopus.com/pages/publications/0034802852?origin=resultslist,no_oa_copy_found,,"No DOI in Scopus record; no matching DOI found via Crossref title search, no OA copy identifiable"
RCA2AB03E5FF0,Scopus,Towards sustainable development in the water sector: A perspective from Palestine,Daibes F.,2000,10.2166/wst.2000.0295,https://www.scopus.com/pages/publications/0033833015?origin=resultslist,not_retrievable,,"paywalled per Unpaywall, no OA copy indexed"
R0FB011F5A7E2,Scopus,Experiences in the use of domestic and end user metering. Legal and technical problems relating to domestic end-user metering in Hungary,Karaszi G.; Varszegi C.,2000,,https://www.scopus.com/pages/publications/0033750023?origin=resultslist,no_oa_copy_found,,"No DOI in Scopus record; no matching DOI found via Crossref title search, no OA copy identifiable"
R80F15C174B61,Scopus,The public-private sector partnership approach to sustainable municipal solid waste management and improvement of social services delivery,Otieno J.T.; Wandiga S.O.,2000,,https://www.scopus.com/pages/publications/0034453329?origin=resultslist,no_oa_copy_found,,"No DOI in Scopus record; no matching DOI found via Crossref title search, no OA copy identifiable"
RDC5591C78CDA,Scopus,Dilemmas of urban water management; [A települési vízgazdálkodás intézményi dilemmái],Reich G.; Printz J.,2000,,https://www.scopus.com/pages/publications/0034434226?origin=resultslist,no_oa_copy_found,,"No DOI in Scopus record; no matching DOI found via Crossref title search, no OA copy identifiable"
R88AC6402F14A,Scopus,Groundwater. Legal and policy perspectives. Proceedings of a World Bank seminar,Salman S.M.A.,1999,,https://www.scopus.com/pages/publications/0033382650?origin=resultslist,not_retrievable,,"No DOI in Scopus; matched via Crossref (DOI 10.1596/0-8213-4613-x), paywalled per Unpaywall, no OA copy indexed"
RD585B3705C72,Scopus,Excavation water harvesting in Sudano-Sahelian Nigeria: Problems and prospects,Odihi J.O.,1998,10.4314/dai.v10i3.15510,https://www.scopus.com/pages/publications/3042980343?origin=resultslist,not_retrievable,,"paywalled per Unpaywall, no OA copy indexed"
R4C1842765CC9,Scopus,Sustainability issues in rural water supply in Asia.,,1998,,https://www.scopus.com/pages/publications/0032009434?origin=resultslist,no_oa_copy_found,,"No DOI in Scopus record; no matching DOI found via Crossref title search, no OA copy identifiable"
R6CDB8E9B0B8A,Scopus,Fighting for water in Mexico City,Higham S.,1998,,https://www.scopus.com/pages/publications/0032424006?origin=resultslist,no_oa_copy_found,,"No DOI in Scopus record; no matching DOI found via Crossref title search, no OA copy identifiable"
R7E2A8FAE4FF1,Scopus,"Water supply, sewerage and sewage treatment situation of settlements of the drainage basin of the River Mura; [Amura vizgyujtojen fekvo telepulesek vizellatasi, csatornazasi es szenny viztisztitasi helyzete]",Fejes B.,1997,,https://www.scopus.com/pages/publications/0031415216?origin=resultslist,no_oa_copy_found,,"No DOI in Scopus record; no matching DOI found via Crossref title search, no OA copy identifiable"
R828DB6130D1F,Scopus,The creation of water authorities for community water supply and sanitation in developing situations,Pybus P.J.,1997,,https://www.scopus.com/pages/publications/0030842738?origin=resultslist,no_oa_copy_found,,"No DOI in Scopus record; no matching DOI found via Crossref title search, no OA copy identifiable"
REB1A4ABD3B8F,Scopus,Environment and health: environmental sanitation and community water supply.,,1997,,https://www.scopus.com/pages/publications/0031218288?origin=resultslist,no_oa_copy_found,,"No DOI in Scopus record; no matching DOI found via Crossref title search, no OA copy identifiable"
R4055D2658924,Scopus,National report - Portugal,Melo Baptista J.; Alegre H.,1996,,https://www.scopus.com/pages/publications/0030420621?origin=resultslist,no_oa_copy_found,,"No DOI in Scopus record; no matching DOI found via Crossref title search, no OA copy identifiable"
R18DA5CCB8521,Scopus,Privatizing Africa's infrastructure - Promise and challenge,Kerf M.; Smith W.,1996,,https://www.scopus.com/pages/publications/11244290150?origin=resultslist,not_retrievable,,"No DOI in Scopus; matched via Crossref (DOI 10.1596/0-8213-3694-0), paywalled per Unpaywall, no OA copy indexed"
R990C3390F819,Scopus,Financing water and sanitation services: The old and new challenges,Briscoe J.,1996,,https://www.scopus.com/pages/publications/0029659176?origin=resultslist,no_oa_copy_found,,"No DOI in Scopus record; no matching DOI found via Crossref title search, no OA copy identifiable"
R756E5F1172A3,Scopus,Coping with urban growth and development through environmental planning and management (EPM): the sustainable Dar es Salaam project.,Majani B.B.,1996,,https://www.scopus.com/pages/publications/0030089020?origin=resultslist,no_oa_copy_found,,"No DOI in Scopus record; no matching DOI found via Crossref title search, no OA copy identifiable"
RB93B9042BCA6,Scopus,Emergence of slums: A case study of thane urban agglomeration,Nangia P.; Gupta K.; Tiwari N.C.,1996,,https://www.scopus.com/pages/publications/24944482853?origin=resultslist,no_oa_copy_found,,"No DOI in Scopus record; no matching DOI found via Crossref title search, no OA copy identifiable"
R14B18301FA25,Scopus,Urbanization: the challenge for the next century.,,1996,,https://www.scopus.com/pages/publications/0030171014?origin=resultslist,no_oa_copy_found,,"No DOI in Scopus record; no matching DOI found via Crossref title search, no OA copy identifiable"
RBD812E98FD61,Scopus,Interaction between distribution services and customers' experiences of the `Grand Lyon' (France) service,Vetsanne D.; Godfroy B.,1996,,https://www.scopus.com/pages/publications/0030411849?origin=resultslist,no_oa_copy_found,,"No DOI in Scopus record; no matching DOI found via Crossref title search, no OA copy identifiable"
R27DF5620D18C,Scopus,In spite of unfavorable conditions - progress in water supply and wastewater treatment in Africa; [Allen Widrigkeiten zum Trotz: Afrika macht Fortschritte im Wasser- und Abwasserbereich],Kinley III D.H.,1995,,https://www.scopus.com/pages/publications/0029413288?origin=resultslist,no_oa_copy_found,,"No DOI in Scopus record; no matching DOI found via Crossref title search, no OA copy identifiable"
R9D6052350868,Scopus,Cost of rural water supply: a case study in South Africa,Schur M.A.,1994,,https://www.scopus.com/pages/publications/0028465336?origin=resultslist,no_oa_copy_found,,"No DOI in Scopus record; no matching DOI found via Crossref title search, no OA copy identifiable"
REFDB90614449,Scopus,Risk communication: Health risks associated with environmentally contaminated private wells versus chloroform in a public water supply,Sidhu K.S.; Chadzynski L.,1994,,https://www.scopus.com/pages/publications/0028231919?origin=resultslist,no_oa_copy_found,,"No DOI in Scopus record; no matching DOI found via Crossref title search, no OA copy identifiable"
RBB8D04DDF954,Scopus,"Water supply, sanitation, and environmental sustainability: the financing challenge",Serageldin I.,1994,,https://www.scopus.com/pages/publications/85041146766?origin=resultslist,no_oa_copy_found,,"No DOI in Scopus record; no matching DOI found via Crossref title search, no OA copy identifiable"
R0F8A2775B1BF,Scopus,A sanitation revolution in Bangladesh?,Brandberg B.,1993,10.3362/0262-8104.1993.019,https://www.scopus.com/pages/publications/0027464507?origin=resultslist,not_retrievable,,"paywalled per Unpaywall, no OA copy indexed"
R9693EE0ABE97,Scopus,Water of life.,Harris C.,1993,,https://www.scopus.com/pages/publications/0027581801?origin=resultslist,no_oa_copy_found,,"No DOI in Scopus record; no matching DOI found via Crossref title search, no OA copy identifiable"
R750CA9D0B9BD,Scopus,"From crisis to recovery: the difficult progress of African public utilities - Cameroon, Niger and Senegal; [De la crise a l'assainissement: le difficile cheminement des services publics africains (Cameroun, Niger et Senegal)]",Plane P.,1992,,https://www.scopus.com/pages/publications/0027044162?origin=resultslist,no_oa_copy_found,,"No DOI in Scopus record; no matching DOI found via Crossref title search, no OA copy identifiable"
R82544AC6BEC6,Scopus,International Drinking Water Supply and Sanitation Decade and beyond,Christmas Joseph,1990,,https://www.scopus.com/pages/publications/0025561404?origin=resultslist,no_oa_copy_found,,"No DOI in Scopus record; no matching DOI found via Crossref title search, no OA copy identifiable"
RDC775FE8C891,Scopus,A review of the institutional arrangements and activities in the Philippine water supply sector,Castillon D.J.; Takeuchi M.,1990,,https://www.scopus.com/pages/publications/0025572865?origin=resultslist,no_oa_copy_found,,"No DOI in Scopus record; no matching DOI found via Crossref title search, no OA copy identifiable"
R16C827AF0AD8,Scopus,The Integrated Project in Ghana: its potentials for the 1990s.,Kwansa E.,1990,,https://www.scopus.com/pages/publications/0025574370?origin=resultslist,no_oa_copy_found,,"No DOI in Scopus record; no matching DOI found via Crossref title search, no OA copy identifiable"
R136485909ADB,Scopus,The International Drinking Water Supply and Sanitation Decade: Review of regional and global data,,1986,,https://www.scopus.com/pages/publications/0022916028?origin=resultslist,no_oa_copy_found,,"No DOI in Scopus record; no matching DOI found via Crossref title search, no OA copy identifiable"
RB13670D87D32,Scopus,Water and hygiene: The case of North Carolina farmworkers,Briscoe J.; Barron W.,1986,,https://www.scopus.com/pages/publications/0022517011?origin=resultslist,no_oa_copy_found,,"No DOI in Scopus record; no matching DOI found via Crossref title search, no OA copy identifiable"
R92D659F20300,Web of Science,Water and Sanitationin Rural Alaska: A Scoping Review,"Thelemaque, N; Kumpel, E; Butler, C; Weston, B; Williar, C; Fuente, D",2026,10.1021/acsestwater.6c00343,https://www.webofscience.com/wos/woscc/full-record/WOS:001857107200001,,,
RC78DCEC4F3E0,Web of Science,Lived experiences of water poverty in Barcelona,"Sauri, D; Yoon, H; Romero-Gomez, G",2026,10.1177/09697764251380166,https://www.webofscience.com/wos/woscc/full-record/WOS:001601757500001,,,
R4A7F8709BEDE,Web of Science,WASH Policy responses for homeless populations during the COVID-19 pandemic: a global review with emphasis on Brazil,"dos Santos, GAC; Bastos, VK; Razzolini, MTP",2026,10.2166/washdev.2026.262,https://www.webofscience.com/wos/woscc/full-record/WOS:001864652800001,,,
RA169CD8CFAD7,Web of Science,"Private sector participation in water infrastructure provision: investigating users' preference in Lagos, Nigeria","Ayodele, TO; Olatunde, OO; Olaleye, A",2026,10.1108/IJBPA-07-2025-0164,https://www.webofscience.com/wos/woscc/full-record/WOS:001760919100001,,,
R588334F09232,Web of Science,Regional Disparities and Risk Factors in US Drinking Water Violations: Analyzing Trends From 2006 to 2020,"Mahato, B; Chen, X; McKnight, S; Naher, N; Zhang, XD; Aistrup, J; Fisk, JM; Morris, JC",2026,10.1111/ssqu.70156,https://www.webofscience.com/wos/woscc/full-record/WOS:001772937300016,,,
R9A203CB00C16,Web of Science,THE IMPACT OF A PUBLIC HEALTH POLICY ON FARMERS' PRO-ENVIRONMENTAL BEHAVIOUR: A STUDY OF CHINA'S TOILET REVOLUTION,"Zheng, WL; Qui, XH; Tang, LH; Gong, ZH",2026,10.15666/aeer/2404_70197041,https://www.webofscience.com/wos/woscc/full-record/WOS:001814976800001,,,
R77483E43FDD3,Web of Science,"THE VIOLENCE OF FULL COST RECOVERY: Financing Water Infrastructure, and the History and Future of Perpetual Crisis in Mombasa","Williams, J",2026,10.1111/1468-2427.70094,https://www.webofscience.com/wos/woscc/full-record/WOS:001762143800001,,,
RCF3B987D4EF8,Web of Science,Who Should Pay for Water Services and Why? A Typology of Justifications for Non-Payment in eThekwini Municipal Area,"Sutherland, C; Mazeka, B; Odili, A; Magwaza, F; Leck, H; Lawhon, M",2026,,https://www.webofscience.com/wos/woscc/full-record/WOS:001684808200004,,,
RDE881F47243D,Web of Science,The moral economy of sanitation provision in informal settlements in Cape Town and Nairobi,"Anciano, F; Dube, M; Mdee, A; Ofori, AD",2026,10.62191/ROAPE-2026-0008,https://www.webofscience.com/wos/woscc/full-record/WOS:001819315900006,,,
R0DB69693C7EB,Web of Science,DIAGNOSIS OF THE FUNCTIONING OF THE BET SYSTEM -EVAPOTRANSPIRATION BASIN: Units in Iretama and Campo Mourao -PR,"Fanali, A; Paroling, M; Crispim, JD",2026,,https://www.webofscience.com/wos/woscc/full-record/WOS:001840734500006,,,
R1D27DF36A4B5,Web of Science,Overregulated and Underserved: Regulatory overlap in infrastructure/ service provision in Delhi's 'informal' settlements,"Syal, S",2025,10.1016/j.habitatint.2025.103287,https://www.webofscience.com/wos/woscc/full-record/WOS:001425541200001,,,
RD768BF81FBAA,Web of Science,Money down the drain: Corruption and water service quality in Africa,"Breen, M; Gillanders, R",2024,10.1111/gove.12753,https://www.webofscience.com/wos/woscc/full-record/WOS:000901925500001,,,
RFF643A810E48,Web of Science,"""People are no longer quiet"": Ordinary environmental citizenship in Lago Agrio, Ecuador","Díaz-Combs, C",2024,10.1177/25148486231160642,https://www.webofscience.com/wos/woscc/full-record/WOS:000943794200001,,,
RBCA65AD70D59,Web of Science,"Stakeholder Engagement and Project Governance in Local Government: An Empirical Perspective of eThekwini Municipality Water and Sanitation Unit, South Africa","Thusi, SP; Qwabe, BR; Ojogiwa, OT",2024,,https://www.webofscience.com/wos/woscc/full-record/WOS:001381251700003,,,
RAD8AFBBD4991,Web of Science,Landscapes of debt: Urban water supply and the production of space under peripheral financialization,"Reis, N; Trujillo, SS",2024,10.1016/j.geoforum.2023.103935,https://www.webofscience.com/wos/woscc/full-record/WOS:001152569000001,,,
R2EAEC279B644,Web of Science,Leaving No One Behind: Prospects for User-Owned Urban Water Utilities in Kenya,"Koros, JK; Juuti, P; Juuti, R; Hukka, J; Asokan, SM",2024,10.1177/1087724X231181076,https://www.webofscience.com/wos/woscc/full-record/WOS:001005323200001,wrong_file_retrieved,,"wrong_file_retrieved: target is Koros, Juuti, Juuti, Hukka & Asokan (2024) 'Leaving No One Behind: Prospects for User-Owned Urban Water Utilities in Kenya', DOI 10.1177/1087724X231181076. Delivered PDF is an entirely different document: Werchota & Nordmann (Nov 2015), 'Using the Water Kiosk to Increase Access to Water for the Urban Poor in Kenya' (GIZ/BMZ Water Sector Reform Programme case study, Global Delivery Initiative / World Bank series, on the Water Services Trust Fund and water kiosks). Same country/topic area but not the target publication -- no shared authors, no shared title, no shared DOI. full_text_decision left blank; not screened; file not moved from inbox pending correct retrieval."
R4CBD8D2BEDEA,Web of Science,Polity Size and Local Government Performance: Evidence from India,"Narasimhan, V; Weaver, J",2024,10.1257/aer.20221712,https://www.webofscience.com/wos/woscc/full-record/WOS:001355336300001,,,
R8F1D29EBFD0A,Web of Science,"Socio-territorial inequalities in the periurban: an analysis of habitability in the Conception of Uruguay, Entre Rios","Belmonte, VA; Gervasoni, AL; Azario, RR; Boffelli, C; Farabello, J; Blanc, R",2024,,https://www.webofscience.com/wos/woscc/full-record/WOS:001256891800006,,,
R49B29C9F469C,Web of Science,"""It Will Be a Desert"": Extreme Weather and the Effects of Climate Catastrophe on Vulnerable Riparian Spaces in Nairobi, Kenya","Howland, O",2024,10.3390/land13070913,https://www.webofscience.com/wos/woscc/full-record/WOS:001277422000001,,,
RBDB29AFD34BB,Web of Science,Investigating the barriers and strategies for establishing desalination plants to mitigate water scarcity in Sri Lankan dry zones,"Yatawatta, YJM; Sridarran, P",2024,10.1108/SAMPJ-09-2023-0625,https://www.webofscience.com/wos/woscc/full-record/WOS:001308902200001,,,
R9F8A32A52CF0,Web of Science,"Wastewater and wishful thinking: Treatment plants to ""revive"" the Santiago River in Mexico","McCulligh, C",2023,10.1177/25148486221125230,https://www.webofscience.com/wos/woscc/full-record/WOS:000858379300001,,,
R108940A0C546,Web of Science,Challenges in water and sanitation services: Do natural disasters make matters worse?,"Paudel, J",2023,10.1111/rode.13012,https://www.webofscience.com/wos/woscc/full-record/WOS:000995323200001,,,
R4ACB1E8307DD,Web of Science,"Water shortage management system and challenges in water scarcity area of Haramaya watershed, Eastern Ethiopia","Temesgen, T",2023,10.19149/wrim.v12i1-3.3143,https://www.webofscience.com/wos/woscc/full-record/WOS:000953797800002,,,
R1D096BB71916,Web of Science,Panacea or Placebo? The Diverse Pathways and Implications of Drinking Water System Consolidation,"Dobbin, KB; Mcbride, J; Pierce, G",2023,10.1029/2023WR035179,https://www.webofscience.com/wos/woscc/full-record/WOS:001122305400001,,,
R38E723FD9435,Web of Science,Entrepreneurship role in the co-production of public services in informal settlements-A scoping review,"Adewunmi, Y; Chigbu, UE; Mwando, S; Kahireke, U",2023,10.1016/j.landusepol.2022.106479,https://www.webofscience.com/wos/woscc/full-record/WOS:000894218500003,,,
R257F6C3344C9,Web of Science,Perception of coastal citizens on the prospect of community-based rainwater harvesting system for sustainable water resource management,"Mukarram, MMT; Abdulla-Al Kafy; Mukarram, MMT; Rukiya, QU; Almulhim, AI; Das, A; Fattah, MA; Rahman, MT; Chowdhury, MA",2023,10.1016/j.resconrec.2023.107196,https://www.webofscience.com/wos/woscc/full-record/WOS:001072940600001,,,
R27F510DA4541,Web of Science,Private and public management of urban water supply and sanitation systems: From privatization to remunicipalisation,"Romero, CM",2022,10.25100/iyc.24i1.11042,https://www.webofscience.com/wos/woscc/full-record/WOS:001492197100008,,,
R8C653108D847,Web of Science,"Territory, gender and rights: water and sanitation in debate","Soares, D",2022,10.18504/pl3059-013-2022,https://www.webofscience.com/wos/woscc/full-record/WOS:000737219200012,,,
RF1559F058533,Web of Science,"Assessing accessibility and availability of portable water supply in selected communities of Lepelle-Nkumpi local municipality, Limpopo province of South Africa","Mashabela, K; Dube, T; Mollel, MHN; Letsoalo, JM; Radingoana, MP",2022,10.1016/j.pce.2022.103181,https://www.webofscience.com/wos/woscc/full-record/WOS:000811869000003,,,
RDAFAF7660BB0,Web of Science,From public service access to service quality: The distributive politics of piped water in Bangalore,"Kumar, T; Post, AE; Ray, I; Otsuka, M; Pardo-Bosch, F",2022,10.1016/j.worlddev.2021.105736,https://www.webofscience.com/wos/woscc/full-record/WOS:000744226900001,,,
R1F5EAC3B64C3,Web of Science,Understanding Repair and Maintenance in Networked Water Supply in Accra and Dar es Salaam,"Jambadu, L; Monstadt, J; Schramm, S",2022,,https://www.webofscience.com/wos/woscc/full-record/WOS:000809794700008,,,
R7D2995B3A67A,Web of Science,Access and quality of provision of sanitation services in a coastal city of the state of S?o Paulo: study of a neighborhood's perception in the city of Guaruj?,"de Lima, RS; Marotti, ACB; Santiago, CD; Pugliesi, E; Moschini, LE",2022,10.5585/geas.v1i1.20281,https://www.webofscience.com/wos/woscc/full-record/WOS:000928197900001,,,
REB2395E0B0A7,Web of Science,Pathways to consumer demand and payment for professional rural water infrastructure maintenance across low-income contexts,"Cord, C; Javernick-Will, A; Buhungiro, E; Harvey, A; Jordan, E; Lockwood, H; Linden, K",2022,10.1016/j.scitotenv.2021.152906,https://www.webofscience.com/wos/woscc/full-record/WOS:000743167500004,,,
R32BC904B0B46,Web of Science,Decentralization and development in Ghana's Fourth Republic,"Debrah, E; Owusu-Mensah, I",2022,10.1111/polp.12501,https://www.webofscience.com/wos/woscc/full-record/WOS:000882429000001,,,
RC8C0F79BE662,Web of Science,"Inter-Organizational Bench-Learning to Respond to Climate Change and Reduce Trade-Offs in Urban Drinking Water Supply: The Case of Grade 2B Municipalities in Oromia National Regional State, Ethiopia","Debela, BK",2022,10.1177/21582440221123926,https://www.webofscience.com/wos/woscc/full-record/WOS:000859812500001,,,
REDA17DAD57D1,Web of Science,SOCIAL PERCEPTION OF THE DRINKING WATER SERVICE IN MEXICO. AN ANALYSIS OF THE INSTITUTIONAL DESIGN OF A MUNICIPAL OPERATING AGENCY,"Martínez-Mendoza, A; Mendoza-Nuñez, A",2022,,https://www.webofscience.com/wos/woscc/full-record/WOS:000989982000025,,,
RE9B0C3286B8C,Web of Science,"The Impact of Pro-Poor Reforms on Consumers and the Water Utility in Maputo, Mozambique","Zuin, V; Nicholson, M",2021,,https://www.webofscience.com/wos/woscc/full-record/WOS:000616338400010,,,
R14569CA54EA8,Web of Science,"Water systems in California: Ownership, geography, and affordability*","Onda, KS; Tewari, M",2021,10.1016/j.jup.2021.101279,https://www.webofscience.com/wos/woscc/full-record/WOS:000691789400002,,,
RF11333AB8A71,Web of Science,"INSTITUTIONALIZATION OF DRINKING WATER SERVICE IN EL SALVADOR. A HISTORICAL APPROXIMATION TO THE ""ADMINISTRACION NACIONAL DE ACUEDUCTOS Y ALCANTARILLADOS"" (ANDA)","Zúñiga, EF",2021,,https://www.webofscience.com/wos/woscc/full-record/WOS:000733270700009,,,
R32F384B5253F,Web of Science,"Conceptualization of a management model for stabilization ponds in the Venezuelan rural environment. Case: Pan-American zone of Merida State, Venezuela","Espinosa-Jiménez, C; Ramírez-Rodríguez, S; Mejías-Monsalve, M; Jégat-Nicolo, H; Bachá-Peña, M",2021,,https://www.webofscience.com/wos/woscc/full-record/WOS:000637013200006,,,
R59116AA8FE3A,Web of Science,The Human Right to Water in Mexico: Challenges and Opportunities,"Wilder, MO; Austria, PFM; Romero, PH; Ayala, MBC",2020,,https://www.webofscience.com/wos/woscc/full-record/WOS:000512898300002,,,
R81B696569E43,Web of Science,"NARRATIVES OF HEALTH AND WELL-BEING: DISEASE AND BARGAINING IN CALI, COLOMBIA, 1930-1940","Jalil, H",2020,,https://www.webofscience.com/wos/woscc/full-record/WOS:000645096800006,,,
R35C8D79C34FB,Web of Science,"Investigating community constructed rural water systems in Northwest Cameroon: leadership, gender and exclusion","Tantoh, H; Mckay, T",2020,10.3828/idpr.2020.4,https://www.webofscience.com/wos/woscc/full-record/WOS:000600105400004,,,
R430C429810BF,Web of Science,Environmental health conditions in protracted displacement: A systematic scoping review,"Behnke, NL; Cronk, R; Shackelford, BB; Cooper, B; Tu, R; Heller, L; Bartram, J",2020,10.1016/j.scitotenv.2020.138234,https://www.webofscience.com/wos/woscc/full-record/WOS:000537423400019,,,"2026-09-27: Google Drive delivery confirmed correct paper identity (title, authors, DOI 10.1016/j.scitotenv.2020.138234 all match Behnke, Cronk, Shackelford et al. 2020, 'Environmental health conditions in protracted displacement: A systematic scoping review,' Science of The Total Environment), but the delivered PDF contains ONLY the article's Supplemental Material (search terms, grey-literature search log, country breakdown table) and not the main-text synthesis/findings needed for screening. No usable full-text content retrieved. Left open/undecided per the undecided-record rule; Drive file NOT moved. Needs re-retrieval of the main article PDF."
R131D44D2032B,Web of Science,Vulnerability to housing and the environment in urban settings: Implications for residents and places,"Taye, G; Getachew, S; Gizaw, M; Kaba, M",2020,,https://www.webofscience.com/wos/woscc/full-record/WOS:000518396600004,,,
R380F4FE21384,Web of Science,The legal process of victims of insalubritis (the case of mold),"Gallié, M; Verrette, J",2020,,https://www.webofscience.com/wos/woscc/full-record/WOS:000591385500001,,,
RB2F4F556A21A,Web of Science,"Efforts of Local Governments to Increase (Open Defication Free) ODF Village Coverage in Muaro Jambi, Sumedang and West Lombok Regencies","Sugiharto, M; Nurhayati",2019,10.22435/hsr.v22i1.855,https://www.webofscience.com/wos/woscc/full-record/WOS:000471891000008,,,
R372282DE211B,Web of Science,Quantifying urban water supply security under global change,"Krueger, E; Rao, PSC; Borchardt, D",2019,10.1016/j.gloenvcha.2019.03.009,https://www.webofscience.com/wos/woscc/full-record/WOS:000470053200007,,,
R215A46C61B6D,Web of Science,Why doesn't every family practice rainwater harvesting? Factors that affect the decision to adopt rainwater harvesting as a household water security strategy in central Uganda,"Staddon, C; Rogers, J; Warriner, C; Ward, S; Powell, W",2018,10.1080/02508060.2018.1535417,https://www.webofscience.com/wos/woscc/full-record/WOS:000452729500006,,,
R13199AD17D84,Web of Science,"Rural Drinking Water Systems. Institutions, Organizations, Government, Administration and Legitimacy","Galindo, E; Palerm, J",2016,,https://www.webofscience.com/wos/woscc/full-record/WOS:000386005400002,,,
R201DF4A38550,Web of Science,Integrity and corruption risks in Water Service Delivery in Kenya and Ghana,"Bellaubi, F; Visscher, JT",2016,10.7564/14-IJWG73,https://www.webofscience.com/wos/woscc/full-record/WOS:000472141200012,,,
RED571390BB64,Web of Science,"The problematic of arsenic detected in the water services in Buenos Aires Province, Argentina. Case law analysis","Minaverry, C; Cáceres, V",2016,,https://www.webofscience.com/wos/woscc/full-record/WOS:000389711100006,,,
RE23E1D3DD635,Web of Science,The Cartagena water supply,"Crespo, MBB; Espín, JMG",2015,,https://www.webofscience.com/wos/woscc/full-record/WOS:000379126500011,,,
R0CC979E7B4D9,Web of Science,"Sites of entitlement: claim, negotiation and struggle in Mumbai","McFarlane, C; Desai, R",2015,10.1177/0956247815583635,https://www.webofscience.com/wos/woscc/full-record/WOS:000362491200006,,,
REA0B11E89205,Web of Science,"Local Public Action and Self-management Practices in Neighborhoods without Piped Water or Sanitation, in the State of Chihuahua, Mexico","Bojórquez, GC; Aguilar, MDR; Navarrete, LR",2014,,https://www.webofscience.com/wos/woscc/full-record/WOS:000340074400004,,,
RA0C41CF80EBE,Web of Science,"Role of Institutions in Urban Water Supply: A Study in Cuddalore District, Tamilnadu","Nagaral, V",2014,,https://www.webofscience.com/wos/woscc/full-record/WOS:000219906200013,,,
R50F5987EB583,Web of Science,"INTERMUNICIPALITY AS AN EMERGENT INSTITUTIONAL ARRANGEMENT: THE WATER SUPPLY CASE IN THE METROPOLITAN AREA OF AGUASCALIENTES, MEXICO","Pacheco-Vega, R",2014,,https://www.webofscience.com/wos/woscc/full-record/WOS:000452625500001,,,
R26C76E559B2C,Web of Science,Access to water between urban inequalities and technical constraints. The decentralization of supply in four Uttar Pradesh municipalities,"de Bercegol, R; Gowda, S",2014,,https://www.webofscience.com/wos/woscc/full-record/WOS:000339778100009,,,
R0A9CBF4A1C1F,Web of Science,"WATER SUPPLY IN THE TOWN OF AGUASCALIENTES. THE AQUEDUCT OF CEDAZO, 1731-1891","Serrano, JG",2014,,https://www.webofscience.com/wos/woscc/full-record/WOS:000443752300002,,,
R2130C37BDCEA,Web of Science,"'Chasing for Water': Everyday Practices of Water Access in Peri-Urban Ashaiman, Ghana","Peloso, M; Morinville, C",2014,,https://www.webofscience.com/wos/woscc/full-record/WOS:000209774600008,,,
R697149D2E319,Web of Science,"The status of School sanitation facilities in some selected primary and secondary schools in Dessie City Administration, South Web Zone, Amhara Region","Seid, H; Kumie, A",2013,,https://www.webofscience.com/wos/woscc/full-record/WOS:000331667800012,,,
R6A8F4B2CFE37,Web of Science,Drinking water services indicators and cities in Colombia,"Bernal, PI",2013,,https://www.webofscience.com/wos/woscc/full-record/WOS:000215933300007,,,
RD383F8B37644,Web of Science,The governance of water in Cundinamarca as a right to be assured,"Vargas, RM",2013,,https://www.webofscience.com/wos/woscc/full-record/WOS:000410521100007,,,
R9FF2AB833738,Web of Science,Anti-corruption In The Regulation of the Water Provision Service: Case study for Colombia,"Boehm, F; Suárez, ORB",2011,,https://www.webofscience.com/wos/woscc/full-record/WOS:000215912300011,,,
R00BD4C269672,Web of Science,The business of water: going the corporate way the case of Manila water,"Rivera, VC",2011,10.2166/wpt.2011.079,https://www.webofscience.com/wos/woscc/full-record/WOS:000420283700017,,,
R180DB01E1A79,Web of Science,The impact of a new regulatory framework upon water management in Spain. The company Aguas de La Coruna S.A. (1975-2008),"Araujo, JM; Sanchez, CP; Veiga, GR",2011,,https://www.webofscience.com/wos/woscc/full-record/WOS:000291618000001,,,
R0E7A7452FD2B,Web of Science,Mapping Cholera Vulnerability in Delhi: An Ecosocial Perspective,"Dasgupta, R",2010,,https://www.webofscience.com/wos/woscc/full-record/WOS:000211155200004,,,
RAA26B0D11159,Web of Science,Challenges for providing universal access to water and sewer services in Brazil,"Galvao, AC",2009,,https://www.webofscience.com/wos/woscc/full-record/WOS:000268835700012,,,
RA6C466A0211E,Web of Science,Durban and Porvoo - Governing Water Supply in South Africa and Finland,"Juuti, P; Mäki, H",2009,,https://www.webofscience.com/wos/woscc/full-record/WOS:000422363500001,,,
R21A5A06F675B,Web of Science,Water privatization and environmental racism in segregated cities. Aguas del Illimani company in the cities of La Paz and El Alto (1997-2005),"Flores, COC",2009,,https://www.webofscience.com/wos/woscc/full-record/WOS:000274871900005,,,
RC7268A843086,Web of Science,AN ANALYSIS OF THE RELATIVE EFFICIENCY OF WASTEWATER UTILITIES IN NON-METROPOLITAN NEW SOUTH WALES AND VICTORIA,"Byrnes, J; Crase, L; Dollery, B; Villano, R",2009,,https://www.webofscience.com/wos/woscc/full-record/WOS:000213541800002,,,
R790D58E6A659,Web of Science,New challenges in the implementation of policies of environmental sanitation,"García, HAC",2009,,https://www.webofscience.com/wos/woscc/full-record/WOS:000219730200009,,,
R0E6CFD632882,Web of Science,"Assessment of the current and future water balance of the Oueme catchment (Benin, West Africa) for an integrated water-resources management by using the WEAP water planning model","Höllermann, B; Diekkrüger, B; Giertz, S",2009,,https://www.webofscience.com/wos/woscc/full-record/WOS:000270615300002,,,
R2AA16C1E1EA5,Web of Science,ECONOMIC INSTRUMENTS FOR SUSTAINABLE RESOURCE-MANAGEMENT - THE CASE OF BOTSWANAS WATER-RESOURCES,"ARNTZEN, J",1995,,https://www.webofscience.com/wos/woscc/full-record/WOS:A1995TC11000004,,,
