priority_tier,priority_rank,record_id,study_id,year,authors,title,doi,url,full_text_status,ai_decision,ai_exclusion_code,ai_reviewer_label,why_prioritised,reviewer_2_decision (include/exclude/cannot_tell),reviewer_2_exclusion_code (E01-E12),reviewer_2_agrees_with_AI (Y/N),reviewer_2_comment,ai_reasoning_READ_AFTER_YOUR_OWN_JUDGMENT
1,1,R03824D388779,S394,2022,Salom N.; Khumalo P.,"Challenges Facing Community Management of Rural Water Supply: The Case of Ohangwena Region, Namibia",,https://www.scopus.com/pages/publications/85131307346?origin=resultslist,oa_page_candidate,include,,(none recorded),no reviewer_1 label recorded: provenance of the decision unknown,,,,,"No DOI in Scopus; matched via Crossref (DOI 10.32473/asq.21.1.135967), OA landing page located via Unpaywall, no direct PDF link (not yet downloaded)"
1,2,R03C00C7DDAD7,S374,2019,Inha L.M.; Hukka J.J.,Policies enabling resilience in Seattle’s water services,10.6092/issn.2612-0496/8688,https://www.scopus.com/pages/publications/85079494626?origin=resultslist,,include,,(none recorded),no reviewer_1 label recorded: provenance of the decision unknown,,,,,"Extracted from abstract/introduction text only; full PDF body text (results detail) not retrieved via fetch in this pass. Focus is institutional/policy determinants of service reliability/availability under stress, not differential household access -- included on the strength of INCLUSION_EXCLUSION.md criteria 2 and 4 (legal/institutional factor; outcome relevant to service availability/reliability). record_id R03C00C7DDAD7."
1,3,R0EED09DB6147,S391,2018,Suharyanto; Angelica Deasy K.; Sudarno,Sustainable Community Based Water Supply at Salatiga by Use of Rapfish Method,10.1051/matecconf/201815901023,https://www.scopus.com/pages/publications/85045276530?origin=resultslist,oa_pdf_candidate,include,,(none recorded),no reviewer_1 label recorded: provenance of the decision unknown,,,,,OA PDF located via Unpaywall (not yet downloaded)
1,4,R16023D0A5829,S361,2026,Atigaku A.K.; Tchakala I.; Agbovi K.K.; Ebri K.M.; Nikabou K.C.; Tsipoaka K.; Komi A.A.; Mahe J.P.; Sondou T.,Community governance and access to drinking water in semi-urban Togo: Dynamics and impacts in Kovié and Noèpé,10.36922/AJWEP025380294,https://www.scopus.com/pages/publications/105037401267?origin=resultslist,,include,,(none recorded),no reviewer_1 label recorded: provenance of the decision unknown,,,,,"Extracted from published abstract/introduction text only; full PDF body text (results tables, methods detail) not retrieved via fetch in this pass. record_id R16023D0A5829."
1,5,R17B1B3A7B266,S358,2025,Williams S.A.; Zuniga-Teran A.A.; Megdal S.B.; Quanrud D.M.; Christopherson G.,"Assessing the Relationship Between Groundwater Availability, Access, and Contamination Risk in Arizona’s Drinking Water Sources",10.3390/w17071097,https://www.scopus.com/pages/publications/105002389221?origin=resultslist,,include,,(none recorded),no reviewer_1 label recorded: provenance of the decision unknown,,,,,record_id R17B1B3A7B266.
1,6,R2B5A92453E91,S398,2025,dos Santos Nascimento Sobrinho A.; da Mota Silveira Neto R.,Urban policy for poor areas and housing quality: An evaluation of the implementation of the Social Interest Special Zones (ZEIS) in Brazil; [Política urbana para áreas pobres e qualidade da moradia: uma avaliação da implementação das Zonas Especiais de Interesse Social (ZEIS) no Brasil],10.1590/0103-6351/8355,https://www.scopus.com/pages/publications/105034977128?origin=resultslist,oa_page_candidate,include,,(none recorded),no reviewer_1 label recorded: provenance of the decision unknown,,,,,"OA landing page located via Unpaywall, no direct PDF link (not yet downloaded)"
1,7,R2FB71740FDFD,S363,2025,Aji A.D.S.; Suhardono S.; Sofiyah E.S.; Ridhosari B.; Nastiti A.D.; Prayogo W.; Suryawan I.W.K.,"Community Participation in Urban Sanitation Programs at Koja, Jakarta, Indonesia",10.15294/kemas.v20i3.1990,https://www.scopus.com/pages/publications/105000146176?origin=resultslist,,include,,(none recorded),no reviewer_1 label recorded: provenance of the decision unknown,,,,,"Extracted from published abstract/introduction text only; full PDF body text (results tables, methods detail) not retrieved via fetch in this pass. record_id R2FB71740FDFD."
1,8,R3BFAF175DBF1,S366,2021,Quattrochi J.P.; Coville A.; Mvukiyehe E.; Dohou C.J.; Esu F.; Cohen B.; Bokasola Y.L.; Croke K.,"Effects of a community-driven water, sanitation and hygiene intervention on water and sanitation infrastructure, access, behaviour, and governance: A cluster-randomised controlled trial in rural Democratic Republic of Congo",10.1136/bmjgh-2021-005030,https://www.scopus.com/pages/publications/85106168224?origin=resultslist,,include,,(none recorded),no reviewer_1 label recorded: provenance of the decision unknown,,,,,"Re-extracted 2026-09-29 from the full-text PDF supplied by the researcher (Quattrochi et al. 2021, BMJ Global Health 6:e005030; 11 pp; PDF not committed); supersedes the abstract-only extraction of 2026-09-16. Figure 1 (trial profile) and the online supplemental tables were not read. Same trial as S294 (LR01) but a different survey: this report covers 1,312 households (4 per village, Oct-Dec 2019) whereas S294 reports 3,283 households -- LR01 ""same underlying data"" holds for the trial and randomisation, not necessarily for the survey data. mechanism/outcome flags participation, service_quantit"
1,9,R3D6B3724D341,S359,2018,"Doyle, JT; Kindness, L; Realbird, J; Eggers, MJ; Camper, AK","Challenges and Opportunities for Tribal Waters: Addressing Disparities in Safe Public Drinking Water on the Crow Reservation in Montana, USA",10.3390/ijerph15040567,https://www.webofscience.com/wos/woscc/full-record/WOS:000434868800006,,include,,(none recorded),no reviewer_1 label recorded: provenance of the decision unknown,,,,,"Extracted from published abstract/introduction text only; full PDF body text (results tables, methods detail) not retrieved via fetch in this pass. record_id R3D6B3724D341."
1,10,R4699865C8B65,S357,2021,"Hove, Jennifer; Lucia D’Ambruoso; Twine, Rhian; Denny Mabetha; van der Merwe, Maria; Mtungwa, Ishmael; Khoza, Sonto; Kahn, Kathleen; Witter, Sophie",Developing stakeholder participation to address lack of safe water as a community health concern in a rural province in South Africa,https://doi.org/10.1080/16549716.2021.1973715,https://www.proquest.com/docview/2866972526?accountid=13598&bdid=165485&_bd=BvRO%2ByoLt%2Ft7hi1tjgGmO87RDEI%3D,,include,,(none recorded),no reviewer_1 label recorded: provenance of the decision unknown,,,,,"Extracted from published abstract/introduction text only; full PDF body text (results tables, methods detail) not retrieved via fetch in this pass. record_id R4699865C8B65. | LINKED REPORT (audit 2026-09-28, LR04): related to S369 - partial underlying data; see 03_extraction/extracted_data/linked_reports_2026-09-28.csv."
1,11,R4FE13503AC55,S362,2023,Khangale A.; Madumo O.S.; Tshiyoyo M.M.,Complexities of Intergovernmental Relations in Water Service Provision: A Developmental Local Government Perspective,10.3390/socsci12110614,https://www.scopus.com/pages/publications/85177686111?origin=resultslist,,include,,(none recorded),no reviewer_1 label recorded: provenance of the decision unknown,,,,,"Extracted from published abstract/introduction text only; full PDF body text (results tables, methods detail) not retrieved via fetch in this pass. record_id R4FE13503AC55."
1,12,R56D409CF27A6,S392,2017,Minaverry C.M.,Consumers and users water service in Argentina. Legal outputs.; [Consumidores y usuarios del servicio del agua en Argentina. Enfoques jurídicos],,https://www.scopus.com/pages/publications/85030694429?origin=resultslist,oa_page_candidate,include,,(none recorded),no reviewer_1 label recorded: provenance of the decision unknown,,,,,"No DOI in Scopus; matched via Crossref (DOI 10.24850/j-tyca-2017-01-01), OA landing page located via Unpaywall, no direct PDF link (not yet downloaded) | MERGED 2026-09-28: kept record of a duplicate pair; retired record R7896D097B364 (S299) is now an E08 exclusion. This record's extraction is S392."
1,13,R581406026ADC,S364,2023,"Sylvester, Ruth; Hutchings, P; Mdee, A",Defining and acting on water poverty in England and Wales,https://doi.org/10.2166/wp.2023.253,https://www.proquest.com/docview/3337621518?accountid=13598&bdid=165485&_bd=cuX9FMuskLNmcY%2BGAwmEUb3YmVQ%3D,,include,,(none recorded),no reviewer_1 label recorded: provenance of the decision unknown,,,,,record_id R581406026ADC.
1,14,R5F18E0BC6D04,S375,2017,Farmer T.,"Willing to Pay: Competing Paradigms about Resistance to Paying for Water Services in Cairo, Egypt",10.1163/18763375-00901002,https://www.scopus.com/pages/publications/85020782081?origin=resultslist,,include,,(none recorded),no reviewer_1 label recorded: provenance of the decision unknown,,,,,record_id R5F18E0BC6D04.
1,15,R64A7E6073EF0,S397,2025,de Araújo J.M.; de Morais L.P.R.; de Almeida F.M.,Institutional capacity for basic sanitation planning: insights from Brazil; [Capacidade Institucional para Planejamento de Saneamento Básico: Insights do Brasil],10.1590/2175-3369.017.e20240028,https://www.scopus.com/pages/publications/105000466123?origin=resultslist,oa_page_candidate,include,,(none recorded),no reviewer_1 label recorded: provenance of the decision unknown,,,,,"OA landing page located via Unpaywall, no direct PDF link (not yet downloaded)"
1,16,R6667931A0DBB,S377,2024,Tamboura M.; Baron C.; Kaboré R.,The making of Bottom-up Innovations in Urban Water Services in Precarious Neighborhoods of Ouagadougou Case Studies in Goundrin and Boassa; [La fabrique des innovations d’en bas dans les services urbains d’eau des quartiers précaires de Ouagadougou Études de cas à Goundrin et à Boassa],10.57832/fxsf-rm05,https://www.scopus.com/pages/publications/105002662594?origin=resultslist,,include,,(none recorded),no reviewer_1 label recorded: provenance of the decision unknown,,,,,record_id R6667931A0DBB.
1,17,R6756A903FAFA,S376,2024,Martellet L.G.; de Andrade N.L.R.; Mattos J.C.P.,VULNERABILITY ANALYSIS OF POTABLE WATER SUPPLY AND SANITATION SERVICES IN THE MUNICIPALITY OF RIO BRANCO-ACRE APPLIED TO THE SUNSHINE REGULATION MODEL; [ANÁLISIS DE LA VULNERABILIDAD DEL AGUA POTABLE Y LOS SERVICIOS DE SANEAMIENTO EN EL MUNICIPIO DE RÍO BRANCO-ACRE APLICADO AL MODELO DE REGULACIÓN DE SOL]; [ANÁLISE DA VULNERABILIDADE DOS SERVIÇOS DE ABASTECIMENTO DE ÁGUA POTÁVEL E SANEAMENTO NO MUNICÍPIO DE RIO BRANCO-ACRE APLICADA AO MODELO DE REGULAÇÃO SUNSHINE],10.24857/rgsa.v18n7-046,https://www.scopus.com/pages/publications/85193439874?origin=resultslist,,include,,(none recorded),no reviewer_1 label recorded: provenance of the decision unknown,,,,,Jurimetric-style empirical evaluation of a specific legal/regulatory framework's (Law 14.026/2020) real-world performance via a regulatory-audit-indicator methodology -- appraised with the project's own Legal Institutional Evidence Appraisal Framework since no conventional health/social-science RoB tool fits a regulatory-indicator-audit study design. record_id R6756A903FAFA.
1,18,R749B86F34484,S354,2010,Crow B.; Odaba E.,Access to water in a Nairobi slum: Women's work and institutional learning,10.1080/02508060.2010.533344,https://www.scopus.com/pages/publications/78649745788?origin=resultslist,,include,,(none recorded),no reviewer_1 label recorded: provenance of the decision unknown,,,,,"Extracted from published abstract/introduction text only; full PDF body text (results tables, methods detail) not retrieved via fetch in this pass. record_id R749B86F34484."
1,19,R798F6D592650,S378,2021,Shekhar S.; Dwivedi A.,Role of innovation in sustainable sanitation system: A case study of India; [Rola innowacji w zrównoważonym systemie sanitarnym: Studium przypadku Indii],10.35784/pe.2021.2.23,https://www.scopus.com/pages/publications/85108585556?origin=resultslist,,include,,(none recorded),no reviewer_1 label recorded: provenance of the decision unknown,,,,,record_id R798F6D592650.
1,20,R7AC977C0F191,S379,2021,Morales-Juárez H.; del Carmen Méndez-García E.M.,"Tensions in Governance from Below: Independent water systems in the municipality of Huajuapan de León, Oaxaca, Mexico; [Tensiones en la gobernanza desde abajo: Sistemas Independientes de Agua en el municipio de Huajuapan de León, Oaxaca, México]",10.24850/J-TYCA-2021-03-06,https://www.scopus.com/pages/publications/85104538365?origin=resultslist,,include,,(none recorded),no reviewer_1 label recorded: provenance of the decision unknown,,,,,record_id R7AC977C0F191.
1,21,R812E3C486FA8,S369,2019,Hove J.; D'Ambruoso L.; Mabetha D.; Van Der Merwe M.; Byass P.; Kahn K.; Khosa S.; Witter S.; Twine R.,'Water is life': Developing community participation for clean water in rural South Africa,10.1136/bmjgh-2018-001377,https://www.scopus.com/pages/publications/85067238851?origin=resultslist,,include,,(none recorded),no reviewer_1 label recorded: provenance of the decision unknown,,,,,"Companion paper to S357 (Hove et al. 2021, Global Health Action), reporting the earlier/foundational participatory action research process in the same VAPAR programme and Agincourt HDSS study area that S357's later paper builds on; included as a distinct study per this review's companion-paper precedent (different reported findings/analysis, not a duplicate). record_id R812E3C486FA8."
1,22,R835B5C80B84D,S368,2025,"Makalela, Kagiso; Molepo, John",The Impact of COVID-19 Pandemic on Service Delivery: An Empirical Analysis of Lepelle-Nkumpi Local Municipality,https://doi.org/10.36369/2616-9045/2025/v14i1a4,https://www.proquest.com/docview/3245971055?accountid=13598&bdid=165485&_bd=kCpcM%2B5v3vW9F7SndyBf%2Fsenxlk%3D,,include,,(none recorded),no reviewer_1 label recorded: provenance of the decision unknown,,,,,"The paper's own Section 'Presentation of Results' introduces B1=sanitation, B2=electricity, B3=refuse removal, B4=water, but the prose walking through Table 1's actual percentages assigns the sanitation-related discussion to the row Table 1 labels 'Statement B3' (mean 2.61) rather than 'Statement B1' -- an internal inconsistency in the source publication, not an extraction error; reported here as the source itself narrates it (chi-square/correlation reported for the item the results text calls 'sanitation provision'). record_id R835B5C80B84D."
1,23,R897B0E5CB3C7,S388,2025,Li H.; McManus C.; Cronk R.,Factors Influencing Water Point Functionality in Liberia: A Regression and Bayesian Network Analysis,10.3390/su17198928,https://www.scopus.com/pages/publications/105018967469?origin=resultslist,oa_pdf_candidate,include,,(none recorded),no reviewer_1 label recorded: provenance of the decision unknown,,,,,OA PDF located via Unpaywall (not yet downloaded)
1,24,R918B0EF111DE,S360,2016,"Galway, Lindsay P","Boiling over: A Descriptive Analysis of Drinking Water Advisories in First Nations Communities in Ontario, Canada",https://doi.org/10.3390/ijerph13050505,https://www.proquest.com/docview/2539317753?accountid=13598&bdid=165489&_bd=X%2F1omvxOGtm%2B3magjSP0Zb%2BHpB8%3D,,include,,(none recorded),no reviewer_1 label recorded: provenance of the decision unknown,,,,,"Extracted from published abstract/introduction text only; full PDF body text (results tables, methods detail) not retrieved via fetch in this pass. record_id R918B0EF111DE."
1,25,R928138B31379,S353,2021,Marcillo C.; Krometis L.-A.; Krometis J.,Approximating community water system service areas to explore the demographics of sdwa compliance in Virginia,10.3390/ijerph182413254,https://www.scopus.com/pages/publications/85121118295?origin=resultslist,,include,,(none recorded),no reviewer_1 label recorded: provenance of the decision unknown,,,,,record_id R928138B31379.
1,26,R99B6CE47433C,S380,2011,"Baron, Catherine; Maillefert, Muriel",Une lecture institutionnaliste de la gouvernance de l'eau potable: des terrains d'Afrique de l'Ouest francophone aux faits stylisés,https://doi.org/10.3167/reco.2011.010302,https://www.proquest.com/docview/1768252125?accountid=13598&bdid=165485&_bd=F%2F9ysq9PLCRvkF0CcyT%2B9mpabrw%3D,,include,,(none recorded),no reviewer_1 label recorded: provenance of the decision unknown,,,,,Extracted from abstract/introduction text only (2 pages retrieved from the supplied PDF); full PDF body text (case-study results detail) not retrieved via fetch in this pass. record_id R99B6CE47433C.
1,27,RA0005AC70700,S393,2019,Curtis V.,Explaining the outcomes of the 'Clean India' campaign: Institutional behaviour and sanitation transformation in India,10.1136/bmjgh-2019-001892,https://www.scopus.com/pages/publications/85073160986?origin=resultslist,oa_pdf_candidate,include,,(none recorded),no reviewer_1 label recorded: provenance of the decision unknown,,,,,OA PDF located via Unpaywall (not yet downloaded)
1,28,RA1109B58A443,S389,2007,Whelan J.J.; Willis K.,"Problems with provision: barriers to drinking water quality and public health in rural Tasmania, Australia.",,https://www.scopus.com/pages/publications/34548476510?origin=resultslist,oa_page_candidate,include,,(none recorded),no reviewer_1 label recorded: provenance of the decision unknown,,,,,"No DOI in Scopus; matched via Crossref (DOI 10.22605/rrh627), OA landing page located via Unpaywall, no direct PDF link (not yet downloaded)"
1,29,RA7E07382F0E4,S390,2014,Gonçalves I.; Alves D.; Robalo G.,Social tariffs for water and waste services in mainland Portugal: An impact analysis,10.2166/ws.2014.002,https://www.scopus.com/pages/publications/84924555316?origin=resultslist,oa_page_candidate,include,,(none recorded),no reviewer_1 label recorded: provenance of the decision unknown,,,,,"OA landing page located via Unpaywall, no direct PDF link (not yet downloaded)"
1,30,RB334FC53A1A9,S387,2026,Glavanits J.; Fényes Z.,"Beyond “Potty Parity”: Public Toilets, Gendered Time Costs, and Institutional Accountability in Everyday Mobility",10.3390/laws15030055,https://www.scopus.com/pages/publications/105042872695?origin=resultslist,retrieved,include,,(none recorded),no reviewer_1 label recorded: provenance of the decision unknown,,,,,"Downloaded from MDPI (OA), saved to Downloads/systematic_review_pdfs"
1,31,RB5DB265B1A09,S365,2021,Kharmylliem B.; Kipgen N.,"Assessing the sustainability of urban water supply systems in Shillong, India",10.1163/15691497-12341594,https://www.scopus.com/pages/publications/85113754958?origin=resultslist,,include,,(none recorded),no reviewer_1 label recorded: provenance of the decision unknown,,,,,"Extracted from published abstract/introduction text only; full PDF body text (results tables, methods detail) not retrieved via fetch in this pass. record_id RB5DB265B1A09."
1,32,RBB6D12489912,S355,2022,"Singh, Shirish; Singh, Shirish; Singh, Shirish; Laker, Florence; Laker, Florence; Bateganya, Najib L; Nkurunziza, Allan G; Semiyaga, Swaib; Brdjanovic, Damir","Evaluation of Business Models for Fecal Sludge Emptying and Transport in Informal Settlements of Kampala, Uganda",https://doi.org/10.3390/w14182914,https://www.proquest.com/docview/2716598790?accountid=13598&bdid=165485&_bd=4uS4mJXahg4CQfrQQZOjyNWsXQs%3D,,include,,(none recorded),no reviewer_1 label recorded: provenance of the decision unknown,,,,,"Extracted from published abstract/introduction text only; full PDF body text (results tables, methods detail) not retrieved via fetch in this pass. record_id RBB6D12489912."
1,33,RBFF9D3F5FAD2,S370,2023,Macura B.; Foggitt E.; Liera C.; Soto A.; Orlando A.; Del Duca L.; Carrard N.; Hannes K.; Sommer M.; Dickin S.,Systematic mapping of gender equality and social inclusion in WASH interventions: knowledge clusters and gaps,10.1136/bmjgh-2022-010850,https://www.scopus.com/pages/publications/85147021179?origin=resultslist,,include,,(none recorded),no reviewer_1 label recorded: provenance of the decision unknown,,,,,Secondary systematic mapping review synthesizing the WASH-intervention literature for GESI outcomes; flag in evidence_map.csv as study_design_class=systematic_review_secondary. record_id RBFF9D3F5FAD2.
1,34,RC0FF0932D727,S371,2026,Nurmaningtyas A.R.; Hamzah B.; Aprianti E.,"Priority Strategy for Managing Water Settlement Using Eco-Settlement: SWOT-AHP Approach in Tobati Village, Jayapura, Indonesia",10.14445/23488352/IJCE-V13I6P121,https://www.scopus.com/pages/publications/105043801831?origin=resultslist,,include,,(none recorded),no reviewer_1 label recorded: provenance of the decision unknown,,,,,record_id RC0FF0932D727.
1,35,RC4C6E385D8B9,S395,2024,Lutfia L.; Khasanah A.U.; Hairani A.,"Characteristics of Community-based Rural Water Supply System in Jambon Village, Kulon Progo City",10.1051/bioconf/202414403002,https://www.scopus.com/pages/publications/85216686104?origin=resultslist,oa_pdf_candidate,include,,(none recorded),no reviewer_1 label recorded: provenance of the decision unknown,,,,,OA PDF located via Unpaywall (not yet downloaded)
1,36,RC520790212D3,S381,2013,"Bradshaw, Jonathan; Huby, Meg",Water poverty in england and Wales,https://doi.org/10.1332/175982713X669835,https://www.proquest.com/docview/1948519047?accountid=13598&bdid=165489&_bd=tLYGBle0SP4OnHZdcFjSy7HdwDc%3D,,include,,(none recorded),no reviewer_1 label recorded: provenance of the decision unknown,,,,,record_id RC520790212D3.
1,37,RC869B89B74B1,S382,2022,TUWANI PETRUS MALIMA; GLYNN KUZIVA PINDIHAMA,Potable Water Security in Rural South Africa: A Case Study of Vhembe District,https://doi.org/10.36369/2616-9045/2022/v11si2a3,https://www.proquest.com/docview/3143068019?accountid=13598&bdid=165485&_bd=SjvauW%2FCwJ%2BrUq9kPKu6Oj0C3IA%3D,,include,,(none recorded),no reviewer_1 label recorded: provenance of the decision unknown,,,,,record_id RC869B89B74B1.
1,38,RD03D0D823CB8,S372,2021,Nelson S.; Drabarek D.; Jenkins A.; Negin J.; Abimbola S.,"How community participation in water and sanitation interventions impacts human health, WASH infrastructure and service longevity in low-income and middle-income countries: A realist review",10.1136/bmjopen-2021-053320,https://www.scopus.com/pages/publications/85121024152?origin=resultslist,,include,,(none recorded),no reviewer_1 label recorded: provenance of the decision unknown,,,,,Secondary realist systematic review synthesizing 73 primary studies; flag in evidence_map.csv as study_design_class=systematic_review_secondary. record_id RD03D0D823CB8.
1,39,RD874B0BA92F5,S383,2026,"Aguirre-Osuna, L",Unequal access to water in tourist destinations: socioenvironmental tensions and the human right to water in Cabo San Lucas,10.35197/rx.22.01.2026.14.la,https://www.webofscience.com/wos/woscc/full-record/WOS:001823798200014,,include,,(none recorded),no reviewer_1 label recorded: provenance of the decision unknown,,,,,record_id RD874B0BA92F5.
1,40,RDBEE0C32E0CA,S373,2018,"Burt, Z; Ercümen, A; Billava, N; Ray, I","From intermittent to continuous service: Costs, benefits, equity and sustainability of water system reforms in Hubli-Dharwad, India",10.1016/j.worlddev.2018.04.011,https://www.webofscience.com/wos/woscc/full-record/WOS:000436915700009,,include,,(none recorded),no reviewer_1 label recorded: provenance of the decision unknown,,,,,"A genuine quasi-experimental (matched-cohort) design with a real institutional/administrative exposure (tariff and service-level reform) vs comparator (matched control wards); flagged as a strong candidate for a future effect_sizes.csv entry once this pass's remaining unread pages (the full econometric regression output, Table 4) are retrieved and read -- not added in this pass because only the headline point estimates from the results narrative, not the full coefficient/CI table, were available from the pages read. record_id RDBEE0C32E0CA."
1,41,RDE592D874BF6,S367,2026,Atem N.V.; Lee J.-Y.; Akom E.B.; Chia R.W.; Bello F.A.,"Barriers to Effective Water Resource Management in Foumbot, Cameroon: Infrastructure, Policy, and Community Engagement",10.9720/kseg.2026.1.015,https://www.scopus.com/pages/publications/105035240448?origin=resultslist,,include,,(none recorded),no reviewer_1 label recorded: provenance of the decision unknown,,,,,record_id RDE592D874BF6.
1,42,RE0CF385853FE,S384,2025,Ayanlola A.E.; Akomolafe A.A.; Ifedayo O.D.; Ndubuisi M.P.; Oladipupo O.O.; Olugbenga O.G.,Identification of Problems Associated with Open Defecation and Its Related Solutions: A Case Study of South-West Nigeria,10.71637/tnhj.v25i2.1055,https://www.scopus.com/pages/publications/105010581755?origin=resultslist,,include,,(none recorded),no reviewer_1 label recorded: provenance of the decision unknown,,,,,record_id RE0CF385853FE.
1,43,RE6A43701E1CD,S400,2009,Tabi M.T.,Public water services facing users' social vulnerability: Towards a new management model of basic public services?; [Les services publics d'eau face à la vulnérabilité sociale des populations: Vers un nouveau modèle de management des services publics essentiels?],10.3917/flux.076.0094,https://www.scopus.com/pages/publications/72849143557?origin=resultslist,oa_pdf_candidate,include,,(none recorded),no reviewer_1 label recorded: provenance of the decision unknown,,,,,OA PDF located via Unpaywall (not yet downloaded)
1,44,REDAACBE44344,S385,2026,Rivera Á.M.R.,Drinking Water and Sewerage Provision at the Municipal Level in a Context of Regional Heterogeneity (2008-2019); [La provisión de agua potable y alcantarillado a nivel municipal en un contexto de heterogeneidad regional (2008-2019)],10.19053/UPTC.01203053.V45.N81.2026.18769,https://www.scopus.com/pages/publications/105038949064?origin=resultslist,,include,,(none recorded),no reviewer_1 label recorded: provenance of the decision unknown,,,,,"Full detailed panel-regression coefficient table (Results section) not yet retrieved in this pass -- only the abstract, introduction, literature review, and fiscal-context sections (pp.147-154) were read; flagged as a strong future effect_sizes.csv candidate once the Results section's full coefficient/significance table is retrieved and read. record_id REDAACBE44344."
1,45,REF1C494CE2D1,S352,2017,"Wamuchiru, Elizabeth","Beyond the networked city: situated practices of citizenship and grassroots agency in water infrastructure provision in the Chamazi settlement, Dar es Salaam",https://doi.org/10.1177/0956247817700290,https://www.proquest.com/docview/1964548770?accountid=13598&bdid=165485&_bd=U6VObZwu3xumOrbWAO06l4qkwN4%3D,,include,,(none recorded),no reviewer_1 label recorded: provenance of the decision unknown,,,,,"Extracted from published abstract/introduction text only; full PDF body text (results tables, methods detail) not retrieved via fetch in this pass. record_id REF1C494CE2D1."
1,46,RF20B9AADA984,S396,2026,de Gouveia A.G.; Formiga-Johnsson R.M.; de Paiva Britto A.L.N.,"The invisibility of hydrosocial scarcity in São Gonçalo, Rio de Janeiro Metropolitan Region",10.1590/1809-4422asoc00802vu29L1OA,https://www.scopus.com/pages/publications/105038226681?origin=resultslist,oa_page_candidate,include,,(none recorded),no reviewer_1 label recorded: provenance of the decision unknown,,,,,"OA landing page located via Unpaywall, no direct PDF link (not yet downloaded)"
1,47,RF6F82FE94F8C,S386,2025,Esteban A.M.; Solano I.B.; Solano J.J.B.; Adame O.S.; Solano R.B.,Water situation in Las Vigas from a socioenvironmental perspective,10.36922/AJWEP025220180,https://www.scopus.com/pages/publications/105019953413?origin=resultslist,,include,,(none recorded),no reviewer_1 label recorded: provenance of the decision unknown,,,,,record_id RF6F82FE94F8C.
1,48,R057F7388EEF4,,2004,Wall K.,An investigation of the franchising option for water services in South Africa,,https://www.scopus.com/pages/publications/84891479901?origin=resultslist,oa_pdf_candidate,exclude,E05,(none recorded),no reviewer_1 label recorded: provenance of the decision unknown,,,,,"Wall 2004 (CSIR technical note). Discusses the franchising option for water-services operation in South Africa as an institutional-model proposal; a feasibility/policy-discussion note summarising a background investigation, not itself presenting new primary population/exposure/outcome empirical data."
1,49,R05BF44B8A339,,2013,"Mashingaidze, Terence M","Beyond the Kariba Dam Induced Displacements: The Zimbabwean Tonga's Struggles for Restitution, 1990s-2000s",https://doi.org/10.1163/15718115-02003003,https://www.proquest.com/docview/1448992811?accountid=13598&bdid=165489&_bd=v8IsVLk8rqcgQCZfOhP7v18kMVA%3D,,exclude,E07,(none recorded),no reviewer_1 label recorded: provenance of the decision unknown,,,,,"Mashingaidze 2013 (Int'l J on Minority and Group Rights). Historical/political analysis of Kariba Dam-induced displacement of the Tonga people and their activism for restitution/resource access; the excluded resources are the lake's fishery, tourism, hydropower and wildlife benefits, not household drinking water or sanitation service access specifically -- wrong service."
1,50,R0B462A3EF2D7,,2026,Leite J.; Carmo C.; Correia G.,Enhancing Efficiency in Urban Water Services: Applying the Balanced Scorecard to the Portuguese Municipal Company AEP,10.5171/2026.765158,https://www.scopus.com/pages/publications/105045895145?origin=resultslist,oa_page_candidate,exclude,E01,(none recorded),no reviewer_1 label recorded: provenance of the decision unknown,,,,,"Leite, Carmo & Correia 2026. A corporate strategic-management case study applying the Balanced Scorecard framework to reduce non-revenue/unbilled water losses at a Portuguese municipal water company; internal financial/customer/process/learning management perspectives only, no household-level access, exclusion, or legal/administrative-barrier analysis -- wrong topic (a business-management-tool case study)."
1,51,R19A9F20BC53A,,2008,Rui Cunha Marques,Measuring the total factor productivity of the portuguese water and sewerage services,https://doi.org/10.1590/S1413-80502008000200003,https://www.proquest.com/docview/1561131939?accountid=13598&bdid=165485&_bd=JQlsV2fZ7BdXdJRjtvGSDU%2B0DaU%3D,,exclude,E01,(none recorded),no reviewer_1 label recorded: provenance of the decision unknown,,,,,"Marques 2008 (Portuguese water/wastewater utility TFP study). Total-factor-productivity/efficiency-measurement study of utility performance; no legal, administrative, or governance factor affecting household access is examined -- wrong topic for a last-mile access review."
1,52,R1C0CF917B85E,,2024,De Wit S.; Luseka E.; Bradley D.; Brown J.; Bhagwan J.; Evans B.; Freeman M.C.; Howard G.; Ray I.; Ross I.; Simiyu S.; Cumming O.; Chandler C.I.R.,"Water, sanitation and hygiene (WASH): The evolution of a global health and development sector",10.1136/bmjgh-2024-015367,https://www.scopus.com/pages/publications/85206844439?origin=resultslist,,exclude,E01,(none recorded),no reviewer_1 label recorded: provenance of the decision unknown,,,,,"de Wit et al. 2024. Historiography of the WASH sector's development as a field/discipline; a meta-level sector-history narrative, not an empirical study of a legal/administrative access barrier at population level."
1,53,R21CAA5C1809C,,2025,Alvaredo L.,The construction of the water supply network in Barreiro (Setúbal); [La construcción de la red de abastecimiento de agua en Barreiro (Setúbal)],,https://www.scopus.com/pages/publications/105028292692?origin=resultslist,oa_pdf_candidate,exclude,E08,(none recorded),no reviewer_1 label recorded: provenance of the decision unknown,,,,,"Duplicate publication. Same article (Alvaredo 2025, 'La construccion de la red de abastecimiento de agua en Barreiro (Setubal)', DOI 10.15847/cct.36875) already screened, included, and extracted as S102 under record_id R34A26DC79A8B (2026-09-15) -- a differently-formatted title produced a distinct content-hash record_id for this second copy, missed by the earlier DOI-based dedup pass and caught here by the post-extraction duplicate-detection audit. The fuller full-text extraction obtained for this copy has been merged into S102's row; see extraction_database.csv S102 extraction_note."
1,54,R47B995771A17,,2025,"Inam,Ö",Determining the Opinions of Women Living in the Earthquake Zone on the Physical and Psychosocial Problems after the 2023 Kahramanmaraş Earthquake,10.4274/MNM.2024.24224,https://www.webofscience.com/wos/woscc/full-record/WOS:001475561100001,,exclude,E01,(none recorded),no reviewer_1 label recorded: provenance of the decision unknown,,,,,"Inam 2025. Qualitative interview study of women's physical/psychosocial problems after the 2023 Kahramanmaras earthquake, Turkey; hygiene/toilet access is one minor issue raised by participants within a broader disaster-psychosocial-health study, not a legal/administrative last-mile water/sanitation access study."
1,55,R47F7BDFF23F7,,2020,Jabari S.; Shahrour I.; El Khattabi J.,Assessment of the urban water security in a severe water stress area-application to Palestinian Cities,10.3390/w12072060,https://www.scopus.com/pages/publications/85088525904?origin=resultslist,,exclude,E06,(none recorded),no reviewer_1 label recorded: provenance of the decision unknown,,,,,"Jabari, Shahrour & El Khattabi 2020 (Water). Semi-quantitative water-security risk-index construction (SWARA method) for 5 Palestinian cities across resources/services/governance indicator fields; an engineering/risk-assessment index-methodology paper, not an empirical study of household-level legal/administrative access barriers."
1,56,R553D7F2BD960,,2018,"Gomes, Sharlene L; Gomes, Sharlene L; Hermans, Leon M; Islam, Kazi Faisal; Sheikh, Nazmul Huda; ATM Zakir Hossain; Thissen, Wil A H","Capacity Building for Water Management in Peri-Urban Communities, Bangladesh: A Simulation-Gaming Approach",https://doi.org/10.3390/w10111704,https://www.proquest.com/docview/2582930447?accountid=13598&bdid=165485&_bd=1NJmGF2fzZ5AF%2Bd49CDUbRlp%2B4E%3D,,exclude,E04,(none recorded),no reviewer_1 label recorded: provenance of the decision unknown,,,,,"Gomes et al. 2018 (Water). Evaluates a role-playing simulation-gaming capacity-building workshop method for peri-urban water institutions in Khulna, Bangladesh; reported outcomes are workshop participants' learning/problem-understanding, not an access, connection, service-availability, reliability, quantity, affordability, or exclusion outcome."
1,57,R6414B5FB0A19,,2026,Meng H.; Dai J.; Wu Q.; Wang Y.; Zhao J.; Liu Q.,Spatiotemporal distribution and countermeasures of rural domestic sewage treatment facilities in tropical islands of Hainan; [海南热带岛屿农村生活污水处理设施 时空分布及对策建议],10.12153/j.issn.1674-991X.20250583,https://www.scopus.com/pages/publications/105046111366?origin=resultslist,,exclude,E06,(none recorded),no reviewer_1 label recorded: provenance of the decision unknown,,,,,"Meng et al. 2026 (Hainan, China). GIS/spatial-statistical analysis (Moran's I, hotspot analysis) of 741 rural domestic-sewage-treatment-facility locations and operational status across 18 cities/counties; a technical infrastructure-siting and facility-performance study. 'Government-led, multi-stakeholder participation' governance is mentioned only descriptively, not analyzed as a legal/administrative mechanism producing differential access -- engineering/spatial-planning study only."
1,58,R6F38D218A764,,2022,Willetts J.; Priadi C.; Ombasta O.; Wulandari D.; Imtiyaz I.; Sudhiastiningsih N.N.S.N.; Kohlitz J.; Mills F.; Listyasari M.,Co-developing evidence-informed adaptation actions for resilient citywide sanitation: Local government response to climate change in Indonesia,10.1177/23998083221098740,https://www.scopus.com/pages/publications/85130217841?origin=resultslist,,exclude,E01,(none recorded),no reviewer_1 label recorded: provenance of the decision unknown,,,,,"Willetts et al. 2022 (EPB: Urban Analytics). Co-production research on climate-resilient sanitation adaptation planning across 4 Indonesian city governments; focus is climate-adaptation planning process and institutional capacity-building, not legal/administrative last-mile household access barriers."
1,59,R788D093EA440,,2023,Félix-López M.; Ormaza-Murillo M.; Álvarez-Santana C.; Banchon C.,Exploring the Impact of Reclaimed Water on Latin America’s Development,10.12911/22998993/169962,https://www.scopus.com/pages/publications/85170692099?origin=resultslist,,exclude,E07,(none recorded),no reviewer_1 label recorded: provenance of the decision unknown,,,,,"Felix-Lopez et al. 2023. Economic analysis of reclaimed/reused water markets in Latin America; concerns water-reuse market economics, not household drinking-water or sanitation service access -- wrong service."
1,60,R7B8C7CDFCC7A,,2020,"Howard G.; Bartram J.; Brocklehurst C.; Colford J.M., Jr.; Costa F.; Cunliffe D.; Dreibelbis R.; Eisenberg J.N.S.; Evans B.; Girones R.; Hrudey S.; Willetts J.; Wright C.Y.","COVID-19: Urgent actions, critical reflections and future relevance of 'WaSH': Lessons for the current and future pandemics",10.2166/wh.2020.162,https://www.scopus.com/pages/publications/85089655940?origin=resultslist,,exclude,E05,(none recorded),no reviewer_1 label recorded: provenance of the decision unknown,,,,,Howard et al. 2020 (J Water & Health). Narrative review of WaSH's role in COVID-19 prevention and future pandemic preparedness; synthesizes existing knowledge on hygiene/water access deficiencies globally but does not itself present empirical population/exposure/outcome data on a specific legal/administrative access mechanism.
1,61,R804A6CFFD1D7,,2010,Umunna A.O.,Justifying local empowerment to address rural-urban health inequalities in Sub-Saharan Africa.,,https://www.scopus.com/pages/publications/77950941012?origin=resultslist,oa_pdf_candidate,exclude,E05,(none recorded),no reviewer_1 label recorded: provenance of the decision unknown,,,,,"Umunna 2010. A 'Letter to the Editor' advocacy piece on local empowerment/decentralisation for rural-urban health inequalities, drawing on secondary WHO statistics; not itself an empirical study with its own methodology/data collection."
1,62,R8FB559FE24DC,,2025,Kireitseva H.; Tsyhanenko-Dziubenko I.; Khomenko S.; Palii O.,Integral assessment of the effectiveness of water resource management in communities for sustainable development; [Інтегральна оцінка ефективності управління водними ресурсами громад для сталого розвитку],10.63341/esbur/1.2025.27,https://www.scopus.com/pages/publications/105022655745?origin=resultslist,,exclude,E03,(none recorded),no reviewer_1 label recorded: provenance of the decision unknown,,,,,"Kireitseva et al. 2025. Ukraine water-resource-management SWOT/composite-index study; centralized water/wastewater access percentages appear only as index inputs within an environmental/economic sustainability-index methodology, not as an outcome tied to a legal/institutional/administrative exposure -- wrong exposure."
1,63,RAA8D967AD545,,2006,Barnes F.,An integrated utilities masters of engineering program,,https://www.scopus.com/pages/publications/85029096098?origin=resultslist,oa_pdf_candidate,exclude,E01,(none recorded),no reviewer_1 label recorded: provenance of the decision unknown,,,,,"Barnes et al. 2006. Describes the design of an integrated (water/electric/gas) utilities Masters of Engineering curriculum program; a higher-education curriculum-design paper, not a household/community water-or-sanitation-access study -- wrong topic."
1,64,RB76A3B41BBBF,,2022,Sinharoy S.S.; Conrad A.; Patrick M.; McManus S.; Caruso B.A.,"Protocol for development and validation of instruments to measure women's empowerment in urban sanitation across countries in South Asia and Sub-Saharan Africa: The Agency, Resources and Institutional Structures for Sanitation-related Empowerment (ARISE) scales",10.1136/bmjopen-2021-053104,https://www.scopus.com/pages/publications/85124779216?origin=resultslist,,exclude,E05,(none recorded),no reviewer_1 label recorded: provenance of the decision unknown,,,,,"Sinharoy et al. 2022 (BMJ Open). ARISE scales development/validation study PROTOCOL; no results are yet reported, so it contains no empirical evidence at this stage."
1,65,RB83291F58980,,2024,Weets C.M.; Katz R.,"Global approaches to tackling antimicrobial resistance: A comprehensive analysis of water, sanitation and hygiene policies",10.1136/bmjgh-2023-013855,https://www.scopus.com/pages/publications/85186445556?origin=resultslist,,exclude,E04,(none recorded),no reviewer_1 label recorded: provenance of the decision unknown,,,,,"Weets & Katz 2024. Global mapping of WASH-related antimicrobial-resistance (AMR) policy across 193 countries; strong legal/regulatory-mapping content, but the outcome studied is AMR risk, not access, connection, availability, reliability, quantity, affordability, or exclusion -- wrong outcome."
1,66,RC3AD9364CFB5,,2016,"Prieto, Manuel","Transando el agua, produciendo territorios e identidades indígenas: el modelo de aguas chileno y los atacameños de Calama",https://doi.org/10.7440/res55.2016.06,https://www.proquest.com/docview/1783575588?accountid=13598&bdid=165489&_bd=78SvQc9tHXzAJ2O0VucCy3jGXUE%3D,,exclude,E07,(none recorded),no reviewer_1 label recorded: provenance of the decision unknown,,,,,"Prieto 2016 (Res 55, Chile). Political-ecology study of Chile's free-market water-rights code and Atacameno indigenous identity mobilization through water-rights-market transactions (1981-2009) in Calama; concerns agricultural/mining/multi-use water-RESOURCE-rights markets, not household drinking-water or sanitation SERVICE access -- wrong service (potable-water buyers are only one of seven transaction categories analyzed, and the paper's core focus is resource-rights-market redistribution and indigeneity, not household service access)."
1,67,RC9C18FC0333A,,2020,Tseng K.K.; Joshi J.; Shrivastava S.; Klein E.,"Estimating the cost of interventions to improve water, sanitation and hygiene in healthcare facilities across India",10.1136/bmjgh-2020-003045,https://www.scopus.com/pages/publications/85098192249?origin=resultslist,,exclude,E06,(none recorded),no reviewer_1 label recorded: provenance of the decision unknown,,,,,"Tseng et al. 2020 (BMJ Global Health). Ingredients-based costing study estimating the national capital/recurrent cost of upgrading WASH infrastructure in Indian healthcare facilities; an engineering/cost-estimation exercise with no legal, administrative, or governance barrier-to-access analysis -- engineering only."
1,68,RCB78D4EF3652,,2009,Carré C.; Deroubaix J.-F.,Evolution of the water and sewage sector; an attempt to interpret the development of rainwater reuse for domestic purposes; [L'utilisation domestique de Veau de pluie révélatrice d'un modèle de service d'eau et d'assainissement en mutation?],10.3917/flux.076.0026,https://www.scopus.com/pages/publications/72849153436?origin=resultslist,oa_pdf_candidate,exclude,E04,(none recorded),no reviewer_1 label recorded: provenance of the decision unknown,,,,,"Carre & Deroubaix 2009 (Flux 76-77, pp.26-37). Examines domestic rainwater harvesting/reuse in French Paris-suburb municipalities as revelatory of a water/sanitation service model in transition; real empirical interviews (~30 rainwater users) plus SEDIF consumption data, and discusses LEMA-law tariff/tax-credit regulatory changes. However, the paper's actual empirical outcome is utility revenue-model and tariff-sustainability tension under declining consumption, and user attitudes toward the service/gestionnaires -- not a household-level access, connection, reliability, or exclusion outcome. Wrong outcome."
1,69,RD4B9888B8A1E,,2011,"Ramachandraiah, C","Coping with urban flooding: a study of the 2009 Kurnool floods, India",https://doi.org/10.1177/0956247811418733,https://www.proquest.com/docview/964189688?accountid=13598&bdid=165489&_bd=c8NNLDDWMt0XrpHNS0Ymo3Gxgls%3D,,exclude,E01,(none recorded),no reviewer_1 label recorded: provenance of the decision unknown,,,,,"Ramachandraiah 2011 (Environment & Urbanization). Describes 2009 Kurnool urban-flood disaster response and post-flood recovery (relief distribution, health care, debris clean-up); water/sanitation service disruption is discussed as one facet of disaster coping, not as a legal/administrative last-mile access-barrier study under normal service conditions. One paragraph on inequitable community-toilet repair priority for low-caste neighborhoods post-flood is not sufficient to make this the paper's central empirical focus."
1,70,RDEA162168676,,2021,Jauhari I.; Soesilo T.E.B.; Priadi C.R.,Life Cycle Cost of Self-Supply Water in Metro City,10.1051/e3sconf/202127706001,https://www.scopus.com/pages/publications/85145878169?origin=resultslist,oa_pdf_candidate,exclude,E06,(none recorded),no reviewer_1 label recorded: provenance of the decision unknown,,,,,"Jauhari, Soesilo & Priadi 2021. A Life Cycle Cost (LCC) engineering-economics costing exercise (315-household survey) calculating capital/operational/maintenance costs of self-supply water sources; exposure is water-source type, not a legal/institutional/administrative mechanism empirically examined -- engineering/cost-accounting study only, consistent with the Tseng et al. 2020 precedent for LCC-costing exclusions."
1,71,RF22EFFAD48CC,,2013,Fracalanza A.P.; Jacob A.M.; Eça R.F.,Environmental justice and water resources governance practices: Re-introducing issues of equality to the agenda,10.1590/S1414-753X2013000100003,https://www.scopus.com/pages/publications/84877887120?origin=resultslist,oa_pdf_candidate,exclude,E05,(none recorded),no reviewer_1 label recorded: provenance of the decision unknown,,,,,"Fracalanza, Jacob & Eca 2013. A theoretical/conceptual essay on environmental justice and water-governance practices in Brazil, discussing legal frameworks (PERH, charging instruments) and citing others' empirical findings; no primary data collection or systematic-review methodology of its own is presented in the retrieved text."
1,72,RF8AB3815D963,,2018,Nurbaiti S.R.; Bambang A.N.,Literature Study on Community Participation in Community Based Rural Water Supply and Sanitation Programs,10.1051/e3sconf/20183109033,https://www.scopus.com/pages/publications/85045305328?origin=resultslist,oa_pdf_candidate,exclude,E05,(none recorded),no reviewer_1 label recorded: provenance of the decision unknown,,,,,"Nurbaiti & Bambang 2018. Explicitly self-described as a 'literature study' -- a non-systematic narrative review of prior journals/theses/dissertations on community participation in rural WASH programmes, with no primary data collection or defined systematic-review protocol of its own."
1,73,RFF1E12E56199,,2026,"Nagheeby, Mohsen; Mdee, Anna; Amezaga, Jaime; Heller, Leo; Nicol, Alan; Pena-Varon, Miguel R; Garcia, Mariela, V; Bantider, Amare; Kumar, Ashok; Zainura Zainon Noor; Wan Asiah Nurjannah Wan Ahmad Tajuddin; Narayanaswamy, Lata; Figueroa-Benítez, Alejandro",Escaping the Capitalist Black Hole: dethroning Mammon and liberating water,https://doi.org/10.1080/01436597.2025.2592658,https://www.proquest.com/docview/3312633403?accountid=13598&bdid=165485&_bd=6jRC%2FZMZPV9g6t5xpWU8ZXZdmOY%3D,,exclude,E05,(none recorded),no reviewer_1 label recorded: provenance of the decision unknown,,,,,"Nagheeby et al. 2026 (Third World Quarterly), a 'Research Note'. Conceptual/theoretical synthesis (the 'capitalist Black Hole' framework) drawing on a prior 5-year research hub across 4 countries; this note itself does not present identifiable population/exposure/outcome data for a specific study."
2,74,R089ED6BEB7BE,,1991,Lowatanatrakul W.,The provincial water supply in Thailand and the water decade,10.2166/wst.1991.0419,https://www.scopus.com/pages/publications/0025925434?origin=resultslist,retrieved,exclude,E01,Claude-AI-fulltext-2026-09-27,random check that AI excludes are correct (stratified by exclusion code),,,,,"Lowatanatrakul 1991 (Water Science and Technology) descriptive programme-progress report on Thailand's Provincial Waterworks Authority (PWA) coverage targets, financing, and tariff constraints during the International Drinking Water Supply and Sanitation Decade (1981-1990). An aggregate national infrastructure-coverage progress report without an isolated legal/institutional mechanism's differential effect on specific populations' access. Wrong-topic infrastructure-progress-report study."
2,75,R08D3F4577102,,2012,Hope R.; Foster T.; Money A.; Rouse M.,Harnessing mobile communications innovations for water security,10.1111/j.1758-5899.2011.00164.x,https://www.scopus.com/pages/publications/84868007635?origin=resultslist,retrieved,exclude,E01,Claude-AI-fulltext-2026-09-27,random check that AI excludes are correct (stratified by exclusion code),,,,,"Hope, Foster, Money & Rouse 2012 (Global Policy) forward-looking policy-implications paper on mobile-payment and smart-metering technology innovations for water security in Africa (Kenya and Zambia case studies), synthesizing existing AICD/WHO-UNICEF statistics and expert-ranking survey data on the prospective benefits of mobile water payments. A technology-innovation/policy-prospects paper; while it references documented price disparities between unregulated vendors and formal utilities, its primary empirical contribution is a speculative benefit-ranking exercise about future mobile-payment adoption rather than a rigorous measurement of an existing legal/institutional access-eligibility mechanism's effect. Wrong-topic technology-innovation study."
2,76,R0A1C9E556D77,,2019,"Batista Silveira, Sandra Maria; Maria das Graças e Silva",Socio-environmental conflicts over water in the Northeast of Brazil: Contemporary expropriations and social struggles in rural areas,https://doi.org/10.1590/1982-02592019v22n2p342,https://www.proquest.com/docview/2290244684?accountid=13598&bdid=165485&_bd=bX8f3350wfQ5t8w1OpVxAN6J%2FGE%3D,retrieved,exclude,E01,Claude-AI-fulltext-2026-09-15,random check that AI excludes are correct (stratified by exclusion code),,,,,"Batista Silveira (2019) ""Conflitos socioambientais por água no Nordeste brasileiro: expropriações contemporâneas e lutas sociais no campo"" Revista Katálysis 22(2):342-352 (full text). Bibliographic/documentary research on rural water conflicts driven by agribusiness expansion and land appropriation, affecting ribeirinhos, quilombolas, fishers, indigenous peoples and smallholders; agricultural/land-water-rights dispossession scope, not last-mile household access."
2,77,R0EA2F719D175,,2026,Rojas C.; Riascos-Ochoa J.; Clerici N.; Longo-Sánchez M.C.,Integrating local perceptions and Bayesian belief networks into model ecosystem services multifunctionality in the Colombian Andes,10.1007/s40808-026-02735-6,https://www.scopus.com/pages/publications/105035617005?origin=resultslist,,exclude,E01,Claude-AI-fulltext-2026-09-15,random check that AI excludes are correct (stratified by exclusion code),,,,,"Spatial ecosystem-services multifunctionality modeling study (participatory Bayesian belief network combining InVEST/ARIES biophysical indicators with socioeconomic and perception data) for watershed planning in the Colombian Andes; governance/local-perception variables function as model input parameters within a GIS/spatial-modeling tool, not as a measured empirical access-exclusion mechanism."
2,78,R163C274FBA50,,2025,Ködmön Z.,Water Insecurity and Development Cooperation: Hungary’s Engagement in Africa,10.33002/nr2581.6853.080201,https://www.scopus.com/pages/publications/105014536647?origin=resultslist,retrieved,exclude,E01,Claude-AI-fulltext-2026-09-15,random check that AI excludes are correct (stratified by exclusion code),,,,,"Ködmön (2025) ""Water Insecurity and Development Cooperation: Hungary's Engagement in Africa"" Grassroots J Natural Resources 8(2):1-27 (full text). Quantitative descriptive analysis of regional/urban-rural water-access disparities (UNICEF-WHO JMP indicators + geospatial visualization) combined with a mapping of Hungary's water-related foreign-aid engagement in Africa; a development-cooperation/foreign-policy gap analysis, not an institutional/legal access-mechanism study."
2,79,R16AB75AC4334,,2011,Kolesar P.; Serio J.,Breaking the deadlock: Improving Water-Release policies on the delaware river through operations research,10.1287/inte.1100.0536,https://www.scopus.com/pages/publications/79952088245?origin=resultslist,retrieved,exclude,E01,Claude-AI-fulltext-2026-09-27,random check that AI excludes are correct (stratified by exclusion code),,,,,"Kolesar & Serio 2011 (Interfaces, INFORMS Franz Edelman Award) operations-research study of revising reservoir water-release policies for three New York City dams on the Delaware River headwaters, balancing drinking-water-supply reliability, flood risk, and river-habitat/fisheries quality. Basin-scale, interstate reservoir-operations engineering/operations-research study; no household-level legal/institutional water-access mechanism or differential access outcome is examined. Reapplies the established basin/catchment-scale water-resource-allocation E01 precedent."
2,80,R234D49848D7B,,2021,Cai J.; Zhao D.; Varis O.,Match words with deeds: Curbing water risk with the Sustainable Development Goal 6 index,10.1016/j.jclepro.2021.128509,https://www.scopus.com/pages/publications/85111608430?origin=resultslist,retrieved,exclude,E01,Claude-AI-fulltext-2026-09-18,random check that AI excludes are correct (stratified by exclusion code),,,,,"Global composite SDG6 index (SDG6I) construction across 232 countries/territories using secondary aggregate national statistics (drinking water, sanitation, wastewater treatment, water productivity, water stress, IWRM, transboundary cooperation). A macro cross-country index-construction/benchmarking exercise, no household-level legal-administrative mechanism content."
2,81,R278169A3D0E0,,2025,"Mungekar, Neha; Hölscher, Katharina; Janssen, Annelli; Loorbach, Derk",Repairing urban water governance through informality: comparing governance capacities for reparation in Indian cities,https://doi.org/10.2166/wp.2025.273,https://www.proquest.com/docview/3202144928?accountid=13598&bdid=165485&_bd=frfWYtiCwylgSkJgEhwxu0Xj6gw%3D,retrieved,exclude,E01,Claude-AI-fulltext-2026-09-18,random check that AI excludes are correct (stratified by exclusion code),,,,,"Mungekar, Holscher, Janssen & Loorbach (2025), Water Policy 27(4):521. Comparative ethnographic case study (64 semi-structured interviews plus observation notes across Bhuj and Bhopal, India) of 'consolidative' and 'jugaadu' informal-governance capacities for reparative, water-sensitive urban governance. Rich informal-institutional description (Ward/Mohalla Samitis, councillor-mediated intermediation, NGO cost-sharing funding models, standalone-tank/RWH interventions), but the study's analytic focus and reported outcome are the governance-capacity/reparation theoretical framework itself, not a specific household-level eligibility/documentation/fee/enforcement access mechanism tied to a measured connection/service outcome -- a governance-theory case study, not last-mile access mechanism analysis."
2,82,R2A746B07BB89,,2019,"Wescoat J.L., Jr.; Shah R.P.; Singh R.; Murty J.V.R.","Habitations, villages, and gram panchayats: Local drinking water planning in rural India with a Pune district case study",10.2166/washdev.2019.196,https://www.scopus.com/pages/publications/85074096305?origin=resultslist,retrieved,exclude,E01,Claude-AI-fulltext-2026-09-18,random check that AI excludes are correct (stratified by exclusion code),,,,,"Technical GIS/data-integration methodology paper on coordinating three levels of rural water-planning administrative data (habitation, revenue village, gram panchayat) in Pune district, Maharashtra, India. Documents institutional history of Panchayati Raj devolution but the paper's core empirical contribution is a data-analysis/mapping methodology for water planning, not household-level legal-administrative eligibility/burden/discretion/enforcement mechanisms."
2,83,R2DBFA78BFB76,,2015,Criqui L.,Infrastructure urbanism: Roadmaps for servicing unplanned urbanisation in emerging cities,10.1016/j.habitatint.2015.01.015,https://www.scopus.com/pages/publications/84922295611?origin=resultslist,retrieved,exclude,E01,claude_sonnet_5,random check that AI excludes are correct (stratified by exclusion code),,,,,"Urban-planning theory study of infrastructure-extension mechanisms (utility 'institutional creativity and bricolage') for water and electricity in unplanned settlements, Delhi and Lima; a planning-theory framework spanning multiple utility sectors, not a water-specific legal/institutional access-mechanism study."
2,84,R2EDB83537DF8,,2005,Frumkin H.,"Health, equity, and the built environment",,https://www.scopus.com/pages/publications/19044371497?origin=resultslist,excluded,exclude,E01,Claude,random check that AI excludes are correct (stratified by exclusion code),,,,,"Frumkin (2005), 'Health, Equity, and the Built Environment' (guest editorial). A general environmental-justice/built-environment opinion editorial covering housing, transportation, food deserts, parks, and neighborhood disorder; contains no water/sanitation-access content and is not empirical research."
2,85,R35688D83A3FB,,2016,Hutchings P.; Parker A.; Jeffrey P.,"The political risks of technological determinism in rural water supply: A case study from Bihar, India",10.1016/j.jrurstud.2016.03.016,https://www.scopus.com/pages/publications/84963595624?origin=resultslist,retrieved,exclude,E01,Claude-AI-fulltext-2026-09-18,random check that AI excludes are correct (stratified by exclusion code),,,,,"Hutchings, Parker & Jeffrey (2016) is a discourse-analysis study of India's National Water Policy versus a traditionalist grassroots movement's storylines about rural water-supply technology (handpumps vs. open wells), with ethnographic fieldwork in Bihar. It examines technological-determinism discourse and policy framing, not legal-administrative eligibility, burden, discretion, or enforcement mechanisms governing formal household access."
2,86,R3974945F7707,,2015,"Troeger, Christopher; Pham, Thanh; Van Arsdale, Peter",Community-Level Perceptions and Outcomes of Water Source Development Projects in Timor-Leste: A Cross-Sectional Study,https://doi.org/10.17730/0018-7259-74.2.164,https://www.proquest.com/docview/1688055033?accountid=13598&bdid=165489&_bd=Yjcr2T9WgIN2KNEB6Q%2FqSyeGxsI%3D,retrieved,exclude,E01,Claude-AI-fulltext-2026-09-27,random check that AI excludes are correct (stratified by exclusion code),,,,,"Troeger, Pham & Van Arsdale 2015 (Human Organization) cross-sectional Rapid Assessment Process study of community perceptions and outcomes (health, education, economic) of 11 recently completed water-source development projects in Timor-Leste. Examines project-implementation and sustainability factors (needs assessments, water user groups, local OMR capacity) and perceived well-being outcomes, not a legal/institutional eligibility or barrier mechanism's differential effect on water access. Wrong-topic project-implementation/perception study."
2,87,R3ADAE9AD6CD1,,2017,"Kabogo, Jane Eleuter; Anderson, Elizabeth P; Hyera, Pendo; Kajanja, Godfred",Facilitating public participation in water resources management: reflections from Tanzania,,https://www.proquest.com/docview/1990371423?accountid=13598&bdid=165485&_bd=pnInDBvm%2Fpg9pPEZSgP0ZZR1xM4%3D,excluded,exclude,E01,Claude,random check that AI excludes are correct (stratified by exclusion code),,,,,"Kabogo, Anderson, Hyera & Kajanja (2017), 'Facilitating public participation in water resources management: reflections from Tanzania.' A reflective/documentary review of Tanzania's Water Resources Management Act and basin-scale Water Users' Associations (WUAs); the paper's focus and case studies (Pangani, Wami/Ruvu, Lake Victoria basins) concern basin-scale water-RESOURCE allocation governance (irrigation, ecosystem needs, industrial/agricultural users), with 'domestic users' appearing only once as one of several water-user categories -- consistent with the established E01 macro-scale/basin-level water-resource-governance exclusion precedent (Grafton et al.), not a household drinking-water-access study."
2,88,R3E54D7DA6A1A,,2024,Wiechman A.; Alonso Vicario S.; Anderies J.M.; Garcia M.; Azizi K.; Hornberger G.,Institutional Dynamics Impact the Response of Urban Socio-Hydrologic Systems to Supply Challenges,10.1029/2023WR035565,https://www.scopus.com/pages/publications/85185246153?origin=resultslist,retrieved,exclude,E01,Claude-AI-fulltext-2026-09-18,random check that AI excludes are correct (stratified by exclusion code),,,,,"Conceptual dynamical-systems model (Urban Water Infrastructure Investment Model) of utility-level institutional friction affecting investment/rate-setting/curtailment decisions in three stylized Phoenix Metro cities under supply-shock scenarios; explicitly not intended to predict real-city outcomes. Utility-level institutional-economics simulation, not a household-level legal-administrative connection-access mechanism study."
2,89,R3F83B65D41C0,,2021,Zhuang X.; Fang D.; Ji F.,Beyond technology: A program for promoting urine-diverting dry toilets in rural areas to support sustainability,10.1039/d0ew00994f,https://www.scopus.com/pages/publications/85103983873?origin=resultslist,retrieved,exclude,E01,claude_sonnet_5,random check that AI excludes are correct (stratified by exclusion code),,,,,"Ordinal logistic regression study of which of 14 social-marketing/behavior-change program-implementation factors (trigger meetings, follow-up visits, training) predict household adoption of urine-diverting dry toilets in rural China; a program-effectiveness/behavioral-uptake study, not a legal/institutional access mechanism."
2,90,R4D3FA2134902,,2016,"Wong, Sam",A post-critical perspective to community participation in trans-boundary water governance – A case study of the Volta River Basin in West Africa,,https://www.proquest.com/docview/1931694301?accountid=13598&bdid=165485&_bd=vcUUvCy3uNxPvBJTKajXTdon30M%3D,retrieved,exclude,E01,Claude-AI-fulltext-2026-09-27,random check that AI excludes are correct (stratified by exclusion code),,,,,"Wong 2016 (Geoforum) case study of the Volta River Basin trans-boundary water governance committee (West Africa), examining how participatory governance structures built on traditional chieftaincy authority are vulnerable to elite capture and how quota-based gender-representation rules interact with old institutions to reinforce inequalities. A trans-boundary water-RESOURCE governance study (river-basin management committee), not a household water/sanitation SERVICE-access study, extending the Abers & Keck (Batch 209) water-resource-vs-water-service-access distinction. Wrong-topic water-resource-governance study."
2,91,R4FFEE7FE13E6,,2014,"Kulkarni, Himanshu; Shankar, PS Vijay",Groundwater resources in India: an arena for diverse competition,https://doi.org/10.1080/13549839.2014.964192,https://www.proquest.com/docview/1617901676?accountid=13598&bdid=165485&_bd=BJAh6PMxpHySt1IxyJAryRU2Nic%3D,retrieved,exclude,E01,Claude-AI-fulltext-2026-09-27,random check that AI excludes are correct (stratified by exclusion code),,,,,"Kulkarni & Shankar 2014 (Local Environment) conceptual/theoretical analysis of groundwater as a common-pool resource in India, examining competition between domestic, agricultural, and industrial uses/users across different hydrogeological settings, and calling for governance institutions sensitive to this competition. A groundwater-RESOURCE governance and competition study (irrigation, industry, domestic uses collectively), not an empirical study of a specific legal/institutional mechanism's differential effect on household water-SERVICE access; extends the established water-resource-vs-water-service-access distinction. Wrong-topic water-resource-competition study."
2,92,R6103D8CFE42F,,2022,Aluko O.O.; Esan O.T.; Agboola U.A.; Ajibade A.A.; John O.M.; Obadina O.D.; Afolabi O.T.,How secured and safe is the sanitation and hygiene services in a maximum-security correctional facility in Southwest Nigeria: a descriptive cross-sectional study,10.1080/09603123.2021.1949438,https://www.scopus.com/pages/publications/85111661915?origin=resultslist,retrieved,exclude,E01,Claude-AI-fulltext-2026-09-21,random check that AI excludes are correct (stratified by exclusion code),,,,,"Aluko, Esan, Agboola, Ajibade, John, Obadina & Afolabi 2022, Int. J. Environ. Health Res. Descriptive cross-sectional study (420 inmates, logistic regression) of sanitation/hygiene conditions and predictors of handwashing/toilet-cleaning behavior in a maximum-security Nigerian prison. Population is institutionalized (incarcerated) individuals, not a household or community-level unit of analysis; predictors are individual-level (religion, education, gender, toilet type) rather than a legal/administrative access mechanism. Same institutional (non-household) unit-of-analysis rationale as prior WASH-in-healthcare-facilities and WASH-in-schools exclusions (R7863774753EC, R3B73F903D49F)."
2,93,R79A39D631DB8,,1999,"Van Vugt, Mark; Samuelson, Charles D",The Impact of Personal Metering in the Management of a Natural Resource Crisis: A Social Dilemma Analysis,,https://www.proquest.com/docview/61441042?accountid=13598&bdid=165489&_bd=my7rMHMtgyXuQVbQgoWfp6hOaiM%3D,retrieved,exclude,E01,Claude-AI-fulltext-2026-09-27,random check that AI excludes are correct (stratified by exclusion code),,,,,"Van Vugt & Samuelson 1999 (Personality and Social Psychology Bulletin), a field study and scenario study examining the effect of personal water metering on conservation behavior during a UK water-shortage crisis, framed as a social-dilemma/social-psychology analysis. A behavioral/consumption-conservation study concerning already-connected households' water-use response to metering, not a legal/institutional water-access eligibility mechanism study; extends the established water-demand/consumption-behavior exclusion precedent (Agthe & Billings 1987, Batch 220)."
2,94,R7E506F37F7B8,,2022,Ferrer L.M.; Rodriguez D.A.; Forti M.C.; de Andrade M.R.M.; de Oliveira M.A.,"Composition of the social urban water shortage vulnerability index (SUWSVI) applied to São José dos Campos, SP, Brazil",10.18472/SustDeb.v13n3.2022.45523,https://www.scopus.com/pages/publications/85147027514?origin=resultslist,,exclude,E01,Claude-AI-fulltext-2026-09-15,random check that AI excludes are correct (stratified by exclusion code),,,,,"Composition of a technical social urban water-shortage vulnerability/disaster-risk index (Sao Jose dos Campos, Brazil); vulnerability-index methodology, not legal-institutional access analysis."
2,95,R814343D35E99,,2023,Elias P.; Shonowo A.; de Sherbinin A.; Hultquist C.; Danielsen F.; Cooper C.; Mondardini M.; Faustman E.; Browser A.; Minster J.-B.M.; van Deventer M.; Popescu I.,Mapping the Landscape of Citizen Science in Africa: Assessing its Potential Contributions to Sustainable Development Goals 6 and 11 on Access to Clean Water and Sanitation and Sustainable Cities,10.5334/cstp.601,https://www.scopus.com/pages/publications/85166184666?origin=resultslist,,exclude,E01,Claude-AI-fulltext-2026-09-15,random check that AI excludes are correct (stratified by exclusion code),,,,,"Mixed-methods survey/interview study mapping citizen-science (CS) projects and data-collection methodology across Africa relevant to SDG 6 and SDG 11; central topic is citizen-science data-collection infrastructure and methodology, not a legal/institutional/governance mechanism of water or sanitation service access."
2,96,R86EAE4DBBC9A,,2026,Mamokhere J.; Kgobe F.K.L.,"Local Government Autonomy in South Africa: Governance, Service Delivery, and Development Agendas",10.64211/oidaijsd190105,https://www.scopus.com/pages/publications/105031833165?origin=resultslist,,exclude,E01,Claude-AI-fulltext-2026-09-15,random check that AI excludes are correct (stratified by exclusion code),,,,,"Qualitative documentary/thematic-discourse-analysis study of governance challenges (maladministration, political interference, corruption) eroding local-government autonomy and service delivery broadly (water, electricity, housing, infrastructure) in South Africa; scope is intentionally broad across multiple services rather than a dedicated water/sanitation service-access analysis."
2,97,R8A95684C4716,,2014,Akinboade O.A.; Mokwena M.P.; Kinfack E.C.,Protesting for Improved Public Service Delivery in South Africa’s Sedibeng District,10.1007/s11205-013-0377-9,https://www.scopus.com/pages/publications/84939871717?origin=resultslist,retrieved,exclude,E01,Claude-AI-fulltext-2026-09-21,random check that AI excludes are correct (stratified by exclusion code),,,,,"Akinboade, Mokwena & Kinfack 2014, 1,000-respondent survey of citizen protest participation as a function of general municipal-service dissatisfaction across 9 bundled service categories (health, housing, water, electricity, solid waste, community services, roads, crime, jobs); core topic is civic-protest behavior/political voice, not a legal/administrative water-access mechanism, with water treated as one of several composite dissatisfaction variables -- same bundling rationale as the Mansur Belem flood-risk exclusion precedent."
2,98,R9477DF8E814D,,2004,Sikor T.,The commons in transition: Agrarian and environmental change in Central and Eastern Europe,10.1007/s00267-003-3007-5,https://www.scopus.com/pages/publications/4544258166?origin=resultslist,retrieved,exclude,E01,Claude-AI-fulltext-2026-09-21,random check that AI excludes are correct (stratified by exclusion code),,,,,"Framing paper for a special issue on postsocialist agrarian and environmental commons governance in Central/Eastern Europe (property-rights reform, common-pool resources including water AND landscape/agricultural resources); primary topic is general agrarian/environmental commons governance, not household water/sanitation access."
2,99,R96A74867D7C2,,2020,Sandoval V.; Sarmiento J.P.,"A neglected issue: informal settlements, urban development, and disaster risk reduction in Latin America and the Caribbean",10.1108/DPM-04-2020-0115,https://www.scopus.com/pages/publications/85085887680?origin=resultslist,retrieved,exclude,E01,Claude-AI-fulltext-2026-09-21,random check that AI excludes are correct (stratified by exclusion code),,,,,"Sandoval & Sarmiento 2020, 'A neglected issue: informal settlements, urban development, and disaster risk reduction in Latin America and the Caribbean' (Disaster Prevention and Management). Macro/national-level comparative content analysis of 17 Habitat III National Reports (Argentina through Uruguay), examining urban informal-settlement prevalence and 'risk governance'/'disaster resilience' policy discourse under the New Urban Agenda and Sendai Framework. Access to drinking water and sewerage appears only as an aggregate national-level statistic, one of the UN-Habitat's five 'deprivations' used to define informal settlements, not as an outcome tested against any specific legal/administrative mechanism -- the paper's actual empirical focus and unit of analysis is national governance-discourse content analysis, not household-level water/sanitation access. Wrong topic/unit of analysis per E01, the same macro cross-national governance-index rationale as the Nkiaka, Shadabi & Ward, Laitinen, and Schiel et al. exclusions."
2,100,R9DF6B20973C6,,1995,"van Steenbergen, Frank",The frontier problem in incipient groundwater management regimes in Balochistan (Pakistan),,https://www.proquest.com/docview/206000554?accountid=13598&bdid=165489&_bd=OKxX0xg%2Fl3eyk3bJ0utkplOH52Q%3D,excluded,exclude,E01,Claude,random check that AI excludes are correct (stratified by exclusion code),,,,,"van Steenbergen (1995), 'The Frontier Problem in Incipient Groundwater Management Regimes in Balochistan (Pakistan).' Basin/resource-scale analysis of common-pool groundwater management-regime evolution (access-rights definition, overexploitation dynamics) for irrigated agriculture; basin-scale resource governance distinct from household water-access institutional mechanisms, consistent with the established Kabogo WUA / van Steenbergen-type exclusion precedent."
2,101,RA397C02E9861,,2018,van Welie M.J.; Romijn H.A.,NGOs fostering transitions towards sustainable urban sanitation in low-income countries: Insights from Transition Management and Development Studies,10.1016/j.envsci.2017.08.011,https://www.scopus.com/pages/publications/85028382693?origin=resultslist,retrieved,exclude,E01,Claude-AI-fulltext-2026-09-18,random check that AI excludes are correct (stratified by exclusion code),,,,,"Case study using a Transition Management (TM) theoretical framework combined with development-studies literature to analyze a Dutch NGO's holistic sanitation-chain project in Kisumu, Kenya informal settlements. Core analytical focus is NGO organizational strategy, coalition-building, and capacity-building processes for facilitating socio-technical transitions; legal/regulatory gaps (e.g. absence of legislation enabling sanitation charges in water bills) appear only incidentally, not as the paper's central tested mechanism."
2,102,RAAB22A572D27,,2011,"Jewell, Benjamin; Wutich, Amber","Charitable Christians, Punitive Neighbors: Religiosity and Economic Norms in a Water-Scarce Environment",https://doi.org/10.1108/S0190-1281(2011)0000031015,https://www.proquest.com/docview/1037877237?accountid=13598&bdid=165485&_bd=SgpEDXCL9cErj9QHQJHClwIie2Y%3D,retrieved,exclude,E01,claude_sonnet_5,random check that AI excludes are correct (stratified by exclusion code),,,,,"Ethnography and economic-experiment (dictator/ultimatum games) study of how religiosity shapes prosocial water-sharing norms in a Bolivian squatter settlement; the municipal utility's institutional exclusion of the settlement is background context, while the paper's core analytical framework is religiosity's effect on economic behavior, not a legal/institutional access mechanism."
2,103,RAB12770C4D6A,,2017,Emenike P.C.; Tenebe I.T.; Ogbiye A.S.; Omole D.O.; Animasaun K.O.; Olumuyiwa A.A.; Ihuoma O.B.; Kofoworola D.T.,Women's involvement in the evaluation of water-improvement variables towards the achievement of sustainable development goals: Assessment of a Semi-Urban City in South-West Nigeria,10.2495/WS170031,https://www.scopus.com/pages/publications/85029841069?origin=resultslist,retrieved,exclude,E01,Claude-AI-fulltext-2026-09-13,random check that AI excludes are correct (stratified by exclusion code),,,,,"Household survey on water-source choice, cost perception, and gendered fetching labor in Ado-Odo Ota, Nigeria; no legal/administrative/institutional exposure analyzed beyond a passing policy recommendation."
2,104,RAD91FA5DFF79,,1999,"Daniere, AG; Takahashi, LM",Poverty and access: Differences and commonalities across slum communities in Bangkok,10.1016/S0197-3975(98)00052-6,https://www.webofscience.com/wos/woscc/full-record/WOS:000079299600009,retrieved,exclude,E01,claude_sonnet_5,random check that AI excludes are correct (stratified by exclusion code),,,,,"Household survey-based access-measurement study finding that geographic/socioeconomic factors (settlement age, income) rather than government policy explain differences in service access across Bangkok slum communities; general descriptive access-determinants study, not a legal/institutional mechanism analysis."
2,105,RB21F191E4DB5,,2016,Wilhelm-Solomon M.,Decoding dispossession: Eviction and urban regeneration in Johannesburg's dark buildings,10.1111/sjtg.12165,https://www.scopus.com/pages/publications/84992084556?origin=resultslist,,exclude,E01,Claude-AI-fulltext-2026-09-13,random check that AI excludes are correct (stratified by exclusion code),,,,,"Study examines eviction and urban regeneration/dispossession dynamics in Johannesburg's inner-city 'dark buildings'; focus is on housing eviction and urban renewal governance, not water/sanitation service access."
2,106,RB5516429E2DC,,2013,"Mkondiwa, Maxwell; Jumbe, Charles B.L.; Wiyo, Kenneth A",Poverty-Lack of Access to Adequate Safe Water Nexus: Evidence from Rural Malawi,https://doi.org/10.1111/1467-8268.12048,https://www.proquest.com/docview/1494748601?accountid=13598&bdid=165489&_bd=568kg75SqjkiA5O6pQmyX2s%2BEPE%3D,retrieved,exclude,E01,Claude-AI-fulltext-2026-09-27,random check that AI excludes are correct (stratified by exclusion code),,,,,"Mkondiwa, Jumbe & Wiyo 2013 (African Development Review) Canonical Correlation Analysis of the statistical association between household poverty (income/expenditure) and lack of access to safe water in rural Malawi (n=1,651 households). Purely a socioeconomic-determinants correlation study with no legal/institutional mechanism tested; reapplies the established socioeconomic-determinants E01 precedent (Daniere & Takahashi Bangkok, Batch 198)."
2,107,RB8541E7A11B9,,2018,Alley K.D.; Barr J.; Mehta T.,Infrastructure disarray in the clean Ganga and clean India campaigns,10.1002/WAT2.1310,https://www.scopus.com/pages/publications/85056482955?origin=resultslist,excluded,exclude,E01,Claude,random check that AI excludes are correct (stratified by exclusion code),,,,,"Alley, Barr & Mehta (2018), 'Infrastructure disarray in the clean Ganga and clean India campaigns.' An anthropological case study of wastewater/fecal-sludge management infrastructure governance and caste-based manual-scavenging labor practices in India; concerns the 'back end' sewage-treatment-chain infrastructure and sanitation labor rather than household-level water/sanitation access-barrier determination."
2,108,RB9A117B7E3E9,,2000,"Kundu, Amitabh",Urban poverty in India: Issues and perspectives in development,https://doi.org/10.1177/004908570003000202,https://www.proquest.com/docview/1972058291?accountid=13598&bdid=165489&_bd=H%2BS1vXTO5NL9w35DIyd4zgXgtwU%3D,excluded,exclude,E01,Claude,random check that AI excludes are correct (stratified by exclusion code),,,,,"Kundu (2000), 'Urban poverty in India: Issues and perspectives in development.' A broad analysis of rural/urban poverty trends and interstate variations in India; water supply is examined together with toilets and electricity as one of several 'basic amenities' within a much broader poverty/governance-reform analysis, not a dedicated water-access institutional-mechanism study."
2,109,RBA18C893F671,,2013,"Ormerod, Kerri Jean; Scott, Christopher A",Drinking Wastewater: Public Trust in Potable Reuse,https://doi.org/10.1177/0162243912444736,https://www.proquest.com/docview/1622295753?accountid=13598&bdid=165489&_bd=30OrJkTZUJkXUi4LB8hGPzrHqMU%3D,retrieved,exclude,E01,Claude-AI-fulltext-2026-09-27,random check that AI excludes are correct (stratified by exclusion code),,,,,"Ormerod & Scott 2013 (Science, Technology & Human Values) survey-based study (n>250 Tucson, Arizona residents) of public trust in professional institutions and its relationship to willingness to drink reclaimed (potable-reuse) water. A public-perception/technology-acceptance study of indirect potable reuse; no legal/institutional mechanism governing differential water access is examined. Wrong-topic public-trust/technology-acceptance study."
2,110,RBFBE0C8DD5C3,,2009,"Nkwocha, E E",Water Supply Deficiency and Implications for Rural Development in the Niger-Delta Region of Nigeria,https://doi.org/10.1007/s11205-008-9268-x,https://www.proquest.com/docview/197648890?accountid=13598&bdid=165489&_bd=5Xkw4JiXkfrzQFYZfmDCOvlTHOw%3D,retrieved,exclude,E01,Claude-AI-fulltext-2026-09-27,random check that AI excludes are correct (stratified by exclusion code),,,,,"Nkwocha 2009 (Social Indicators Research) household-survey study (n=501, 13 villages) with logistic regression of water supply deficiency and its socioeconomic implications (agriculture, rural industrialization, education, health) in the Niger-Delta region of Nigeria. Documents general water-scarcity effects on rural livelihoods and development; no specific legal/institutional mechanism (permitting, eligibility, tariff, connection rule) is examined as producing the documented deficiency. Wrong-topic general water-scarcity-impact study."
2,111,RCCFC0529D594,,2026,Pandey S.; Acharya S.; Bhandari S.; Running K.,Effectiveness and equity of local climate adaptation: Evidence from a comparative LAPA case study in rural Nepal,10.1007/s10113-026-02624-9,https://www.scopus.com/pages/publications/105042686026?origin=resultslist,,exclude,E01,Claude-AI-fulltext-2026-09-15,random check that AI excludes are correct (stratified by exclusion code),,,,,"Quantitative Livelihood Vulnerability Index (LVI) comparison of Nepal's Local Adaptation Plan of Action (LAPA) climate-adaptation program across caste groups; water is one minor sub-component among nine broad LVI domains (socio-demographic, livelihoods, social networks, food, water, health, infrastructure, disasters, climatic variability) in a study whose central topic is climate-adaptation program equity, not a dedicated water/sanitation service-access analysis."
2,112,RD1D7FB8C4689,,2023,"Mansfield, Robyn G",‘They’ll be the ones that’s looking after it’ – unravelling institutional factors that shape children’s participation in urban planning for informal settlements,https://doi.org/10.1080/14733285.2022.2159331,https://www.proquest.com/docview/2877235097?accountid=13598&bdid=165485&_bd=vhWcnYlWj1Q0Egdz4Aczsz15f4c%3D,retrieved,exclude,E01,Claude-AI-fulltext-2026-09-21,random check that AI excludes are correct (stratified by exclusion code),,,,,"Mansfield (2023), Children's Geographies 21(5):944-960, ""'They'll be the ones that's looking after it' -- unravelling institutional factors that shape children's participation in urban planning for informal settlements."" Qualitative case study (32 staff interviews, institutional-logics framework) of an NGO/research program's (RISE, Fiji) internal organisational culture around including children in water/sanitation-infrastructure co-design workshops. The study examines program-governance and participation-typology dynamics within a donor-funded NGO research project, not a government/utility legal-administrative mechanism (eligibility, documentation, fee, discretion, enforcement) governing household water/sanitation connection access -- wrong topic."
2,113,RD1DE793F1296,,2004,Otis R.J.; Gilbertson C.D.; McCarthy B.J.; Barnett T.B.,Performance management and inventory system for onsite/cluster wastewater treatment facilities,,https://www.scopus.com/pages/publications/27944488319?origin=resultslist,excluded,exclude,E01,Claude,random check that AI excludes are correct (stratified by exclusion code),,,,,"Otis, Gilbertson, McCarthy & Barnett (2004), 'Performance management and inventory system for onsite/cluster wastewater treatment facilities.' A technical description of a GIS/database software tool for permit-tracking and regulatory administration in rural Minnesota, not an empirical study of a legal/institutional water-access-barrier mechanism -- matches the tool/methodology-development exclusion precedent."
2,114,RD6B9F237B30D,,1997,"Zwarteveen, Margreet Z",Water: From Basic Need to Commodity: A Discussion on Gender and Water Rights in the Context of Irrigation,,https://www.proquest.com/docview/61563078?accountid=13598&bdid=165489&_bd=3e38zaZy54xU50om0hnbnTDcpiM%3D,excluded,exclude,E01,Claude,random check that AI excludes are correct (stratified by exclusion code),,,,,"Zwarteveen (1997), 'Water: From Basic Need to Commodity: A Discussion on Gender and Water Rights in the Context of Irrigation.' Conceptual/theoretical discussion of gendered water-rights allocation in irrigation systems (productive agricultural water use), not domestic/household water or sanitation access; matches established precedent excluding irrigation/agricultural-water-allocation papers as out of scope."
2,115,RD9AA2E70843A,,1994,"Choguill, Charles L",Implementing Urban Development Projects: A Search for Criteria for Success,,https://www.proquest.com/docview/61625456?accountid=13598&bdid=165489&_bd=6cdHzX67ulieTXK1Sq27t8Zpgws%3D,excluded,exclude,E01,Claude,random check that AI excludes are correct (stratified by exclusion code),,,,,"Choguill (1994), 'Implementing Urban Development Projects: A Search for Criteria for Success.' Generic public-administration/planning-implementation framework (six constraint factors) applied comparatively to a Bangladesh squatter-resettlement project and a Tegucigalpa, Honduras water/sanitation project. The water case is one of two illustrations of a general implementation-theory framework; no specific legal/administrative access-barrier mechanism for water is analyzed."
2,116,RDCB899855EE9,,2012,"Wafer, Alex",Discourses of Infrastructure and Citizenship in Post-Apartheid Soweto,https://doi.org/10.1007/s12132-012-9146-0,https://www.proquest.com/docview/1283640137?accountid=13598&bdid=165485&_bd=HvUeYF7AviBsx7QizdyFu1vEkng%3D,excluded,exclude,E01,Claude,random check that AI excludes are correct (stratified by exclusion code),,,,,"Wafer (2012), 'Discourses of Infrastructure and Citizenship in Post-Apartheid Soweto.' Traces the discursive link between infrastructure and post-apartheid citizenship through electricity-disconnection protests (Operation Khanyisa) and, briefly, the Phiri prepaid-water-metre court case. The paper's analytical object is citizenship discourse and protest politics, centred overwhelmingly on electricity; water is mentioned only in passing and is not itself analyzed as a legal/institutional access-barrier mechanism."
2,117,RE0841B3F072D,,2007,Ruet J.; Gambiez M.; Lacour E.,Private appropriation of resource: Impact of peri-urban farmers selling water to Chennai Metropolitan Water Board,10.1016/j.cities.2006.10.001,https://www.scopus.com/pages/publications/33947593773?origin=resultslist,excluded,exclude,E01,Claude,random check that AI excludes are correct (stratified by exclusion code),,,,,"Ruet, Gambiez & Lacour (2007), 'Private appropriation of resource: Impact of peri-urban farmers selling water to Chennai Metropolitan Water Board.' Core focus is upstream bulk-water-sourcing property-rights conflict and changing agricultural practices among peri-urban/rural farmers supplying the metropolitan utility, not a household/domestic last-mile water-access barrier mechanism for urban residents."
2,118,RE9D317AFBDAF,,2022,Lubis R.P.; Subhilhar; Harahap R.H.; Zuska F.,"Model of Sustainable Drinking Water Governance at Tirta Kualo Regional Drinking Water Corporate in Tanjungbalai City, Indonesia",10.18280/ijsdp.170809,https://www.scopus.com/pages/publications/85149125111?origin=resultslist,retrieved,exclude,E01,Claude-AI-fulltext-2026-09-12,random check that AI excludes are correct (stratified by exclusion code),,,,,"Mixed-methods diagnostic study of PDAM Tirta Kualo (Tanjungbalai City, Indonesia regional water utility), assessing raw-water-source capacity, demand projections, and internal governance dysfunction across five working units (technical, administration/finance, customer satisfaction, planning, internal supervisory) to design a 'sustainable water governance model' referencing the city's 2013-2033 spatial plan. Real coverage data are reported (68.86% total, 47.22-99.20% by district) but the object of study is utility-internal operational/administrative capacity (staffing ratios, water-meter conditions, cost recovery, water losses) and a governance-model design exercise, not an analyzed legal/administrative ELIGIBILITY, BURDEN, DISCRETION, or ENFORCEMENT mechanism causing household-level exclusion. Same category as the previously-excluded ERSAR Portugal and Alshboul Jordan utility-governance/accountability-framework papers."
2,119,RF104A3C9A7FE,,2021,Bolatova Z.; Tussupova K.; Toleubekov B.; Sukhanberdiyev K.; Sharapatova K.; Stafström M.,Challenges of access to WASH in schools in low-and middle-income countries: Case study from rural central Kazakhstan,10.3390/ijerph18189652,https://www.scopus.com/pages/publications/85114671868?origin=resultslist,excluded,exclude,E01,Claude,random check that AI excludes are correct (stratified by exclusion code),,,,,"Bolatova et al. (2021), 'Challenges of Access to WASH in Schools in Low- and Middle-Income Countries: Case Study from Rural Central Kazakhstan.' A school WASH infrastructure-condition survey (pupil survey, infrastructure observation, administrator interviews) across 3 rural Kazakh schools; a purely technical/public-health infrastructure-condition assessment with no institutional/legal water-access-mechanism analysis."
2,120,RF5C6D981DB3B,,2023,Rodríguez-Izquierdo E.; Alvarado-Velázquez J.; García-Meneses P.M.; Merino-Pérez L.; Mazari-Hiriart M.,"Inequality, water accessibility, and health impacts in Chiapas, Mexico",10.1007/s10113-022-01993-1,https://www.scopus.com/pages/publications/85143624859?origin=resultslist,retrieved,exclude,E01,Claude-AI-fulltext-2026-09-15,random check that AI excludes are correct (stratified by exclusion code),,,,,"Rodríguez-Izquierdo, Alvarado-Velázquez, García-Meneses, Merino-Pérez, Mazari-Hiriart (2023) ""Inequality, water accessibility, and health impacts in Chiapas, Mexico"" Regional Environmental Change 23:3. Paywalled abstract only. SDG-interlinkages case study (3 Chiapas municipalities); core empirical focus is land-cover-change-driven water-quality deterioration from agricultural/urban intensification, with governance (SDG16) mentioned only as one of several tangential policy levers -- not a study of institutional last-mile access mechanisms."
2,121,RF8BD93786D82,,2019,"Adams, EA; Vásquez, WF","Do the urban poor want household taps? Community preferences and willingness to pay for household taps in Accra, Ghana",10.1016/j.jenvman.2019.06.113,https://www.webofscience.com/wos/woscc/full-record/WOS:000483635000057,excluded,exclude,E01,Claude,random check that AI excludes are correct (stratified by exclusion code),,,,,"Choice-experiment/willingness-to-pay economics study of household-tap preferences among urban poor residents in Nima, Accra, Ghana. Examines demand-side service-attribute preferences (connection fees, service hours, provider trust); no legal/institutional access-barrier mechanism (eligibility, tenure, documentation) examined. Extends the Mansur & Olmstead 2012 precedent under E01."
2,122,RF9BF2D97C3AD,,2012,Moorthy R.; eyabalan G.,Ethics and sustainability: A review of water policy and management,10.3844/ajassp.2012.24.31,https://www.scopus.com/pages/publications/80655138723?origin=resultslist,,exclude,E01,Claude-AI-fulltext-2026-09-15,random check that AI excludes are correct (stratified by exclusion code),,,,,"Moorthy & Jeyabalan 2012 - review of water policy/management ethics Malaysia; broad national water-resource policy/IWRM review, not last-mile access governance specifically."
2,123,RFA18A400F778,,2016,"Moran, Michael; Joyce, Andrew; Barraket, Josephine; MacKenzie, Caitlyn; Foenander, Emily",What Does 'Collaboration' Without Government Look Like? The Network Qualities of an Emerging Partnership,https://doi.org/10.1111/1467-8500.12195,https://www.proquest.com/docview/1816739897?accountid=13598&bdid=165485&_bd=ZMU1Fdqc2vf1vRS9bs0NNaNi7pw%3D,excluded,exclude,E01,Claude,random check that AI excludes are correct (stratified by exclusion code),,,,,"Australian public-administration/social-network-analysis case study of a voluntary NFP-private water company partnership addressing customer financial hardship via referral pathways. Outcome measured is partnership network quality/collaboration structure, not a water-access outcome; no statute, disconnection-prevention law, or eligibility framework for the hardship program is discussed."
2,124,RFC696CEFD0F1,,2006,"Mullen, Jane; Vladi, Natalie; Mills, Albert J",Making Sense of the Walkerton Crisis,https://doi.org/10.1080/14759550600865933,https://www.proquest.com/docview/61659560?accountid=13598&bdid=165489&_bd=GqH%2BF3BFduSn2x8w0zMuztCF%2Bck%3D,excluded,exclude,E01,Claude,random check that AI excludes are correct (stratified by exclusion code),,,,,"Organizational-communication-theory analysis (Weick's sensemaking framework, Foucauldian discourse) of the Walkerton, Ontario 2000 E. coli water contamination crisis. Analytical focus is crisis sensemaking/media representation, not the legal/regulatory mechanism (privatized water testing, cost-cutting) that caused the crisis; no household-level access/exclusion outcome examined."
2,125,RFE07661F24F1,,2018,"Hushie, M",State-civil society partnerships for improving safe water and sanitation coverage in the Northern region of Ghana: An exploratory qualitative study,10.1080/23311886.2018.1508626,https://www.webofscience.com/wos/woscc/full-record/WOS:000445638600001,retrieved,exclude,E01,Claude-AI-fulltext-2026-09-21,random check that AI excludes are correct (stratified by exclusion code),,,,,"Qualitative study of state-civil society partnership dynamics (24 interviews, 16 CSO-District Assembly collaborations) for W&S service delivery in Ghana; the studied outcome is partnership drivers/nature/successes/challenges at the institutional CSO-local government level, not a household-level legal-administrative water/sanitation access, connection, or affordability outcome -- matches the established governance-process/partnership-dynamics precedent."
2,126,R26FD0045CAAA,,2026,Kyambade M.; Mwesigwa R.; Alinda K.; Tumwine S.; Lwanga F.,Exploring the role of institutional governance in enhancing sustainability performance of health and sanitation projects in Uganda: a qualitative inquiry,10.1108/SRJ-11-2025-1179,https://www.scopus.com/pages/publications/105040955670?origin=resultslist,retrieved,exclude,E02,Claude-AI-fulltext-2026-09-12,random check that AI excludes are correct (stratified by exclusion code),,,,,"Qualitative institutional-theory inquiry (21 interviews with policymakers, health officers, and project managers) into how governance (policies, regulatory frameworks, organizational structures) shapes the 'sustainability performance' (economic/social/environmental continuity beyond donor funding) of health/sanitation PROJECTS in Uganda. Population is project-level stakeholders/implementers, not households/applicants; outcome is organizational/project continuity and legitimacy (institutional isomorphism framing), not household connection, access, reliability, or affordability (PROJECT_SPEC.md sec7). Same scope issue as the related R4F8CFC42FFE1 (Kyambade et al., responsible leadership) already excluded from this same author cluster -- this is donor-project governance/organizational-sustainability scholarship, not a household legal-administrative access study."
2,127,R5E653CCC67DF,,2026,García-López M.; López-Ruiz S.; Cuadrado-Quesada G.,Does Economic Growth Drive Equitable Water and Sanitation Access? Assessing Inequality Reduction Across 64 Nations,10.1002/sd.70894,https://www.scopus.com/pages/publications/105032480418?origin=resultslist,retrieved,exclude,E02,Claude-AI-fulltext-2026-09-12,random check that AI excludes are correct (stratified by exclusion code),,,,,"Cross-country econometric panel study (OLS/2SLS/SURE) of 64 nations testing whether GDP-per-capita growth reduces inequality in aggregate JMP basic water/sanitation access rates (by income quintile and urban/rural), with Gini, inflation, water-use efficiency, schooling, economic complexity, and a generic 'governance effectiveness' index (a World-Bank-style macro governance-quality score) as covariates. Unit of analysis is the country (n=64), not the household; outcome is national/urban/rural aggregate access-rate inequality (standard deviation across quintiles), not an individual household's connection/access/reliability/affordability status. 'Governance effectiveness' is a generic macro-governance quality index, not a specific legal/administrative access mechanism mapping onto this review's mechanism framework (ELIGIBILITY/BURDEN/DISCRETION_ACCOMMODATION/ENFORCEMENT, PROJECT_SPEC.md sec6). Core research question is macroeconomic (growth-inequality nexus), not administrative-law/legal-mechanism. Borderline given the paper's explicit finding that governance effectiveness outpredicts income inequality -- flagged for second-reviewer attention."
2,128,R7434BDB46CEF,,2022,Wami M.; Fisher J.; Akpila S.; Radu T.,"Current water, sanitation and hygiene (WASH) conditions in selected schools in Port Harcourt, Nigeria",10.3828/idpr.2022.6,https://www.scopus.com/pages/publications/85147421403?origin=resultslist,retrieved,exclude,E02,claude,random check that AI excludes are correct (stratified by exclusion code),,,,,"Facility-level (school) WASH conditions survey (20 secondary schools, 806 respondents, Rivers State, Nigeria), measuring JMP-ladder water/sanitation/hygiene service levels and WHO student-to-toilet-ratio compliance. Unit of analysis is the school facility, not the household or individual applicant -- matches the established wrong-population pattern for school/institutional WASH facility surveys (cf. Chumo et al. childcare-centre study, Chouhan et al. Odisha schools). No legal/administrative access mechanism (eligibility, documentation, discretion, enforcement) is identified or analyzed; findings are purely descriptive facility-condition statistics from an engineering/public-health survey."
2,129,R762C6673156D,,2026,Zaman M.N.U.; Sai A.; Yamauchi T.,"Knowledge, economic, and WASH challenges affecting menstrual health and hygiene among nursing students in Bangladesh using a mixed-methods approach",10.1038/s41598-026-41531-1,https://www.scopus.com/pages/publications/105036328591?origin=resultslist,retrieved,exclude,E02,Claude-AI-fulltext-2026-09-12,random check that AI excludes are correct (stratified by exclusion code),,,,,"Mixed-methods study (n=370 survey + 6 FGDs) of menstrual health and hygiene (MHH) among nursing/midwifery students across seven government colleges in Bangladesh. Population is nursing students in institutional educational settings, not households/applicants seeking water or sanitation service connection. Outcome variables are MHH indicators (adequate menstrual materials, WASH facility adequacy for menstrual management, menstrual knowledge, health impact, social support, discomfort) -- WASH facility adequacy is one of six outcomes and concerns campus-level menstrual-management conditions, not household connection, access, reliability, or affordability (PROJECT_SPEC.md sec7). No legal, administrative, institutional, or regulatory water/sanitation access mechanism is examined; policy context (2016 National Curriculum, Water and Sanitation Sector Development Plan) appears only as background, not as an analyzed exposure."
2,130,R587E49E75B7E,,2012,"Browett, Heather; Pearce, Meryl; Willis, Eileen M",Cost Implications of Hard Water on Health Hardware in Remote Indigenous Communities in the Central Desert Region of Australia,https://doi.org/10.18584/iipj.2012.3.3.6,https://www.proquest.com/docview/1400224502?accountid=13598&bdid=165489&_bd=dBEB9J9SIaHS4aO3jyMuYg4OWzM%3D,,exclude,E03,Claude-AI-fulltext-2026-09-15,random check that AI excludes are correct (stratified by exclusion code),,,,,"Quantitative cost/technical study of hard-water scale build-up on health hardware (taps, hot water systems) in remote Australian Indigenous communities; exposure is water hardness (a water-quality attribute) and outcome is infrastructure maintenance cost, not a legal/administrative access-exclusion mechanism."
2,131,R72919F1AC937,,2003,"Caldwell, Bruce K; Caldwell, John C; Mitra, S N; Smith, Wayne",Searching for an optimum solution to the Bangladesh arsenic crisis,https://doi.org/10.1016/S0277-9536(02)00203-4,https://www.proquest.com/docview/230484428?accountid=13598&bdid=165489&_bd=C101HZq0GNO7NniNginUq0jcyp0%3D,retrieved,exclude,E03,Claude-AI-fulltext-2026-09-27,random check that AI excludes are correct (stratified by exclusion code),,,,,"Caldwell, Caldwell, Mitra & Smith 2003 (Social Science & Medicine) national survey study of arsenic contamination in Bangladeshi rural tubewells, examining the tradeoff between arsenic-exposure risk and the convenience/hygiene benefits of household tubewell ownership. A water-quality/contamination-exposure study, not a legal/institutional water-access eligibility mechanism study; extends the established water-quality-focus exclusion precedent (Khabo-Mmekoa & Momba 2019, Batch 220; Eggers et al. 2018, Batch 215)."
2,132,RC0409B5F0BE0,,2018,Petelet-Giraud E.; Cary L.; Cary P.; Bertrand G.; Giglio-Jacquemot A.; Hirata R.; Aquilina L.; Alves L.M.; Martins V.; Melo A.M.; Montenegro S.; Chatton E.; Franzen M.; Aurouet A.,"Multi-layered water resources, management, and uses under the impacts of global changes in a southern coastal metropolis: When will it be already too late? Crossed analysis in Recife, NE Brazil",10.1016/j.scitotenv.2017.07.228,https://www.scopus.com/pages/publications/85031752818?origin=resultslist,excluded,exclude,E03,Claude,random check that AI excludes are correct (stratified by exclusion code),,,,,"Petelet-Giraud et al. (2017), 'Multi-layered water resources, management, and uses under the impacts of global changes... Recife, NE Brazil.' A hydrogeological/environmental-science field study (isotope/water-chemistry sampling by a geological-survey research team) on aquifer overexploitation and salinization; Brazilian water law and governance are discussed narratively but with no primary institutional data collection (no interviews or household survey) -- institutional context is background only, matching the Rowles et al. (2020) precedent."
2,133,RCEDB672130C6,,2011,Jiménez-Moleón M.C.; Gómez-Albores M.A.,"Waterborne diseases in the state of Mexico, Mexico (2000-2005)",10.2166/wh.2010.149,https://www.scopus.com/pages/publications/79954545195?origin=resultslist,excluded,exclude,E03,Claude,random check that AI excludes are correct (stratified by exclusion code),,,,,"Jimenez-Moleon & Gomez-Albores (2011), 'Waterborne diseases in the state of Mexico, Mexico (2000-2005).' A spatial-epidemiological GIS study correlating waterborne-disease incidence with water/sewer service coverage; the institutional/regulatory context is background only, matching the Rowles et al. (2020) Texas colonias precedent for water-quality/health-outcome-focused studies."
2,134,R00E98F4E387F,,2022,Hove J.; D’Ambruoso L.; Kahn K.; Witter S.; van der Merwe M.; Mabetha D.; Tembo K.; Twine R.,Lessons from community participation in primary health care and water resource governance in South Africa: a narrative review,10.1080/16549716.2021.2004730,https://www.scopus.com/pages/publications/85122468717?origin=resultslist,oa_pdf_candidate,exclude,E04,Claude-AI-fulltext-2026-09-17,random check that AI excludes are correct (stratified by exclusion code),,,,,"Narrative review of community participation in primary health care and water resource governance (Hove et al. 2022, South Africa); outcome is participation/decision-making process quality, not household water/sanitation access, connection, or exclusion; also mixes PHC health-committee literature with water governance."
2,135,R03DD1BAD1AD0,,2011,"McSpirit, Stephanie; Reid, Caroline","Residents' Perceptions of Tap Water and Decisions to Purchase Bottled Water: A Survey Analysis from the Appalachian, Big Sandy Coal Mining Region of West Virginia",https://doi.org/10.1080/08941920903401432,https://www.proquest.com/docview/902079593?accountid=13598&bdid=165489&_bd=MT6ERwctlDFk%2FzrKFSw5IoSocyk%3D,retrieved,exclude,E04,Claude-AI-fulltext-2026-09-27,random check that AI excludes are correct (stratified by exclusion code),,,,,"McSpirit & Reid 2011 (Society & Natural Resources), 'Residents' Perceptions of Tap Water and Decisions to Purchase Bottled Water.' A regression study of consumer purchasing-behavior/perceptions (perceived tap-water quality, trust, saliency, income) driving bottled-water purchase decisions in an Appalachian coal-mining region. A consumer-behavior/perceptions study, not a legal/institutional water-access-eligibility mechanism; extends the established perceptions/attitudes wrong-outcome exclusion precedent (Baird et al. 2015, Batch 223; Sperling et al. 2016, Batch 218)."
2,136,R0E2A3E4907E1,,2017,"Younes Ben Zaied; Bouzgarrou, Houssam; Nidhaleddine Ben Cheikh; Nguyen, Pascal",The nonlinear progressive water pricing policy in Tunisia: equity and efficiency,https://doi.org/10.21511/ee.08(2).2017.02,https://www.proquest.com/docview/2221316636?accountid=13598&bdid=165485&_bd=GaImbnGFWrnt7%2BRD7kfcZegyTbM%3D,,exclude,E04,Claude-AI-fulltext-2026-09-15,random check that AI excludes are correct (stratified by exclusion code),,,,,"Macro-econometric panel-cointegration analysis of aggregate consumption-block data from the Tunisian water regulator over 27 years, examining tariff-structure effects on consumption elasticity among already-connected subscribers; outcome is demand/consumption elasticity, not differential connection/access/exclusion."
2,137,R4B355EE5D4C7,,2026,Ogunbode T.O.; Awolola V.O.,"Examining awareness, implementation, and challenges of sustainable development goal 6 in rural Osun State, Nigeria",10.1038/s41598-025-23154-0,https://www.scopus.com/pages/publications/105027005934?origin=resultslist,retrieved,exclude,E04,Claude-AI-fulltext-2026-09-12,random check that AI excludes are correct (stratified by exclusion code),,,,,"Household survey (n=310, 31 rural communities, Osun State, Nigeria) whose measured outcome, via factor analysis, is respondents' 'awareness of SDG 6' -- not a formal connection, effective/economic access, or administrative access outcome. Exposure factors identified (cultural beliefs about water as a communal resource, poverty, poor road connectivity, poor women's empowerment programming) drive awareness, not a legal/administrative access mechanism. Descriptive statistics on MDG-era borehole presence/functionality by community are purely infrastructure-maintenance data (non-functional due to poor maintenance/lack of technical expertise), with no eligibility, application, discretion, or enforcement process analyzed as an exposure variable."
2,138,R4D7CD4E75E33,,2013,Vásquez W.F.,An economic valuation of water connections under different approaches of service governance,10.1016/j.wre.2013.10.001,https://www.scopus.com/pages/publications/84888000337?origin=resultslist,excluded,exclude,E04,Claude,random check that AI excludes are correct (stratified by exclusion code),,,,,"Vasquez (2013), 'An economic valuation of water connections under different approaches of service governance.' Hedonic-price analysis of stated rental values to estimate households' implicit willingness-to-pay for in-house/yard water connections under municipal, private and community-managed governance in Guatemala; the outcome measured is economic valuation/willingness-to-pay, not an actual access, connection, or reliability outcome. Wrong outcome, consistent with the Salman et al. (Jordan demand elasticity) precedent."
2,139,R6F531D59E896,,2024,Jaffee D.,"Unequal trust: Bottled water consumption, distrust in tap water, and economic and racial inequality in the United States",10.1002/wat2.1700,https://www.scopus.com/pages/publications/85181202019?origin=resultslist,retrieved,exclude,E04,Claude-AI-fulltext-2026-09-18,random check that AI excludes are correct (stratified by exclusion code),,,,,"Focus-article literature review of bottled water consumption/spending patterns and tap-water distrust by race, ethnicity and income in the US. The article's own empirical focus is bottled-water consumption/trust perception, not formal connection, effective access, economic access or administrative outcomes; its Box 1 on water-affordability/shutoffs is a boxed aside summarizing other studies' findings, not the article's own focal contribution."
2,140,RC6DEB4E16C5E,,2026,De Lima e Silva A.; De Lima e Silva Y.C.; Alcoforado de Moraes M.M.G.,Optimal water tariffs and trade-offs: a multi-objective analysis of municipalities in Pernambuco; [Tarifas ótimas de água e compensações: uma análise multiobjetivo dos municípios de Pernambuco],10.1590/2318-0331.312620250186,https://www.scopus.com/pages/publications/105045389486?origin=resultslist,retrieved,exclude,E04,Claude-AI-fulltext-2026-09-12,random check that AI excludes are correct (stratified by exclusion code),,,,,"Multi-objective optimization model (nonlinear programming solved via GAMS/CONOPT, 3,444 equations/4,131 variables) generating a Pareto frontier of optimal water tariffs across 172 municipalities in Pernambuco, Brazil, balancing utility revenue against a modeled affordability constraint (household income by consumer category from the 2010 IBGE Census). Unit of analysis is the municipality/consumer-category aggregate, not the household; outcome is a normative/prescriptive tariff-design solution set (simulated trade-offs), not an observed household connection, access, reliability, or affordability outcome (PROJECT_SPEC.md sec7). References to regulatory context (State Law No. 12,427/2003, national sanitation targets) are background, not an empirically examined legal/administrative access mechanism. This is an operations-research/economic-modeling paper for tariff policy design, not an empirical access study."
2,141,RFED2F3383FAE,,2025,Kunguma O.; Awah L.S.; Petersen I.; Lunga W.,"Assessing disaster vulnerability in an informal settlement of Cape Town, South Africa, through the MOVE framework",10.3389/fbuil.2025.1693836,https://www.scopus.com/pages/publications/105025576891?origin=resultslist,retrieved,exclude,E04,Claude-AI-fulltext-2026-09-12,random check that AI excludes are correct (stratified by exclusion code),,,,,"Mixed-methods disaster-vulnerability study (125-household survey, transect walks, field observations) applying the MOVE framework (exposure/susceptibility/resilience to floods and fires) in an informal settlement of Khayelitsha, Cape Town. Sanitation access (94% lacking private sanitation) is examined only as one susceptibility indicator among many (poverty, housing, unemployment, health, institutional capacity) within the disaster-vulnerability framework, not as the focal outcome. No specific legal/administrative water/sanitation access mechanism (eligibility, connection process, discretion, or enforcement) is analyzed as an exposure variable; the paper's outcome is disaster vulnerability, not household water/sanitation access."
2,142,R05DE71DA2A49,,2024,Alvarez L.; Vargas L.; Jimenez A.,Priorities for the rural water and sanitation services regulation in Latin America,10.3389/frwa.2024.1406301,https://www.scopus.com/pages/publications/85211598279?origin=resultslist,retrieved,exclude,E05,Claude-AI-fulltext-2026-09-12,random check that AI excludes are correct (stratified by exclusion code),,,,,"Desk review plus expert-consultation process (80+ experts, 14 regulators/institutions across Latin America and the Caribbean) producing 11 regulatory policy priorities for rural WASH services (provider formalization, service standards, subsidy design, inter-institutional coordination). Not a systematic review (no defined search strategy) and no primary household-level empirical data or outcome evaluation -- a policy-recommendation consultation report, not an empirical study of how a specific mechanism affects household-level access. Contains substantive country-specific regulatory examples (El Salvador ANDA, Peru methodology approval, Colombia provider formalization schemes) that may be worth citing as background/context. Borderline -- flagged for second-reviewer attention."
2,143,R1FBB650F8BAC,,2010,"Cleaver, Frances; Hamada, Kristin",'Good' water governance and gender equity: a troubled relationship,https://doi.org/10.1080/13552071003599996,https://www.proquest.com/docview/60346263?accountid=13598&bdid=165485&_bd=5W%2BTvLo52hAGexXJTHcRlk1Pg2E%3D,retrieved,exclude,E05,Claude-AI-fulltext-2026-09-27,random check that AI excludes are correct (stratified by exclusion code),,,,,"Cleaver & Hamada (Franks & Cleaver 'Resources-Mechanisms-Outcomes-Actors' analytical framework paper) on 'good water governance and gender equity'. A theoretical/conceptual framework article illustrated entirely with secondary case examples drawn from other researchers' previously published or unpublished studies (Dikito-Wachtmeister Zimbabwe; Tod Pakistan MCO/WCO; Howarth & Nott Nepal; Tukai Tanzania; Joshi et al India; Sultana Bangladesh), with no original empirical data collection by the authors. Conceptual/synthesis framework paper with no original empirical methodology; reapplies the established opinion/conceptual-essay E05 precedent (Musembi, Batch 200; Zakiya, Batch 201)."
2,144,R313CF818DD79,,2016,Acey C.,Hybrid governance and the human right to water,,https://www.scopus.com/pages/publications/85018871901?origin=resultslist,,exclude,E05,Claude-AI-fulltext-2026-09-13,random check that AI excludes are correct (stratified by exclusion code),,,,,"Narrative/doctrinal literature review and policy essay on the human right to water framework (normative content, progressive realization, third-party/non-state-actor duty-bearer theory, a comparative table of countries' legal recognition mechanisms compiled from the ESCR-Net/Global Health and Human Rights Databases). The author explicitly frames the paper's method as 'a review of the literature on human rights implementation and gathering data on how countries have been implementing the right to water' -- no defined systematic search/synthesis methodology (not a systematic review) and no primary empirical fieldwork or data collection of its own; all empirical claims are drawn from and attributed to other cited studies."
2,145,R37F664A4E619,,2025,Pegu K.; Samal K.P.,NAVIGATING INDIA’S LEGAL GOVERNANCE IN WATER SECTOR: A SCRUTINY INTO NATIONAL PERFORMANCE UNDER SDG FRAMEWORK FOR CLEAN AND WASTEWATER MANAGEMENT IN INDIA,10.4314/jsdlp.v16i4.10,https://www.scopus.com/pages/publications/105015467680?origin=resultslist,retrieved,exclude,E05,Claude-AI-fulltext-2026-09-12,random check that AI excludes are correct (stratified by exclusion code),,,,,"Pure doctrinal legal commentary (per INCLUSION_EXCLUSION.md exclusion criterion 1) analyzing India's legal/institutional water governance architecture (Jal Jeevan Mission, AMRUT, Swachh Bharat Mission Urban) against SDG 6 targets, without empirical household-level access evidence. The only primary empirical component is a groundwater-quality contamination case study of the Mancheswar industrial area (pH, hardness, TDS, heavy metals across three seasons) -- a water-quality science measurement, not household legal/administrative access data (no complaint, connection, eligibility, or enforcement outcome measured at the household level)."
2,146,R406FC36CCAAF,,2003,Nuria Vidal de Llobatera,Water wars in Spain,https://doi.org/10.1080/10455750308565541,https://www.proquest.com/docview/200836724?accountid=13598&bdid=165489&_bd=W%2FBYikM1o%2Bw19eK709nDJ5T5vNM%3D,retrieved,exclude,E05,Claude-AI-fulltext-2026-09-27,random check that AI excludes are correct (stratified by exclusion code),,,,,"Vidal de Llobatera 2003 (Capitalism Nature Socialism) short 'Resource Wars' opinion/advocacy column (approximately one page) on Spanish water-utility privatization protests and the National Water Plan, describing corporate concessions and mobilizations against neoliberal water policy in narrative/advocacy form. No methodology, no data collection, no empirical evidence base. No empirical evidence."
2,147,R56D354E5DEA0,,2026,Gaudry A.; Colon M.; Baron C.,"REVISITING: Off-grid, the New Water Supply Solution",10.4324/9781003745532-20,https://www.scopus.com/pages/publications/105045835192?origin=resultslist,retrieved,exclude,E05,Claude-AI-fulltext-2026-09-12,random check that AI excludes are correct (stratified by exclusion code),,,,,"Narrative/critical policy book chapter (edited-volume format with 'Further Readings'/'Selected References' sections) synthesizing existing secondary literature and World Bank reports on 'off-grid' water solutions -- discusses regulatory challenges, governance fragmentation, and equity concerns narratively via illustrative case citations (Dakar, Bandung, Cambodia, Cochabamba, Dar es Salaam, Kolkata), but presents no primary empirical data of its own and no systematic review methodology (one informal conference-sideline interview footnote is not a research method). Does not satisfy INCLUSION_EXCLUSION.md criterion 3 (empirical evidence or systematic empirical synthesis) as a standalone study."
2,148,R6F4F72BA8600,,2016,"Villar, Pilar Carolina",Groundwater and the Right to Water in a Context of Crisis,https://doi.org/10.1590/1809-4422ASOC150126R1V1912016,https://www.proquest.com/docview/1788483783?accountid=13598&bdid=165489&_bd=UpqDY6qEsYznJBqs%2FB6sqGwZjkQ%3D,,exclude,E05,Claude-AI-fulltext-2026-09-15,random check that AI excludes are correct (stratified by exclusion code),,,,,"Documentary/doctrinal legal analysis of groundwater law, permitting, and hydroschizophrenia in Brazilian water management; methodology is 'qualitative analyses of the literature, governmental reports, legislation and international documents' with no primary empirical fieldwork or data collection of the author's own."
2,149,R9D038D79C151,,2016,"Oliveira, Celso Maran De; Junior, José Wamberto Zanquim; Espíndola, Isabela Battistello",The Arbitral Tribunal as an alternative legal instrument for solving water conflicts in Brazil,https://doi.org/10.1590/1809-4422ASOC150150R1V1912016,https://www.proquest.com/docview/1788483703?accountid=13598&bdid=165489&_bd=MfHzViN8xLBVtcRmjxenpDXcClk%3D,,exclude,E05,Claude-AI-fulltext-2026-09-15,random check that AI excludes are correct (stratified by exclusion code),,,,,"Doctrinal legal essay proposing arbitral tribunals as an alternative dispute-resolution instrument for bulk water-resource conflicts in Brazil, illustrated loosely by Brazil as a 'case study' without primary fieldwork or empirical data collection; focused on bulk water-resource allocation conflict, not household-level water/sanitation service access."
2,150,RB6A1EB27E732,,2011,Buckley R.M.,Social inclusion in Mumbai: Economics matters too,10.1177/0956247811398585,https://www.scopus.com/pages/publications/79954503357?origin=resultslist,retrieved,exclude,E05,Claude-AI-fulltext-2026-09-23,random check that AI excludes are correct (stratified by exclusion code),,,,,"Theoretical/economic commentary responding to another author's article about an NGO (SPARC) in Mumbai; the paper explicitly self-describes as 'not a fine-grained empirical study' and relies on back-of-envelope economic calculations (DALYs, opportunity costs) rather than original data collection. Sanitation (community toilets) is discussed as one of several contested strategic choices (alongside land tenure and resettlement policy), not empirically measured for access outcomes. Fails inclusion criterion 3."
2,151,RB98391D60D8F,,2026,Tekeli Jozef,Price Regulation of Water Companies,https://doi.org/10.2478/eual-2026-0004,https://www.proquest.com/docview/3318756556?accountid=13598&bdid=165485&_bd=MwNGIwKA0VueGo5SMgi8wPb6ay8%3D,retrieved,exclude,E05,Claude-AI-fulltext-2026-09-15,random check that AI excludes are correct (stratified by exclusion code),,,,,"Doctrinal legal analysis of Slovak water/sewerage price-regulation statutes (Act on Regulation in Network Industries, Act on Prices, Act on Public Water Supply) -- statutory interpretation of what counts as a 'regulated activity' for tariff purposes, with brief reference to a Supreme Court case. No empirical data collection, survey, or outcome measurement of actual household-level access/affordability effects."
2,152,RBCDE0E7C6962,,2012,"Ndesamburo, Joyce; Flynn, Erin; French, Samantha",Looking through an equity and inclusion lens in Tanzania: the experience of WaterAid,https://doi.org/10.1080/13552074.2012.731809,https://www.proquest.com/docview/1567048949?accountid=13598&bdid=165489&_bd=7bE1BezcmzqhgqF0bD0MPaVu28U%3D,retrieved,exclude,E05,Claude-AI-fulltext-2026-09-27,random check that AI excludes are correct (stratified by exclusion code),,,,,"Ndesamburo, Flynn & French 2012 reflective NGO practitioner case study describing WaterAid Tanzania's application of an 'Equity and Inclusion Framework' in Bashnet, Tanzania. Documents institutional programmatic outcomes (tariff reduction via diesel-generator-cost analysis, free service provision to identified disadvantaged households, disabled-accessible infrastructure design changes) but the methodology is a narrative/reflective NGO programme case study rather than a rigorous original empirical analysis of a legal/institutional mechanism. Reapplies the established reflective/practitioner-narrative E05 precedent (Zakiya 2014 Ghana endogenous-development essay, Batch 201; Musembi, Batch 200)."
2,153,RDA19C702AB54,,2014,"Willoughby-Herard, Tiffany",'The only one who was thought to know the pulse of the people': Black women's politics in the era of post-racial discourse,https://doi.org/10.1177/0921374013510802,https://www.proquest.com/docview/1531931220?accountid=13598&bdid=165489&_bd=NZzeCxNZcUNPpgjqDFdPPognm%2Bc%3D,excluded,exclude,E05,Claude,random check that AI excludes are correct (stratified by exclusion code),,,,,"Willoughby-Herard (2014), ""'The only one who was thought to know the pulse of the people': Black women's politics in the era of post-racial discourse."" A literary/cultural-studies genealogy analyzing three works of fiction (Ncgobo, Magona, Ndebele) to theorize black women's politics and protest. No empirical data on water access or a legal/institutional mechanism is examined; the method is literary textual analysis, not empirical social science."
2,154,RDAD34E024169,,1995,Lee T.R.,Financing investments in water supply and sanitation,10.1111/j.1477-8947.1995.tb00620.x,https://www.scopus.com/pages/publications/0029488419?origin=resultslist,excluded,exclude,E05,Claude,random check that AI excludes are correct (stratified by exclusion code),,,,,"Lee (1995), 'Financing investments in water supply and sanitation.' A regional policy-analysis paper drawing on secondary published national statistics (ECLAC studies) to model tariff-based self-financing scenarios across Latin American countries, not an original empirical study with primary data collection -- matches the Nigam & Ghosh (1995) precedent."
2,155,RFA6952EDCAD9,,2026,Villagómez-Reséndiz R.,"From the Paramos to the City: Environmental History, Water Sources, and More-Than-Human Governance for the City of Quito, Ecuador; [Dos páramos à cidade: história ambiental, fontes de água e governança mais que humana para a cidade de Quito, Equador]; [De los páramos a la urbe: historia ambiental, fuentes de agua y gobernanza más que humana para la ciudad de Quito, Ecuador]",10.7440/histcrit99.2026.04,https://www.scopus.com/pages/publications/105032780064?origin=resultslist,,exclude,E05,Claude-AI-fulltext-2026-09-15,random check that AI excludes are correct (stratified by exclusion code),,,,,"Historiographical review ('revisión historiográfica') of Quito's water-infrastructure policy history and the FONAG water-protection fund, explicitly based on specialized secondary literature and legal/constitutional decree records rather than the author's own primary archival or field research."
2,156,R09C9177378D2,,2022,"Dewi, SP; Prihestiwi, RC",Urban Design Initiatives in Drought-prone Areas dealing increasing Water Demand as Pandemic Covid-19 Impact,10.11113/ijbes.v9.n2-2.1027,https://www.webofscience.com/wos/woscc/full-record/WOS:000957665800002,,exclude,E06,Claude-AI-fulltext-2026-09-15,random check that AI excludes are correct (stratified by exclusion code),,,,,"Dewi & Prihestiwi 2022 - urban design initiatives drought-prone areas Semarang Indonesia; GIS drought-vulnerability mapping + urban-design/engineering solution paper, institutional gaps only secondary."
2,157,R2CE360B61BBF,,2026,Ellinport B.; Galaitsi S.E.; Pavur G.; Baher A.; Marcellin M.C.; Lambert J.H.; Trump B.D.; Linkov I.,Water Security in Fragile States: Mapping Governance and Water Access in Libya,10.1111/risa.70255,https://www.scopus.com/pages/publications/105038164644?origin=resultslist,retrieved,exclude,E06,Claude-AI-fulltext-2026-09-12,random check that AI excludes are correct (stratified by exclusion code),,,,,"GIS-based composite water security index (natural-availability axis + infrastructure-investment axis) across Libya's 22 districts, built entirely from secondary/aggregated data (precipitation, desalination/dam/wastewater-plant capacity, GMMR network reliance %, electricity access) -- no primary household survey or interview data was collected by the authors. 'Governance' functions as thematic framing (fragile state legitimacy, infrastructure investment as a proxy for 'trust in government') rather than a specific legal/administrative access mechanism (eligibility, connection procedure, enforcement) examined against measured household-level access variation. This is a risk-analysis/systems-engineering framework paper for prioritizing infrastructure investment, comparable in structure to the already-excluded Legass et al. Awash River Basin composite index (R1B34F60D5F79)."
2,158,R457A96841C7E,,2003,"Parkinson, Jonathan; Tayler, Kevin",Decentralized Wastewater Management in Peri-Urban Areas in Low-Income Countries,,https://www.proquest.com/docview/60471707?accountid=13598&bdid=165489&_bd=%2BoqWNExhqE2AMtJCa8%2BSmoeHGsE%3D,excluded,exclude,E06,Claude,random check that AI excludes are correct (stratified by exclusion code),,,,,"Parkinson & Tayler (2003), 'Decentralized wastewater management in peri-urban areas in low-income countries.' A technical/policy review of decentralized wastewater treatment technology options and a proposed capacity-building framework, drawing on secondary case examples rather than original empirical data collection."
2,159,R69F53378C8F2,,2014,"Jiang, Yi; Zheng, Xiaoting",Private Sector Participation and Performance of Urban Water Utilities in China,https://doi.org/10.1086/677739,https://www.proquest.com/docview/1564435736?accountid=13598&bdid=165489&_bd=2rlI0J4SgT6VgblZzcGxTtrUrNc%3D,retrieved,exclude,E06,Claude-AI-fulltext-2026-09-27,random check that AI excludes are correct (stratified by exclusion code),,,,,"Jiang & Zheng 2014 (Economic Development and Cultural Change) panel-regression study of private sector participation (PSP) and financial/operational performance (employment, profitability, managerial expenses) of urban water utilities in China. The one potentially access-relevant estimate (number of domestic water users) is explicitly described by the authors as 'statistically insignificant or marginally significant' and 'still pretty vague.' A utility financial-performance/efficiency study, not a study documenting a significant effect on water-access eligibility; extends the established utility-efficiency exclusion precedent (Alvarez/Prieto/Zofio 2014; Grafton/Chu/Kompas 2015, Batch 212)."
2,160,RA10042C12DA6,,2026,"Staley, Andrew Joseph","Addressing Growing Water Needs in Providenciales, the Turks and Caicos Islands: The Bottled Water Conundrum and Future Infrastructure Recommendations",,https://www.proquest.com/docview/3330609071?accountid=13598&bdid=165485&_bd=Z7Y%2BGTYavH08bDm51F2a6o%2FHshY%3D,retrieved,exclude,E06,Claude-AI-fulltext-2026-09-15,random check that AI excludes are correct (stratified by exclusion code),,,,,"Staley (2026) ""Addressing Growing Water Needs in Providenciales, the Turks and Caicos Islands: The Bottled Water Conundrum and Future Infrastructure Recommendations"" Harvard Extension School thesis. Desalination-technology and infrastructure-engineering recommendations for a SIDS water-scarcity problem; engineering/technical solution focus, institutional governance mentioned only as background context."
2,161,RB955BA567B95,,2010,Berg S.V.; Mugisha S.,Pro-poor water service strategies in developing countries: Promoting justice in Uganda's urban project,10.2166/wp.2010.120,https://www.scopus.com/pages/publications/77957551203?origin=resultslist,excluded,exclude,E06,Claude,random check that AI excludes are correct (stratified by exclusion code),,,,,"Berg & Mugisha (2010), 'Pro-poor water service strategies in developing countries: Promoting justice in Uganda's urban project.' A linear-programming technology-selection optimisation study comparing yard taps, public water points and pre-paid meters for a Kampala pro-poor connection project; the core empirical contribution is an engineering/economic optimisation model, not an empirical assessment of a legal/institutional mechanism's effect on water-access outcomes."
2,162,RCFA60F99F5A8,,2009,Cain B.; Irias X.; Pratt D.L.,Seismic safety of water lifelines: An ongoing process,10.1061/41050(357)45,https://www.scopus.com/pages/publications/70449698103?origin=resultslist,excluded,exclude,E06,Claude,random check that AI excludes are correct (stratified by exclusion code),,,,,"Cain, Irias & Pratt (2009), 'Seismic Safety of Water Lifelines: An Ongoing Process.' Pure engineering paper on seismic retrofitting design standards for a California water utility's infrastructure, no legal/institutional water-access-barrier mechanism analyzed."
2,163,RDC5BD0E41BEE,,2016,Hájek M.; Petružela L.,Sustainability of the public water supply and sewerage services operating system: A case study on the example of the Czech Republic,10.1515/sab-2016-0006,https://www.scopus.com/pages/publications/84964959794?origin=resultslist,retrieved,exclude,E06,Claude-AI-fulltext-2026-09-27,random check that AI excludes are correct (stratified by exclusion code),,,,,"Hajek & Petruzela 2016 (Scientia Agriculturae Bohemica), 'Sustainability of the public water supply and sewerage services operating system: A case study on the example of the Czech Republic.' An economic/tariff-regulation study analyzing price elasticity of demand and 'social acceptability' (affordability threshold) of water/sewerage tariffs using household billing data, 2005-2012. An economic/tariff-pricing analysis of existing-customer consumption behavior, not a legal/institutional water-access-eligibility mechanism; extends the established engineering/economic-optimization exclusion precedent (Ojha et al. 2018, Batch 226)."
2,164,RF6EFC712D0D7,,2009,Mitchell L.W.; Christopher W.; Alexandra J.,Water main rehabilitation and replacement: Developing and using a dynamic prioritization tool,10.1061/41069(360)136,https://www.scopus.com/pages/publications/70449558845?origin=resultslist,excluded,exclude,E06,Claude,random check that AI excludes are correct (stratified by exclusion code),,,,,"Mitchell, Whiteside & Jones (2009), 'Water main rehabilitation and replacement: Developing and using a dynamic prioritization tool.' Pure asset-management engineering paper describing a GIS/Microsoft Access-based prioritization model for a US utility's capital water-main replacement budget, based on pipe age, material, breaks/leaks, and hydraulic performance. No legal/administrative access-barrier mechanism analyzed."
2,165,RFDABF84847E7,,2005,Almandoz J.; Cabrera E.; Arregui F.; Cabrera Jr. E.; Cobacho R.,Leakage assessment through water distribution network simulation,10.1061/(ASCE)0733-9496(2005)131:6(458),https://www.scopus.com/pages/publications/27544482565?origin=resultslist,excluded,exclude,E06,Claude,random check that AI excludes are correct (stratified by exclusion code),,,,,"Almandoz, Cabrera, Arregui, Cabrera Jr. & Cobacho (2005), 'Leakage Assessment through Water Distribution Network Simulation.' Pure hydraulic-engineering methodology paper (EPANET simulation, water-balance calculation) for estimating physical/apparent leakage components in a distribution network. No legal/administrative access-barrier mechanism analyzed."
2,166,RFDDA47F19D8F,,2026,Byansi J.Z.; Semiyaga S.; Katukiza A.Y.; Bateganya N.L.; Nakaye A.M.; Kansiime F.; Kulabako R.N.,"Stakeholder priorities for sustaining operations and maintenance of school sanitation facilities in Kampala City, Uganda",10.1186/s12982-026-02148-x,https://www.scopus.com/pages/publications/105040542431?origin=resultslist,,exclude,E06,Claude-AI-fulltext-2026-09-15,random check that AI excludes are correct (stratified by exclusion code),,,,,"Participatory multi-criteria decision-analysis (AHP/SWING) workshop study ranking stakeholder priorities for operations-and-maintenance domains of school sanitation facilities in Kampala; a technical/managerial planning-prioritization methodology study at the institutional-facility level, not an empirical analysis of a legal/administrative mechanism of household or community water/sanitation access or exclusion."
2,167,R088A6862CBAC,,2009,Traverso-Yépez M.,"The difficulties of dealing with social inequities at the Family Health Program in Natal, Brazil",10.1080/09581590802395408,https://www.scopus.com/pages/publications/74949095675?origin=resultslist,retrieved,exclude,E07,Claude-AI-fulltext-2026-09-27,random check that AI excludes are correct (stratified by exclusion code),,,,,"Traverso-Yepez 2009 (Critical Public Health) institutional-ethnographic study of Brazil's Family Health Program (FHP) primary health-care delivery in a low-income district of Natal, examining social inequities in HEALTH CARE service delivery. Water/sanitation access (e.g. 'lack of running water' as a favela characteristic) is mentioned only incidentally; the study's service focus is primary health care, not water or sanitation. Wrong service."
2,168,R27742FD46CEB,,2023,Qu S.; Chen H.; Shen Z.; Ma H.,The performance evaluation of management mode of small water resources projects,10.1371/journal.pone.0282357,https://www.scopus.com/pages/publications/85151805954?origin=resultslist,retrieved,exclude,E07,Claude-AI-fulltext-2026-09-12,random check that AI excludes are correct (stratified by exclusion code),,,,,"Technical multi-criteria decision analysis (improved TOPSIS model + entropy weight method) evaluating management-mode performance (e.g., Water User Associations) for small-scale agricultural irrigation/drainage water resources projects in Guangdong Province, China. Population and service are farmers and irrigation water infrastructure, not households and domestic water/sanitation service -- wrong service per INCLUSION_EXCLUSION.md; no legal/administrative household-level access mechanism examined."
2,169,R9DFA4BE6F34F,,2014,"Henkel, David S","Community-Based Water Systems: Preserving Livelihood, Ecology, and Community",https://doi.org/10.22459/HER.20.02.2014.04,https://www.proquest.com/docview/1648036689?accountid=13598&bdid=165489&_bd=QJ4jY2RYzOdKZZkSFW%2F14BLgiTA%3D,,exclude,E07,Claude-AI-fulltext-2026-09-15,random check that AI excludes are correct (stratified by exclusion code),,,,,"Historical-legal documentary analysis of New Mexico acequia (irrigation ditch association) water-rights law, land-use zoning, and regional planning; exposure is agricultural/irrigation water-rights governance, not household drinking-water or sanitation service access."
2,170,R04E51ED20A4A,,2026,Bhanye J.,"Hydro-citizenship revisited: water, belonging, and the politics of adaptation in rough neighbourhoods in the Global South",10.1007/s10113-026-02609-8,https://www.scopus.com/pages/publications/105039894021?origin=resultslist,retrieved,exclude,E09,Claude-AI-fulltext-2026-09-12,random check that AI excludes are correct (stratified by exclusion code),,,,,"Theoretical/conceptual 'Short Communication' re-theorizing 'hydro-citizenship' through political ecology and Southern urban theory, drawing loosely on ~2 years of the author's own ethnographic engagement (field visits, walk-alongs, community workshops) in Cape Town flood-prone settlements, illustrated with secondary examples from Dhaka, Nairobi, Jakarta, and Lagos. The paper's own empirical grounding concerns flood-response practices (trench digging, WhatsApp alerts, clean-ups), not water/sanitation service access specifically; water/sanitation-specific barriers (intermittent supply, illegal-connection policing, metering/affordability) are named in a single passage citing another source (Mgwele et al. 2024, already in this pool as R10949E2F3E33 and worth screening directly) rather than the author's own data. Does not provide enough information to identify a specific water/sanitation population, exposure, and outcome per INCLUSION_EXCLUSION.md criterion 5 -- borderline given genuine ethnographic grounding on the broader adaptation-citizenship theme; flagged for second-reviewer attention."
2,171,RAB6AA06D8E9D,,2025,"Carranza, Laura Armayones; Verdura, Natalia Carmona; Gargallo, Julia Riquelme",286; Socioeconomic impacts derived from the effects of climate change on water quality in Catalonia (Spain) with a special emphasis on vulnerable groups,https://doi.org/10.1093/eurpub/ckaf180.144,https://www.proquest.com/docview/3280248834?accountid=13598&bdid=165485&_bd=ieX2xEDhBnfeMJFzCb3iz8VM3Pg%3D,retrieved,exclude,E09,Claude-AI-fulltext-2026-09-18,random check that AI excludes are correct (stratified by exclusion code),,,,,"Carranza, Verdura & Gargallo (2025), European Journal of Public Health 35(Suppl 6), abstract ckaf180.144: conference-abstract-only record (2nd World Congress on Migration, Ethnicity, Race & Health) on socioeconomic impacts of climate-driven water quality/availability change in Catalonia, Spain (8 semi-structured stakeholder interviews, QUEEN project). Abstract-length only; insufficient methodological detail to assess study design, sample, or extractable outcomes (INCLUSION_EXCLUSION.md exclusion criterion 10)."
2,172,R18B4875CC0DD,,2008,Nelson K.L.; Murray A.,"Sanitation for unserved populations: Technologies, implementation challenges, and opportunities",10.1146/annurev.environ.33.022007.145142,https://www.scopus.com/pages/publications/68049117234?origin=resultslist,retrieved,exclude,E12,Claude-AI-fulltext-2026-09-27,random check that AI excludes are correct (stratified by exclusion code),,,,,"Nelson & Murray 2008 (Annual Review of Environment and Resources) broad conceptual/technical review of sanitation technologies for unserved populations, covering toilet types, faecal sludge management, and wastewater treatment, with only secondary and general discussion of institutional capacity and legal tenure as implementation barriers. A conceptual/technology review with no original empirical data collected by the authors; extends the established review-paper exclusion precedent (Aiyer 2007; Sternlieb & Laituri 2010, Batch 216; Sommer et al. 2014, Batch 218)."
2,173,R2ABF896EA8EB,,2019,Jiménez A.; LeDeunff H.; Giné R.; Sjödin J.; Cronk R.; Murad S.; Takane M.; Bartram J.,The enabling environment for participation in water and sanitation: A conceptual framework,10.3390/w11020308,https://www.scopus.com/pages/publications/85061510824?origin=resultslist,retrieved,exclude,E12,Claude-AI-fulltext-2026-09-27,random check that AI excludes are correct (stratified by exclusion code),,,,,"Jimenez, LeDeunff, Gine, Sjodin, Cronk, Murad, Takane & Bartram 2019 (Water, MDPI), 'The Enabling Environment for Participation in Water and Sanitation: A Conceptual Framework.' Explicitly states 'Based on an in-depth literature review, we analyze the forms of participation...' and proposes a conceptual framework integrating contextual factors and procedural elements. A literature-review-based conceptual-framework article with no original empirical data collection by these authors; extends the established review/conceptual-framework exclusion precedent (Aiyer 2007; Kooy, Furlong & Lamb, Batch 222)."
2,174,R4D3518D8ACB3,,2007,"Aiyer, Ananthakrishnan",THE ALLURE OF THE TRANSNATIONAL: Notes on Some Aspects of the Political Economy of Water in India,https://doi.org/10.1525/can.2007.22.4.640,https://www.proquest.com/docview/213137796?accountid=13598&bdid=165489&_bd=ZCS4fRRLRVxwag72GAGaRKwf8%2Bk%3D,retrieved,exclude,E12,Claude-AI-fulltext-2026-09-27,random check that AI excludes are correct (stratified by exclusion code),,,,,"Aiyer 2007 (Cultural Anthropology) exploratory essay on the Plachimada community's struggle against a Coca-Cola bottling plant's groundwater extraction in Kerala, India, situating it within a broader political-economy analysis of transnational corporations, neoliberal globalization, and India's agrarian crisis. The author explicitly characterizes the piece as 'very exploratory and quite incomplete'; it is a conceptual/political-economy essay on corporate water-resource extraction and agrarian crisis, not an empirical study of a legal/institutional mechanism's effect on household water/sanitation service access. Conceptual/exploratory essay, not a rigorous empirical access-mechanism study."
2,175,R803988411D3E,,2013,van Vliet B.; van Buuren J.; Mgana S.,Urban waste and sanitation services for sustainable development: Harnessing social and technical diversity in East Africa,10.4324/9780203362709,https://www.scopus.com/pages/publications/84906440171?origin=resultslist,retrieved,exclude,E12,Claude-AI-fulltext-2026-09-15,random check that AI excludes are correct (stratified by exclusion code),,,,,"van Vliet, van Buuren, Mgana (eds., 2014) ""Urban Waste and Sanitation Services for Sustainable Development: Harnessing social and technical diversity in East Africa"" (Routledge, edited book, 176pp). Landing-page abstract only (WUR). Multi-chapter edited volume presenting a ""Modernized Mixtures"" analytical framework across a 5-year interdisciplinary research program; not extractable as a single primary study (wrong unit/study type for this review's extraction schema)."
2,176,R87F24B4E11DF,,2019,Shah S.H.; Narain V.,Re-framing India's “water crisis”: An institutions and entitlements perspective,10.1016/j.geoforum.2019.02.030,https://www.scopus.com/pages/publications/85062427634?origin=resultslist,excluded,exclude,E12,Claude,random check that AI excludes are correct (stratified by exclusion code),,,,,"Shah & Narain (2019), 'Re-framing India's water crisis: An institutions and entitlements perspective.' Self-labeled Geoforum 'Review' section piece synthesizing an institutions-and-entitlements conceptual argument entirely from secondary literature; no original empirical data collection of its own."
3,177,R003523574784,S824,2002,"Cook, Seth; Wei, Huilan",The Anomalous Nature of Development Success: A Case Study from China,,https://www.proquest.com/docview/60470978?accountid=13598&bdid=165489&_bd=lk7nxyAQGx4KEC0FrkdUt8NJLe8%3D,included,include,,Claude,random check that AI includes (and their extraction) are correct; optional,,,,,"INCLUDE per INCLUSION_EXCLUSION.md: government rural water-supply programme case study documenting specific village- and household-level inclusion/exclusion mechanisms (remoteness, official oversight, affordability of required household contribution). NOT effect_sizes eligible: qualitative case study, no regression-based estimate. Extracted for record_id R003523574784."
3,178,R0206140E81E4,S536,2021,Abrams A.L.; Carden K.; Teta C.; Wågsæther K.,"Water, sanitation, and hygiene vulnerability among rural areas and small towns in south africa: Exploring the role of climate change, marginalization, and inequality",10.3390/w13202810,https://www.scopus.com/pages/publications/85117379647?origin=resultslist,oa_pdf_candidate,include,,Claude-AI-fulltext-2026-09-21,random check that AI includes (and their extraction) are correct; optional,,,,,"OA PDF located via Unpaywall (not yet downloaded) Abrams et al 2021, South Africa WASH vulnerability qualitative case study. INCLUDE -- extracted as S536 (CASP). Genuine legal-administrative content: leiwater title-deed-based water allocation, failed municipal system replaced by community Water Committees."
3,179,R035F525B6A10,S410,2020,"Helgegren, I; McConville, J; Landaeta, G; Rauch, S","Importance of internal factors for community-managed water and wastewater systems in Cochabamba, Bolivia",10.1080/07900627.2019.1616536,https://www.webofscience.com/wos/woscc/full-record/WOS:000585413400012,,include,,Claude-AI-fulltext-2026-09-17,random check that AI includes (and their extraction) are correct; optional,,,,,record_id R035F525B6A10.
3,180,R0400EAA17741,S1124,2016,"Smiley, Sarah L","Water Availability and Reliability in Dar es Salaam, Tanzania",https://doi.org/10.1080/00220388.2016.1146699,https://www.proquest.com/docview/1794657721?accountid=13598&bdid=165489&_bd=xaPqacC7qc15ATUcodofLcZOplM%3D,retrieved,include,,Claude-AI-fulltext-2026-09-27,random check that AI includes (and their extraction) are correct; optional,,,,,"Smiley 2016 (Journal of Development Studies), 'Water Availability and Reliability in Dar es Salaam, Tanzania.' Household-survey/interview-based empirical study documenting that new piped-water connections require upfront payment for meter, pipes, labor, connection fee and three months' estimated consumption -- expenses 'beyond the scope of affordability for many of Dar es Salaam's poorest residents' -- alongside fragmented, unevenly distributed water-service provision by income area. A rigorous empirical case study directly documenting connection-fee and service-fragmentation institutional mechanisms producing differential water-access outcomes by income."
3,181,R1197785426F6,S560,2013,Baron C.; Bonnassieux A.,"Hybrid governance, empowerment and access to safe drinking water: The case of water users associations in Burkina Faso; [Gouvernance hybride, participation et accès à l'eau potable: Le cas des associations d'usagers de l'eau (AUE) au Burkina Faso]",10.3917/ag.693.0525,https://www.scopus.com/pages/publications/84899826752?origin=resultslist,not_retrievable,include,,Claude-AI-fulltext-2026-09-21,random check that AI includes (and their extraction) are correct; optional,,,,,"Extracted as S560. Baron & Bonnassieux (2013), 'Gouvernance hybride, participation et accès à l'eau potable: Le cas des associations d'usagers de l'eau (AUE) au Burkina Faso,' Annales de géographie 2013/5 n°693, pp.525-548. Qualitative case study (field studies conducted under the ANR Sud II APPI research project, 2011-2014, in rural/semi-urban Burkina Faso) of hybrid water governance and the legal-institutional role of Water Users' Associations (AUE) following Burkina Faso's 2000 rural/semi-urban water-sector Reform and 2009 decentralization decree. Documents genuine legal-institutional content directly on point for the review's 'legal last mile' framework: the 2001 Water Law (Loi n°002-2001/AN) recognizing a right to water without specifying volumes; the 2009 decree transferring water-infrastructure ownership and management competence from the State to communes; AUE legal homologation/licensing criteria (30-80 members, gender parity, youth quotas, elected 6-member bureau); AUE's formal role fixing water tariffs, controlling point-of-service operators (fontainiers/gestionnaires de pompes), and mediating conflicts; delegation of AEPS (simplified water-network) management to private"
3,182,R1BEF7C4676B8,S255,2016,"Cohen, Daniel Aldana","The Rationed City: The Politics of Water, Housing, and Land Use in Drought-Parched São Paulo",https://doi.org/10.1215/08992363-3427451,https://www.proquest.com/docview/1794135208?accountid=13598&bdid=165489&_bd=fQWL4dTZ7jqFGXVXmsbhdkRrZU4%3D,retrieved,include,,Claude-AI-fulltext-2026-09-15,random check that AI includes (and their extraction) are correct; optional,,,,,record_id R1BEF7C4676B8.
3,183,R235E42D59F53,S1117,2020,Amaechina E.; Amoah A.; Amuakwa-Mensah F.; Amuakwa-Mensah S.; Bbaale E.; Bonilla J.A.; Brühl J.; Cook J.; Chukwuone N.; Fuente D.; Madrigal-Ballestero R.; Marín R.; Nam P.K.; Otieno J.; Ponce R.; Saldarriaga C.A.; Lavin F.V.; Viguera B.; Visser M.,Policy Note: Policy Responses to Ensure Access to Water and Sanitation Services during COVID-19: Snapshots from the Environment for Development (EfD) Network,10.1142/S2382624X20710022,https://www.scopus.com/pages/publications/85095792309?origin=resultslist,retrieved,include,,Claude-AI-fulltext-2026-09-27,random check that AI includes (and their extraction) are correct; optional,,,,,"OA landing page located via Unpaywall, no direct PDF link (not yet downloaded) Amaechina, Amoah, Amuakwa-Mensah, Amuakwa-Mensah, Bbaale, Bonilla, Bruhl, Cook, Chukwuone, Fuente, Madrigal-Ballestero, Marin, Nam, Otieno, Ponce, Saldarriaga, Vasquez Lavin, Viguera & Visser 2020 (Water Economics and Policy), 'Policy Note: Policy Responses to Ensure Access to Water and Sanitation Services during COVID-19: Snapshots from the Environment for Development (EfD) Network.' Documents specific, dated, quantified legal/institutional water-access mechanisms across 14 Global South countries during the COVID-19 pandemic: disconnection moratoriums (Costa Rica Decree 076-S, Uganda NWSC, South Africa), reconnection programs (Colombia: 250,000+ households, cost waived), income/property-value-based subsidy eligibility criteria (Chile decile-based subsidy, Cape Town indigent program at R300,000 property-value threshold, Colombia socioeconomic-strata system), and free-water policies (Ghana, funded by government reimbursement to the utility). A rigorous multi-country comparative documentation of specific institutional/legal water-access mechanisms and their differential effects on connected vs. unconnected"
3,184,R28001B16ADA4,S403,2018,Zaunda H.; H. Holm R.; Itimu-Phiri A.; Malota M.; White S.,"A qualitative assessment of disability friendly water and sanitation facilities in primary schools, Rumphi, Malawi",10.1080/0376835X.2018.1461610,https://www.scopus.com/pages/publications/85045474724?origin=resultslist,oa_pdf_candidate,include,,Claude-AI-fulltext-2026-09-17,random check that AI includes (and their extraction) are correct; optional,,,,,OA PDF located via Unpaywall (not yet downloaded)
3,185,R34FB4E74EB11,S653,2012,Brinkerhoff D.W.; Wetterberg A.; Dunn S.,Service Delivery and Legitimacy in Fragile and Conflict-Affected States: Evidence from water services in Iraq,10.1080/14719037.2012.657958,https://www.scopus.com/pages/publications/84859492367?origin=resultslist,retrieved,include,,Claude-AI-fulltext-2026-09-21,random check that AI includes (and their extraction) are correct; optional,,,,,"Large real household-level water-services survey (2010, 14 Iraqi provinces, thousands of respondents, connection-based sampling) examining water-service continuity/satisfaction and willingness-to-pay, contextualized against Iraq's institutional/legal decentralization framework (2005 Constitution, Law 21 of 2008). Extracted as S653."
3,186,R38CC9DBA6C4F,S342,2026,"Abungu, Vivian A.",Strengthening Water Security in Rural Low-Income Arid and Semiarid Lands (ASALs): Evidence-Based Approaches to Enhance Drought Resilience and Household Water Supply,,https://www.proquest.com/docview/3346793617?accountid=13598&bdid=165485&_bd=v89rdaXdg2TkPOJC3MoVU7dQZ0g%3D,retrieved,include,,Claude-AI-fulltext-2026-09-15,random check that AI includes (and their extraction) are correct; optional,,,,,No OA copy found via Unpaywall.
3,187,R394E198B902C,S485,2022,Dektar B.; McConnell S.; Kasekende A.,"Exploratory assessment of challenges and issues with private water operators in rural water supply and service delivery: a case study of the Karamoja region, Uganda",10.2166/wp.2021.263,https://www.scopus.com/pages/publications/85131172245?origin=resultslist,retrieved,include,,Claude-AI-fulltext-2026-09-18,random check that AI includes (and their extraction) are correct; optional,,,,,"OA landing page located via Unpaywall, no direct PDF link (not yet downloaded)"
3,188,R3B336474D5A8,S565,2026,"Mbiza, H; Scholz, M; Dinka, M; Hweru, E","Service innovation and governance models for decentralised greywater systems in pro-poor urban settlements: evidence from Southlea Park, Zimbabwe",10.2166/wp.2026.168,https://www.webofscience.com/wos/woscc/full-record/WOS:001702748900001,,include,,Claude-AI-fulltext-2026-09-21,random check that AI includes (and their extraction) are correct; optional,,,,,"Extracted as S565. Mbiza, Scholz, Dinka & Hweru (2026), mixed-methods study (150-household structured survey, environmental spot measurements, and secondary policy-document review, Southlea Park, Harare, Zimbabwe) developing and applying the Greywater Service Innovation Ladder (GSIL) governance framework for decentralised greywater services. Documents genuine legal-institutional content: Zimbabwe's National Water Policy governance vacuum for greywater (limited statutory recognition leaving peri-urban settlements to manage wastewater informally); Rural District Council (RDC)/ward-committee decision-making authority over Gate 1-2 service-transition thresholds; the Equity Safeguard Ratio (ESR) benchmarking household affordability against a 3-5% income threshold; and Policy Readiness Score (PRS) content-analysis of statutory instruments, local authority policies, and implementation guidelines. MMAT (Mixed Methods Appraisal Tool)."
3,189,R3D9E303C9EB3,S986,1993,Lovei L.; Whittington D.,"Rent‐extracting behavior by multiple agents in the provision of municipal water supply: A study of Jakarta, Indonesia",10.1029/92WR02998,https://www.scopus.com/pages/publications/0027789869?origin=resultslist,retrieved,include,,claude_sonnet_5,random check that AI includes (and their extraction) are correct; optional,,,,,"paywalled per Unpaywall, no OA copy indexed; Economic/institutional framework analyzing rent-extracting behavior by government officials, water utility staff, public-tap operators, and vendors in Jakarta's municipal water system; informal institutional actors' rent-seeking behavior directly determines household connection availability and vended-water prices (up to 50x municipal tariff for unconnected households)."
3,190,R3DF6CF34D9CE,S684,2006,"Hasan, Arif",Orangi Pilot Project: the expansion of work beyond Orangi and the mapping of informal settlements and infrastructure,https://doi.org/10.1177/0956247806069626,https://www.proquest.com/docview/61619401?accountid=13598&bdid=165489&_bd=wyL2YF7NSbbE%2F%2B209QPEezLU4UA%3D,retrieved,include,,Claude-AI-fulltext-2026-09-21,random check that AI includes (and their extraction) are correct; optional,,,,,"Documentary/institutional case study of the Orangi Pilot Project-Research and Training Institute (OPP-RTI) NGO's low-cost community-built sanitation programme in Karachi, Pakistan informal settlements (katchi abadis), documenting Pakistan's real Katchi Abadi Improvement and Regularization Programme (1973, 99-year lease regularization), the Devolution Plan 2001/Local Government Ordinance 2001 administrative structure, and a provincial ombudsman ruling compelling the Karachi Water and Sewerage Board (KWSB) to take over maintenance of community-built sewerage in Manzoor Colony. Quantified outcomes: infant mortality decline 128->37 per 1,000 (1983-1993) in communities that built sanitation; 95,991 sanitary latrines and 6,408 lane sewers built (87.9% of total) across Orangi by 2004; formal-vs-informal coverage disparity data (non-OPP area denied assistance by local government until 1987). Included per INCLUSION_EXCLUSION.md criteria 1-9. Extracted as S684."
3,191,R4677E1B8C970,S272,2021,Almazán-Casali S.; Puga B.P.; Lemos M.C.,"Who Governs at What Price? Technocratic Dominance, Ways of Knowing, and Long-Term Resilience of Brazil's Water System",10.3389/frwa.2021.735018,https://www.scopus.com/pages/publications/85119833487?origin=resultslist,retrieved,include,,Claude-AI-fulltext-2026-09-15,random check that AI includes (and their extraction) are correct; optional,,,,,record_id R4677E1B8C970.
3,192,R483391EAF0A4,S686,2005,"Bakker, K",Neoliberalizing nature? Market environmentalism in water supply in England and Wales,10.1111/j.1467-8306.2005.00474.x,https://www.webofscience.com/wos/woscc/full-record/WOS:000231225400004,retrieved,include,,Claude-AI-fulltext-2026-09-23,random check that AI includes (and their extraction) are correct; optional,,,,,"Legal/regulatory case study of England & Wales water privatization (1989) and subsequent reregulation, documenting real institutional/legal mechanisms directly affecting household access and affordability: the economic regulator (Ofwat)'s formal legal duty to protect consumers from discriminatory prices, a High Court ruling that prepayment water meters installed in low-income households were illegal, and new legislation enacted in response that increased legal protection against domestic disconnections. Ties specific legal/regulatory decisions to access/affordability outcomes for low-income consumers. Included per INCLUSION_EXCLUSION.md criteria 1-9. Extracted as S686."
3,193,R4BCCFE408D51,S1053,2008,"Sahu, Basanta Kumar","Pani Panchayat in Orissa, India: The practice of participatory water management",https://doi.org/10.1057/palgrave.development.1100448,https://www.proquest.com/docview/216910694?accountid=13598&bdid=165489&_bd=7sERKFLUZ5dtYgxiUWtBBpTcAlg%3D,retrieved,include,,Claude-AI-fulltext-2026-09-27,random check that AI includes (and their extraction) are correct; optional,,,,,"Sahu 2008 (Development) qualitative case study (interviews with 115 households, 4 villages, Nabarangpur and Jagatsinghpur districts, Orissa, India) of Pani Panchayat (PP), a statutory water-user-association institution created by the Orissa PP Act 2002 and Orissa PP Rules 2003 to transfer irrigation operation/maintenance to farmer institutions. Documents that access to water depends on paying capacity of users (fee-based) and that marginal farmers or landless cultivators who cannot afford operating-expense contributions are excluded from benefits of state capital spending on irrigation infrastructure, while elite/dominant members capture disproportionate benefits -- 'Under this situation PP excludes marginal groups.' A genuine legal/institutional mechanism (statutory WUA fee-based access, ill-defined property rights) with documented differential access-exclusion outcomes for marginal and landless households."
3,194,R54F56C59F64A,S1062,2015,"Marson, Marta; Savin, Ivan",Ensuring Sustainable Access to Drinking Water in Sub Saharan Africa: Conflict Between Financial and Social Objectives,https://doi.org/10.1016/j.worlddev.2015.06.002,https://www.proquest.com/docview/1716945668?accountid=13598&bdid=165485&_bd=gs3y0Avm9ZeJ7KFchD4W3bIomHI%3D,retrieved,include,,Claude-AI-fulltext-2026-09-27,random check that AI includes (and their extraction) are correct; optional,,,,,"Marson & Savin 2015 (World Development) panel-data regression study (pooled OLS, fixed and random effects; 225 observations, 22 Sub-Saharan African countries, utility-level data spanning 1995-2009) of the relationship between water-utility operation-and-maintenance cost-recovery ratios (a financial/institutional-regulatory policy mechanism) and change in water-supply coverage. Finds a significant curvilinear (inverted-U) relationship: cost recovery is associated with positive and significant coefficients on coverage increases up to a threshold, but the squared cost-recovery term shows a significant negative coefficient, indicating that beyond that threshold, a narrow financial-sustainability focus diverts utility priorities away from expanding universal access -- a genuine regression-based estimate directly isolating a financial/regulatory institutional mechanism's effect on a water-access outcome (coverage change), significant across all tested model specifications; qualifies for effect_sizes.csv under the Family C framework."
3,195,R57B19F9E60B7,S958,2018,Carrera J.S.; Flowers C.C.,Sanitation Inequity and the Cumulative Effects of Racism in Colorblind Public Health Policies,10.1111/ajes.12242,https://www.scopus.com/pages/publications/85055685393?origin=resultslist,included,include,,Claude,random check that AI includes (and their extraction) are correct; optional,,,,,"paywalled per Unpaywall, no OA copy indexed"
3,196,R649C5222FEA1,S325,2021,Miguel J.A.S.R.S.,Improving Rural Water Supply in the United States; [Mejoramiento del suministro de agua en las zonas rurales de Estados Unidos],10.11144/Javeriana.cdr18.irws,https://www.scopus.com/pages/publications/85134235323?origin=resultslist,,include,,Claude-AI-fulltext-2026-09-15,random check that AI includes (and their extraction) are correct; optional,,,,,"Policy amendment 2026-09-15: E12 (wrong study design) originally applied to secondary/systematic literature reviews; CODEBOOK.md's systematic_review_secondary is a valid study_design_class, so this exclusion basis was incorrect and has been reversed (researcher-confirmed policy change)."
3,197,R68F11D7E3F64,S340,2025,"Mubecua, Mandla A; Nojiyeza, Innocent Simphiwe",GENDERED EFFECTS OF WATER SCARCITY ON RURAL LIVELIHOODS IN SOUTH AFRICA: A FEMINIST POLITICAL ECOLOGY PERSPECTIVE,https://doi.org/10.4314/gab.v23i2.32,https://www.proquest.com/docview/3299023147?accountid=13598&bdid=165485&_bd=xDJZCQa9vXI3n4EvoZm03d1PU%2FY%3D,retrieved,include,,Claude-AI-fulltext-2026-09-15,random check that AI includes (and their extraction) are correct; optional,,,,,Extracted from published abstract/repository metadata only; full PDF text not retrieved via fetch. record_id R68F11D7E3F64.
3,198,R6EA0A0277A0E,S853,2019,Gomez M.; Perdiguero J.; Sanz À.,Socioeconomic factors affecting water access in rural areas of low and middle income countries,10.3390/w11020202,https://www.scopus.com/pages/publications/85060557360?origin=resultslist,included,include,,Claude,random check that AI includes (and their extraction) are correct; optional,,,,,OA PDF located via Unpaywall (not yet downloaded)
3,199,R706C98313920,S858,2006,Cleaver F.; Toner A.,"The evolution of community water governance in Uchira, Tanzania: The implications for equality of access, sustainability and effectiveness",10.1111/j.1477-8947.2006.00115.x,https://www.scopus.com/pages/publications/33749166774?origin=resultslist,included,include,,Claude,random check that AI includes (and their extraction) are correct; optional,,,,,"OA landing page located via Unpaywall, no direct PDF link (not yet downloaded)"
3,200,R70B810197AA2,S240,2012,Walters D.; Spence N.; Kuikman K.; Singh B.,Multi-barrier protection of drinking water systems in Ontario: A comparison of First Nation and non-First Nation communities,10.18584/iipj.2012.3.3.8,https://www.scopus.com/pages/publications/84968743378?origin=resultslist,,include,,Claude-AI-fulltext-2026-09-15,random check that AI includes (and their extraction) are correct; optional,,,,,record_id R70B810197AA2.
3,201,R74AD122FBBD1,S875,2003,"Hanchett, Suzanne; Akhter, Shireen; Khan, Mohidul Hoque","Water, Sanitation and Hygiene in Bangladeshi Slums: An Evaluation of the WaterAid-Bangladesh Urban Programme",,https://www.proquest.com/docview/60470418?accountid=13598&bdid=165489&_bd=Lmw1qLl%2BzGt2m81mwBPJQT4EZ80%3D,included,include,,Claude,random check that AI includes (and their extraction) are correct; optional,,,,,"INCLUDE per INCLUSION_EXCLUSION.md, consistent with the established NGO-facilitated formal-connection mechanism inclusion precedent (S860 Singh, Madhya Pradesh poverty mapping; S864 Chng, Manila bulk-water POs): large matched-comparison household survey directly documenting a specific formal water-authority-connection mechanism and its quantified access outcomes. NOT effect_sizes eligible: descriptive comparative survey (beneficiary vs. non-beneficiary percentages), no regression-based estimate isolating the mechanism controlling for confounders. Extracted for record_id R74AD122FBBD1."
3,202,R77DEA3810C24,S489,2021,Koehler J.; Thomson P.; Goodall S.; Katuva J.; Hope R.,Institutional pluralism and water user behavior in rural Africa,10.1016/j.worlddev.2020.105231,https://www.scopus.com/pages/publications/85098209214?origin=resultslist,retrieved,include,,Claude-AI-fulltext-2026-09-18,random check that AI includes (and their extraction) are correct; optional,,,,,OA PDF located via Unpaywall (not yet downloaded)
3,203,R7814DEF7ACC8,S1103,2008,"Wu, Xun; Malaluan, Nepomuceno A",A Tale of Two Concessionaires: A Natural Experiment of Water Privatisation in Metro Manila,https://doi.org/10.1177/0042098007085108,https://www.proquest.com/docview/1928347305?accountid=13598&bdid=165489&_bd=rHdOPbyt0eMuOGkQjMgyT2bsHu4%3D,retrieved,include,,Claude-AI-fulltext-2026-09-27,random check that AI includes (and their extraction) are correct; optional,,,,,"Wu & Malaluan 2008 (Urban Studies) natural-experiment comparative case study of the two water concessionaires (Maynilad, Manila Water) operating under identical concession-contract terms in Metro Manila following the 1997 MWSS privatization. Documents each concessionaire's 'Water for the Community' programme -- institutional mechanisms for extending service via shared/bulk connections and community-entry-point billing to low-income areas -- finding the two concessions increased connections by 30% in their first five years (a feat that would have taken MWSS 30 years at its historical rate), with much of that expansion occurring in economically distressed areas, and that Manila Water's territory-management structure achieved markedly better non-revenue-water reduction (58%->35%) than Maynilad's system-wide approach (64%->69%). A rigorous natural-experiment institutional-arrangement study directly documenting differential water-access-expansion outcomes for the poor attributable to internal corporate-governance/management-model differences under an identical external regulatory and contractual framework."
3,204,R78F5B66C5C9F,S570,2022,Coultas M.; Chanza M.M.; Iyer R.; Karangwa L.; Kariuki J.E.; Kosugi H.; Meeuwissen T.T.; Mwende E.; Myers J.; Son P.; Ssemwanga D.K.,Galvanising and fostering sub-national government leadership for area-wide sanitation programming,10.2166/h2oj.2022.022,https://www.scopus.com/pages/publications/85124828661?origin=resultslist,not_retrievable,include,,Claude-AI-fulltext-2026-09-21,random check that AI includes (and their extraction) are correct; optional,,,,,"Extracted as S570. Coultas et al. (2022), qualitative multi-case study (participatory case-study development combining Most Significant Change and outcome-harvesting methods; 18 key-informant interviews in Nyamagabe District, Rwanda, 13 in Siaya County, Kenya, plus document review and Moyo District, Uganda progress-report review; three participatory online analysis workshops) examining sub-national government leadership for sanitation programming across Kenya, Rwanda, and Uganda. Documents extensive genuine legal-institutional content directly on point for the review's 'legal last mile' framework: each country's constitutional/statutory decentralisation architecture assigning sanitation-provision mandates to specific sub-national tiers (Kenya counties, Rwanda/Uganda districts); Siaya County's governor's signed financial-commitment letter binding budget allocation to sanitation activities; Moyo District's mandatory linkage of livelihood-programme benefits to toilet ownership/use; and Rwanda's Human Security Issue Taskforce and district WASH investment-plan institutionalisation. CASP Qualitative Studies Checklist (qualitative)."
3,205,R85BDB2AE39E0,S843,2019,Kooy M.; Walter C.T.,Towards a situated urban political ecology analysis of packaged drinking water supply,10.3390/w11020225,https://www.scopus.com/pages/publications/85061013097?origin=resultslist,included,include,,Claude,random check that AI includes (and their extraction) are correct; optional,,,,,OA PDF located via Unpaywall (not yet downloaded)
3,206,R8A2445A92C67,S846,2010,Ducrot R.; Bueno A.K.; Barban V.; Reydon B.P.,"Integrating land tenure, infrastructure and water catchment management in Sã Paulo's periphery: Lessons from a gaming approach",10.1177/0956247810380168,https://www.scopus.com/pages/publications/78049460232?origin=resultslist,included,include,,Claude,random check that AI includes (and their extraction) are correct; optional,,,,,OA PDF located via Unpaywall (not yet downloaded)
3,207,R8FA145CC6D69,S483,2022,Mutono N.; Wright J.; Mutembei H.; Thumbi S.M.,"Spatio-temporal patterns of domestic water distribution, consumption and sufficiency: Neighbourhood inequalities in Nairobi, Kenya",10.1016/j.habitatint.2021.102476,https://www.scopus.com/pages/publications/85119368621?origin=resultslist,retrieved,include,,Claude-AI-fulltext-2026-09-18,random check that AI includes (and their extraction) are correct; optional,,,,,OA PDF located via Unpaywall (not yet downloaded)
3,208,R9E1C92EFDCBB,S907,2004,Saleth R.M.; Sastry G.S.,"Water supply and sanitation sector of Karnataka, India: Status, performance and change",10.2166/wp.2004.0011,https://www.scopus.com/pages/publications/3543054166?origin=resultslist,included,include,,Claude,random check that AI includes (and their extraction) are correct; optional,,,,,"paywalled per Unpaywall, no OA copy indexed"
3,209,R9E826C424890,S235,2012,Dondeynaz C.; Carmona Moreno C.; Céspedes Lorente J.J.,"Analysing inter-relationships among water, governance, human development variables in developing countries",10.5194/hess-16-3791-2012,https://www.scopus.com/pages/publications/84868015419?origin=resultslist,,include,,Claude-AI-fulltext-2026-09-15,random check that AI includes (and their extraction) are correct; optional,,,,,record_id R9E826C424890. country field left blank given cross-national panel scope; subnational_unit/country not applicable.
3,210,RA0D30B3E8C1C,S513,2015,McGranahan G.,"Realizing the Right to Sanitation in Deprived Urban Communities: Meeting the Challenges of Collective Action, Coproduction, Affordability, and Housing Tenure",10.1016/j.worlddev.2014.12.008,https://www.scopus.com/pages/publications/84920917584?origin=resultslist,retrieved,include,,Claude-AI-fulltext-2026-09-18,random check that AI includes (and their extraction) are correct; optional,,,,,OA PDF located via Unpaywall (not yet downloaded)
3,211,RA0E245C18B33,S968,2008,"Lea, Tess",Housing for Health in Indigenous Australia: Driving Change when Research and Policy are Part of the Problem,https://doi.org/10.17730/humo.67.1.wt18601l71715623,https://www.proquest.com/docview/201173721?accountid=13598&bdid=165489&_bd=m9hEfV4hBmAQXbmkvDjk5awyFG0%3D,included,include,,Claude,random check that AI includes (and their extraction) are correct; optional,,,,,"INCLUDE per INCLUSION_EXCLUSION.md, consistent with the established environmental-justice/discriminatory-infrastructure-denial inclusion precedent (Johnson et al Mebane NC; Carrera & Flowers Lowndes County): original case study directly linking institutional funding fragmentation and documented bureaucratic racial bias to water/sanitation infrastructure access failure for Indigenous residents. NOT effect_sizes eligible: ethnographic/documentary case study, no regression-based estimate. Extracted for record_id RA0E245C18B33."
3,212,RA92812EC2661,S995,2009,"Mustafa, Daanish; Reeder, Philip","'People Is All That Is Left to Privatize': Water Supply Privatization, Globalization and Social Justice in Belize City, Belize",https://doi.org/10.1111/j.1468-2427.2009.00849.x,https://www.proquest.com/docview/233628493?accountid=13598&bdid=165489&_bd=ZMb7y9Cltb22WeQEl987dyUJ%2B%2Fs%3D,retrieved,include,,claude_sonnet_5,random check that AI includes (and their extraction) are correct; optional,,,,,"Ethnographic/survey study of failed water-supply and sanitation privatization in Belize City, documenting negative material consequences (tariff increases, disconnection rates) under the institutional shift from public to privatized Belize Water Supply Limited (BWSL)."
3,213,RB132C2E6C253,S207,2021,Nunes C.M.; Anderaos A.; De Araujo C.L.M.,The 2020 reform of the water and sanitation services sector in Brazil,10.21684/2412-2343-2021-8-2-66-88,https://www.scopus.com/pages/publications/85113246722?origin=resultslist,,include,,Claude-AI-fulltext-2026-09-15,random check that AI includes (and their extraction) are correct; optional,,,,,"record_id RB132C2E6C253. INSTITUTIONAL_FRAGMENTATION=TRUE (fragmented WSS regulatory arrangements pre-reform). Note: extraneous ""regulatory_model_note"" key was left blank/unused."
3,214,RB57945A09D4B,S855,2018,Kumasi T.C.; Agbemor B.D.,Tracking user satisfaction of rural water services in northern ghana,10.2166/washdev.2018.140,https://www.scopus.com/pages/publications/85048229858?origin=resultslist,included,include,,Claude,random check that AI includes (and their extraction) are correct; optional,,,,,"OA landing page located via Unpaywall, no direct PDF link (not yet downloaded)"
3,215,RB96E8D94B2BD,S890,2016,"Aleixo, Bernardo; Rezende, Sonaly; Pena, João Luiz; Zapata, Gisela; Heller, Léo",Human Right in Perspective: Inequalities in Access to Water in a Rural Community of the Brazilian Northeast,https://doi.org/10.1590/1809-4422ASOC150125R1V1912016,https://www.proquest.com/docview/1788484052?accountid=13598&bdid=165489&_bd=9OQjXF8wlIpKsqf6Cb79tZWPPOo%3D,included,include,,Claude,random check that AI includes (and their extraction) are correct; optional,,,,,"INCLUDE per INCLUSION_EXCLUSION.md, consistent with the established national legal-framework/household-survey inclusion precedent: original household survey directly documenting water-access inequalities in a community targeted by Brazil's PLANSAB national legal framework. NOT effect_sizes eligible: descriptive household survey, no regression-based estimate isolating a specific mechanism. Extracted for record_id RB96E8D94B2BD."
3,216,RC3F88BC83E64,S809,2015,Hirvi M.; Whitfield L.,Public-service provision in clientelist political settlements: Lessons from Ghana's urban water sector,10.1111/dpr.12095,https://www.scopus.com/pages/publications/84921949351?origin=resultslist,included,include,,Claude,random check that AI includes (and their extraction) are correct; optional,,,,,"paywalled per Unpaywall, no OA copy indexed"
3,217,RC89A2B1CEA16,S585,2022,"Granados-Muñoz, LE",The aqueduct II of Queretaro: water transfer works and scenarios of social inequality,10.17141/letrasverdes.32.2022.5273,https://www.webofscience.com/wos/woscc/full-record/WOS:000903730300007,retrieved,include,,Claude-AI-fulltext-2026-09-21,random check that AI includes (and their extraction) are correct; optional,,,,,"Case study of the Queretaro Aqueduct II water-transfer project in Mexico documenting broken public-private-partnership compensation promises to rural communities affected by the transfer works, including empirical evidence of unmet contractual/legal commitments and resulting social inequality in water access. record_id RC89A2B1CEA16."
3,218,RD78BE4E7A173,S742,2003,"Nemarundwe, Nontokozo; Kozanayi, Witness",Institutional arrangements for water resource use: A case study from southern Zimbabwe,https://doi.org/10.1080/0305707032000060467,https://www.proquest.com/docview/216468373?accountid=13598&bdid=165485&_bd=USKukcTyxNUIyqczQYUFoeI1pZ0%3D,included,include,,Claude,random check that AI includes (and their extraction) are correct; optional,,,,,"Extracted from full-text PDF (retrieved via Google Drive, Antigravity batch). INCLUDE per INCLUSION_EXCLUSION.md criteria 1-9: formal and informal institutional rules directly determining conditional access to community and private water sources, with documented denial-of-access mechanisms. Not effect_sizes eligible: ethnographic case study, no regression-based point estimate/CI. Extracted for record_id RD78BE4E7A173."
3,219,RE42F8D320487,S470,2025,Amorim D.P.D.L.; Resende M.; Miranda R.J.S.; Freistadt J.,The effect of the regulation and regulatory enforcement on the implementation of the social tariff in the water sector: empirical evidence from Brazil,10.2166/wp.2025.193,https://www.scopus.com/pages/publications/105023584539?origin=resultslist,retrieved,include,,Claude-AI-fulltext-2026-09-18,random check that AI includes (and their extraction) are correct; optional,,,,,"OA landing page located via Unpaywall, no direct PDF link (not yet downloaded)"
3,220,RE6E898E698B5,S873,2012,"Kim, Ching Thoo",Malaysian Water Sector Reform: Policy and Performance,,https://www.proquest.com/docview/2564444499?accountid=13598&bdid=165485&_bd=YWdbZOY2ZL82XGYa3R1ZCrRJrUI%3D,included,include,,Claude,random check that AI includes (and their extraction) are correct; optional,,,,,"INCLUDE per INCLUSION_EXCLUSION.md, consistent with the established national water-sector-reform case-study inclusion precedent (RE6E898E698B5 Malaysia parallels S828 Brazil WatSan law, S865 South Africa CGE): dissertation directly documenting a specific national legal/institutional reform and its quantified performance effects via mixed methods. NOT effect_sizes eligible: policy-arrangement case study with descriptive comparative indicators, no regression-based estimate. Extracted for record_id RE6E898E698B5."
3,221,REA98E915A1CD,S779,2013,Tynan N.,Nineteenth century London water supply: Processes of innovation and improvement,10.1007/s11138-012-0182-8,https://www.scopus.com/pages/publications/84874211858?origin=resultslist,included,include,,Claude,random check that AI includes (and their extraction) are correct; optional,,,,,"paywalled per Unpaywall, no OA copy indexed"
3,222,REBD3E8E26D01,S722,1999,"Solo, Tova Maria",Small-Scale Entrepreneurs in the Urban Water and Sanitation Market,,https://www.proquest.com/docview/61571790?accountid=13598&bdid=165489&_bd=gmhFHMNduZFToPaYVAg3lrZ6O8k%3D,included,include,,Claude,random check that AI includes (and their extraction) are correct; optional,,,,,"Extracted from full-text PDF (retrieved via Google Drive, Antigravity batch). INCLUDE per INCLUSION_EXCLUSION.md criteria 1-9: real, named national legal frameworks (utility monopoly rights, Peru's water-management law) directly shaping small-scale providers' legal status and their differential capacity to reach poor households, across an extensive multi-city comparative dataset. Not effect_sizes eligible: comparative descriptive multi-city study, no regression-based point estimate/CI. Extracted for record_id REBD3E8E26D01."
3,223,REF5A05B72782,S718,2007,"Gilbert, Alan",Water for All: How To Combine Public Management with Commercial Practice for the Benefit of the Poor?,https://doi.org/10.1080/00420980701373461,https://www.proquest.com/docview/1928348473?accountid=13598&bdid=165489&_bd=X8fZfl9hs1B%2FTjld5QroMcDnNmg%3D,included,include,,Claude,random check that AI includes (and their extraction) are correct; optional,,,,,"Extracted from full-text PDF (retrieved via Google Drive, Antigravity batch). INCLUDE per INCLUSION_EXCLUSION.md criteria 1-9: real national tariff-stratification legislation and public-utility institutional design tied to quantified household-level connection and health outcomes for the poor. Not effect_sizes eligible: institutional case study with administrative/health statistics, no regression-based point estimate/CI isolating the legal mechanism's effect. Extracted for record_id REF5A05B72782."
3,224,RF12971C35B2E,S769,2020,Adeoti O.; Fati B.O.,"Barriers to extending piped water distribution networks: The case of Ekiti State, Nigeria",10.1016/j.jup.2019.100983,https://www.scopus.com/pages/publications/85077643478?origin=resultslist,included,include,,Claude,random check that AI includes (and their extraction) are correct; optional,,,,,"paywalled per Unpaywall, no OA copy indexed"
3,225,RF7AB8DA9173B,S715,2013,"Sambu, D K; Tarhule, A",Institutional water reforms in Kenya: an analytical review,https://doi.org/10.2166/wp.2013.168,https://www.proquest.com/docview/1943074511?accountid=13598&bdid=165485&_bd=cVr8OcdxGKirz4ffcnhG%2Bf%2F6oYI%3D,included,include,,Claude,random check that AI includes (and their extraction) are correct; optional,,,,,"Extracted from full-text PDF (retrieved via Google Drive, Antigravity batch). INCLUDE per INCLUSION_EXCLUSION.md criteria 1-9: historical-institutional review of successive legal reforms directly and explicitly restricting/expanding water access across colonial and post-colonial Kenya. Not effect_sizes eligible: historical-institutional review, no regression-based point estimate/CI. Extracted for record_id RF7AB8DA9173B."
3,226,RFA03AB50C76A,S305,2024,Hurlbert M.; Gupta J.,"The split ladder of policy problems, participation, and politicization: constitutional water change in Ecuador and Chile",10.1007/s10784-024-09644-y,https://www.scopus.com/pages/publications/85196283128?origin=resultslist,retrieved,include,,Claude-AI-fulltext-2026-09-15,random check that AI includes (and their extraction) are correct; optional,,,,,record_id RFA03AB50C76A.
