priority,needed_for,study_id,record_id,year,authors,title,doi,doi_link,other_link,what_we_have,file_name_to_use
1,A19: excluded E12 on a thin basis; re-screen on the full text,,R803988411D3E,2013,van Vliet B.; van Buuren J.; Mgana S.,Urban waste and sanitation services for sustainable development: Harnessing social and technical diversity in East Africa,10.4324/9780203362709,https://doi.org/10.4324/9780203362709,https://www.scopus.com/pages/publications/84906440171?origin=resultslist,"portal page (Wageningen, book record): edited volume on socio-technical diversity in East African waste and sanitation; multi-chapter book, not a single study -",R803988411D3E__<short title>.pdf
1,A19: excluded E01 on a thin basis; re-screen on the full text,,R155FFF508359,2015,"Hoogesteger, Jaime; Verzijl, Andres",Grassroots scalar politics: Insights from peasant water struggles in the Ecuadorian and Peruvian Andes,10.1016/j.geoforum.2015.03.013,https://doi.org/10.1016/j.geoforum.2015.03.013,https://www.proquest.com/docview/1761678478?accountid=13598&bdid=165485&_bd=yGUlRgGD1m2QoQcIc%2BQqMVqR%2FeI%3D,portal page (Wageningen); abstract: peasant and indigenous water-user associations defending irrigation water in the Andes -- legal/governance exposure but irri,R155FFF508359__<short title>.pdf
1,A19: excluded E01 on a thin basis; re-screen on the full text,,RA1F6E143593E,2016,"de Bont, Chris; Veldwisch, Gert Jan; Komakech, Hans Charles; Vos, Jeroen","The fluid nature of water grabbing: the on-going contestation of water distribution between peasants and agribusinesses in Nduruma, Tanzania",10.1007/s10460-015-9644-5,https://doi.org/10.1007/s10460-015-9644-5,https://www.proquest.com/docview/1828174244?accountid=13598&bdid=165489&_bd=lRqk%2By6tTKRPh%2BEmYxcnWaxRkLs%3D,"portal page (Wageningen); abstract: agribusiness and peasant irrigation water contestation, Tanzania -- agricultural water, E07 plausible",RA1F6E143593E__<short title>.pdf
2,A22: S264 may fail criterion 3 (cue: conceptual); Drive copy missing or only a portal page | S264 extracted from the abstract/record only (strong sparse-extraction signal),S264,R59D021BE3315,2014,"Joy, KJ; Kulkarni, Seema; Roth, Dik; Zwarteveen, Margreet",Re-politicising water governance: exploring water re-allocations in terms of justice,10.1080/13549839.2013.870542,https://doi.org/10.1080/13549839.2013.870542,https://www.proquest.com/docview/1617901033?accountid=13598&bdid=165485&_bd=nKK6lAfqSGnF8mCyDpXPZBmZ1Gs%3D,Drive file is only a Wageningen research-portal abstract page (Joy et al. 2014): a conceptual argument illustrated with evidence from India; no full text to jud,S264_Joy_2014_<short title>.pdf
2,A22: S314 may fail criterion 3 (cue: conceptual); Drive copy missing or only a portal page | S314 extracted from the abstract/record only (strong sparse-extraction signal),S314,RFA4E99C75D4F,2015,"Mehta, L; Karpouzoglou, T","Limits of policy and planning in pen-urban waterscapes: The case of Ghaziabad, Delhi, India",10.1016/j.habitatint.2015.03.008,https://doi.org/10.1016/j.habitatint.2015.03.008,https://www.webofscience.com/wos/woscc/full-record/WOS:000356113200018,Drive file is only a Wageningen research-portal abstract page (Mehta & Karpouzoglou 2015): states it shows that peri-urban waterscapes fall outside planning mod,S314_Mehta_2015_<short title>.pdf
2,A22: S340 may fail criterion 3 (cue: conceptual); Drive copy missing or only a portal page,S340,R68F11D7E3F64,2025,"Mubecua, Mandla A; Nojiyeza, Innocent Simphiwe",GENDERED EFFECTS OF WATER SCARCITY ON RURAL LIVELIHOODS IN SOUTH AFRICA: A FEMINIST POLITICAL ECOLOGY PERSPECTIVE,10.4314/gab.v23i2.32,https://doi.org/10.4314/gab.v23i2.32,https://www.proquest.com/docview/3299023147?accountid=13598&bdid=165485&_bd=xDJZCQa9vXI3n4EvoZm03d1PU%2FY%3D,searched by title as well as record id: no Drive copy found,S340_Mubecua_2025_<short title>.pdf
5,S300 extracted from the abstract/record only (strong sparse-extraction signal),S300,REEAB5AAA9C0A,2008,"Vera Delgado, Juana; Zwarteveen, Margreet","Modernity, Exclusion and Resistance: Water and indigenous struggles in Peru",10.1057/palgrave.development.1100467,https://doi.org/10.1057/palgrave.development.1100467,https://www.proquest.com/docview/216913140?accountid=13598&bdid=165489&_bd=9sW2yWVbeFco6wdjjmm8eYBAEnY%3D,abstract-level extraction,S300_Vera_Delgado_2008_<short title>.pdf
5,S380 extracted from the abstract/record only (strong sparse-extraction signal),S380,R99B6CE47433C,2011,"Baron, Catherine; Maillefert, Muriel",Une lecture institutionnaliste de la gouvernance de l'eau potable: des terrains d'Afrique de l'Ouest francophone aux faits stylisés,10.3167/reco.2011.010302,https://doi.org/10.3167/reco.2011.010302,https://www.proquest.com/docview/1768252125?accountid=13598&bdid=165485&_bd=F%2F9ysq9PLCRvkF0CcyT%2B9mpabrw%3D,abstract-level extraction,S380_Baron_2011_<short title>.pdf
5,S317 extracted from the abstract/record only (strong sparse-extraction signal),S317,RED5FE8ECD48C,2013,Zetland D.; Gasson C.,"A global survey of urban water tariffs: Are they sustainable, efficient and fair?",10.1080/07900627.2012.721672,https://doi.org/10.1080/07900627.2012.721672,https://www.scopus.com/pages/publications/84883361447?origin=resultslist,abstract-level extraction,S317_Zetland_D_2013_<short title>.pdf
5,S256 extracted from the abstract/record only (strong sparse-extraction signal),S256,R1C49FC594C30,2014,"Boelens, Rutgerd; Seemann, Miriam","Forced Engagements: Water Security and Local Rights Formalization in Yanque, Colca Valley, Peru",10.17730/humo.73.1.d44776822845k515,https://doi.org/10.17730/humo.73.1.d44776822845k515,https://www.proquest.com/docview/1513352842?accountid=13598&bdid=165489&_bd=mpiVJRRhQ%2FpQhRSMuL%2BCGF1bMeg%3D,abstract-level extraction,S256_Boelens_2014_<short title>.pdf
5,S290 extracted from the abstract/record only (strong sparse-extraction signal),S290,R63F2C609535B,2014,Udas P.B.; Roth D.; Zwarteveen M.,Informal privatisation of community taps: issues of access and equity,10.1080/13549839.2014.885936,https://doi.org/10.1080/13549839.2014.885936,https://www.scopus.com/pages/publications/84911982933?origin=resultslist,abstract-level extraction,S290_Udas_P_B_2014_<short title>.pdf
5,S280 extracted from the abstract/record only (strong sparse-extraction signal),S280,R44F453EBBB3E,2016,Koehler J.; Thomson P.; Hope R.,Mobilizing payments for water service sustainability,10.1007/978-3-319-28643-3_6,https://doi.org/10.1007/978-3-319-28643-3_6,https://www.scopus.com/pages/publications/84978204058?origin=resultslist,abstract-level extraction,S280_Koehler_J_2016_<short title>.pdf
5,S301 extracted from the abstract/record only (strong sparse-extraction signal),S301,R9047CC17268A,2019,Hope R.; Foster T.; Koehler J.; Thomson P.,Rural water policy in Africa and Asia,10.1002/9781119520627.ch9,https://doi.org/10.1002/9781119520627.ch9,https://www.scopus.com/pages/publications/85097986161?origin=resultslist,abstract-level extraction,S301_Hope_R_2019_<short title>.pdf
5,S284 extracted from the abstract/record only (strong sparse-extraction signal),S284,R5D32F286D8C0,2020,Purbo R.K.; Smith C.; Bianchi R.J.,Local government and public–private partnerships: experiencing multilevel governance issues in Indonesian water supply provision,10.1080/07900627.2019.1625754,https://doi.org/10.1080/07900627.2019.1625754,https://www.scopus.com/pages/publications/85069045220?origin=resultslist,abstract-level extraction,S284_Purbo_R_K_2020_<short title>.pdf
5,S365 extracted from the abstract/record only (strong sparse-extraction signal),S365,RB5DB265B1A09,2021,Kharmylliem B.; Kipgen N.,"Assessing the sustainability of urban water supply systems in Shillong, India",10.1163/15691497-12341594,https://doi.org/10.1163/15691497-12341594,https://www.scopus.com/pages/publications/85113754958?origin=resultslist,abstract-level extraction,S365_Kharmylliem_B_2021_<short title>.pdf
5,S079 extracted from the abstract/record only (strong sparse-extraction signal),S079,R9CD064375A7B,2022,Wutich A.; Jepson W.; Velasco C.; Roque A.; Gu Z.; Hanemann M.; Hossain M.J.; Landes L.; Larson R.; Li W.W.; Morales O.;,Water insecurity in the Global North: A review of experiences in U.S. colonias communities along the Mexico border,10.1002/wat2.1595,https://doi.org/10.1002/wat2.1595,https://www.scopus.com/pages/publications/85129131458?origin=resultslist,abstract-level extraction,S079_Wutich_A_2022_<short title>.pdf
6,A19: decided (status_exclude) although the recorded full-text status says no full text was read,,RCB78D4EF3652,2009,Carré C.; Deroubaix J.-F.,Evolution of the water and sewage sector; an attempt to interpret the development of rainwater reuse for domestic purposes; [L'utilisation domestique de Veau de pluie révélatrice d'un modèle de servic,10.3917/flux.076.0026,https://doi.org/10.3917/flux.076.0026,https://www.scopus.com/pages/publications/72849153436?origin=resultslist,not checked: no Drive text found,RCB78D4EF3652__<short title>.pdf
6,A19: decided (status_include) although the recorded full-text status says no full text was read,S400,RE6A43701E1CD,2009,Tabi M.T.,Public water services facing users' social vulnerability: Towards a new management model of basic public services?; [Les services publics d'eau face à la vulnérabilité sociale des populations: Vers un,10.3917/flux.076.0094,https://doi.org/10.3917/flux.076.0094,https://www.scopus.com/pages/publications/72849143557?origin=resultslist,not checked,S400_Tabi_M_T_2009_<short title>.pdf
6,A19: decided (status_include) although the recorded full-text status says no full text was read,S390,RA7E07382F0E4,2014,Gonçalves I.; Alves D.; Robalo G.,Social tariffs for water and waste services in mainland Portugal: An impact analysis,10.2166/ws.2014.002,https://doi.org/10.2166/ws.2014.002,https://www.scopus.com/pages/publications/84924555316?origin=resultslist,not checked,S390_Gon_alves_I_2014_<short title>.pdf
6,A19: decided (status_include) although the recorded full-text status says no full text was read,S391,R0EED09DB6147,2018,Suharyanto; Angelica Deasy K.; Sudarno,Sustainable Community Based Water Supply at Salatiga by Use of Rapfish Method,10.1051/matecconf/201815901023,https://doi.org/10.1051/matecconf/201815901023,https://www.scopus.com/pages/publications/85045276530?origin=resultslist,not checked,S391_Suharyanto_2018_<short title>.pdf
6,A19: decided (status_include) although the recorded full-text status says no full text was read,S401,R653729F562BE,2023,Beyene E.; Adam A.G.; Minale A.S.,"Examining the practice of urban governance using UN-Habitat urban governance index in Gondar city, North West Ethiopia",10.1080/23311886.2023.2208934,https://doi.org/10.1080/23311886.2023.2208934,https://www.scopus.com/pages/publications/85159662509?origin=resultslist,not checked,S401_Beyene_E_2023_<short title>.pdf
7,S138 is in the human second-extraction sample,S138,R71511A4E582D,2003,"Ribeiro, Eduardo Magalhães; Galizoni, Flávia Maria","Water, rural population and administration techniques: the case of Jequitinhonha Valley, Minas Gerais",10.1590/S1414-753X2003000200008,https://doi.org/10.1590/S1414-753X2003000200008,https://www.proquest.com/docview/1682474599?accountid=13598&bdid=165489&_bd=avk59Z5BC6Fo0QQeE3sy5JCfOmg%3D,AI full-text or abstract extraction; the human needs the PDF,S138_Ribeiro_2003_<short title>.pdf
7,S121 is in the human second-extraction sample,S121,RCA79A474E34C,2008,"Feler, Leo; J Vernon Henderson","Exclusionary Policies in Urban Development, How under-servicing of migrant households affects the growth and composition of Brazilian cities",10.3386/w14136,https://doi.org/10.3386/w14136,https://www.proquest.com/docview/1688986551?accountid=13598&bdid=165485&_bd=%2BlPW9B%2F9rhUoywferw1D9Ux4yEI%3D,AI full-text or abstract extraction; the human needs the PDF,S121_Feler_2008_<short title>.pdf
7,S120 is in the human second-extraction sample,S120,R947DFEA65396,2012,"Jackson, Sue E; Palmer, Lisa R",Modernising Water: Articulating Custom in Water Governance in Australia and East Timor,10.18584/iipj.2012.3.3.7,https://doi.org/10.18584/iipj.2012.3.3.7,https://www.proquest.com/docview/1400431862?accountid=13598&bdid=165485&_bd=9pfpG461lfaSxyNUaPbc1WZROc4%3D,AI full-text or abstract extraction; the human needs the PDF,S120_Jackson_2012_<short title>.pdf
7,S181 is in the human second-extraction sample,S181,R31E7B1B06D5E,2013,Dondeynaz C.; López Puga J.; Carmona Moreno C.,Bayesian networks modelling in support to cross-cutting analysis of water supply and sanitation in developing countries,10.5194/hess-17-3397-2013,https://doi.org/10.5194/hess-17-3397-2013,https://www.scopus.com/pages/publications/84927733082?origin=resultslist,AI full-text or abstract extraction; the human needs the PDF,S181_Dondeynaz_C_2013_<short title>.pdf
7,S124 is in the human second-extraction sample,S124,R8DC8D6A54823,2013,"Paludo, José Roberto; Borba, Julian",Water supply and sewerage system: comparative study of management models in Santa Catarina,10.1590/S1414-753X2013000100005,https://doi.org/10.1590/S1414-753X2013000100005,https://www.proquest.com/docview/1682452534?accountid=13598&bdid=165489&_bd=pd7F1VjtAaxHy8QHHfBNu3idd70%3D,AI full-text or abstract extraction; the human needs the PDF,S124_Paludo_2013_<short title>.pdf
7,S189 is in the human second-extraction sample,S189,R23930997D036,2014,Boisson S.; Sosai P.; Ray S.; Routray P.; Torondel B.; Schmidt W.-P.; Bhanja B.; Clasen T.,"Promoting latrine construction and use in rural villages practicing open defecation: Process evaluation in connection with a randomised controlled trial in Orissa, India",10.1186/1756-0500-7-486,https://doi.org/10.1186/1756-0500-7-486,https://www.scopus.com/pages/publications/84908355000?origin=resultslist,AI full-text or abstract extraction; the human needs the PDF,S189_Boisson_S_2014_<short title>.pdf
7,S126 is in the human second-extraction sample,S126,R8D5E31FA5115,2015,"Murphy, Heather M; Corston-Pine, Elliott; Post, Yvonne; McBean, Edward A",Insights and Opportunities: Challenges of Canadian First Nations Drinking Water Operators,10.18584/iipj.2015.6.3.7,https://doi.org/10.18584/iipj.2015.6.3.7,https://www.proquest.com/docview/1709576721?accountid=13598&bdid=165489&_bd=6ocZyEuXbRmQTmpAsjJZGQtCUhI%3D,AI full-text or abstract extraction; the human needs the PDF,S126_Murphy_2015_<short title>.pdf
7,S192 is in the human second-extraction sample,S192,R63CBCB8C5C0B,2016,Juliano E.F.G.A.; Malheiros T.F.; Marques R.C.,"The involvement of community leaders in healthcare, the environment and sanitation in áreas of social vulnerability",10.1590/1413-81232015213.21862015,https://doi.org/10.1590/1413-81232015213.21862015,https://www.scopus.com/pages/publications/84959914228?origin=resultslist,AI full-text or abstract extraction; the human needs the PDF,S192_Juliano_E_F_G_A_2016_<short title>.pdf
7,S088 is in the human second-extraction sample,S088,RE5CE972CD6DB,2016,Otsuki K.,Infrastructure in informal settlements: co-production of public services for inclusive governance,10.1080/13549839.2016.1149456,https://doi.org/10.1080/13549839.2016.1149456,https://www.scopus.com/pages/publications/84959051405?origin=resultslist,AI full-text or abstract extraction; the human needs the PDF,S088_Otsuki_K_2016_<short title>.pdf
7,S134 is in the human second-extraction sample,S134,RF8804799E515,2016,"Britto, Ana Lucia; Johnsson, Rosa Maria Formiga; Carneiro, Paulo Roberto Ferreira",Water supply and hydrosocial scarcity in the Rio de Janeiro Metropolitan Area,10.1590/1809-4422ASOC150159R1V1912016,https://doi.org/10.1590/1809-4422ASOC150159R1V1912016,https://www.proquest.com/docview/1788483818?accountid=13598&bdid=165489&_bd=ul%2BBNnfxEMOhTZNX6WmrorvYfzI%3D,AI full-text or abstract extraction; the human needs the PDF,S134_Britto_2016_<short title>.pdf
7,S175 is in the human second-extraction sample,S175,R8DE65838848E,2017,Bellaubi F.; Pahl-Wostl C.,"Corruption risks, management practices, and performance in water service delivery in Kenya and Ghana: An agent-based model",10.5751/ES-09205-220206,https://doi.org/10.5751/ES-09205-220206,https://www.scopus.com/pages/publications/85021781211?origin=resultslist,AI full-text or abstract extraction; the human needs the PDF,S175_Bellaubi_F_2017_<short title>.pdf
7,S178 is in the human second-extraction sample,S178,R8C5602D36BCD,2018,Sikder M.; Daraz U.; Lantagne D.; Saltori R.,"Water, sanitation, and hygiene access in southern Syria: Analysis of survey data and recommendations for response",10.1186/s13031-018-0151-3,https://doi.org/10.1186/s13031-018-0151-3,https://www.scopus.com/pages/publications/85045924488?origin=resultslist,AI full-text or abstract extraction; the human needs the PDF,S178_Sikder_M_2018_<short title>.pdf
7,S197 is in the human second-extraction sample,S197,R966C3D47E2C3,2019,Bano M.,Partnerships and the Good-Governance Agenda: Improving Service Delivery Through State–NGO Collaborations,10.1007/s11266-017-9937-y,https://doi.org/10.1007/s11266-017-9937-y,https://www.scopus.com/pages/publications/85040069684?origin=resultslist,AI full-text or abstract extraction; the human needs the PDF,S197_Bano_M_2019_<short title>.pdf
7,S199 is in the human second-extraction sample,S199,R9D4649E4A900,2019,García-Rubio M.Á.; López-Ruiz S.; González-Gómez F.,Human rights in Spain: Protection of the right to water in families with affordability problems. Critical analysis for legal reform; [Derechos humanos en España: Protección del derecho al agua en fami,10.17561/at.13.4381,https://doi.org/10.17561/at.13.4381,https://www.scopus.com/pages/publications/85077644264?origin=resultslist,AI full-text or abstract extraction; the human needs the PDF,S199_Garc_a_Rubio_M_2019_<short title>.pdf
7,S198 is in the human second-extraction sample,S198,R9E86C5C2D0CF,2019,Greene Dobbins E.,"Human rights, sanitation, and sewers; [Derechos humanos, saneamiento y alcantarillado]",10.14201/AZAFEA201921129157,https://doi.org/10.14201/AZAFEA201921129157,https://www.scopus.com/pages/publications/85113351297?origin=resultslist,AI full-text or abstract extraction; the human needs the PDF,S198_Greene_Dobbins_E_2019_<short title>.pdf
7,S196 is in the human second-extraction sample,S196,RAD1230DD5FD1,2019,de Barcellos A.P.; Monteiro J.I.,The bumpy story of three public civil actions in sanitation; [A acidentada história de três ações civis públicas em matéria de saneamento],10.12957/publicum.2019.41924,https://doi.org/10.12957/publicum.2019.41924,https://www.scopus.com/pages/publications/85074654392?origin=resultslist,AI full-text or abstract extraction; the human needs the PDF,S196_de_Barcellos_A_P_2019_<short title>.pdf
7,S083 is in the human second-extraction sample,S083,R529852719FAB,2021,Huston A.; Gaskin S.; Moriarty P.; Watsisi M.,More Sustainable Systems Through Consolidation? The Changing Landscape of Rural Drinking Water Service Delivery in Uganda,,,https://www.scopus.com/pages/publications/85103334236?origin=resultslist,AI full-text or abstract extraction; the human needs the PDF,S083_Huston_A_2021_<short title>.pdf
7,S081 is in the human second-extraction sample,S081,R03E54611539A,2022,Dasgupta S.; Agarwal N.,Experimenting with Urban–Rural Partnerships for Sustainable Sanitation in India: Learning from Practice,10.3390/land11071021,https://doi.org/10.3390/land11071021,https://www.scopus.com/pages/publications/85137206696?origin=resultslist,AI full-text or abstract extraction; the human needs the PDF,S081_Dasgupta_S_2022_<short title>.pdf
7,S109 is in the human second-extraction sample,S109,R500A70E3BC4E,2022,"Neto, João Mendes Rocha",O desafio do federalismo brasileiro no saneamento básico,10.20435/inter.v23i2.2998,https://doi.org/10.20435/inter.v23i2.2998,https://www.proquest.com/docview/2711034462?accountid=13598&bdid=165485&_bd=euZOtcjQqdxzqFjUEZJOOrxCT%2F0%3D,AI full-text or abstract extraction; the human needs the PDF,S109_Neto_2022_<short title>.pdf
7,S075 is in the human second-extraction sample,S075,R746445B4F65D,2022,Armstrong A.; Hope R.; Koehler J.,Piped water revenue and investment strategies in rural Africa,10.1088/2634-4505/ac61f8,https://doi.org/10.1088/2634-4505/ac61f8,https://www.scopus.com/pages/publications/85130539103?origin=resultslist,AI full-text or abstract extraction; the human needs the PDF,S075_Armstrong_A_2022_<short title>.pdf
7,S191 is in the human second-extraction sample,S191,R85FEE8235DF2,2022,Behl R.; Ali S.; Altamirano J.; Leno A.; Maldonado Y.; Sarnquist C.,"Rebuilding child health in South Kivu, Democratic Republic of Congo (DRC): evaluating the Asili social enterprise program",10.1186/s13031-022-00454-0,https://doi.org/10.1186/s13031-022-00454-0,https://www.scopus.com/pages/publications/85129764000?origin=resultslist,AI full-text or abstract extraction; the human needs the PDF,S191_Behl_R_2022_<short title>.pdf
7,S064 is in the human second-extraction sample,S064,R9F1DCD966DA0,2022,Ezeudu O.B.; Ezeudu T.S.; Ugochukwu U.C.; Okolo O.J.; Ani C.D.; Ajogu A.P.; Ajaero C.C.; Mbakwe U.I.; Nduji N.N.,"Coping Strategies, Cultural Practices and Policy Implications on Domestic Water Supply in an Erosion Susceptible Rural Community, Nigeria",10.3390/resources11080077,https://doi.org/10.3390/resources11080077,https://www.scopus.com/pages/publications/85136882480?origin=resultslist,AI full-text or abstract extraction; the human needs the PDF,S064_Ezeudu_O_B_2022_<short title>.pdf
7,S182 is in the human second-extraction sample,S182,RA9578886BE98,2022,De Lima R.S.; Marott A.C.B.; Santiago C.D.; Pugliesi E.; Moschini L.E.,Access and quality of provision of sanitation services in a coastal city of the state of São Paulo: study of a neighborhood's perception in the city of Guarujá; [Acesso e qualidade da prestação dos se,10.5585/geas.v11i1.20281,https://doi.org/10.5585/geas.v11i1.20281,https://www.scopus.com/pages/publications/85151564354?origin=resultslist,AI full-text or abstract extraction; the human needs the PDF,S182_De_Lima_R_S_2022_<short title>.pdf
7,S070 is in the human second-extraction sample,S070,RC41D17900D05,2022,Thapa D.; Farid M.N.; Prevost C.,Governance drivers of rural water sustainability: Collaboration in frontline service delivery,10.24294/jipd.v6i1.1380,https://doi.org/10.24294/jipd.v6i1.1380,https://www.scopus.com/pages/publications/85136237465?origin=resultslist,AI full-text or abstract extraction; the human needs the PDF,S070_Thapa_D_2022_<short title>.pdf
7,S179 is in the human second-extraction sample,S179,RD4146C231B07,2022,Cord C.; Javernick-Will A.; Buhungiro E.; Harvey A.; Linden K.,Institutional influences on local government support for professionalized maintenance of water supply infrastructure in rural Uganda: A qualitative analysis,10.1371/journal.pwat.0000003,https://doi.org/10.1371/journal.pwat.0000003,https://www.scopus.com/pages/publications/85129322183?origin=resultslist,AI full-text or abstract extraction; the human needs the PDF,S179_Cord_C_2022_<short title>.pdf
7,S067 is in the human second-extraction sample,S067,RD8BFB5AE38C5,2022,Luis N.; Raffa C.,The action of Obras Sanitarias de la Nación in Mendoza: infrastructure and sanitation between agreements and conflicts (1918-1928); [La acción de Obras Sanitarias de la Nación en Mendoza: infraestruct,,,https://www.scopus.com/pages/publications/85160964174?origin=resultslist,AI full-text or abstract extraction; the human needs the PDF,S067_Luis_N_2022_<short title>.pdf
7,S063 is in the human second-extraction sample,S063,RF043AAD78E8E,2022,Pastrana-Miranda T.; González-Caamal M.M.,Environmental Injustice and Marginalization: Water Lack of Access in the Metropolitan Zone of the Valley of Mexico; [Injustiça ambiental e marginalização: a falta de acesso à água na Área Metropolitan,10.12804/revistas.urosario.edu.co/territorios/a.9931vol462021,https://doi.org/10.12804/revistas.urosario.edu.co/territorios/a.9931vol462021,https://www.scopus.com/pages/publications/85128860245?origin=resultslist,AI full-text or abstract extraction; the human needs the PDF,S063_Pastrana_Miranda_T_2022_<short title>.pdf
7,S174 is in the human second-extraction sample,S174,RF18D44C79805,2022,de Araújo J.M.; Ferreira M.A.M.; da Rocha T.C.,Institutional capacities for the universalization of access to basic sanitation; [Capacidades institucionais para a universalização do acesso ao saneamento básico],10.5102/rbpp.v12i3.7919,https://doi.org/10.5102/rbpp.v12i3.7919,https://www.scopus.com/pages/publications/85158892888?origin=resultslist,AI full-text or abstract extraction; the human needs the PDF,S174_de_Ara_jo_J_M_2022_<short title>.pdf
7,S076 is in the human second-extraction sample,S076,RF96F4D7A891A,2022,Carvalho J.I.C.; de Jesus Júnior G.; Gomes R.L.,"Analysis of the universalization, investment and governance of the sewage service of the municipal headquarters of the Easter Watershed (BHL) in Bahia; [Análise da universalização, investimento e gove",10.7213/revdireconsoc.v13i1.26936,https://doi.org/10.7213/revdireconsoc.v13i1.26936,https://www.scopus.com/pages/publications/85149714716?origin=resultslist,AI full-text or abstract extraction; the human needs the PDF,S076_Carvalho_J_I_C_2022_<short title>.pdf
7,S060 is in the human second-extraction sample,S060,R1297067D6EE3,2023,Muyukani P.W.; Muthama N.J.; Mutune M J.,"Integration and implementation of rainwater harvesting technologies in development programs, planning and budgeting in Matungulu Sub-County, Machakos County, Kenya",10.37425/eajsti.v4i.734,https://doi.org/10.37425/eajsti.v4i.734,https://www.scopus.com/pages/publications/85181919733?origin=resultslist,AI full-text or abstract extraction; the human needs the PDF,S060_Muyukani_P_W_2023_<short title>.pdf
7,S052 is in the human second-extraction sample,S052,R172DC9C2AD24,2023,Muoghalu C.; Semiyaga S.; Manga M.,"Faecal sludge emptying in Sub-Saharan Africa, South and Southeast Asia: A systematic review of emptying technology choices, challenges, and improvement initiatives",10.3389/fenvs.2023.1097716,https://doi.org/10.3389/fenvs.2023.1097716,https://www.scopus.com/pages/publications/85149701514?origin=resultslist,AI full-text or abstract extraction; the human needs the PDF,S052_Muoghalu_C_2023_<short title>.pdf
7,S084 is in the human second-extraction sample,S084,R205DDBDB40FB,2023,"Lubeck-Schricker, Patil-Deshmukh, Murthy, Chaubey, Boomkar, Shaikh, Shitole, Eliasziw, Subbaraman",Divided infrastructure: legal exclusion and water inequality in an urban slum in Mumbai India,10.1177/09562478221121737,https://doi.org/10.1177/09562478221121737,https://journals.sagepub.com/doi/10.1177/09562478221121737,AI full-text or abstract extraction; the human needs the PDF,S084_Lubeck_Schricker_2023_<short title>.pdf
7,S057 is in the human second-extraction sample,S057,R29C42DF9EAF6,2023,Kozole T.; Ross M.; Nicoletti C.; Rogla J.; Ives N.; Ali A.; Prom R.,Impact of targeted subsidies on access to resilient sanitation for climate-vulnerable households in rural Cambodia,10.2166/washdev.2023.039,https://doi.org/10.2166/washdev.2023.039,https://www.scopus.com/pages/publications/85181168609?origin=resultslist,AI full-text or abstract extraction; the human needs the PDF,S057_Kozole_T_2023_<short title>.pdf
7,S141 is in the human second-extraction sample,S141,R2A4AE48CE394,2023,Chumo I.; Kabaria C.; Elsey H.; Ozano K.; Phillips-Howard P.A.; Mberu B.,"Co-creation and self-evaluation: An accountability mechanism process in water, sanitation and hygiene services delivery in childcare centres in Nairobi's informal settlements",10.3389/fpubh.2022.1035284,https://doi.org/10.3389/fpubh.2022.1035284,https://www.scopus.com/pages/publications/85147053123?origin=resultslist,AI full-text or abstract extraction; the human needs the PDF,S141_Chumo_I_2023_<short title>.pdf
7,S053 is in the human second-extraction sample,S053,R85EE23F80FDB,2023,Loewenson R.; Mhlanga G.; Gotto D.; Chayikosa S.; Goma F.; Walyaro C.,Equity dimensions in initiatives promoting urban health and wellbeing in east and southern Africa,10.3389/fpubh.2023.1113550,https://doi.org/10.3389/fpubh.2023.1113550,https://www.scopus.com/pages/publications/85153600304?origin=resultslist,AI full-text or abstract extraction; the human needs the PDF,S053_Loewenson_R_2023_<short title>.pdf
7,S157 is in the human second-extraction sample,S157,R8C49F531C4D5,2023,Hutete C.; Sibanda M.M.M.; Maramura T.C.,WATER GOVERNANCE AND SOCIAL EQUITY IN SOUTH AFRICAN RURAL MUNICIPALITIES: A CASE STUDY OF A DISTRICT MUNICIPALITY IN THE EASTERN CAPE PROVINCE,10.26480/wcm.01.2023.12.18,https://doi.org/10.26480/wcm.01.2023.12.18,https://www.scopus.com/pages/publications/85145699914?origin=resultslist,AI full-text or abstract extraction; the human needs the PDF,S157_Hutete_C_2023_<short title>.pdf
7,S046 is in the human second-extraction sample,S046,RAEC333DFD828,2023,Maskey G.; Pandey C.L.; Giri M.,Water scarcity and excess: water insecurity in cities of Nepal,10.2166/WS.2023.072,https://doi.org/10.2166/WS.2023.072,https://www.scopus.com/pages/publications/85160605710?origin=resultslist,AI full-text or abstract extraction; the human needs the PDF,S046_Maskey_G_2023_<short title>.pdf
7,S160 is in the human second-extraction sample,S160,RBCA94FE579EF,2023,Enqvist J.; van Oyen W.,Sustainable water tariffs and inequality in post-drought Cape Town: exploring perceptions of fairness,10.1007/s11625-022-01217-9,https://doi.org/10.1007/s11625-022-01217-9,https://www.scopus.com/pages/publications/85138295638?origin=resultslist,AI full-text or abstract extraction; the human needs the PDF,S160_Enqvist_J_2023_<short title>.pdf
7,S142 is in the human second-extraction sample,S142,R0A2F971E2D86,2024,Allaire M.C.; Brusco B.; Bakchan A.; Elliott M.A.; Jordan M.A.; Maxcy-Brown J.; White K.D.,Water and wastewater infrastructure inequity in unincorporated communities,10.1038/s41545-024-00409-3,https://doi.org/10.1038/s41545-024-00409-3,https://www.scopus.com/pages/publications/85211347519?origin=resultslist,AI full-text or abstract extraction; the human needs the PDF,S142_Allaire_M_C_2024_<short title>.pdf
7,S145 is in the human second-extraction sample,S145,R211E08161A0B,2024,Kurniati A.S.; Nastiti A.; Ufaira R.M.; Safira K.F.; Sakti A.D.,Navigating the path: regulatory readiness and stakeholder insights in Indonesia's citywide inclusive sanitation landscape,10.1007/s43621-024-00538-2,https://doi.org/10.1007/s43621-024-00538-2,https://www.scopus.com/pages/publications/85206361837?origin=resultslist,AI full-text or abstract extraction; the human needs the PDF,S145_Kurniati_A_S_2024_<short title>.pdf
7,S104 is in the human second-extraction sample,S104,R38E0597A9B61,2024,"Thomas-Possee, Mair L H; Channon, Andrew A; Bain, Robert E S; Wright, James A","Household, neighbourhood and service provider risk factors for piped drinking-water intermittency in urban and peri-urban Zambia: A cross-sectional analysis",10.1371/journal.pwat.0000127,https://doi.org/10.1371/journal.pwat.0000127,https://www.proquest.com/docview/3069190186?accountid=13598&bdid=165485&_bd=mdBGkXjwv9Cy3KO3k29SsR8Pfls%3D,AI full-text or abstract extraction; the human needs the PDF,S104_Thomas_Possee_2024_<short title>.pdf
7,S037 is in the human second-extraction sample,S037,R6092FE0E5919,2024,Espinoza V.; Viers J.H.,The paradox of production: Surface water supply drives agricultural productivity but not prosperity in California’s San Joaquin Valley,10.1371/journal.pwat.0000192,https://doi.org/10.1371/journal.pwat.0000192,https://www.scopus.com/pages/publications/85204396100?origin=resultslist,AI full-text or abstract extraction; the human needs the PDF,S037_Espinoza_V_2024_<short title>.pdf
7,S040 is in the human second-extraction sample,S040,RC3383A9FBC47,2024,Fordjour G.; Anbazu J.; Serwaa Antwi N.; Usman Adam M.; Asibey M.O.,Self-help and spontaneous heroism in urban service delivery in Ghana’s informal neighbourhoods: a case study of Moshie Zongo,10.1080/13549839.2024.2376563,https://doi.org/10.1080/13549839.2024.2376563,https://www.scopus.com/pages/publications/85198373157?origin=resultslist,AI full-text or abstract extraction; the human needs the PDF,S040_Fordjour_G_2024_<short title>.pdf
7,S164 is in the human second-extraction sample,S164,RD51F09762BFA,2024,Salazar E.M.G.; Figueroa H.N.L.,"Water sufficiency in Hidalgo, Mexico: a vision from the Human Right to Water; [La suffisance de l'eau à Hidalgo, Mexique: une vue de l'approche du droit humain à l'eau]; [La sufficienza idrica a Hidal",10.17561/at.24.7688,https://doi.org/10.17561/at.24.7688,https://www.scopus.com/pages/publications/85193389600?origin=resultslist,AI full-text or abstract extraction; the human needs the PDF,S164_Salazar_E_M_G_2024_<short title>.pdf
7,S167 is in the human second-extraction sample,S167,REF809F611CC2,2024,Toska M.; Suparaku S.; Hysa X.; Sala A.L.,A Quality Perspective of Sustainable Management of Water Services: Insights of Citizens' Perceptions in Five Albanian Municipalities,10.36941/jesr-2024-0032,https://doi.org/10.36941/jesr-2024-0032,https://www.scopus.com/pages/publications/85189664494?origin=resultslist,AI full-text or abstract extraction; the human needs the PDF,S167_Toska_M_2024_<short title>.pdf
7,S169 is in the human second-extraction sample,S169,RFD8DD6384F91,2024,Pulgarín-Franco J.-A.,Cadastral updating and local institutional capacities: property tax and public utilities; [Mise à jour cadastrale et capacités institutionnelles locales: taxe foncière et services publics domestiques],10.15446/bitacora.v34n1.111741,https://doi.org/10.15446/bitacora.v34n1.111741,https://www.scopus.com/pages/publications/85206092387?origin=resultslist,AI full-text or abstract extraction; the human needs the PDF,S169_Pulgar_n_Franco_J_A_2024_<short title>.pdf
7,S030 is in the human second-extraction sample,S030,R09518DE2A78A,2025,Kosoe E.A.; Osumanu I.K.; Ogwu M.C.,Reimagining Rural and Small-Town Water Supply in Ghana Through Inclusive Governance and Sustainable Models,10.55845/jos-2025-1234,https://doi.org/10.55845/jos-2025-1234,https://www.scopus.com/pages/publications/105029758942?origin=resultslist,AI full-text or abstract extraction; the human needs the PDF,S030_Kosoe_E_A_2025_<short title>.pdf
7,S021 is in the human second-extraction sample,S021,R2AA5F5039CC7,2025,dos Santos Alves Romanato L.; da Silva N.; Lucena S.; Beser de Deus L.,"Managing Water Supply Infrastructure in Medium-Sized Cities to Meet User Demands: A Case Study of Natal, Brazil",10.1002/wwp2.70022,https://doi.org/10.1002/wwp2.70022,https://www.scopus.com/pages/publications/105013474267?origin=resultslist,AI full-text or abstract extraction; the human needs the PDF,S021_dos_Santos_Alves_Rom_2025_<short title>.pdf
7,S148 is in the human second-extraction sample,S148,R3B4E6A0D63A0,2025,Szekeres Á.,From Privatisation to Remunicipalisation: How Returning to Public Control of Water Services Benefits Hungarian Society,10.21029/JAEL.2025.38.313,https://doi.org/10.21029/JAEL.2025.38.313,https://www.scopus.com/pages/publications/105009416479?origin=resultslist,AI full-text or abstract extraction; the human needs the PDF,S148_Szekeres_2025_<short title>.pdf
7,S150 is in the human second-extraction sample,S150,R3C7BDCAC160F,2025,Wardhana Y.M.A.; Yoanita E.; Sutjiningsih D.,FINANCING RURAL WATER UTILITIES: MITIGATING RISKS TO CLEAN WATER ACCESS,10.26480/wcm.03.2025.568.573,https://doi.org/10.26480/wcm.03.2025.568.573,https://www.scopus.com/pages/publications/105017926270?origin=resultslist,AI full-text or abstract extraction; the human needs the PDF,S150_Wardhana_Y_M_A_2025_<short title>.pdf
7,S163 is in the human second-extraction sample,S163,RC9714BB70FA1,2025,Moreira F.D.; Heller L.; Rezende S.,Navigating rights and responsibilities: Water and sanitation access for informal vendors in Brazil,10.1016/j.jup.2025.102051,https://doi.org/10.1016/j.jup.2025.102051,https://www.scopus.com/pages/publications/105015476248?origin=resultslist,AI full-text or abstract extraction; the human needs the PDF,S163_Moreira_F_D_2025_<short title>.pdf
7,S143 is in the human second-extraction sample,S143,R0F0103F9EB42,2026,Kanyesigye C.; Ferrero G.; Marks S.J.; Niwagaba C.B.; Kulabako R.N.; Kansiime F.,"Evaluation of Water Safety Plan outcomes and impacts in Bushenyi-Ishaka Municipality, Uganda",10.1016/j.jup.2025.102106,https://doi.org/10.1016/j.jup.2025.102106,https://www.scopus.com/pages/publications/105022606098?origin=resultslist,AI full-text or abstract extraction; the human needs the PDF,S143_Kanyesigye_C_2026_<short title>.pdf
7,S140 is in the human second-extraction sample,S140,R1FE793483944,2026,Jacob J.H.; Kotzebue J.R.,Sustainable development goal 11.1 in the Caribbean: assessing informal settlement upgrading in Trinidad and Tobago,10.3389/frsc.2026.1731817,https://doi.org/10.3389/frsc.2026.1731817,https://www.scopus.com/pages/publications/105032563970?origin=resultslist,AI full-text or abstract extraction; the human needs the PDF,S140_Jacob_J_H_2026_<short title>.pdf
7,S146 is in the human second-extraction sample,S146,R26BBC984E24B,2026,Xerente V.S.; Naval L.P.,"Water, health, and rights: challenges of drinking water and sanitation for indigenous communities in Tocantins, Brazil; [Água, saúde e direitos: desafios do abastecimento de água potável e saneamento ",10.5327/Z2176-94782592,https://doi.org/10.5327/Z2176-94782592,https://www.scopus.com/pages/publications/105037198900?origin=resultslist,AI full-text or abstract extraction; the human needs the PDF,S146_Xerente_V_S_2026_<short title>.pdf
7,S149 is in the human second-extraction sample,S149,R3B7D3DFF4E72,2026,Sethy M.; Sahoo D.M.,Gendered inequalities in water sanitation and hygiene access increase time poverty health risks and socioeconomic exclusion in Odisha India,10.1186/s12982-026-02666-8,https://doi.org/10.1186/s12982-026-02666-8,https://www.scopus.com/pages/publications/105046545700?origin=resultslist,AI full-text or abstract extraction; the human needs the PDF,S149_Sethy_M_2026_<short title>.pdf
7,S006 is in the human second-extraction sample,S006,R6B4F2B51A205,2026,Agyeman N.K.; Tantoh H.B.; Kamika I.,Assessing water security and governance complexity in the Owabi river catchment in Ghana,10.1007/s43621-026-03268-9,https://doi.org/10.1007/s43621-026-03268-9,https://www.scopus.com/pages/publications/105042554884?origin=resultslist,AI full-text or abstract extraction; the human needs the PDF,S006_Agyeman_N_K_2026_<short title>.pdf
7,S014 is in the human second-extraction sample,S014,R8E5477234032,2026,Mian H.R.; Avila J.; De Coste M.; Saleem S.; Mohseni M.; Hewage K.; Sadiq R.,Assessing the water infrastructure in Small and Rural Indigenous (SRI) communities: a risk assessment framework,10.2166/wh.2026.151,https://doi.org/10.2166/wh.2026.151,https://www.scopus.com/pages/publications/105041133648?origin=resultslist,AI full-text or abstract extraction; the human needs the PDF,S014_Mian_H_R_2026_<short title>.pdf
7,S085 is in the human second-extraction sample,S085,R9E24EC349D72,2026,"Gaikwad, Thomas",Getting on the grid: A field experiment on bottom-up political pressure and access to essential public services,10.1111/ajps.70068,https://doi.org/10.1111/ajps.70068,https://onlinelibrary.wiley.com/doi/10.1111/ajps.70068,AI full-text or abstract extraction; the human needs the PDF,S085_Gaikwad_2026_<short title>.pdf
7,S007 is in the human second-extraction sample,S007,RA9BC8541CADC,2026,Lindt K.,Community-based to centralized provision: the transformation of aflaj beyond Oman’s national drinking water strategy,10.1080/07900627.2026.2649586,https://doi.org/10.1080/07900627.2026.2649586,https://www.scopus.com/pages/publications/105035597773?origin=resultslist,AI full-text or abstract extraction; the human needs the PDF,S007_Lindt_K_2026_<short title>.pdf
7,S013 is in the human second-extraction sample,S013,RAC07BE1CB046,2026,Paran R.C.; Ocampo C.O.V.; Aparente M.E.A.; Calibo-Senit D.I.; Ybañez A.P.,Water Security System Assessment in a Philippine Rural Area,10.13189/eer.2026.140106,https://doi.org/10.13189/eer.2026.140106,https://www.scopus.com/pages/publications/105032794871?origin=resultslist,AI full-text or abstract extraction; the human needs the PDF,S013_Paran_R_C_2026_<short title>.pdf
9,never assessed: no full text could be retrieved; full-text screening closed by researcher decision 2026-09-28,,R2059AB4CC3EA,1951,,COVERAGE DOUBLED ON SANITARY RULES,,,https://www.proquest.com/docview/112087672?accountid=13598&bdid=165485&_bd=98%2Bv%2FVJ1p4yv4cjMH%2BP3Niqe3No%3D,status not_retrievable,R2059AB4CC3EA__<short title>.pdf
9,never assessed: no full text could be retrieved; full-text screening closed by researcher decision 2026-09-28,,R59BEC3BB67DA,1960,"SIMPSON, RAY; AND OTHERS",MIGRATORY LABOR IN COLORADO. PROGRESS REPORT,,,https://www.proquest.com/docview/64460769?accountid=13598&bdid=165485&_bd=iexvr2u71PVma7xHfhBLgtcPCiI%3D,status not_retrievable,R59BEC3BB67DA__<short title>.pdf
9,never assessed: no full text could be retrieved; full-text screening closed by researcher decision 2026-09-28,,R7CE46FD4E682,1960,"Wood, Robert C; Almendinger, Vladimir","1,400 GOVERNMENTS",,,https://www.proquest.com/docview/60659529?accountid=13598&bdid=165489&_bd=qhkKS%2FR80dlv%2BxKSFGYPZdsjTCw%3D,status not_retrievable,R7CE46FD4E682__<short title>.pdf
9,never assessed: no full text could be retrieved; full-text screening closed by researcher decision 2026-09-28,,R0908697F9FE5,1977,"Scott, Michael F",Self-Help in Rural Mexico: Santa Maria's Well,,,https://www.proquest.com/docview/61553327?accountid=13598&bdid=165489&_bd=GWL7hjk1%2B%2FeGoZ0FYasZeGNoaPw%3D,status not_retrievable,R0908697F9FE5__<short title>.pdf
9,never assessed: no full text could be retrieved; full-text screening closed by researcher decision 2026-09-28,,R0A2594540DD4,1977,"Haynes, Kingsley E.; And Others","Colonias in the Lower Rio Grande Valley of South Texas: A Summary Report. Lyndon B. Johnson School of Public Affairs, Policy Research Report, Number 18",,,https://www.proquest.com/docview/63823621?accountid=13598&bdid=165485&_bd=0oS8KwYYgzuD1P%2BWUNm8lPHkgZY%3D,status wrong_file_retrieved,R0A2594540DD4__<short title>.pdf
9,never assessed: no full text could be retrieved; full-text screening closed by researcher decision 2026-09-28,,R189CE1C67FCB,1977,"Krishnamurthy, K V",The Challenge of Africa's Water Development,,,https://www.proquest.com/docview/60845153?accountid=13598&bdid=165489&_bd=%2FS%2BOSeyFUAG7AnGV4oE%2FfSLqNlE%3D,status wrong_file_retrieved,R189CE1C67FCB__<short title>.pdf
9,never assessed: no full text could be retrieved; full-text screening closed by researcher decision 2026-09-28,,R446E70D5B2BF,1977,"Pigg, Kenneth E",Effect of Rural Industrialization on Residential Water Costs in Kentucky,,,https://www.proquest.com/docview/61713502?accountid=13598&bdid=165489&_bd=mnjHE1A48DvZp9oZJ3CgsU9dMww%3D,status not_retrievable,R446E70D5B2BF__<short title>.pdf
9,never assessed: no full text could be retrieved; full-text screening closed by researcher decision 2026-09-28,,R68AD060FBC36,1977,"Harnisch, Arthur A",Chief Joseph Dam Community Impact Report,,,https://www.proquest.com/docview/61770902?accountid=13598&bdid=165489&_bd=SRZG5gvLkM%2FWD1B360HbhjOIQME%3D,status not_retrievable,R68AD060FBC36__<short title>.pdf
9,never assessed: no full text could be retrieved; full-text screening closed by researcher decision 2026-09-28,,R7E12B6ABAD99,1977,"Pigg, Kenneth E",An Analysis of the Social Impacts of the Availability and Provisions of Water in Rural Kentucky,,,https://www.proquest.com/docview/61751038?accountid=13598&bdid=165489&_bd=W8R5jjoTQqItalRmO6VRPyHZ5vc%3D,status not_retrievable,R7E12B6ABAD99__<short title>.pdf
9,never assessed: no full text could be retrieved; full-text screening closed by researcher decision 2026-09-28,,R94CFBCC4FA43,1977,"Shapiro, David L; Shelton, Robert B",The Application of an Agency Decision-Making Model,,,https://www.proquest.com/docview/60827886?accountid=13598&bdid=165489&_bd=Vtq8Q20MW0il53Ac3iya9w6M99s%3D,status not_retrievable,R94CFBCC4FA43__<short title>.pdf
9,never assessed: no full text could be retrieved; full-text screening closed by researcher decision 2026-09-28,,R495876E390CD,1979,"Lee, Motoko Y",Water Conservation Policy Making in Local Government during Drought,,,https://www.proquest.com/docview/61736351?accountid=13598&bdid=165489&_bd=YZmJ%2BI255vQlpNixDv32dg1YHDg%3D,status wrong_file_retrieved,R495876E390CD__<short title>.pdf
9,never assessed: no full text could be retrieved; full-text screening closed by researcher decision 2026-09-28,,R53E952688C31,1979,"Islam, Nurul; Huq, Aminul; Murshid, K A S; Hossain, Monowar",Water and Sanitation in Bangladesh,,,https://www.proquest.com/docview/61554392?accountid=13598&bdid=165489&_bd=P0jtxEdG4qnX5ZntKR380Uz0yNo%3D,status not_retrievable,R53E952688C31__<short title>.pdf
9,never assessed: no full text could be retrieved; full-text screening closed by researcher decision 2026-09-28,,R6F088AD68289,1979,"Mora Ramirez, Jaime; Salazar Duque, Alfredo",A Community-Initiated Water Supply Project in Colombia,,,https://www.proquest.com/docview/61584582?accountid=13598&bdid=165489&_bd=8IBchNw7opaK2KYA%2FlvNotkKUOc%3D,status not_retrievable,R6F088AD68289__<short title>.pdf
9,never assessed: no full text could be retrieved; full-text screening closed by researcher decision 2026-09-28,,RA2E440B64BC6,1979,"Rew, Alan",Water Dependency and Urban Poverty,,,https://www.proquest.com/docview/61435555?accountid=13598&bdid=165489&_bd=WBMQNql4OR8V4ZCBhJ%2FSHJIG6Ho%3D,status not_retrievable,RA2E440B64BC6__<short title>.pdf
9,never assessed: no full text could be retrieved; full-text screening closed by researcher decision 2026-09-28,,R616601FB5F8E,1983,"Faber, Daniel R",Political Economy and the Environment of Appalachia: The Case of Yellow Creek,,,https://www.proquest.com/docview/61757157?accountid=13598&bdid=165489&_bd=mgvypA0JZ5tj0ThBdR1A6OIfSDQ%3D,status not_retrievable,R616601FB5F8E__<short title>.pdf
9,never assessed: no full text could be retrieved; full-text screening closed by researcher decision 2026-09-28,,R2A78224662CC,1984,"Francis, Joe D; Jussaume, Raymond A, Jr",Community Water Systems: A Typology,,,https://www.proquest.com/docview/61717673?accountid=13598&bdid=165489&_bd=jLh0W5qsNNm%2Bif%2FQ9QUtbEJfD7c%3D,status not_retrievable,R2A78224662CC__<short title>.pdf
9,never assessed: no full text could be retrieved; full-text screening closed by researcher decision 2026-09-28,,RB502238078E1,1985,"Olaseha, I O; Namanja, Gracian Bazilious","Focusing on Women for Water and Sanitation: The Case of Mapo Community in Ibadan, Nigeria",,,https://www.proquest.com/docview/1463021945?accountid=13598&bdid=165489&_bd=E%2FEOeOH8IzUSN%2B%2FVzYUWyUIf%2Bo0%3D,status not_retrievable,RB502238078E1__<short title>.pdf
9,never assessed: no full text could be retrieved; full-text screening closed by researcher decision 2026-09-28,,RF178B14284D3,1985,"Sheridan, Peter J",Will New Leadership Unlock OSHA's Resources?,,,https://www.proquest.com/docview/213675713?accountid=13598&bdid=165485&_bd=CtYek4pXPS8rhQr5vfE8WdPZ5B8%3D,status not_retrievable,RF178B14284D3__<short title>.pdf
9,never assessed: no full text could be retrieved; full-text screening closed by researcher decision 2026-09-28,,R136485909ADB,1986,,The International Drinking Water Supply and Sanitation Decade: Review of regional and global data,,,https://www.scopus.com/pages/publications/0022916028?origin=resultslist,status not_retrievable,R136485909ADB__<short title>.pdf
9,never assessed: no full text could be retrieved; full-text screening closed by researcher decision 2026-09-28,,R820D14CC7283,1986,"Hasan, Arif; Vaidya, Chetan",Two Approaches to the Improvement of Low-Income Urban Areas -- Madras and Orangi,,,https://www.proquest.com/docview/61612297?accountid=13598&bdid=165489&_bd=1OrZgqTUCZ3EAv0Kv%2FgXDS%2BAzvc%3D,status not_retrievable,R820D14CC7283__<short title>.pdf
9,never assessed: no full text could be retrieved; full-text screening closed by researcher decision 2026-09-28,,RB13670D87D32,1986,Briscoe J.; Barron W.,Water and hygiene: The case of North Carolina farmworkers,,,https://www.scopus.com/pages/publications/0022517011?origin=resultslist,status not_retrievable,RB13670D87D32__<short title>.pdf
9,never assessed: no full text could be retrieved; full-text screening closed by researcher decision 2026-09-28,,R4FAD1AD2F331,1987,By Cathy Trost,U.S. to Issue Rules On Farm Workers' Sanitary Facilities,,,https://www.proquest.com/docview/398014976?accountid=13598&bdid=165485&_bd=yc%2FaZsWjaeUB4d2DMx8GJlFkvfg%3D,status not_retrievable,R4FAD1AD2F331__<short title>.pdf
9,never assessed: no full text could be retrieved; full-text screening closed by researcher decision 2026-09-28,,R8B463479A1DC,1987,"Meister, Dick",The 20th century comes to the farm,,,https://www.proquest.com/docview/1034942554?accountid=13598&bdid=165485&_bd=q7OLb5Rpphi99pgo%2FHrunNnwWHc%3D,status not_retrievable,R8B463479A1DC__<short title>.pdf
9,never assessed: no full text could be retrieved; full-text screening closed by researcher decision 2026-09-28,,RED7D4F64B82B,1987,"Smith, Mark Griffin",Short-run water supply allocation under uncertainty: Markets and market failure,,,https://www.proquest.com/docview/303579084?accountid=13598&bdid=165485&_bd=FBoqf2Q8S3Qd%2Bla%2FeXVG7kWGF4s%3D,status not_retrievable,RED7D4F64B82B__<short title>.pdf
9,never assessed: no full text could be retrieved; full-text screening closed by researcher decision 2026-09-28,,R34F391ECF79C,1988,"MacRae, Duncan, Jr; Whittington, Dale",Assessing Preferences in Cost-Benefit Analysis: Reflections on Rural Water Supply Evaluation in Haiti,,,https://www.proquest.com/docview/61568395?accountid=13598&bdid=165489&_bd=RsDovLZOj1q3alBwFwuDdoGGhdo%3D,status not_retrievable,R34F391ECF79C__<short title>.pdf
9,never assessed: no full text could be retrieved; full-text screening closed by researcher decision 2026-09-28,,R670A30E557ED,1988,"Assogba, Yao",French-Speaking Africa: Toward a Transfer of Water Management to Villagers,,,https://www.proquest.com/docview/61533683?accountid=13598&bdid=165489&_bd=1QCsaKRPGZO8LKn8gUZf%2FBMXbpI%3D,status not_retrievable,R670A30E557ED__<short title>.pdf
9,never assessed: no full text could be retrieved; full-text screening closed by researcher decision 2026-09-28,,RF912AB5EA5DB,1988,"Swaan, Abram de",Notes from the Underground: On the Nineteenth-Century Urban Water Economy,,,https://www.proquest.com/docview/61697144?accountid=13598&bdid=165489&_bd=HcK3oV%2BJ8CG4aj1Lxj%2FwrHJvI%2B4%3D,status not_retrievable,RF912AB5EA5DB__<short title>.pdf
9,never assessed: no full text could be retrieved; full-text screening closed by researcher decision 2026-09-28,,R2D27FBF09787,1989,"Blore, Ian",Paying for and Getting Water in Hyderabad City,,,https://www.proquest.com/docview/61587007?accountid=13598&bdid=165489&_bd=BrZ7tN6zPGcZTnZv4bnjGE%2BI6SM%3D,status not_retrievable,R2D27FBF09787__<short title>.pdf
9,never assessed: no full text could be retrieved; full-text screening closed by researcher decision 2026-09-28,,R2E7BB8B28F65,1989,"Rees, Judith",Rhetoric and Reality: Privatisation and the Water Environment,,,https://www.proquest.com/docview/61548695?accountid=13598&bdid=165489&_bd=RjG%2F2kbT%2FDhLymhDmAdiN%2BZu%2FH4%3D,status not_retrievable,R2E7BB8B28F65__<short title>.pdf
9,never assessed: no full text could be retrieved; full-text screening closed by researcher decision 2026-09-28,,RA2B08A4E5C6C,1989,"Jacobson, Charles","Same Game, Different Players: Problems in Urban Public Utility Regulation, 1850-1987",,,https://www.proquest.com/docview/61437542?accountid=13598&bdid=165489&_bd=RuHwDv518Vnqpg4zsdhJTceLRzo%3D,status not_retrievable,RA2B08A4E5C6C__<short title>.pdf
9,never assessed: no full text could be retrieved; full-text screening closed by researcher decision 2026-09-28,,RD614E67E9FD0,1989,"Goldman, Michael",Cultivating Hot Peppers and Water Crisis in India's Desert,,,https://www.proquest.com/docview/61703021?accountid=13598&bdid=165489&_bd=IxzxQNRphTQ6sK%2FbRkEW57NJ3SA%3D,status not_retrievable,RD614E67E9FD0__<short title>.pdf
9,never assessed: no full text could be retrieved; full-text screening closed by researcher decision 2026-09-28,,RDBBAD120B99B,1989,"Foster, M.S.",Environmental upgrading and intra-urban migration in Calcutta,,,https://www.proquest.com/docview/301452818?accountid=13598&bdid=165485&_bd=oNXGfLYU0k7QAmL47d3uJxjaoDY%3D,status not_retrievable,RDBBAD120B99B__<short title>.pdf
9,never assessed: no full text could be retrieved; full-text screening closed by researcher decision 2026-09-28,,R16C827AF0AD8,1990,Kwansa E.,The Integrated Project in Ghana: its potentials for the 1990s.,,,https://www.scopus.com/pages/publications/0025574370?origin=resultslist,status not_retrievable,R16C827AF0AD8__<short title>.pdf
9,never assessed: no full text could be retrieved; full-text screening closed by researcher decision 2026-09-28,,R7531F28F6AEF,1990,,Estimating the Willingness to Pay for Water Services in Deve,,,https://www.proquest.com/docview/236551555?accountid=13598&bdid=165489&_bd=RauKbCNo8Gu8Ta96zSjAz4M%2BcCI%3D,status not_retrievable,R7531F28F6AEF__<short title>.pdf
9,never assessed: no full text could be retrieved; full-text screening closed by researcher decision 2026-09-28,,R82544AC6BEC6,1990,Christmas Joseph,International Drinking Water Supply and Sanitation Decade and beyond,,,https://www.scopus.com/pages/publications/0025561404?origin=resultslist,status not_retrievable,R82544AC6BEC6__<short title>.pdf
9,never assessed: no full text could be retrieved; full-text screening closed by researcher decision 2026-09-28,,RAD8C6784655F,1990,"Krhoda, George Okoye","Women, Water Supply and Sanitation in Kenya",,,https://www.proquest.com/docview/61617840?accountid=13598&bdid=165489&_bd=ALlyNnD9nUQRdrwFV%2FCh1e6cGdE%3D,status not_retrievable,RAD8C6784655F__<short title>.pdf
9,never assessed: no full text could be retrieved; full-text screening closed by researcher decision 2026-09-28,,RDC775FE8C891,1990,Castillon D.J.; Takeuchi M.,A review of the institutional arrangements and activities in the Philippine water supply sector,,,https://www.scopus.com/pages/publications/0025572865?origin=resultslist,status not_retrievable,RDC775FE8C891__<short title>.pdf
9,never assessed: no full text could be retrieved; full-text screening closed by researcher decision 2026-09-28,,R37DCAD169088,1991,"Rao, Brinda",Women and Water in Rural Maharashtra,,,https://www.proquest.com/docview/61600420?accountid=13598&bdid=165489&_bd=NWeB5%2FgO1RTfUwdJ%2FXyGxG%2FLIEU%3D,status not_retrievable,R37DCAD169088__<short title>.pdf
9,never assessed: no full text could be retrieved; full-text screening closed by researcher decision 2026-09-28,,R7CD6914EBD98,1991,"Mutizwa-Mangiza, N D",The Organisation and Management of Urban Local Authorities in Zimbabwe,,,https://www.proquest.com/docview/61608155?accountid=13598&bdid=165489&_bd=JXQX%2BRoSrraVwzWkur2Nwt7BrBk%3D,status not_retrievable,R7CD6914EBD98__<short title>.pdf
9,never assessed: no full text could be retrieved; full-text screening closed by researcher decision 2026-09-28,,R9D8640F4A571,1991,"Silver, Roy",The Struggle against the Poisoning of Harlan County's Dayhoit: Fighting the Good Fight,,,https://www.proquest.com/docview/61722890?accountid=13598&bdid=165489&_bd=UCLJV2YkOYDtVjqMnCuKSy5ratI%3D,status not_retrievable,R9D8640F4A571__<short title>.pdf
9,never assessed: no full text could be retrieved; full-text screening closed by researcher decision 2026-09-28,,RDC210162F68C,1991,"Mathur, B.","Urban services in the National Cities of India: organization, financing, planning and delivery.",,,https://www.proquest.com/docview/301440102?accountid=13598&bdid=165485&_bd=2XS7eFipP%2Fmaop0LndP79GSEQDE%3D,status not_retrievable,RDC210162F68C__<short title>.pdf
9,never assessed: no full text could be retrieved; full-text screening closed by researcher decision 2026-09-28,,R1C9A46997407,1992,"El-Katsha, Samiha; Watts, Susan",A Multifaceted Approach to Health Education: A Case Study from Rural Egypt,,,https://www.proquest.com/docview/1761703215?accountid=13598&bdid=165489&_bd=8xrrphYY1buE7TYvWBcdeCtT%2FVI%3D,status not_retrievable,R1C9A46997407__<short title>.pdf
9,never assessed: no full text could be retrieved; full-text screening closed by researcher decision 2026-09-28,,R5AA11D41E884,1992,"Molefe, S P",The Dynamics of Community Development in Rural Areas: An Application of Practice Skills,,,https://www.proquest.com/docview/61623576?accountid=13598&bdid=165489&_bd=rU5hKNwktuq49EkAGf1Yaq1Dmxg%3D,status not_retrievable,R5AA11D41E884__<short title>.pdf
9,never assessed: no full text could be retrieved; full-text screening closed by researcher decision 2026-09-28,,R750CA9D0B9BD,1992,Plane P.,"From crisis to recovery: the difficult progress of African public utilities - Cameroon, Niger and Senegal; [De la crise a l'assainissement: le difficile cheminement des services publics africains (Cam",,,https://www.scopus.com/pages/publications/0027044162?origin=resultslist,status not_retrievable,R750CA9D0B9BD__<short title>.pdf
9,never assessed: no full text could be retrieved; full-text screening closed by researcher decision 2026-09-28,,R9E983B7336B2,1992,"Watson, Gabrielle","Water and Sanitation in SÃO Paulo, Brazil: Successful Strategies for Service Provision in Low-Income Communities",,,https://www.proquest.com/docview/3335378032?accountid=13598&bdid=165485&_bd=0zNhCiIdjuZ6wgVf1l7aLj91XOU%3D,status not_retrievable,R9E983B7336B2__<short title>.pdf
9,never assessed: no full text could be retrieved; full-text screening closed by researcher decision 2026-09-28,,RC1C56C979F95,1992,"Dawson, Elsa",District Planning with Community Participation in Peru: The Work of the Institute of Local Democracy -- IPADEL,,,https://www.proquest.com/docview/61625245?accountid=13598&bdid=165489&_bd=GM5rd2%2FLf2CFxKIYqmuwIudt3OQ%3D,status not_retrievable,RC1C56C979F95__<short title>.pdf
9,never assessed: no full text could be retrieved; full-text screening closed by researcher decision 2026-09-28,,R0999DC7092C9,1993,"Lipsett-Rivera, Sonya",Water and bureaucracy in colonial Puebla de los Angeles,,,https://www.proquest.com/docview/195887398?accountid=13598&bdid=165489&_bd=oGon25G7S11EZcyofR5aUWEsc6Q%3D,status wrong_file_retrieved,R0999DC7092C9__<short title>.pdf
9,never assessed: no full text could be retrieved; full-text screening closed by researcher decision 2026-09-28,,R0A4D9728FDBA,1993,"Goldman, Michael","Accessing Water Channeling Power: Class, Gender, and Caste Inequalities in India's Desert",,,https://www.proquest.com/docview/61724527?accountid=13598&bdid=165489&_bd=Jn5eXLmWPE7UihH5Yb28LhBqVCo%3D,status wrong_file_retrieved,R0A4D9728FDBA__<short title>.pdf
9,never assessed: no full text could be retrieved; full-text screening closed by researcher decision 2026-09-28,,R0F8A2775B1BF,1993,Brandberg B.,A sanitation revolution in Bangladesh?,10.3362/0262-8104.1993.019,https://doi.org/10.3362/0262-8104.1993.019,https://www.scopus.com/pages/publications/0027464507?origin=resultslist,status not_retrievable,R0F8A2775B1BF__<short title>.pdf
9,never assessed: no full text could be retrieved; full-text screening closed by researcher decision 2026-09-28,,R911113185692,1993,"Jordan, Sara; Wagner, Fritz",Meeting Women's Needs and Priorities for Water and Sanitation in Cities,,,https://www.proquest.com/docview/61642877?accountid=13598&bdid=165489&_bd=%2B8RRqNR2ULf3ZrRtf%2BgTWFQyyXc%3D,status not_retrievable,R911113185692__<short title>.pdf
9,never assessed: no full text could be retrieved; full-text screening closed by researcher decision 2026-09-28,,R9693EE0ABE97,1993,Harris C.,Water of life.,,,https://www.scopus.com/pages/publications/0027581801?origin=resultslist,status not_retrievable,R9693EE0ABE97__<short title>.pdf
9,never assessed: no full text could be retrieved; full-text screening closed by researcher decision 2026-09-28,,RCF62179B1024,1993,"McCool, Daniel",Indian Water Settlements: The Prerequisites of Successful Negotiation,,,https://www.proquest.com/docview/61584672?accountid=13598&bdid=165489&_bd=RDd5LySW3nJ%2FvGmJCIh%2BSyC5CRk%3D,status not_retrievable,RCF62179B1024__<short title>.pdf
9,never assessed: no full text could be retrieved; full-text screening closed by researcher decision 2026-09-28,,RD60E718BDABA,1993,"Choguill, Charles L; Franceys, Richard; Cotton, Andrew",Building Community Infrastructure in the 1990s: Progressive Improvement,,,https://www.proquest.com/docview/61579480?accountid=13598&bdid=165489&_bd=EuNVGlxg5gVgm7%2FCFJ14jc0s7Zo%3D,status not_retrievable,RD60E718BDABA__<short title>.pdf
9,never assessed: no full text could be retrieved; full-text screening closed by researcher decision 2026-09-28,,RD7DADD5E40F3,1993,"Mikkelsen, Britha; Yulianti, Yanti; Barre, Anton",Community Involvement in Water Supply in West Java,,,https://www.proquest.com/docview/61582606?accountid=13598&bdid=165489&_bd=xFrvHpDllOuHrKOl7eB1feD8Aqw%3D,status not_retrievable,RD7DADD5E40F3__<short title>.pdf
9,never assessed: no full text could be retrieved; full-text screening closed by researcher decision 2026-09-28,,RF85ECB600A1A,1993,"Onuoha, Anthonia Ezinwanne",The design of a water quality management system for nigerian rivers,,,https://www.proquest.com/docview/899810652?accountid=13598&bdid=165485&_bd=AGhlv1phIF5pdfX08M6VUtDcZUM%3D,status not_retrievable,RF85ECB600A1A__<short title>.pdf
9,never assessed: no full text could be retrieved; full-text screening closed by researcher decision 2026-09-28,,R3F1CE01B835F,1994,"Elkind, Sarah S.","Regionalism, politics and the environment: Metropolitan public works in Boston, Massachusetts and Oakland, California, 1840 to 1940 and beyond",,,https://www.proquest.com/docview/304097283?accountid=13598&bdid=165485&_bd=2nzNrmumdr28MtpvAAwxl8OrZ3Y%3D,status not_retrievable,R3F1CE01B835F__<short title>.pdf
9,never assessed: no full text could be retrieved; full-text screening closed by researcher decision 2026-09-28,,R538E5E5AB7DD,1994,"Gibson, Phillip West",Impact of the 1986 Amendments to the Safe Drinking Water Act on the state of Mississippi,,,https://www.proquest.com/docview/304124184?accountid=13598&bdid=165485&_bd=VxwmZye%2FUCOEyjnmUperw7esaOk%3D,status not_retrievable,R538E5E5AB7DD__<short title>.pdf
9,never assessed: no full text could be retrieved; full-text screening closed by researcher decision 2026-09-28,,R782AD6B2F886,1994,"Melosi, Martin V","Sanitary services and decision making in Houston, 1876-1945",,,https://www.proquest.com/docview/222348283?accountid=13598&bdid=165489&_bd=wBUk%2BEKKPUdr4GglYMWcP%2BgEEKo%3D,status not_retrievable,R782AD6B2F886__<short title>.pdf
9,never assessed: no full text could be retrieved; full-text screening closed by researcher decision 2026-09-28,,R9D6052350868,1994,Schur M.A.,Cost of rural water supply: a case study in South Africa,,,https://www.scopus.com/pages/publications/0028465336?origin=resultslist,status wrong_file_retrieved,R9D6052350868__<short title>.pdf
9,never assessed: no full text could be retrieved; full-text screening closed by researcher decision 2026-09-28,,RABD66ADEC58D,1994,"Bellisari, Anna",Public Health and the Water Crisis in the Occupied Palestinian Territories,,,https://www.proquest.com/docview/61588891?accountid=13598&bdid=165489&_bd=LyRXobQG31lyucNMut4BpM3JdEA%3D,status not_retrievable,RABD66ADEC58D__<short title>.pdf
9,never assessed: no full text could be retrieved; full-text screening closed by researcher decision 2026-09-28,,RBB8D04DDF954,1994,Serageldin I.,"Water supply, sanitation, and environmental sustainability: the financing challenge",,,https://www.scopus.com/pages/publications/85041146766?origin=resultslist,status not_retrievable,RBB8D04DDF954__<short title>.pdf
9,never assessed: no full text could be retrieved; full-text screening closed by researcher decision 2026-09-28,,RCD2C6A07E255,1994,"Altaf, Mir Anjum","Household Demand for Improved Water and Sanitation in a Large Secondary City. Findings from a Study in Gujranwala, Pakistan",,,https://www.proquest.com/docview/61628480?accountid=13598&bdid=165489&_bd=7Um3cnnGlZPv5C5P1JprxqAlc1I%3D,status not_retrievable,RCD2C6A07E255__<short title>.pdf
9,never assessed: no full text could be retrieved; full-text screening closed by researcher decision 2026-09-28,,REFDB90614449,1994,Sidhu K.S.; Chadzynski L.,Risk communication: Health risks associated with environmentally contaminated private wells versus chloroform in a public water supply,,,https://www.scopus.com/pages/publications/0028231919?origin=resultslist,status not_retrievable,REFDB90614449__<short title>.pdf
9,never assessed: no full text could be retrieved; full-text screening closed by researcher decision 2026-09-28,,RF6D719896B92,1994,"Uduku, N O",Promoting Community Based Approaches to Social Infrastructure Provision in Urban Areas in Nigeria,,,https://www.proquest.com/docview/61581913?accountid=13598&bdid=165489&_bd=ujGFkTuavoKEzu0zBrUthGkEiAY%3D,status not_retrievable,RF6D719896B92__<short title>.pdf
9,never assessed: no full text could be retrieved; full-text screening closed by researcher decision 2026-09-28,,RF74DF45F2EC0,1994,"Morgan, Joy",Sudanese Refugees in Koboko: Environmental Health Interventions,,,https://www.proquest.com/docview/61625363?accountid=13598&bdid=165489&_bd=3n25jRZXv1m8nTKP7cbcySS41Rc%3D,status not_retrievable,RF74DF45F2EC0__<short title>.pdf
9,never assessed: no full text could be retrieved; full-text screening closed by researcher decision 2026-09-28,,R0131B1D0A1D8,1995,"Bell, Morag; Franceys, Richard","Improving Human Welfare through Appropriate Technology: Government Responsibility, Citizen Duty or Customer Choice",,,https://www.proquest.com/docview/1761705278?accountid=13598&bdid=165489&_bd=XwN9TaeOrXpWci16oWE3b3sCgEM%3D,status wrong_file_retrieved,R0131B1D0A1D8__<short title>.pdf
9,never assessed: no full text could be retrieved; full-text screening closed by researcher decision 2026-09-28,,R0DD7699D458F,1995,"Lister, Ruth",Water Poverty,,,https://www.proquest.com/docview/61614279?accountid=13598&bdid=165489&_bd=sPa0KvvQ8ayPpvwZFpiz818Y1fk%3D,status wrong_file_retrieved,R0DD7699D458F__<short title>.pdf
9,never assessed: no full text could be retrieved; full-text screening closed by researcher decision 2026-09-28,,R27DF5620D18C,1995,Kinley III D.H.,In spite of unfavorable conditions - progress in water supply and wastewater treatment in Africa; [Allen Widrigkeiten zum Trotz: Afrika macht Fortschritte im Wasser- und Abwasserbereich],,,https://www.scopus.com/pages/publications/0029413288?origin=resultslist,status not_retrievable,R27DF5620D18C__<short title>.pdf
9,never assessed: no full text could be retrieved; full-text screening closed by researcher decision 2026-09-28,,R2AA16C1E1EA5,1995,"ARNTZEN, J",ECONOMIC INSTRUMENTS FOR SUSTAINABLE RESOURCE-MANAGEMENT - THE CASE OF BOTSWANAS WATER-RESOURCES,,,https://www.webofscience.com/wos/woscc/full-record/WOS:A1995TC11000004,status not_retrievable,R2AA16C1E1EA5__<short title>.pdf
9,never assessed: no full text could be retrieved; full-text screening closed by researcher decision 2026-09-28,,R45B89503C5F5,1995,"Kim, Doo-Sik",Public Attitudes toward Environmental Problems and Environmental Protection: The Case of Taegu City,,,https://www.proquest.com/docview/61408956?accountid=13598&bdid=165489&_bd=sY21GaPkB78DguN0gc%2FOfZlcb3g%3D,status wrong_file_retrieved,R45B89503C5F5__<short title>.pdf
9,never assessed: no full text could be retrieved; full-text screening closed by researcher decision 2026-09-28,,R69603BEC4746,1995,"Sherbondy, Jeanette E",Reviews -- Covering Ground: Communal Water Management and the State in the Peruvian Highlands by David W. Guillet,,,https://www.proquest.com/docview/201635200?accountid=13598&bdid=165489&_bd=lHKsQWA5rflnERb3BxSkP0rF7SY%3D,status not_retrievable,R69603BEC4746__<short title>.pdf
9,never assessed: no full text could be retrieved; full-text screening closed by researcher decision 2026-09-28,,R8B85D281CD0E,1995,"Kucera, Daniel J",Will open market and deregulation come to water and wastewater,,,https://www.proquest.com/docview/214929239?accountid=13598&bdid=165485&_bd=7dM69VAYMp5cFZxO8LE6ipv95wc%3D,status not_retrievable,R8B85D281CD0E__<short title>.pdf
9,never assessed: no full text could be retrieved; full-text screening closed by researcher decision 2026-09-28,,R8DB5C56CDD5F,1995,"Kanaaneh, Hatim; McKay, Fiona; Sims, Emily",A Human Rights Approach for Access to Clean Drinking Water: A Case Study,,,https://www.proquest.com/docview/61544794?accountid=13598&bdid=165489&_bd=d8K%2Bfd6HHpkyKLU0mTvv2XNCdSE%3D,status not_retrievable,R8DB5C56CDD5F__<short title>.pdf
9,never assessed: no full text could be retrieved; full-text screening closed by researcher decision 2026-09-28,,R14B18301FA25,1996,,Urbanization: the challenge for the next century.,,,https://www.scopus.com/pages/publications/0030171014?origin=resultslist,status not_retrievable,R14B18301FA25__<short title>.pdf
9,never assessed: no full text could be retrieved; full-text screening closed by researcher decision 2026-09-28,,R18DA5CCB8521,1996,Kerf M.; Smith W.,Privatizing Africa's infrastructure - Promise and challenge,,,https://www.scopus.com/pages/publications/11244290150?origin=resultslist,status not_retrievable,R18DA5CCB8521__<short title>.pdf
9,never assessed: no full text could be retrieved; full-text screening closed by researcher decision 2026-09-28,,R4055D2658924,1996,Melo Baptista J.; Alegre H.,National report - Portugal,,,https://www.scopus.com/pages/publications/0030420621?origin=resultslist,status not_retrievable,R4055D2658924__<short title>.pdf
9,never assessed: no full text could be retrieved; full-text screening closed by researcher decision 2026-09-28,,R40F5B8C5A87E,1996,"Mycoo, Michelle","Water provision improvements: A case study of Trinidad. Willingness to pay, pricing policy, cost reduction and institutional strengthening",,,https://www.proquest.com/docview/250184729?accountid=13598&bdid=165485&_bd=%2FgCShIDu3zi7VOrgkasv%2B9hFH20%3D,status not_retrievable,R40F5B8C5A87E__<short title>.pdf
9,never assessed: no full text could be retrieved; full-text screening closed by researcher decision 2026-09-28,,R5B80422C1F88,1996,"Millette, Colin Martin","Women and willingness to pay: Assessing a community water supply management paradigm, South Sulawesi, Indonesia",,,https://www.proquest.com/docview/304240669?accountid=13598&bdid=165485&_bd=Qp3zODiRxV%2B0CrtAhnwSFXHvsjc%3D,status not_retrievable,R5B80422C1F88__<short title>.pdf
9,never assessed: no full text could be retrieved; full-text screening closed by researcher decision 2026-09-28,,R651CBFBCE26C,1996,"Alley, Kelly D",Urban institutions at the crossroads: Judicial activism and pollution prevention in Kanpur,,,https://www.proquest.com/docview/205353595?accountid=13598&bdid=165489&_bd=1hrdwfqopXaFO1bHwp7GmhJie%2BQ%3D,status not_retrievable,R651CBFBCE26C__<short title>.pdf
9,never assessed: no full text could be retrieved; full-text screening closed by researcher decision 2026-09-28,,R756E5F1172A3,1996,Majani B.B.,Coping with urban growth and development through environmental planning and management (EPM): the sustainable Dar es Salaam project.,,,https://www.scopus.com/pages/publications/0030089020?origin=resultslist,status not_retrievable,R756E5F1172A3__<short title>.pdf
9,never assessed: no full text could be retrieved; full-text screening closed by researcher decision 2026-09-28,,R7C8D7AC0D2D2,1996,"Barraque, Bernard",Water Policies in Europe,,,https://www.proquest.com/docview/61514205?accountid=13598&bdid=165489&_bd=sBnlAvuHlPNfZHAUlK%2FQbnpvThA%3D,status not_retrievable,R7C8D7AC0D2D2__<short title>.pdf
9,never assessed: no full text could be retrieved; full-text screening closed by researcher decision 2026-09-28,,R82DB783C4024,1996,"Mroz, Richard C, Jr; Morales, Loretta L; VanDerslice, James",Health and Hygiene in the Colonias: Water and Disease,,,https://www.proquest.com/docview/61567001?accountid=13598&bdid=165489&_bd=o6pRB6jbN5XnYi%2Bp5dshr5YvodE%3D,status not_retrievable,R82DB783C4024__<short title>.pdf
9,never assessed: no full text could be retrieved; full-text screening closed by researcher decision 2026-09-28,,R914CBE5E46B4,1996,"Marques, Eduardo Cesar",Basic Sanitary Systems and Social Inequalities in the Rio de Janeiro Metropolitan Area,,,https://www.proquest.com/docview/61555050?accountid=13598&bdid=165485&_bd=L0WPx5I4TmoVdDY7wGmknKRY930%3D,status not_retrievable,R914CBE5E46B4__<short title>.pdf
9,never assessed: no full text could be retrieved; full-text screening closed by researcher decision 2026-09-28,,R98BB33D47A34,1996,"Bartram, Jamie",Optimising the Monitoring and Assessment of Rural Water Supplies,,,https://www.proquest.com/docview/2139675580?accountid=13598&bdid=165485&_bd=JE5G2YYHwEoBbw8BJrIyczYoVPY%3D,status not_retrievable,R98BB33D47A34__<short title>.pdf
9,never assessed: no full text could be retrieved; full-text screening closed by researcher decision 2026-09-28,,R990C3390F819,1996,Briscoe J.,Financing water and sanitation services: The old and new challenges,,,https://www.scopus.com/pages/publications/0029659176?origin=resultslist,status not_retrievable,R990C3390F819__<short title>.pdf
9,never assessed: no full text could be retrieved; full-text screening closed by researcher decision 2026-09-28,,RB93B9042BCA6,1996,Nangia P.; Gupta K.; Tiwari N.C.,Emergence of slums: A case study of thane urban agglomeration,,,https://www.scopus.com/pages/publications/24944482853?origin=resultslist,status not_retrievable,RB93B9042BCA6__<short title>.pdf
9,never assessed: no full text could be retrieved; full-text screening closed by researcher decision 2026-09-28,,RBD812E98FD61,1996,Vetsanne D.; Godfroy B.,Interaction between distribution services and customers' experiences of the `Grand Lyon' (France) service,,,https://www.scopus.com/pages/publications/0030411849?origin=resultslist,status not_retrievable,RBD812E98FD61__<short title>.pdf
9,never assessed: no full text could be retrieved; full-text screening closed by researcher decision 2026-09-28,,R30212281A28D,1997,"Hawkins, Brett W; Hendrick, Rebecca M",Do Metropolitan Special Districts Reinforce Sociospatial Inequalities? A Study of Sewerage and Technical Education in Milwaukee County,,,https://www.proquest.com/docview/60063563?accountid=13598&bdid=165489&_bd=IGtLnzRLjoTivbOM1NaUdY5B%2Bh0%3D,status not_retrievable,R30212281A28D__<short title>.pdf
9,never assessed: no full text could be retrieved; full-text screening closed by researcher decision 2026-09-28,,R3B64CAE2D9A4,1997,"Becker, Steven M",Community and Institutional Impact of a Major Chemical Accident,,,https://www.proquest.com/docview/61740495?accountid=13598&bdid=165489&_bd=g%2Ff3h1Zdzc2vGxbmdSdT7iWfVfU%3D,status not_retrievable,R3B64CAE2D9A4__<short title>.pdf
9,never assessed: no full text could be retrieved; full-text screening closed by researcher decision 2026-09-28,,R3C624A3C67BC,1997,,"Asia has more safe water (... but still wastes 35%, ADB data book shows)",,,https://www.proquest.com/docview/233967463?accountid=13598&bdid=165485&_bd=5OGedA5Q6fa6BQN7i6ybOe9HhiA%3D,status not_retrievable,R3C624A3C67BC__<short title>.pdf
9,never assessed: no full text could be retrieved; full-text screening closed by researcher decision 2026-09-28,,R5146F5F19CAB,1997,"Uchoa, Elizabeth; Guerra, Henrique Leonardo; Firmo, Joselia Araujo Oliveira; Lima e Costa, Maria Fernanda","Signs, Meanings and Actions Associated with Schistosomiasis Mansoni in a Small Village in Brazil",,,https://www.proquest.com/docview/61441325?accountid=13598&bdid=165489&_bd=jA5zUsvyLhhQKpi87dJeWh2cHKw%3D,status not_retrievable,R5146F5F19CAB__<short title>.pdf
9,never assessed: no full text could be retrieved; full-text screening closed by researcher decision 2026-09-28,,R60306EB7267E,1997,"Walker, Ian; Velasquez, Max; Ordoñez, Fidel; Rodriguez, Florencia","Regulation, Organization and Incentives: The Political Economy of Potable Water Services in Honduras",,,https://www.proquest.com/docview/1698562671?accountid=13598&bdid=165485&_bd=roNCbdOtcOa%2F%2FfOIq9uhKEedB6U%3D,status not_retrievable,R60306EB7267E__<short title>.pdf
9,never assessed: no full text could be retrieved; full-text screening closed by researcher decision 2026-09-28,,R7E2A8FAE4FF1,1997,Fejes B.,"Water supply, sewerage and sewage treatment situation of settlements of the drainage basin of the River Mura; [Amura vizgyujtojen fekvo telepulesek vizellatasi, csatornazasi es szenny viztisztitasi he",,,https://www.scopus.com/pages/publications/0031415216?origin=resultslist,status not_retrievable,R7E2A8FAE4FF1__<short title>.pdf
9,never assessed: no full text could be retrieved; full-text screening closed by researcher decision 2026-09-28,,R828DB6130D1F,1997,Pybus P.J.,The creation of water authorities for community water supply and sanitation in developing situations,,,https://www.scopus.com/pages/publications/0030842738?origin=resultslist,status not_retrievable,R828DB6130D1F__<short title>.pdf
9,never assessed: no full text could be retrieved; full-text screening closed by researcher decision 2026-09-28,,R83DE7F8BC8B8,1997,"Birdi, N.S.",Water scarcity in the Maltese islands: geopolitics and management issues (BL),,,https://www.proquest.com/docview/301572027?accountid=13598&bdid=165485&_bd=468d6kunV9wBWmzBrwOiuHsyn%2FA%3D,status not_retrievable,R83DE7F8BC8B8__<short title>.pdf
9,never assessed: no full text could be retrieved; full-text screening closed by researcher decision 2026-09-28,,R8D23BFC1BBD4,1997,"Yoon, Keun-Sup; Song, Jeong-Key",A Study of the Interest Structure in Conflicting Regions by the Use of Water Resources,,,https://www.proquest.com/docview/61463144?accountid=13598&bdid=165485&_bd=mcNLUzPBQD7mzUUhR%2Fs7J8X0TKE%3D,status wrong_file_retrieved,R8D23BFC1BBD4__<short title>.pdf
9,never assessed: no full text could be retrieved; full-text screening closed by researcher decision 2026-09-28,,R983F824C3D18,1997,,BRAZIL: WATER TREATMENT EQUIPMENT MARKET (1); [2],,,https://www.proquest.com/docview/236600997?accountid=13598&bdid=165485&_bd=LyQvaz0g5EddTsJUoEjVwfo7d4Q%3D,status not_retrievable,R983F824C3D18__<short title>.pdf
9,never assessed: no full text could be retrieved; full-text screening closed by researcher decision 2026-09-28,,RA3A0BC4E8DCF,1997,"Datar, Chhaya; Joshi, Shruti",Rural Women and Piped Drinking Water Projects: Challenges and Experiences of a Community Development Consultancy,,,https://www.proquest.com/docview/61447965?accountid=13598&bdid=165489&_bd=dNjECzU5YxzYSglt3%2FDp8iVmXg0%3D,status not_retrievable,RA3A0BC4E8DCF__<short title>.pdf
9,never assessed: no full text could be retrieved; full-text screening closed by researcher decision 2026-09-28,,RABC4B755E559,1997,"Bolay, Jean-Claude; Cartoux, Sophie; Cunha, Antonio; Du, Thai Thi Ngoc; Bassand, Michel","Sustainable Development and Urban Growth: Precarious Habitat and Water Management in Ho Chi Minh City, Vietnam",,,https://www.proquest.com/docview/61579934?accountid=13598&bdid=165489&_bd=Mi%2Btx%2BmMxEqTOSlZCB6J3VbtDms%3D,status not_retrievable,RABC4B755E559__<short title>.pdf
9,never assessed: no full text could be retrieved; full-text screening closed by researcher decision 2026-09-28,,REB1A4ABD3B8F,1997,,Environment and health: environmental sanitation and community water supply.,,,https://www.scopus.com/pages/publications/0031218288?origin=resultslist,status not_retrievable,REB1A4ABD3B8F__<short title>.pdf
9,never assessed: no full text could be retrieved; full-text screening closed by researcher decision 2026-09-28,,RFEB9ED093D55,1997,"Salem, Osama Shebl","Privatization of infrastructure services: The case of water supply in Sharm El-Sheikh City, South Sinai, Egypt",,,https://www.proquest.com/docview/1795668692?accountid=13598&bdid=165485&_bd=vkQtM68NzEcFclIcbsMYeVMc4C8%3D,status not_retrievable,RFEB9ED093D55__<short title>.pdf
9,never assessed: no full text could be retrieved; full-text screening closed by researcher decision 2026-09-28,,R0DBA3B0816C9,1998,"Leitmann, Josef; Baharoglu, Deniz",Informal rules! Using institutional economics to understand service provision in Turkey's spontaneous settlements,,,https://www.proquest.com/docview/220600356?accountid=13598&bdid=165489&_bd=6nDHYbYiQYN0OMoDjX7EHNZYx68%3D,status wrong_file_retrieved,R0DBA3B0816C9__<short title>.pdf
9,never assessed: no full text could be retrieved; full-text screening closed by researcher decision 2026-09-28,,R34D45C07503E,1998,"David, Cristina C; Inocencio, Arlene B",Understanding Household Demand for Water: The Metro Manila Case,,,https://www.proquest.com/docview/1698307250?accountid=13598&bdid=165485&_bd=Nc%2B39%2FfZYPka4PGJyjxDzz4XXY4%3D,status not_retrievable,R34D45C07503E__<short title>.pdf
9,never assessed: no full text could be retrieved; full-text screening closed by researcher decision 2026-09-28,,R4C1842765CC9,1998,,Sustainability issues in rural water supply in Asia.,,,https://www.scopus.com/pages/publications/0032009434?origin=resultslist,status not_retrievable,R4C1842765CC9__<short title>.pdf
9,never assessed: no full text could be retrieved; full-text screening closed by researcher decision 2026-09-28,,R6CDB8E9B0B8A,1998,Higham S.,Fighting for water in Mexico City,,,https://www.scopus.com/pages/publications/0032424006?origin=resultslist,status not_retrievable,R6CDB8E9B0B8A__<short title>.pdf
9,never assessed: no full text could be retrieved; full-text screening closed by researcher decision 2026-09-28,,R6DE9BC55DB88,1998,"Mookherjee, Harsha N; Riemer, Jeffrey W; George, Dennis B; Wells, M J M; Clark, Y R; Rollins, Sharon; Gilbert, Anne; O'C",Environmental Justice Issues Related to Inadequate Wastewater Treatment in Small Communities in Tennessee,,,https://www.proquest.com/docview/61778478?accountid=13598&bdid=165489&_bd=LIdqNG6NilmR9hGf25WA6yaFxdM%3D,status not_retrievable,R6DE9BC55DB88__<short title>.pdf
9,never assessed: no full text could be retrieved; full-text screening closed by researcher decision 2026-09-28,,RA8D7D9FFBB0B,1998,"Rinne, Eva-Marita",Perceptions on Healthy: Water and Sanitation Problems in Nigeria. A Comparative Study of Rural Small Town and Urban Shantytown,,,https://www.proquest.com/docview/61770363?accountid=13598&bdid=165489&_bd=5jnAHlz4dML25SzzIdBhHpMVzY0%3D,status not_retrievable,RA8D7D9FFBB0B__<short title>.pdf
9,never assessed: no full text could be retrieved; full-text screening closed by researcher decision 2026-09-28,,RCACE10FF1A2E,1998,"Penelope Brook Cowen; Cowen, Tyler",Deregulated private water supply: A policy option for developing countries,,,https://www.proquest.com/docview/195592397?accountid=13598&bdid=165485&_bd=F32%2BOayRr1e20YTW60zupzGN%2FbI%3D,status not_retrievable,RCACE10FF1A2E__<short title>.pdf
9,never assessed: no full text could be retrieved; full-text screening closed by researcher decision 2026-09-28,,RD585B3705C72,1998,Odihi J.O.,Excavation water harvesting in Sudano-Sahelian Nigeria: Problems and prospects,10.4314/dai.v10i3.15510,https://doi.org/10.4314/dai.v10i3.15510,https://www.scopus.com/pages/publications/3042980343?origin=resultslist,status not_retrievable,RD585B3705C72__<short title>.pdf
9,never assessed: no full text could be retrieved; full-text screening closed by researcher decision 2026-09-28,,RD86099DE8261,1998,"Starkloff, Ralf",Water Scarcity in Kitulwatte: The Social Causes and Consequences of Environmental Degradation in a Highland Uva Village of Sri Lanka,,,https://www.proquest.com/docview/61649856?accountid=13598&bdid=165489&_bd=diL431k5Wpv7B6lDCeLJ6rGI1R0%3D,status not_retrievable,RD86099DE8261__<short title>.pdf
9,never assessed: no full text could be retrieved; full-text screening closed by researcher decision 2026-09-28,,RDF0CDDC35CC4,1998,"Thanizholi, Percival","Indigenous Groups, Private Prawn Farms and Mangrove Ecosystem",,,https://www.proquest.com/docview/61733984?accountid=13598&bdid=165489&_bd=ejGj75CABELP71WjK6ppaYdg9e8%3D,status not_retrievable,RDF0CDDC35CC4__<short title>.pdf
9,never assessed: no full text could be retrieved; full-text screening closed by researcher decision 2026-09-28,,RE3109F023415,1998,By Tova Maria Solo,The Americas: Keeping Paraguay's Aguateros on Stream,,,https://www.proquest.com/docview/398855175?accountid=13598&bdid=165485&_bd=L1dKFWrnrZLTTNguqKvadfhvHHY%3D,status not_retrievable,RE3109F023415__<short title>.pdf
9,never assessed: no full text could be retrieved; full-text screening closed by researcher decision 2026-09-28,,RF6F378E8BEED,1998,"Parker, Andrew Noel","Decentralisation, rural development and local government performance: A case study of rural municipalities in north-east Brazil",,,https://www.proquest.com/docview/304511605?accountid=13598&bdid=165485&_bd=KN%2B5cOOQq8vSIvf84tks0OnyNPs%3D,status not_retrievable,RF6F378E8BEED__<short title>.pdf
9,never assessed: no full text could be retrieved; full-text screening closed by researcher decision 2026-09-28,,RFF59EF78388B,1998,"Stonich, Susan C",Political Ecology of Tourism,,,https://www.proquest.com/docview/61504787?accountid=13598&bdid=165489&_bd=lusPa%2BDYDBSMteBOAnMKYg1h4Mo%3D,status not_retrievable,RFF59EF78388B__<short title>.pdf
9,never assessed: no full text could be retrieved; full-text screening closed by researcher decision 2026-09-28,,R363872DC816E,1999,"Castro, Jose Esteban",Return of the Citizen: The Unstable Territories of Citizenship in Latin America,,,https://www.proquest.com/docview/61511812?accountid=13598&bdid=165489&_bd=HasOHuiUASnBy42K9Ydso%2BHn3CA%3D,status not_retrievable,R363872DC816E__<short title>.pdf
9,never assessed: no full text could be retrieved; full-text screening closed by researcher decision 2026-09-28,,R6DC2266E149C,1999,"Pineda Pablos, Nicolas",Urban water policy in Mexico: Municipalization and privatization of water services,,,https://www.proquest.com/docview/304529192?accountid=13598&bdid=165485&_bd=aSkyKU93mUk%2BI22IqKZECcJbrBM%3D,status not_retrievable,R6DC2266E149C__<short title>.pdf
9,never assessed: no full text could be retrieved; full-text screening closed by researcher decision 2026-09-28,,R7A09E8C3D1EC,1999,,INDIA: Demand for water charges on amended regulation stayed,,,https://www.proquest.com/docview/221570764?accountid=13598&bdid=165485&_bd=auLn6HzVXQnwoOf1Tv952fiqnUI%3D,status not_retrievable,R7A09E8C3D1EC__<short title>.pdf
9,never assessed: no full text could be retrieved; full-text screening closed by researcher decision 2026-09-28,,R7AEB85475021,1999,"MacNaughton, Colleen","Promoting Clean Water in Nineteenth-Century Public Policy: Professors, Preachers, and Polliwogs in Kingston, Ontario",,,https://www.proquest.com/docview/61528749?accountid=13598&bdid=165489&_bd=dp3fL8dwRh1H62HTFczCUIpkado%3D,status not_retrievable,R7AEB85475021__<short title>.pdf
9,never assessed: no full text could be retrieved; full-text screening closed by researcher decision 2026-09-28,,R88AC6402F14A,1999,Salman S.M.A.,Groundwater. Legal and policy perspectives. Proceedings of a World Bank seminar,,,https://www.scopus.com/pages/publications/0033382650?origin=resultslist,status not_retrievable,R88AC6402F14A__<short title>.pdf
9,never assessed: no full text could be retrieved; full-text screening closed by researcher decision 2026-09-28,,R8D7A6206306A,1999,"Arretche, Marta T S",Social Policies in Brazil: Decentralization in a Federal State,,,https://www.proquest.com/docview/61456458?accountid=13598&bdid=165485&_bd=O0cfjHzOobi9P2O%2FhCvCCYPL16o%3D,status not_retrievable,R8D7A6206306A__<short title>.pdf
9,never assessed: no full text could be retrieved; full-text screening closed by researcher decision 2026-09-28,,R9C1C22492D50,1999,"Abdullah, Roohi","The Role of Private Vending in Developing Country Water Service Delivery: The Case of Karachi, Pakistan",,,https://www.proquest.com/docview/3335378748?accountid=13598&bdid=165485&_bd=zAscseisuPXS6VOjrpcN%2BJ8oTJ4%3D,status not_retrievable,R9C1C22492D50__<short title>.pdf
9,never assessed: no full text could be retrieved; full-text screening closed by researcher decision 2026-09-28,,RA7BCE5D9D9B7,1999,,India: Improve incentives to urban water systems: IBRD,,,https://www.proquest.com/docview/221556682?accountid=13598&bdid=165485&_bd=mHnd5QCd0eFE80JYqOETQ8sUAtA%3D,status not_retrievable,RA7BCE5D9D9B7__<short title>.pdf
9,never assessed: no full text could be retrieved; full-text screening closed by researcher decision 2026-09-28,,RB7EEE74C2059,1999,"McMullan, Colin; Eyles, John",Risky business: An analysis of claimsmaking in the development of an Ontario drinking water objective for tritium,,,https://www.proquest.com/docview/216927601?accountid=13598&bdid=165489&_bd=tSq3mfPXJPPUztXw7zGyCsEnxBg%3D,status not_retrievable,RB7EEE74C2059__<short title>.pdf
9,never assessed: no full text could be retrieved; full-text screening closed by researcher decision 2026-09-28,,R00C2AB20F1B8,2000,"Blakeney, William",Walkerton a risk management nightmare,,,https://www.proquest.com/docview/224983822?accountid=13598&bdid=165485&_bd=MssaECkKo%2BWBSkNci1a7GobpRDE%3D,status wrong_file_retrieved,R00C2AB20F1B8__<short title>.pdf
9,never assessed: no full text could be retrieved; full-text screening closed by researcher decision 2026-09-28,,R0FB011F5A7E2,2000,Karaszi G.; Varszegi C.,Experiences in the use of domestic and end user metering. Legal and technical problems relating to domestic end-user metering in Hungary,,,https://www.scopus.com/pages/publications/0033750023?origin=resultslist,status not_retrievable,R0FB011F5A7E2__<short title>.pdf
9,never assessed: no full text could be retrieved; full-text screening closed by researcher decision 2026-09-28,,R31E29BB9CFED,2000,,"WORLD BANK: India, World Bank launch series on India's water resources management",,,https://www.proquest.com/docview/445984918?accountid=13598&bdid=165485&_bd=zmxoFrHwPsA4lCw2AdInQauUaAI%3D,status wrong_file_retrieved,R31E29BB9CFED__<short title>.pdf
9,never assessed: no full text could be retrieved; full-text screening closed by researcher decision 2026-09-28,,R32637D4AEE2F,2000,,UN: Fourth Committee begins consideration of Special Committee`s report on Israeli practices in occupied territories; Also approves draft resolution on peaceful uses of outer space,,,https://www.proquest.com/docview/445964111?accountid=13598&bdid=165485&_bd=BLo6Fq%2F3VfRtuJ3KL3qviRQYEfs%3D,status not_retrievable,R32637D4AEE2F__<short title>.pdf
9,never assessed: no full text could be retrieved; full-text screening closed by researcher decision 2026-09-28,,R3608EDBE2155,2000,"Otiso, Kefa Mairura","The voluntary sector in urban service provision and planning in Nairobi City, Kenya",,,https://www.proquest.com/docview/304607339?accountid=13598&bdid=165485&_bd=Z4E0VR2%2BP8FfN7DNIHnE4qUeteU%3D,status not_retrievable,R3608EDBE2155__<short title>.pdf
9,never assessed: no full text could be retrieved; full-text screening closed by researcher decision 2026-09-28,,R3B61267DB6ED,2000,"Ranald, Patricia; Black, Bronwynn",Privatising Water in the Driest State: The Impacts on Employees and Industrial Relations of the Corporatisation and Outsourcing of Metropolitan Water and Sewerage Services in South Australia,,,https://www.proquest.com/docview/60410192?accountid=13598&bdid=165489&_bd=vhgy7poLU3spTylgM1bMvs%2FreIc%3D,status not_retrievable,R3B61267DB6ED__<short title>.pdf
9,never assessed: no full text could be retrieved; full-text screening closed by researcher decision 2026-09-28,,R5390D778E0EC,2000,"Lukito, Lastyo Kuntoaji",Water Service Delivery In Indonesia: The Case Study of Greater Bandung,,,https://www.proquest.com/docview/3335366694?accountid=13598&bdid=165485&_bd=3%2F9Ff07cfAcpyy3ND143FM1pdaQ%3D,status wrong_file_retrieved,R5390D778E0EC__<short title>.pdf
9,never assessed: no full text could be retrieved; full-text screening closed by researcher decision 2026-09-28,,R5480CFE0C7C3,2000,"Schur, Michael",The Impact of Public-Private Partnerships as an Approach to Social Delivery on Environmental Conservation and Protection,,,https://www.proquest.com/docview/60421957?accountid=13598&bdid=165489&_bd=X%2F0usVFJtd8CdChJgG1MGUQMMfk%3D,status not_retrievable,R5480CFE0C7C3__<short title>.pdf
9,never assessed: no full text could be retrieved; full-text screening closed by researcher decision 2026-09-28,,R7E64FAC2423C,2000,"Douglas, Karen Manges","Upstream, Downsteam, Mainstream and Rural: A Case Study Approach for Understanding the Edwards Aquifer Debates",,,https://www.proquest.com/docview/61516678?accountid=13598&bdid=165489&_bd=xvk%2Bslh9s6i79BgaDd%2Fk4Ds9BFc%3D,status not_retrievable,R7E64FAC2423C__<short title>.pdf
9,never assessed: no full text could be retrieved; full-text screening closed by researcher decision 2026-09-28,,R80F15C174B61,2000,Otieno J.T.; Wandiga S.O.,The public-private sector partnership approach to sustainable municipal solid waste management and improvement of social services delivery,,,https://www.scopus.com/pages/publications/0034453329?origin=resultslist,status not_retrievable,R80F15C174B61__<short title>.pdf
9,never assessed: no full text could be retrieved; full-text screening closed by researcher decision 2026-09-28,,R8570E4178FA8,2000,"Carter, Nicole Therese",Performance of drinking water and wastewater assistance programs for the United States-Mexico border region,,,https://www.proquest.com/docview/304629106?accountid=13598&bdid=165485&_bd=XMpq%2B1muEtug28qDOhr6I1TbSXE%3D,status not_retrievable,R8570E4178FA8__<short title>.pdf
9,never assessed: no full text could be retrieved; full-text screening closed by researcher decision 2026-09-28,,R88872A35E723,2000,"Crow, Ben; Sultana, Farhana","Water, Power and Gender: Pressing Questions and Overlooked Interests in a Poor and Crowded Delta",,,https://www.proquest.com/docview/61722031?accountid=13598&bdid=165489&_bd=zIHR0Vkgflh%2BzIlg0v4d34es3cw%3D,status not_retrievable,R88872A35E723__<short title>.pdf
9,never assessed: no full text could be retrieved; full-text screening closed by researcher decision 2026-09-28,,R93E6153E24ED,2000,"Zamberia, Agostino Matano","The State Civil Society Partnership in the Provision of Water and Sanitation for the Urban Poor: The Case of Kibera, Nairobi",,,https://www.proquest.com/docview/61454906?accountid=13598&bdid=165489&_bd=HGaOuWm%2B85lGfSiutmsOGG87rb4%3D,status not_retrievable,R93E6153E24ED__<short title>.pdf
9,never assessed: no full text could be retrieved; full-text screening closed by researcher decision 2026-09-28,,RCA2AB03E5FF0,2000,Daibes F.,Towards sustainable development in the water sector: A perspective from Palestine,10.2166/wst.2000.0295,https://doi.org/10.2166/wst.2000.0295,https://www.scopus.com/pages/publications/0033833015?origin=resultslist,status not_retrievable,RCA2AB03E5FF0__<short title>.pdf
9,never assessed: no full text could be retrieved; full-text screening closed by researcher decision 2026-09-28,,RDC5591C78CDA,2000,Reich G.; Printz J.,Dilemmas of urban water management; [A települési vízgazdálkodás intézményi dilemmái],,,https://www.scopus.com/pages/publications/0034434226?origin=resultslist,status not_retrievable,RDC5591C78CDA__<short title>.pdf
9,never assessed: no full text could be retrieved; full-text screening closed by researcher decision 2026-09-28,,R0C0F7458F5B6,2001,"David, Cristina C; Inocencio, Arlene B",Public-Private-Community Partnerships in Management and Delivery of Water to Urban Poor: The Case of Metro Manila,,,https://www.proquest.com/docview/1698960486?accountid=13598&bdid=165485&_bd=qNks0l95UmzEkEUDRD%2F4KLHiX18%3D,status wrong_file_retrieved,R0C0F7458F5B6__<short title>.pdf
9,never assessed: no full text could be retrieved; full-text screening closed by researcher decision 2026-09-28,,R41952F336171,2001,"Sarmento, Veronica de Barros Araujo",Low-cost sanitation improvements in poor communities: conditions for physical sustainability,,,https://www.proquest.com/docview/301593893?accountid=13598&bdid=165485&_bd=vr%2FuksUf58HUtjie%2FCZKgx0m99w%3D,status not_retrievable,R41952F336171__<short title>.pdf
9,never assessed: no full text could be retrieved; full-text screening closed by researcher decision 2026-09-28,,R6B83C25D63F4,2001,"Keene, Derek",Issues of water in medieval London to c. 1300,,,https://www.proquest.com/docview/200575095?accountid=13598&bdid=165489&_bd=6fcE3rYvR%2FucMMZdwEmr7bfPlaY%3D,status not_retrievable,R6B83C25D63F4__<short title>.pdf
9,never assessed: no full text could be retrieved; full-text screening closed by researcher decision 2026-09-28,,R8AE17492C7B2,2001,"Hans, Asha",Locating Women's Rights in the Blue Revolution,,,https://www.proquest.com/docview/60408278?accountid=13598&bdid=165489&_bd=rR2MRyJI827tvO0MFETNqmaFzwg%3D,status not_retrievable,R8AE17492C7B2__<short title>.pdf
9,never assessed: no full text could be retrieved; full-text screening closed by researcher decision 2026-09-28,,R8B876DC5F95E,2001,Argo T.A.; Firman T.,"To privatize or not to privatize? Reform of urban water supply services in Jabotabek, Indonesia",,,https://www.scopus.com/pages/publications/0034802852?origin=resultslist,status not_retrievable,R8B876DC5F95E__<short title>.pdf
9,never assessed: no full text could be retrieved; full-text screening closed by researcher decision 2026-09-28,,R8DC502F714E9,2001,"Susantono, Bambang","Informal water services in metropolitan cities of developing world: The case of Jakarta, Indonesia",,,https://www.proquest.com/docview/304685890?accountid=13598&bdid=165485&_bd=GmfyHWO6GEAap6AZwyjF%2Brq3Jik%3D,status not_retrievable,R8DC502F714E9__<short title>.pdf
9,never assessed: no full text could be retrieved; full-text screening closed by researcher decision 2026-09-28,,R99E902142AC2,2001,"Garay-Fluhmann, Rosa del Carmen",The Social Ecology of the Central Chaco in Paraguay: The Mennonite Colonies and Adjacent Indigenous Settlements,,,https://www.proquest.com/docview/60390832?accountid=13598&bdid=165489&_bd=Kvm4RBC6%2FbUrVIlwoX%2FZVZDQKsA%3D,status not_retrievable,R99E902142AC2__<short title>.pdf
9,never assessed: no full text could be retrieved; full-text screening closed by researcher decision 2026-09-28,,RA22D49F75F35,2001,"Rahmeyer, Fritz",Organisationsformen und Umweltabgaben im kommunalen Gewaesserschutz,,,https://www.proquest.com/docview/1697769687?accountid=13598&bdid=165485&_bd=Q8dKCbc0zOhhuqkDXBYreADHiNY%3D,status not_retrievable,RA22D49F75F35__<short title>.pdf
9,never assessed: no full text could be retrieved; full-text screening closed by researcher decision 2026-09-28,,RB7928AD60DCA,2001,"Mookherjee, Harsha N; Riemer, Jeffrey W; George, Dennis B; Wells, M J M; Clark, Y R; Rollins, Sharon; Gilbert, Anne; O'C",Environmental Justice Issues Related to Inadequate Wastewater Treatment in Small Communities in Tennessee,,,https://www.proquest.com/docview/60420228?accountid=13598&bdid=165489&_bd=vzZZ4iFxoGmdAySgHGysW2i0xLo%3D,status not_retrievable,RB7928AD60DCA__<short title>.pdf
9,never assessed: no full text could be retrieved; full-text screening closed by researcher decision 2026-09-28,,RBB932417FB0A,2001,"Satterthwaite, David",Environmental Governance: A Comparative Analysis of Nine City Case Studies,10.1002/jid.824,https://doi.org/10.1002/jid.824,https://www.proquest.com/docview/60452547?accountid=13598&bdid=165485&_bd=5yJ6uRB06ggC4SgFNhy9vHvbET4%3D,status not_retrievable,RBB932417FB0A__<short title>.pdf
9,never assessed: no full text could be retrieved; full-text screening closed by researcher decision 2026-09-28,,RE75FBF29CA7B,2001,"Menahem, Gila","Water Policy in Israel 1948-2000: Policy Paradigms, Policy Networks and Public Policy",,,https://www.proquest.com/docview/60424188?accountid=13598&bdid=165489&_bd=i8MQ299Z58MsYuhxpqRkIRvuc2c%3D,status not_retrievable,RE75FBF29CA7B__<short title>.pdf
9,never assessed: no full text could be retrieved; full-text screening closed by researcher decision 2026-09-28,,R16E56D8BCECE,2002,"Vijayanthi, K N",Women's Empowerment through Self-Help Groups: A Participatory Approach,,,https://www.proquest.com/docview/60459122?accountid=13598&bdid=165489&_bd=zubTax9ImB%2BoRTb9FgFLTun%2BK%2BA%3D,status wrong_file_retrieved,R16E56D8BCECE__<short title>.pdf
9,never assessed: no full text could be retrieved; full-text screening closed by researcher decision 2026-09-28,,R23967A17A301,2002,McGranahan G.; Satterthwaite D.,The environmental dimensions of sustainable development for cities,,,https://www.scopus.com/pages/publications/0036314973?origin=resultslist,status not_retrievable,R23967A17A301__<short title>.pdf
9,never assessed: no full text could be retrieved; full-text screening closed by researcher decision 2026-09-28,,R24C96DE6980C,2002,"Brooks, David B",Water; Local-Level Management,,,https://www.proquest.com/docview/2130916485?accountid=13598&bdid=165485&_bd=hYGAYzG5re6j0JPw%2FOV623KXc1c%3D,status wrong_file_retrieved,R24C96DE6980C__<short title>.pdf
9,never assessed: no full text could be retrieved; full-text screening closed by researcher decision 2026-09-28,,R372B7BD96AE2,2002,News Editors/Government,DWR Releases SWP Delivery Reliability Report,,,https://www.proquest.com/docview/446400215?accountid=13598&bdid=165485&_bd=iR7FbD2bc%2F2uGaRtijLixm0sJVY%3D,status not_retrievable,R372B7BD96AE2__<short title>.pdf
9,never assessed: no full text could be retrieved; full-text screening closed by researcher decision 2026-09-28,,R3B415FA79D4C,2002,"Crow, Ben; Sultana, Farhana","Gender, Class, and Access to Water: Three Cases in a Poor and Crowded Delta",10.1080/08941920290069272,https://doi.org/10.1080/08941920290069272,https://www.proquest.com/docview/60469266?accountid=13598&bdid=165489&_bd=nw6K2zafWtN%2FGu1xHBKKe4NtRpA%3D,status wrong_file_retrieved,R3B415FA79D4C__<short title>.pdf
9,never assessed: no full text could be retrieved; full-text screening closed by researcher decision 2026-09-28,,R67F8016B7676,2002,"Tovey, Kathryn Signe","The institutional responses to the water needs of the urban poor: a study of collective action in delhi slums, india",,,https://www.proquest.com/docview/301541984?accountid=13598&bdid=165485&_bd=Ja8ZELEMFBbQc9AH7yDB9y3Vj4s%3D,status not_retrievable,R67F8016B7676__<short title>.pdf
9,never assessed: no full text could be retrieved; full-text screening closed by researcher decision 2026-09-28,,R729A7D7BB28B,2002,"Sullivan, Caroline",Calculating a Water Poverty Index,,,https://www.proquest.com/docview/60474756?accountid=13598&bdid=165489&_bd=QMdU3bjahfz5mFrM3oPWSKNypNU%3D,status not_retrievable,R729A7D7BB28B__<short title>.pdf
9,never assessed: no full text could be retrieved; full-text screening closed by researcher decision 2026-09-28,,R9327F27AC821,2002,"Soares, Luiz Carlos Rangel; Griesinger, Marilena O; Dachs, J Norberto W; Bittner, Marta A; Tavares, Sonia",Inequities in Access to and Use of Drinking Water Services in Latin America and the Caribbean,,,https://www.proquest.com/docview/61472675?accountid=13598&bdid=165489&_bd=EqBmVd%2Bj3%2Fj8suws7s4L%2BYo%2FWj8%3D,status not_retrievable,R9327F27AC821__<short title>.pdf
9,never assessed: no full text could be retrieved; full-text screening closed by researcher decision 2026-09-28,,R9F70616FE813,2002,"Dicke, Willemijn; Albrow, Martin",Public/Private Dynamics in a Global Frame: Narratives of Water Management in the UK and the Netherlands,,,https://www.proquest.com/docview/61739679?accountid=13598&bdid=165489&_bd=v4bUfoyYLA0GzIUs9aRxx6EVdLo%3D,status not_retrievable,R9F70616FE813__<short title>.pdf
9,never assessed: no full text could be retrieved; full-text screening closed by researcher decision 2026-09-28,,RAD2FE0FCE03D,2002,"Sherwill, Tamsyn; Rogers, Kevin; Fig, David",Public Participation in Water Resource Management in South Africa under the New National Water Policy - A Means to Equity and Sustainability? A Case Study of the Inkomati Basin,,,https://www.proquest.com/docview/61763401?accountid=13598&bdid=165489&_bd=TPrclKw%2B7FYG61q%2Bg2s1GILtDVQ%3D,status not_retrievable,RAD2FE0FCE03D__<short title>.pdf
9,never assessed: no full text could be retrieved; full-text screening closed by researcher decision 2026-09-28,,RB679F2F595E2,2002,"Levine, Steven A.",In Gotham's shadow: Brooklyn and the consolidation of Greater New York,,,https://www.proquest.com/docview/252087695?accountid=13598&bdid=165485&_bd=onnlRibLKD33kBMuWYc2pWkA4q4%3D,status not_retrievable,RB679F2F595E2__<short title>.pdf
9,never assessed: no full text could be retrieved; full-text screening closed by researcher decision 2026-09-28,,RB686937E77D0,2002,"Cavanagh, Sheila Marie",Essays in environmental economics and policy,,,https://www.proquest.com/docview/305585787?accountid=13598&bdid=165485&_bd=IL4nOhIG6X1SbIt7%2FbyysjA%2Bgsk%3D,status not_retrievable,RB686937E77D0__<short title>.pdf
9,never assessed: no full text could be retrieved; full-text screening closed by researcher decision 2026-09-28,,RB81EBABE0575,2002,"Ndinga, Mathias Marie Adrien",Economic governance and its impact on the development of Congo,,,https://www.proquest.com/docview/37901370?accountid=13598&bdid=165485&_bd=i%2FIdKSiQzqQTzF0rMtrGpugyHuI%3D,status not_retrievable,RB81EBABE0575__<short title>.pdf
9,never assessed: no full text could be retrieved; full-text screening closed by researcher decision 2026-09-28,,RD721960501FE,2002,Onjala J.,"Good intentions, structural pitfalls: Early lessons from urban water commercialisation attempts in Kenya",,,https://www.scopus.com/pages/publications/0036220180?origin=resultslist,status not_retrievable,RD721960501FE__<short title>.pdf
9,never assessed: no full text could be retrieved; full-text screening closed by researcher decision 2026-09-28,,RD8874354635C,2002,"Mitlin, Diana","Competition, Regulation and the Urban Poor: A Case Study of Water",,,https://www.proquest.com/docview/1697509873?accountid=13598&bdid=165485&_bd=FMsU4tQURtopZvIjnhUm6NsVOyI%3D,status not_retrievable,RD8874354635C__<short title>.pdf
9,never assessed: no full text could be retrieved; full-text screening closed by researcher decision 2026-09-28,,RED170577C429,2002,"Clemens, Bruce; Karp, Andrew W; Papadakis, Maria",The People's Water: Technology Transfer and Community Empowerment in Guatemala,,,https://www.proquest.com/docview/60443745?accountid=13598&bdid=165489&_bd=%2BHVHGs2RCYg7CYtiSQzfr71ljLY%3D,status not_retrievable,RED170577C429__<short title>.pdf
9,never assessed: no full text could be retrieved; full-text screening closed by researcher decision 2026-09-28,,R0B8D73D4EBE3,2003,"Louw, Stephen",The Ministry of Dry Taps? The Department of Water Affairs and Forestry and the Transition to Market-Based Service Provision in South Africa,,,https://www.proquest.com/docview/60466607?accountid=13598&bdid=165489&_bd=efPg4AItNcbPvaqjl6zmX5eNafM%3D,status wrong_file_retrieved,R0B8D73D4EBE3__<short title>.pdf
9,never assessed: no full text could be retrieved; full-text screening closed by researcher decision 2026-09-28,,R11F8F3CCA5C9,2003,"Kolber, Michael",New Rules Could Triple Sewage Disposal Costs for Some California Cities,,,https://www.proquest.com/docview/464228084?accountid=13598&bdid=165485&_bd=FPIop77oTNyQZvXJs02cVa%2BMhx0%3D,status wrong_file_retrieved,R11F8F3CCA5C9__<short title>.pdf
9,never assessed: no full text could be retrieved; full-text screening closed by researcher decision 2026-09-28,,R22BDDAD9DE04,2003,"Bapat, Meera; Agarwal, Indu","Our Needs, Our Priorities; Women and Men from the Slums in Mumbai and Pune Talk about Their Needs for Water and Sanitation",,,https://www.proquest.com/docview/60477056?accountid=13598&bdid=165489&_bd=50TzA3QrkJdjpyHpaxyP6jbqHIM%3D,status not_retrievable,R22BDDAD9DE04__<short title>.pdf
9,never assessed: no full text could be retrieved; full-text screening closed by researcher decision 2026-09-28,,R25CA44C49907,2003,"Arbues, Fernando; Maria Angeles Garcia-Valinas; Martinez-Espineira, Roberto",Estimation of residential water demand: A state-of-the-art review,,,https://www.proquest.com/docview/199089064?accountid=13598&bdid=165489&_bd=z4vRFMxQPHUDzTCLvmPrKCK5SDE%3D,status wrong_file_retrieved,R25CA44C49907__<short title>.pdf
9,never assessed: no full text could be retrieved; full-text screening closed by researcher decision 2026-09-28,,R4CADE2450779,2003,"Doe, Steve R K",Sustainability of community water management in small towns of developing countries : case studies from Ghana,,,https://www.proquest.com/docview/2312400779?accountid=13598&bdid=165485&_bd=QI%2BNeTWdTNhr9SsceZYP4zr%2FtdY%3D,status not_retrievable,R4CADE2450779__<short title>.pdf
9,never assessed: no full text could be retrieved; full-text screening closed by researcher decision 2026-09-28,,R57A89A8AFC15,2003,Rey J.,Framework for action,,,https://www.scopus.com/pages/publications/13244262679?origin=resultslist,status wrong_file_retrieved,R57A89A8AFC15__<short title>.pdf
9,never assessed: no full text could be retrieved; full-text screening closed by researcher decision 2026-09-28,,R60DC82ADD4E5,2003,"Hagg, Gerard; Emmett, Tony",Muddying the Elephants Water: Policy and Practice in Community Water Supply,,,https://www.proquest.com/docview/60471702?accountid=13598&bdid=165489&_bd=C0AWF6vxotw%2FV5gtbD4mu4CtEDU%3D,status not_retrievable,R60DC82ADD4E5__<short title>.pdf
9,never assessed: no full text could be retrieved; full-text screening closed by researcher decision 2026-09-28,,R60E91FAC2C7E,2003,"Alunan, Rafael M, III",To Take A Stand,,,https://www.proquest.com/docview/233792545?accountid=13598&bdid=165485&_bd=1czetU4MHxTMhnJjsCKlJWefgII%3D,status not_retrievable,R60E91FAC2C7E__<short title>.pdf
9,never assessed: no full text could be retrieved; full-text screening closed by researcher decision 2026-09-28,,R68E3DCE1EFC5,2003,"Unruh, Tim","Rapid Growth, Drought Force Russell, Kan., to Widen Search for More Water",,,https://www.proquest.com/docview/461448265?accountid=13598&bdid=165485&_bd=lfX2pZgpA0cpEdnGh%2F%2B3DHmM09k%3D,status not_retrievable,R68E3DCE1EFC5__<short title>.pdf
9,never assessed: no full text could be retrieved; full-text screening closed by researcher decision 2026-09-28,,R6F668FC3C942,2003,"Fauconnier, Isabelle Tien","Privatized water, retreating state: Access and affordability issues for a public -private good in developing country contexts",,,https://www.proquest.com/docview/305343616?accountid=13598&bdid=165485&_bd=Z0QibNR0BvBQMJ1YksTN1xakAZ8%3D,status not_retrievable,R6F668FC3C942__<short title>.pdf
9,never assessed: no full text could be retrieved; full-text screening closed by researcher decision 2026-09-28,,R9441070BD7B9,2003,Thorne V.T.,Water scarcity and its impact on water rights: A real concern for multinational companies?,,,https://www.scopus.com/pages/publications/7444230528?origin=resultslist,status not_retrievable,R9441070BD7B9__<short title>.pdf
9,never assessed: no full text could be retrieved; full-text screening closed by researcher decision 2026-09-28,,R97377ACE56C7,2003,"Reardon, Timothy","Septic Regulations and Suburban Development Patterns: an Analysis Based on Soil Data in Norfolk County, Massachusetts",,,https://www.proquest.com/docview/3323489399?accountid=13598&bdid=165485&_bd=KXKaS0sr5PvX7Vo3xKdkvBvfKD0%3D,status not_retrievable,R97377ACE56C7__<short title>.pdf
9,never assessed: no full text could be retrieved; full-text screening closed by researcher decision 2026-09-28,,R9CEE31D42CF4,2003,"Manase, G.",Cost recovery for sanitation services: the case of poor urban areas in Zimbabwe. (BL: DXN064828),,,https://www.proquest.com/docview/301639173?accountid=13598&bdid=165485&_bd=BHh1oiHv92Re2YycyozGSG5cQDc%3D,status not_retrievable,R9CEE31D42CF4__<short title>.pdf
9,never assessed: no full text could be retrieved; full-text screening closed by researcher decision 2026-09-28,,RAE3FE682A17A,2003,"Assies, Willem","David versus Goliath in Cochabamba: Water Rights, Neoliberalism, and the Revival of Social Protest in Bolivia",10.1177/0094582X03252286,https://doi.org/10.1177/0094582X03252286,https://www.proquest.com/docview/60488043?accountid=13598&bdid=165489&_bd=JTiq%2FckO2wclNQ8TLywWcrIFhP4%3D,status not_retrievable,RAE3FE682A17A__<short title>.pdf
9,never assessed: no full text could be retrieved; full-text screening closed by researcher decision 2026-09-28,,RC3901F88638C,2003,"Crespo, C.",Water Privatisation Policies and Conflicts in Bolivia: The Water War in Cochabamba (1999-2000) (BL: DXN068378),,,https://www.proquest.com/docview/301606818?accountid=13598&bdid=165485&_bd=5fimGUS1F9ixYjX5vvIZeqtGpHM%3D,status not_retrievable,RC3901F88638C__<short title>.pdf
9,never assessed: no full text could be retrieved; full-text screening closed by researcher decision 2026-09-28,,RCEB1E6378EFA,2003,"Galletti, Nicholas","The institutions of water service delivery: Privatization and participation in Greater Buenos Aires, Argentina",,,https://www.proquest.com/docview/305293141?accountid=13598&bdid=165485&_bd=6IyefDC7AjuTcljB4mCWnYoM0Gk%3D,status not_retrievable,RCEB1E6378EFA__<short title>.pdf
9,never assessed: no full text could be retrieved; full-text screening closed by researcher decision 2026-09-28,,RD36E83DB2D6A,2003,"White, Rob",Environmental Issues and the Criminological Imagination,,,https://www.proquest.com/docview/60497643?accountid=13598&bdid=165489&_bd=ipa%2BklBLzmbQ%2FOjmU4FYYo7jjWg%3D,status not_retrievable,RD36E83DB2D6A__<short title>.pdf
9,never assessed: no full text could be retrieved; full-text screening closed by researcher decision 2026-09-28,,RD9378ED5C469,2003,"Smith, Laila",The corporatization of urban water supply: Cape Town's institutional transformation in post-apartheid South Africa,,,https://www.proquest.com/docview/288380698?accountid=13598&bdid=165485&_bd=ikLr7d%2FTEFWyWJHqszA0I30aZXE%3D,status not_retrievable,RD9378ED5C469__<short title>.pdf
9,never assessed: no full text could be retrieved; full-text screening closed by researcher decision 2026-09-28,,RE2E96E4F7B3F,2003,"Kolber, Michael","Growth Effectively Banned in Galt, Calif., over Excess Sewage",,,https://www.proquest.com/docview/464413598?accountid=13598&bdid=165485&_bd=GHryAlECtbTBLA3WnBX%2BuIttZUw%3D,status not_retrievable,RE2E96E4F7B3F__<short title>.pdf
9,never assessed: no full text could be retrieved; full-text screening closed by researcher decision 2026-09-28,,REA33F6108102,2003,"Statt, Graham R",Tapping into Water Rights: An Exploration of Native Entitlement in the Treaty 8 Area of Northern Alberta,,,https://www.proquest.com/docview/60489902?accountid=13598&bdid=165489&_bd=B0QBCRnLqG%2FjIAQsvhifX49VyXg%3D,status not_retrievable,REA33F6108102__<short title>.pdf
9,never assessed: no full text could be retrieved; full-text screening closed by researcher decision 2026-09-28,,RF78378B78A27,2003,"Krause, Kate; Chermak, Janie M; Brookshire, David S",The Demand for Water: Consumer Response to Scarcity*,,,https://www.proquest.com/docview/203114653?accountid=13598&bdid=165485&_bd=GdqxWH2e79ht0HDToS4FmaaanBU%3D,status not_retrievable,RF78378B78A27__<short title>.pdf
9,never assessed: no full text could be retrieved; full-text screening closed by researcher decision 2026-09-28,,R09653E7505FB,2004,Nallathiga R.,Water resources management in Mumbai: The need for reforms,,,https://www.scopus.com/pages/publications/24644494827?origin=resultslist,status not_retrievable,R09653E7505FB__<short title>.pdf
9,never assessed: no full text could be retrieved; full-text screening closed by researcher decision 2026-09-28,,R09C62AA99257,2004,"Cook, Andrea",Poor show,,,https://www.proquest.com/docview/232073993?accountid=13598&bdid=165485&_bd=pmhLRxLvdNzSBHAWuV8FASGsqO4%3D,status not_retrievable,R09C62AA99257__<short title>.pdf
9,never assessed: no full text could be retrieved; full-text screening closed by researcher decision 2026-09-28,,R3B04E4067F01,2004,"Hutchings, Anne; Buijs, Gina","Problems of Water, AIDS and Home-Based Care: A Case Study from Rural Northern KwaZulu-Natal",,,https://www.proquest.com/docview/60511702?accountid=13598&bdid=165489&_bd=wCrTQaXccY9qN5h8iV9uc4ajsq4%3D,status not_retrievable,R3B04E4067F01__<short title>.pdf
9,never assessed: no full text could be retrieved; full-text screening closed by researcher decision 2026-09-28,,R3E8AE794F6AC,2004,"Cuaresma, Jocelyn C",Pro-Poor Water Services in Metro Manila: In Search for Greater Equity,,,https://www.proquest.com/docview/1697509985?accountid=13598&bdid=165485&_bd=50QTnc9ViPRtM97gCWlm3mU%2Fd5I%3D,status not_retrievable,R3E8AE794F6AC__<short title>.pdf
9,never assessed: no full text could be retrieved; full-text screening closed by researcher decision 2026-09-28,,R428DB4CD17C9,2004,"Mascarenhas, Michael","Where the Waters Divide: Governance, Inequality, and First Nations: An Ethnography of the Changing Canadian Water Sector",,,https://www.proquest.com/docview/61742152?accountid=13598&bdid=165485&_bd=m8bSfmKg5gKnI%2Bi8sJmvZWBKI5U%3D,status not_retrievable,R428DB4CD17C9__<short title>.pdf
9,never assessed: no full text could be retrieved; full-text screening closed by researcher decision 2026-09-28,,R4BB786E2810A,2004,,Indonesia regulations: Controversial water bill enacted,,,https://www.proquest.com/docview/466778388?accountid=13598&bdid=165485&_bd=8ugj5NUVxY92KqGAkTkfURtTGqk%3D,status not_retrievable,R4BB786E2810A__<short title>.pdf
9,never assessed: no full text could be retrieved; full-text screening closed by researcher decision 2026-09-28,,R59B7E7475B59,2004,Memon M.A.,"Institutionalization of community participation in rural water supply, Pakistan",,,https://www.scopus.com/pages/publications/84891455858?origin=resultslist,status not_retrievable,R59B7E7475B59__<short title>.pdf
9,never assessed: no full text could be retrieved; full-text screening closed by researcher decision 2026-09-28,,R63A158BCC44F,2004,"Cecille S. Visto with Jennee Grace U. Rubrico, Bernardette S. Sto.",FOCUS: The Maynilad-MWSS deal,,,https://www.proquest.com/docview/233763181?accountid=13598&bdid=165485&_bd=SK035VAphtv6DbkgP6JbInMlAps%3D,status not_retrievable,R63A158BCC44F__<short title>.pdf
9,never assessed: no full text could be retrieved; full-text screening closed by researcher decision 2026-09-28,,R6447A2E099A1,2004,Malecek S.J.,The local private sector in water: Realizing its potential through legal and regulatory reform,,,https://www.scopus.com/pages/publications/12144279869?origin=resultslist,status not_retrievable,R6447A2E099A1__<short title>.pdf
9,never assessed: no full text could be retrieved; full-text screening closed by researcher decision 2026-09-28,,R6B1C512A548D,2004,"Bik, Thomas J.","Analysis of costs, affordability, reliability, and regulatory compliance in small community water systems in the midwestern United States",,,https://www.proquest.com/docview/305125206?accountid=13598&bdid=165485&_bd=R76WQPgNJqphSW46qX5YZsxpc9E%3D,status wrong_file_retrieved,R6B1C512A548D__<short title>.pdf
9,never assessed: no full text could be retrieved; full-text screening closed by researcher decision 2026-09-28,,R82FA8B9E6C86,2004,"Brown, Julia; Woodhouse, Phil","Pioneering Redistributive Regulatory Reform. A Study of Implementation of a Catchment Management Agency for the Inkomati Water Management Area, South Africa",,,https://www.proquest.com/docview/1697510140?accountid=13598&bdid=165485&_bd=V5bm3Wx064mpQRb%2FdzlecELrCSg%3D,status not_retrievable,R82FA8B9E6C86__<short title>.pdf
9,never assessed: no full text could be retrieved; full-text screening closed by researcher decision 2026-09-28,,R8A233B683AB3,2004,"Kirkpatrick, Colin; Parker, David",Regulation and the Privatisation of Water Services in Developing Countries: Assessing the Impact of the General Agreement on Trade in Services (GATS),,,https://www.proquest.com/docview/1697510445?accountid=13598&bdid=165485&_bd=UXUaLzWNiSndNnvgV8a8KaFc18w%3D,status not_retrievable,R8A233B683AB3__<short title>.pdf
9,never assessed: no full text could be retrieved; full-text screening closed by researcher decision 2026-09-28,,R8DE4C1CA8649,2004,"Aalbers, Rob; Shestalova, Victoria; Onderstal, Sander",Better safe than sorry? Reliability policy in network industries,,,https://www.proquest.com/docview/1698174715?accountid=13598&bdid=165485&_bd=nNzNekoWaAAxJpI0iShfy6bzUtU%3D,status not_retrievable,R8DE4C1CA8649__<short title>.pdf
9,never assessed: no full text could be retrieved; full-text screening closed by researcher decision 2026-09-28,,R909537B5BCC6,2004,"Hope, R. A.",Water policy and poverty reduction in a semi-arid catchment.,,,https://www.proquest.com/docview/301658656?accountid=13598&bdid=165485&_bd=ojC93QhH1I%2Fi1S5XPR7DOEjdty8%3D,status not_retrievable,R909537B5BCC6__<short title>.pdf
9,never assessed: no full text could be retrieved; full-text screening closed by researcher decision 2026-09-28,,RA3532680FF7E,2004,"Goyal, Ashima",Getting water from public private partnerships,,,https://www.proquest.com/docview/1699000876?accountid=13598&bdid=165485&_bd=J7EIVangZ9w%2B5dygFvoC47h0Lyk%3D,status wrong_file_retrieved,RA3532680FF7E__<short title>.pdf
9,never assessed: no full text could be retrieved; full-text screening closed by researcher decision 2026-09-28,,RB61219B29251,2004,"Godfrey, Sam; Obika, Amaka",Improved Community Participation: Lessons from Water Supply Programmes in Angola,,,https://www.proquest.com/docview/60525630?accountid=13598&bdid=165489&_bd=Dzowx5P5lq%2FTC%2BOA7BKikIOdQZM%3D,status not_retrievable,RB61219B29251__<short title>.pdf
9,never assessed: no full text could be retrieved; full-text screening closed by researcher decision 2026-09-28,,RB69EB53C7345,2004,"Foster, Vivien",Toward a Social Policy for Argentina's Infrastructure Sectors: Evaluating the Past and Exploring the Future,,,https://www.proquest.com/docview/61702706?accountid=13598&bdid=165489&_bd=ySiYB4Cr%2Fi5eY%2FUjcHKwITYd6KE%3D,status not_retrievable,RB69EB53C7345__<short title>.pdf
9,never assessed: no full text could be retrieved; full-text screening closed by researcher decision 2026-09-28,,RBEDB6556B711,2004,Olmstead S.M.,Thirsty colonias: Rate regulation and the provision of water service,10.2307/3147149,https://doi.org/10.2307/3147149,https://www.scopus.com/pages/publications/1342309107?origin=resultslist,status not_retrievable,RBEDB6556B711__<short title>.pdf
9,never assessed: no full text could be retrieved; full-text screening closed by researcher decision 2026-09-28,,RC5C542280C82,2004,"Rothenberger, Dieter; Truffer, Bernhard",The limits of production efficiency analysis: new institutional economics and PSP contracts,,,https://www.proquest.com/docview/1010663252?accountid=13598&bdid=165485&_bd=ftCdmL0sNK5WByCpCF%2Bs3MIqJWQ%3D,status not_retrievable,RC5C542280C82__<short title>.pdf
9,never assessed: no full text could be retrieved; full-text screening closed by researcher decision 2026-09-28,,RDC9369A8DAA3,2004,Anonymous,"Utility district's water service connection fee does not violate state constitution's restrictions on assessments, fees, and charges on real property",,,https://www.proquest.com/docview/233329204?accountid=13598&bdid=165485&_bd=xWQj8mIFURUAmH8P4pUKp2t%2FFB0%3D,status not_retrievable,RDC9369A8DAA3__<short title>.pdf
9,never assessed: no full text could be retrieved; full-text screening closed by researcher decision 2026-09-28,,RFB7ACA7095E1,2004,"Glockner, Heike; Mkanga, Meki; Ndezi, Timothy",Local Empowerment through Community Mapping for Water and Sanitation in Dar es Salaam,,,https://www.proquest.com/docview/60515599?accountid=13598&bdid=165489&_bd=Si4mI8eiChfEcW%2FXoWx1tfEpRSg%3D,status not_retrievable,RFB7ACA7095E1__<short title>.pdf
9,never assessed: no full text could be retrieved; full-text screening closed by researcher decision 2026-09-28,,R0252F2E832B6,2005,Paul D.D.; Sam K.,Capacity building for improved performance of water and sanitation NGOS/CBOS in Uganda,,,https://www.scopus.com/pages/publications/84891435279?origin=resultslist,status not_retrievable,R0252F2E832B6__<short title>.pdf
9,never assessed: no full text could be retrieved; full-text screening closed by researcher decision 2026-09-28,,R07994BFD6F19,2005,,8th International Conference on Computing and Control for the Water Industry,,,https://www.scopus.com/pages/publications/84906217040?origin=resultslist,status not_retrievable,R07994BFD6F19__<short title>.pdf
9,never assessed: no full text could be retrieved; full-text screening closed by researcher decision 2026-09-28,,R0F96663F118E,2005,Jha A.K.,"Institutions, performance, and the financing of infrastructure services in the Caribbean",,,https://www.scopus.com/pages/publications/23344450341?origin=resultslist,status wrong_file_retrieved,R0F96663F118E__<short title>.pdf
9,never assessed: no full text could be retrieved; full-text screening closed by researcher decision 2026-09-28,,R18130395EDEF,2005,"Vincent, Linden Faith","Science, Technology and Agency in the Development of Drought-Prone Areas: A Cognitive History of Drought and Scarcity",,,https://www.proquest.com/docview/59989515?accountid=13598&bdid=165489&_bd=0f3YJqDvf0L%2FMhGOexKgr%2B1r2Mk%3D,status not_retrievable,R18130395EDEF__<short title>.pdf
9,never assessed: no full text could be retrieved; full-text screening closed by researcher decision 2026-09-28,,R21CEABEE31CB,2005,"Parker, David; Kirkpatrick, Colin; Figueira-Theodorakopoulou, Catarina",Infrastructure Regulation and Poverty Reduction in Developing Countries: A Review of the Evidence and a Research Agenda,,,https://www.proquest.com/docview/1697510658?accountid=13598&bdid=165485&_bd=zPMX2t9JESMtqq2xzJHbj8hFtRs%3D,status wrong_file_retrieved,R21CEABEE31CB__<short title>.pdf
9,never assessed: no full text could be retrieved; full-text screening closed by researcher decision 2026-09-28,,R2DF8CA73B2F9,2005,"MacKillopp, Fionn",The Los Angeles 'oligarchy' and the governance of water and power networks: the making of a municipal utility based on market principles (1902-1930),,,https://www.proquest.com/docview/37738448?accountid=13598&bdid=165485&_bd=86q0OQT%2BT0oJUnYPY%2BHQuZJdbEQ%3D,status not_retrievable,R2DF8CA73B2F9__<short title>.pdf
9,never assessed: no full text could be retrieved; full-text screening closed by researcher decision 2026-09-28,,R3CCC6537F58C,2005,"Madariaga, Camilo; Mosquera, Mario; Manga, Jose; Gallardo, Luz Dary",La dinámica urbana desde la perspectiva social y comunicación alrededor de las aguas residuales en la Guajira (Colombia),,,https://www.proquest.com/docview/1435817372?accountid=13598&bdid=165489&_bd=Veq%2BdbT2swYc%2F8NKv3gHpLd28%2Fs%3D,status not_retrievable,R3CCC6537F58C__<short title>.pdf
9,never assessed: no full text could be retrieved; full-text screening closed by researcher decision 2026-09-28,,R535C43876BC2,2005,"Pike, Jill",Water by Truck in Mexico City,,,https://www.proquest.com/docview/3335381589?accountid=13598&bdid=165485&_bd=mg1H4OXiuqa%2FGe9JS3Y4E7vIbTY%3D,status not_retrievable,R535C43876BC2__<short title>.pdf
9,never assessed: no full text could be retrieved; full-text screening closed by researcher decision 2026-09-28,,R58EDF93B59EB,2005,"Lach, Denise; Ingram, Helen; Rayner, Steve",Maintaining the Status Quo: How Institutional Norms and Practices Create Conservative Water Organizations,,,https://www.proquest.com/docview/203710538?accountid=13598&bdid=165485&_bd=cI%2FHIQCSwbqnCzxeGj4jUfDUapg%3D,status not_retrievable,R58EDF93B59EB__<short title>.pdf
9,never assessed: no full text could be retrieved; full-text screening closed by researcher decision 2026-09-28,,R59C7996EF355,2005,"MacLean, Melissa Jane","Decentralization, mobilization and democracy in mature neoliberalism: The Bolivian case",,,https://www.proquest.com/docview/276601264?accountid=13598&bdid=165485&_bd=baFni8S7Z7JuMO0ElIoFeKzBZgI%3D,status not_retrievable,R59C7996EF355__<short title>.pdf
9,never assessed: no full text could be retrieved; full-text screening closed by researcher decision 2026-09-28,,R6DC7D8F54275,2005,,Review of Aguas del Illimani (Suez) Activities in Bolivia,,,https://www.proquest.com/docview/451522501?accountid=13598&bdid=165485&_bd=B2S7KlOTVxy196R95B0GH%2BgQ0D0%3D,status not_retrievable,R6DC7D8F54275__<short title>.pdf
9,never assessed: no full text could be retrieved; full-text screening closed by researcher decision 2026-09-28,,R7DB32FBFB5A6,2005,"Uzeta, Jorge",Water as Culture. Disputes around a Scarce Resource in the North-East Areas of Guanajuato,,,https://www.proquest.com/docview/59987205?accountid=13598&bdid=165489&_bd=U6AFGJKoK9mpxc8fmrp9ELJ6W7s%3D,status not_retrievable,R7DB32FBFB5A6__<short title>.pdf
9,never assessed: no full text could be retrieved; full-text screening closed by researcher decision 2026-09-28,,R7EB39E733DBD,2005,"Natividad, Beverly T",Water utilities told to comply with law,,,https://www.proquest.com/docview/233729487?accountid=13598&bdid=165485&_bd=%2BJ2L9ocGCNw4aeO%2FD1lzvoeGzLc%3D,status not_retrievable,R7EB39E733DBD__<short title>.pdf
9,never assessed: no full text could be retrieved; full-text screening closed by researcher decision 2026-09-28,,R7F31C23B02CE,2005,"Kavezeri-Karuaihe, Selma Tuemumunu","Economic issues of water price identification and demand estimation when price is cryptic: Experience from Windhoek, Namibia",,,https://www.proquest.com/docview/305385227?accountid=13598&bdid=165485&_bd=YWgHZTXk4rd2xB6RmEzn9y7yLkA%3D,status not_retrievable,R7F31C23B02CE__<short title>.pdf
9,never assessed: no full text could be retrieved; full-text screening closed by researcher decision 2026-09-28,,R8D17FD08613D,2005,"Satterthwaite, David",MEETING THE MDGS IN URBAN AREAS: THE FORGOTTEN ROLE OF LOCAL ORGANIZATIONS,,,https://www.proquest.com/docview/220702457?accountid=13598&bdid=165485&_bd=lHod0DyseVPEZtCfP3lFS2gcY3Y%3D,status not_retrievable,R8D17FD08613D__<short title>.pdf
9,never assessed: no full text could be retrieved; full-text screening closed by researcher decision 2026-09-28,,R99433B75F8E9,2005,"Kiss, Laszlo",Ecology in Public Health,,,https://www.proquest.com/docview/60508640?accountid=13598&bdid=165489&_bd=SqGgM4fk55dnhnU2mmcHcc4pjVU%3D,status wrong_file_retrieved,R99433B75F8E9__<short title>.pdf
9,never assessed: no full text could be retrieved; full-text screening closed by researcher decision 2026-09-28,,R996C1A12EAB7,2005,Regmi A.,Complexities of water governance: Rise and fall of groundwater for urban use,,,https://www.scopus.com/pages/publications/84920000962?origin=resultslist,status not_retrievable,R996C1A12EAB7__<short title>.pdf
9,never assessed: no full text could be retrieved; full-text screening closed by researcher decision 2026-09-28,,RB6A989E4C111,2005,"Smith, Jennifer C",Slow taps raise pressure for water,,,https://www.proquest.com/docview/460295008?accountid=13598&bdid=165485&_bd=AOYvG0w%2FONul%2FUKXoyvSIGkK%2Fm0%3D,status not_retrievable,RB6A989E4C111__<short title>.pdf
9,never assessed: no full text could be retrieved; full-text screening closed by researcher decision 2026-09-28,,RC2D0222AE67F,2005,"Sarker, Profulla C",Rural Development in Bangladesh through the Institutionalization of Village Development Committees (VDCs): A Paradigm of Partnership Effort,,,https://www.proquest.com/docview/59999555?accountid=13598&bdid=165489&_bd=XiOs%2BS8hSwiEtM93JnUJU8C8np0%3D,status not_retrievable,RC2D0222AE67F__<short title>.pdf
9,never assessed: no full text could be retrieved; full-text screening closed by researcher decision 2026-09-28,,RC799781441A6,2005,"Matley, Alyson","Sewer fines loom in Monroe County, Fla.",,,https://www.proquest.com/docview/463564978?accountid=13598&bdid=165485&_bd=Vm10A22GzyMrN5tm4KVHt3SCUMg%3D,status not_retrievable,RC799781441A6__<short title>.pdf
9,never assessed: no full text could be retrieved; full-text screening closed by researcher decision 2026-09-28,,RCA01B7C2AA05,2005,"Lassek, P J",Refusing to use sewer system could be costly for Tulsa residents,,,https://www.proquest.com/docview/463566569?accountid=13598&bdid=165485&_bd=AxpfLjHmTIKv19pWm%2FIvyPW%2F3go%3D,status not_retrievable,RCA01B7C2AA05__<short title>.pdf
9,never assessed: no full text could be retrieved; full-text screening closed by researcher decision 2026-09-28,,RD1A02EFB3D64,2005,Hardoy A.; Hardoy J.; Pandiella G.; Urquiza G.,"Governance for water and sanitation services in low-income settlements: Experiences with partnership-based management in Moreno, Buenos Aires",10.1630/0956247053633764,https://doi.org/10.1630/0956247053633764,https://www.scopus.com/pages/publications/18144393799?origin=resultslist,status not_retrievable,RD1A02EFB3D64__<short title>.pdf
9,never assessed: no full text could be retrieved; full-text screening closed by researcher decision 2026-09-28,,RD1CA6C37CE54,2005,"Kazimbaya-Senkwe, B. M.","The social construction of access to water in Zambia's copperbelt, 1900-2000: beyond the managerial explanation for inadequate access.",,,https://www.proquest.com/docview/301636427?accountid=13598&bdid=165485&_bd=UiK%2ForpTWklhq6yGWwQMpkR6seg%3D,status not_retrievable,RD1CA6C37CE54__<short title>.pdf
9,never assessed: no full text could be retrieved; full-text screening closed by researcher decision 2026-09-28,,RD2AA51B666DF,2005,Sinanovic E.; Mbatsha S.; Gundry S.; Wright J.; Rehnberg C.,Water and sanitation policies for improving health in South Africa: Overcoming the institutional legacy of apartheid,10.2166/wp.2005.0038,https://doi.org/10.2166/wp.2005.0038,https://www.scopus.com/pages/publications/28944450039?origin=resultslist,status not_retrievable,RD2AA51B666DF__<short title>.pdf
9,never assessed: no full text could be retrieved; full-text screening closed by researcher decision 2026-09-28,,RD5965565FA86,2005,"Gandy, Matthew","Water, Modernity and the Demise of the Bacteriological City",,,https://www.proquest.com/docview/59997414?accountid=13598&bdid=165485&_bd=hqpJQHkwPFiDEy%2FxhbQGXF21zwU%3D,status not_retrievable,RD5965565FA86__<short title>.pdf
9,never assessed: no full text could be retrieved; full-text screening closed by researcher decision 2026-09-28,,RD7C47CFCB469,2005,Anonymous,Ownership of water system is a prerequisite for obtaining an operator's permit and such a permit cannot be revoked based on failure to extend service,,,https://www.proquest.com/docview/233315291?accountid=13598&bdid=165485&_bd=YREYH8FvuzMZNjsEREqJfBNddLQ%3D,status not_retrievable,RD7C47CFCB469__<short title>.pdf
9,never assessed: no full text could be retrieved; full-text screening closed by researcher decision 2026-09-28,,RE5B087932D77,2005,"Ravichandran, M; Boopathi, S","Environmental, Gender and Institutional Dimensions of Drinking Water Supply",,,https://www.proquest.com/docview/61349124?accountid=13598&bdid=165489&_bd=p4KY2cN%2B5tBjXwuJeCSqRrTN93w%3D,status not_retrievable,RE5B087932D77__<short title>.pdf
9,never assessed: no full text could be retrieved; full-text screening closed by researcher decision 2026-09-28,,RF674F5317DB3,2005,"Ku, Michelle",Officers find violations at Ingleside Mobile Home Park,,,https://www.proquest.com/docview/461406126?accountid=13598&bdid=165485&_bd=TGrfkaLYOq7OIlaqzZhiSGKz%2Bso%3D,status not_retrievable,RF674F5317DB3__<short title>.pdf
9,never assessed: no full text could be retrieved; full-text screening closed by researcher decision 2026-09-28,,RF93EED37BB8F,2005,"Fretwell, Sammy",Lexington County utility fined record $4.3 million,,,https://www.proquest.com/docview/463589753?accountid=13598&bdid=165485&_bd=iW6BprugrlsfkVp1TeS8i79viwo%3D,status not_retrievable,RF93EED37BB8F__<short title>.pdf
9,never assessed: no full text could be retrieved; full-text screening closed by researcher decision 2026-09-28,,R0B60D81754F1,2006,"Bradford, A.M.","Assessing the potential for community-based waste management strategies: action research in the Kumasi Pui, Ghana.",,,https://www.proquest.com/docview/301726996?accountid=13598&bdid=165485&_bd=WwlK5RfQCXHYG9PC8ERK7Q1Aln0%3D,status wrong_file_retrieved,R0B60D81754F1__<short title>.pdf
9,never assessed: no full text could be retrieved; full-text screening closed by researcher decision 2026-09-28,,R191679B5A6DC,2006,"Pinera, Jean-Francois",Partnerships between water sector institutions and aid agencies in urban areas affected by armed conflict,,,https://www.proquest.com/docview/1780172206?accountid=13598&bdid=165485&_bd=Y%2FWlhGbl9E9I%2F8ucAOrODxE5iRg%3D,status wrong_file_retrieved,R191679B5A6DC__<short title>.pdf
9,never assessed: no full text could be retrieved; full-text screening closed by researcher decision 2026-09-28,,R21C980DAC422,2006,"Landers, Jay",U.S. EPA Proposes Changes to Affordability Criteria,,,https://www.proquest.com/docview/228564231?accountid=13598&bdid=165485&_bd=NyH96wlB9Xfy49FOnU%2B9RVCEjHs%3D,status not_retrievable,R21C980DAC422__<short title>.pdf
9,never assessed: no full text could be retrieved; full-text screening closed by researcher decision 2026-09-28,,R28009B7EF2D4,2006,"Chambers, Kelley",City reaches for measuring stick,,,https://www.proquest.com/docview/459883392?accountid=13598&bdid=165485&_bd=DjzC8Q0C54FsL9v7Mo%2Bs04rbP%2B0%3D,status not_retrievable,R28009B7EF2D4__<short title>.pdf
9,never assessed: no full text could be retrieved; full-text screening closed by researcher decision 2026-09-28,,R2B81E70A4BB1,2006,"Anbarci, Nejat; Escaleras, Monica; Register, Charles",Collective (In)Action and Corruption: Access to Improved Water and Sanitation,,,https://www.proquest.com/docview/1698038759?accountid=13598&bdid=165485&_bd=JueQpwpqdXV5zr5R32qT1N98zaA%3D,status wrong_file_retrieved,R2B81E70A4BB1__<short title>.pdf
9,never assessed: no full text could be retrieved; full-text screening closed by researcher decision 2026-09-28,,R40CD1DA5FB19,2006,"Duran Juarez, Juan; Torres Rodriguez, Alicia",The Problems of Adequate Safe Water Supply in a Medium-Size City,,,https://www.proquest.com/docview/61600037?accountid=13598&bdid=165489&_bd=Dui%2FKkp%2FHCC3sq4fu7S35uPojzI%3D,status wrong_file_retrieved,R40CD1DA5FB19__<short title>.pdf
9,never assessed: no full text could be retrieved; full-text screening closed by researcher decision 2026-09-28,,R48D769671882,2006,"Sensoy, Fatma",The Foundation Waters for the Service of Public Welfare,,,https://www.proquest.com/docview/61677731?accountid=13598&bdid=165489&_bd=6goyMwAvT83vL37XE0qraF4WWmg%3D,status not_retrievable,R48D769671882__<short title>.pdf
9,never assessed: no full text could be retrieved; full-text screening closed by researcher decision 2026-09-28,,R643AC2D2A6A8,2006,Pearce-Oroz G.,The viability of decentralized water and sanitation provision in developing countries: The case of Honduras,10.2166/wp.2005.028,https://doi.org/10.2166/wp.2005.028,https://www.scopus.com/pages/publications/31744442142?origin=resultslist,status wrong_file_retrieved,R643AC2D2A6A8__<short title>.pdf
9,never assessed: no full text could be retrieved; full-text screening closed by researcher decision 2026-09-28,,R65A6539CFE87,2006,"Khosla, Prabha",Water for African Cities: Integrating a Pro-poor Gender Analysis in UN-HABITAT's Water for African Cities Programme Phase II,,,https://www.proquest.com/docview/211608242?accountid=13598&bdid=165485&_bd=jruAFIltcL7KD2Zk7hbswLqjRjk%3D,status not_retrievable,R65A6539CFE87__<short title>.pdf
9,never assessed: no full text could be retrieved; full-text screening closed by researcher decision 2026-09-28,,R7B80D58AAA56,2006,"Sgobbi, Alessandra; Fraviga, Gregorio",Governance and Water Management: Progress and Tools in Mediterranean Countries,,,https://www.proquest.com/docview/2083193085?accountid=13598&bdid=165485&_bd=Gd46FKZ6NPWh0RFi%2B4Go%2BjZZRo4%3D,status not_retrievable,R7B80D58AAA56__<short title>.pdf
9,never assessed: no full text could be retrieved; full-text screening closed by researcher decision 2026-09-28,,R7C09AA5F791D,2006,"Mason, Robyn; McDonald, John; Ollerenshaw, Alison",The emergence of water markets in Australia and implications for rural social work,,,https://www.proquest.com/docview/741612889?accountid=13598&bdid=165489&_bd=pL2I7wLZgSRlmW5FXvdVFwio99g%3D,status not_retrievable,R7C09AA5F791D__<short title>.pdf
9,never assessed: no full text could be retrieved; full-text screening closed by researcher decision 2026-09-28,,R7F49EAD053E1,2006,"Macharia, Kinuthia",The Diminishing Role of the Third World City in the Era of Globalization,,,https://www.proquest.com/docview/61751366?accountid=13598&bdid=165489&_bd=zTbWnpzUeyk8%2BEscwxlNCFwyGbg%3D,status not_retrievable,R7F49EAD053E1__<short title>.pdf
9,never assessed: no full text could be retrieved; full-text screening closed by researcher decision 2026-09-28,,R7FE3FC387D42,2006,Milnes D.,Metric and process benchmarking for utility optimisation,,,https://www.scopus.com/pages/publications/33751161256?origin=resultslist,status not_retrievable,R7FE3FC387D42__<short title>.pdf
9,never assessed: no full text could be retrieved; full-text screening closed by researcher decision 2026-09-28,,R8D4B8D227839,2006,"Sridhar, Kala Seetharam",Reforming delivery of urban services in developing countries: Evidence from a case study in India,,,https://www.proquest.com/docview/1698837078?accountid=13598&bdid=165485&_bd=VruL2sJipa%2BU6%2BNpUxGPBv%2FQas4%3D,status not_retrievable,R8D4B8D227839__<short title>.pdf
9,never assessed: no full text could be retrieved; full-text screening closed by researcher decision 2026-09-28,,R912106578041,2006,"Mascarenhas, Michael","Where the Waters Divide: Environmental Justice, Neoliberalism, and Aboriginal Voices. An Ethnography of the Changing Canadian Water Sector",,,https://www.proquest.com/docview/60011154?accountid=13598&bdid=165485&_bd=THyJvuqS5D%2BweLMROx%2Fb1Q%2B9g4M%3D,status not_retrievable,R912106578041__<short title>.pdf
9,never assessed: no full text could be retrieved; full-text screening closed by researcher decision 2026-09-28,,R9DF784217B95,2006,"Rao, Hemixa V; Merchant, Amrapali M",People's Participation and Water Management in the State of Gujarat,,,https://www.proquest.com/docview/61790338?accountid=13598&bdid=165489&_bd=ARSC5dD5PGq9CRdj2u30dwARRqA%3D,status wrong_file_retrieved,R9DF784217B95__<short title>.pdf
9,never assessed: no full text could be retrieved; full-text screening closed by researcher decision 2026-09-28,,RA33EB9EC622E,2006,"Bertels, Stephanie Petra","Understanding domain-based interorganizational collaboration: Governance, process and capacity",,,https://www.proquest.com/docview/305360569?accountid=13598&bdid=165485&_bd=7QrJMNTOcJUETJecZtZ%2BQ73Sl54%3D,status not_retrievable,RA33EB9EC622E__<short title>.pdf
9,never assessed: no full text could be retrieved; full-text screening closed by researcher decision 2026-09-28,,RA76DA205A350,2006,"Claude, Viviane",Political cooperation in an urban mosaic. The case of the water company in Parisian suburbs [1880-1923],,,https://www.proquest.com/docview/743049611?accountid=13598&bdid=165489&_bd=%2Bu08qsMbjyQvZxRgbZBImGQ8jr0%3D,status not_retrievable,RA76DA205A350__<short title>.pdf
9,never assessed: no full text could be retrieved; full-text screening closed by researcher decision 2026-09-28,,RC6BAC88E6BC6,2006,"Loftus, A. J.","A political ecology of water struggles in durban, south africa",,,https://www.proquest.com/docview/1820835718?accountid=13598&bdid=165485&_bd=bMSYClMfIANXOKTcY2A7gYqXgmM%3D,status not_retrievable,RC6BAC88E6BC6__<short title>.pdf
9,never assessed: no full text could be retrieved; full-text screening closed by researcher decision 2026-09-28,,RD6E56D782850,2006,"Raby, Namika",Liquid Relations: Contested Water Rights and Legal Complexity,10.1525/aa.2006.108.4.920,https://doi.org/10.1525/aa.2006.108.4.920,https://www.proquest.com/docview/198164188?accountid=13598&bdid=165489&_bd=gAmgkLSg%2FSxlSZTgkqAZ5MEGPlY%3D,status not_retrievable,RD6E56D782850__<short title>.pdf
9,never assessed: no full text could be retrieved; full-text screening closed by researcher decision 2026-09-28,,RD76F8D724BA5,2006,"Wissen, Markus; Naumann, Matthias",A New Logic of Infrastructure Supply: The Commercialization of Water and the Transformation of Urban Governance in Germany,,,https://www.proquest.com/docview/231923562?accountid=13598&bdid=165489&_bd=DTe3dsEj%2BgXtpS5JVvOSZALNQV0%3D,status not_retrievable,RD76F8D724BA5__<short title>.pdf
9,never assessed: no full text could be retrieved; full-text screening closed by researcher decision 2026-09-28,,RD94A983AD34F,2006,Cornut P.; Aubin D.; Van Criekingen M.; Dubois O.; Dessouroux C.; Decroly J.-M.,"Public, ""club"" and individual management of natural resources: The case of domestic rainwater tanks in Belgium",,,https://www.scopus.com/pages/publications/34249779533?origin=resultslist,status not_retrievable,RD94A983AD34F__<short title>.pdf
9,never assessed: no full text could be retrieved; full-text screening closed by researcher decision 2026-09-28,,RDBC6B357D9C5,2006,Oyebande L.,Appropriate administrative structures in harnessing water resources for sustainable growth in Nigeria,10.4314/jmg.v42i1.18841,https://doi.org/10.4314/jmg.v42i1.18841,https://www.scopus.com/pages/publications/33746577329?origin=resultslist,status not_retrievable,RDBC6B357D9C5__<short title>.pdf
9,never assessed: no full text could be retrieved; full-text screening closed by researcher decision 2026-09-28,,RF73BD5B42FC4,2006,Bajraktarević-Dobran H.; Jusić S.; Serdarević A.,Waste water issues in the federation of Bosnia and Herzegovina; [Problematika otpadnih voda u federaciji Bosne i Hercegovine],,,https://www.scopus.com/pages/publications/33645520527?origin=resultslist,status not_retrievable,RF73BD5B42FC4__<short title>.pdf
9,never assessed: no full text could be retrieved; full-text screening closed by researcher decision 2026-09-28,,R03EED1E02A0F,2007,Blomquist W.; Tonderski A.; Dinar A.,Poland: Warta basin,10.1007/978-3-540-28355-3_10,https://doi.org/10.1007/978-3-540-28355-3_10,https://www.scopus.com/pages/publications/84889984258?origin=resultslist,status not_retrievable,R03EED1E02A0F__<short title>.pdf
9,never assessed: no full text could be retrieved; full-text screening closed by researcher decision 2026-09-28,,R076AC687A7CA,2007,"Becker, Lori",Water restriction rules give businesses a break,,,https://www.proquest.com/docview/465129930?accountid=13598&bdid=165485&_bd=byVaAV%2FT87iKDbUr48wbqD0MTQU%3D,status wrong_file_retrieved,R076AC687A7CA__<short title>.pdf
9,never assessed: no full text could be retrieved; full-text screening closed by researcher decision 2026-09-28,,R090C6103AD6B,2007,"Aubin, David",Reforms Toward Integrated Management of Water in Europe An Example for Quebec to Follow?,,,https://www.proquest.com/docview/61691558?accountid=13598&bdid=165489&_bd=TFDNqr12jTcy83JBz825CIAoyHg%3D,status wrong_file_retrieved,R090C6103AD6B__<short title>.pdf
9,never assessed: no full text could be retrieved; full-text screening closed by researcher decision 2026-09-28,,R09F94E3DD04D,2007,"Williams, DeEdgra Washington",The impact of population density and racial composition on municipal government expenditures,,,https://www.proquest.com/docview/61645431?accountid=13598&bdid=165489&_bd=lmZcuEoT4JBau6OCf%2FfuHFAX%2BOw%3D,status wrong_file_retrieved,R09F94E3DD04D__<short title>.pdf
9,never assessed: no full text could be retrieved; full-text screening closed by researcher decision 2026-09-28,,R0B2F89A503C5,2007,"de Miras, Claude",National Initiative for Human Development and Solidarity-Based Economy in Morocco. For a Better Access to Water and Sanitation,,,https://www.proquest.com/docview/61646007?accountid=13598&bdid=165485&_bd=2jP99EIhY6fWqcuA4%2FOfEpXfVC4%3D,status wrong_file_retrieved,R0B2F89A503C5__<short title>.pdf
9,never assessed: no full text could be retrieved; full-text screening closed by researcher decision 2026-09-28,,R2201C83298F4,2007,"Browder, Greg; Xie, Shiqing; Fan, Mingyuan",Stepping Up; Improving the Performance of China's Urban Water Utilities,,,https://www.proquest.com/docview/2130901536?accountid=13598&bdid=165485&_bd=a03GJ7gq%2BEMaLPsciFFpsIFN52k%3D,status not_retrievable,R2201C83298F4__<short title>.pdf
9,never assessed: no full text could be retrieved; full-text screening closed by researcher decision 2026-09-28,,R2ACE64C7DF13,2007,"Ismael, Shereen T",The Cost of War: The Children of Iraq,,,https://www.proquest.com/docview/232581427?accountid=13598&bdid=165489&_bd=3PoqihcM6%2Fgb2fIpzGlYsxxYwBQ%3D,status not_retrievable,R2ACE64C7DF13__<short title>.pdf
9,never assessed: no full text could be retrieved; full-text screening closed by researcher decision 2026-09-28,,R2C381BB80403,2007,"Gale, Dennis E",The Urban Origins of Suburban Autonomy,,,https://www.proquest.com/docview/228391915?accountid=13598&bdid=165489&_bd=OH%2BYufB%2F7nfPeiszep8rrxXy%2Bvo%3D,status not_retrievable,R2C381BB80403__<short title>.pdf
9,never assessed: no full text could be retrieved; full-text screening closed by researcher decision 2026-09-28,,R37CCB59AF4BA,2007,"Hill-Schmidtke, MaLinda Nanette",The Kugeria women water project: A mixed-methods evaluation of a women's micro-initiative project (Kenya),,,https://www.proquest.com/docview/61750737?accountid=13598&bdid=165489&_bd=FWpLx%2BJ9LFuI1QSIQa%2BwCUBrHNk%3D,status not_retrievable,R37CCB59AF4BA__<short title>.pdf
9,never assessed: no full text could be retrieved; full-text screening closed by researcher decision 2026-09-28,,R3F1281999A87,2007,"Carrillo, Paul; Bellettini, Orazio; Coombs, Elizabeth",Stay Public or Go Private?: A Comparative Analysis of Water Services between Quito and Guayaquil,,,https://www.proquest.com/docview/1698563629?accountid=13598&bdid=165485&_bd=R7SEylyXSogHNjdATgpJJouQdPc%3D,status not_retrievable,R3F1281999A87__<short title>.pdf
9,never assessed: no full text could be retrieved; full-text screening closed by researcher decision 2026-09-28,,R3F4833ECD4D5,2007,"Barnes, Simon",Open wider,,,https://www.proquest.com/docview/232147725?accountid=13598&bdid=165485&_bd=Y5U8ihbpeooAWiVvmA9Wg79WrJ0%3D,status not_retrievable,R3F4833ECD4D5__<short title>.pdf
9,never assessed: no full text could be retrieved; full-text screening closed by researcher decision 2026-09-28,,R42FDB078CD53,2007,McLaughlin D.K.; Stokes C.S.; Smith P.J.; Nonoyama A.,Differential mortality across the United States: The influence of place-based inequality,,,https://www.scopus.com/pages/publications/70349512520?origin=resultslist,status not_retrievable,R42FDB078CD53__<short title>.pdf
9,never assessed: no full text could be retrieved; full-text screening closed by researcher decision 2026-09-28,,R434EF4693E4E,2007,Kala Seetharam Sreedhar,Reforming Delivery of Urban Services in Developing Countries: Evidence from a Case Study in India,,,https://www.proquest.com/docview/1698337660?accountid=13598&bdid=165485&_bd=eZ3DqtJnYZ589t%2FrAyO8V5WwGqs%3D,status not_retrievable,R434EF4693E4E__<short title>.pdf
9,never assessed: no full text could be retrieved; full-text screening closed by researcher decision 2026-09-28,,R5306077E4DB1,2007,Rouse M.,Institutional governance and regulation of water services,,,https://www.scopus.com/pages/publications/34547927561?origin=resultslist,status not_retrievable,R5306077E4DB1__<short title>.pdf
9,never assessed: no full text could be retrieved; full-text screening closed by researcher decision 2026-09-28,,R553639A6DDDE,2007,"Kloster, Karina; De Alba, Felipe",The Water in Mexico City and the Factor of Political Fragmentation,,,https://www.proquest.com/docview/61685468?accountid=13598&bdid=165489&_bd=es7JWg6w2LHVUYWejbuLWQ6I9DY%3D,status wrong_file_retrieved,R553639A6DDDE__<short title>.pdf
9,never assessed: no full text could be retrieved; full-text screening closed by researcher decision 2026-09-28,,R60ED41AD8564,2007,"Campos, Roberio Telmo",Cost-Benefit Evaluation of Water Desalinization Systems in Rural Communities of Ceara,,,https://www.proquest.com/docview/743047332?accountid=13598&bdid=165489&_bd=10nLTvftIwP2Z56JUQz%2BY7PkyjA%3D,status not_retrievable,R60ED41AD8564__<short title>.pdf
9,never assessed: no full text could be retrieved; full-text screening closed by researcher decision 2026-09-28,,R64BC7EEA6E10,2007,Puy Kea,The most trusted and safest water supply systems in Asia; [Source: IPS],,,https://www.proquest.com/docview/467149581?accountid=13598&bdid=165485&_bd=7nE8cqVwsn4kd2JCoHCnktr2ybw%3D,status not_retrievable,R64BC7EEA6E10__<short title>.pdf
9,never assessed: no full text could be retrieved; full-text screening closed by researcher decision 2026-09-28,,R6AD0F046A114,2007,"Ewert, Ulf Christian","Water, Public Hygiene and Fire Control in Medieval Towns: Facing Collective Goods Problems While Ensuring the Quality of Life",,,https://www.proquest.com/docview/61705545?accountid=13598&bdid=165489&_bd=QPlot9NbBaY%2FaGxWZlC1KD3C3dY%3D,status not_retrievable,R6AD0F046A114__<short title>.pdf
9,never assessed: no full text could be retrieved; full-text screening closed by researcher decision 2026-09-28,,R6DA59BCE31A8,2007,"Closmann, Charles E","CHAOS AND CONTAMINATION: Water Pollution and Economic Upheaval in Hamburg, 1919-1923",,,https://www.proquest.com/docview/222423829?accountid=13598&bdid=165489&_bd=iY7FOAU8Ax6krFFg3xG6J%2BsOWbU%3D,status not_retrievable,R6DA59BCE31A8__<short title>.pdf
9,never assessed: no full text could be retrieved; full-text screening closed by researcher decision 2026-09-28,,R842C76873455,2007,"Giatti, Leandro Luiz",Considerations about Water Supply and Public Health: a case study in the Brazilian Amazonia,,,https://www.proquest.com/docview/61655482?accountid=13598&bdid=165489&_bd=JB17LaxfvLt0nr9M%2Fpskm7v2qsQ%3D,status not_retrievable,R842C76873455__<short title>.pdf
9,never assessed: no full text could be retrieved; full-text screening closed by researcher decision 2026-09-28,,R921A35369A2E,2007,"Preeti, Sampat",'Swa'-Jal-Dhara or 'Pay'-Jal-Dhara-sector reform and the right to drinking water in Rajasthan and Maharashtra,,,https://www.proquest.com/docview/36833792?accountid=13598&bdid=165485&_bd=dNxSz%2B7g05jOOynbuu%2F4GagcWVM%3D,status not_retrievable,R921A35369A2E__<short title>.pdf
9,never assessed: no full text could be retrieved; full-text screening closed by researcher decision 2026-09-28,,R92FD73BDD7F6,2007,"Torres Ledezma, Sebastian Generoso","Institutions, inequality and the impact of foreign aid: a simultaneous equation approach",,,https://www.proquest.com/docview/301649074?accountid=13598&bdid=165485&_bd=o3%2FFrfo%2FjFkzAhTKQQdjSz63Ysw%3D,status not_retrievable,R92FD73BDD7F6__<short title>.pdf
9,never assessed: no full text could be retrieved; full-text screening closed by researcher decision 2026-09-28,,R987C9F7911DB,2007,"Stewart, Amy Eleanor",The pipe dream of partnership?: the type two outcomes of the world summit on sustainable development,,,https://www.proquest.com/docview/301727742?accountid=13598&bdid=165485&_bd=PF0JjHjJC%2FIRysoJ1fzxve0tqiM%3D,status not_retrievable,R987C9F7911DB__<short title>.pdf
9,never assessed: no full text could be retrieved; full-text screening closed by researcher decision 2026-09-28,,RA02AB9126675,2007,"Castro, Jose Esteban",The interdisciplinary study of conflicts over water in urban areas: a contribution from the sociology,,,https://www.proquest.com/docview/61689076?accountid=13598&bdid=165489&_bd=kfvM2lVX3Y6nRq%2FSMNviSbPKWP8%3D,status not_retrievable,RA02AB9126675__<short title>.pdf
9,never assessed: no full text could be retrieved; full-text screening closed by researcher decision 2026-09-28,,RA09BB1B16E72,2007,Gupta R.; Kumar P.,"Social evils, poverty & health",,,https://www.scopus.com/pages/publications/36749041995?origin=resultslist,status not_retrievable,RA09BB1B16E72__<short title>.pdf
9,never assessed: no full text could be retrieved; full-text screening closed by researcher decision 2026-09-28,,RA66F588D8A99,2007,"Almayouf, Abdualelah Mohammad","Private sector participation in water provision: a reform policy to meet rapid growth and development, with reference to arriyadh city, saudi arabia",,,https://www.proquest.com/docview/301711361?accountid=13598&bdid=165485&_bd=kfnkYr2jDf8H7QZNBT8cIHVUdAs%3D,status not_retrievable,RA66F588D8A99__<short title>.pdf
9,never assessed: no full text could be retrieved; full-text screening closed by researcher decision 2026-09-28,,RB3112F501BD6,2007,Silke D.,Accommodating the traveller community,10.1007/978-1-4020-5674-1_13,https://doi.org/10.1007/978-1-4020-5674-1_13,https://www.scopus.com/pages/publications/84892279452?origin=resultslist,status not_retrievable,RB3112F501BD6__<short title>.pdf
9,never assessed: no full text could be retrieved; full-text screening closed by researcher decision 2026-09-28,,RB3AEDD2F6C6D,2007,"Harvey, Ebrahim",The Commodification of Water in Soweto and Its Implications for Social Justice,,,https://www.proquest.com/docview/3161877743?accountid=13598&bdid=165485&_bd=tNmTuwbumZ3G9Nyh0K%2BiJGbr9hk%3D,status not_retrievable,RB3AEDD2F6C6D__<short title>.pdf
9,never assessed: no full text could be retrieved; full-text screening closed by researcher decision 2026-09-28,,RCAA5D3528516,2007,,MANILA WATER - Steadfast approach pays off,,,https://www.proquest.com/docview/206615020?accountid=13598&bdid=165485&_bd=q5TACbMqthJVWey8QVoevhlMyIk%3D,status not_retrievable,RCAA5D3528516__<short title>.pdf
9,never assessed: no full text could be retrieved; full-text screening closed by researcher decision 2026-09-28,,RD13D38AD5EB6,2007,"Ramirez, Luis Alfredo",Participation in a Comunitary Context. The Water Technica Desk Brisas of Paraiso in Caracas,,,https://www.proquest.com/docview/61663922?accountid=13598&bdid=165489&_bd=Y3f0JXl2Kum8aieYlOe4wEso0A0%3D,status not_retrievable,RD13D38AD5EB6__<short title>.pdf
9,never assessed: no full text could be retrieved; full-text screening closed by researcher decision 2026-09-28,,RD2DBBAADC68B,2007,"Sundari, S",Quality of Life of Migrant Households in Select Slums of Tamil Nadu,,,https://www.proquest.com/docview/61388685?accountid=13598&bdid=165489&_bd=FvnxvVO6CgFQXj6rKnnlsCpcYVY%3D,status not_retrievable,RD2DBBAADC68B__<short title>.pdf
9,never assessed: no full text could be retrieved; full-text screening closed by researcher decision 2026-09-28,,RF95F6CFA8080,2007,Safi M.A.,Institutional capacity building in rural watsan sector in Afghanistan,,,https://www.scopus.com/pages/publications/84891286474?origin=resultslist,status not_retrievable,RF95F6CFA8080__<short title>.pdf
9,never assessed: no full text could be retrieved; full-text screening closed by researcher decision 2026-09-28,,RF9A0E2C1D2F8,2007,"Lacabana, Miguel; Cariola, Cecilia",History and identity of Techniques of Water Tables: Analysis of participatory processes,,,https://www.proquest.com/docview/61696775?accountid=13598&bdid=165489&_bd=Ii06%2FYRs%2FsgGPFOKJta3DxGQYek%3D,status not_retrievable,RF9A0E2C1D2F8__<short title>.pdf
9,never assessed: no full text could be retrieved; full-text screening closed by researcher decision 2026-09-28,,R0AA26166D6FD,2008,"Meng, Bunnarith","Institutions, urban governance, and leadership: A study of the impacts of community planning and governance on the delivery of urban services and infrastructure in Cambodia",,,https://www.proquest.com/docview/304600704?accountid=13598&bdid=165485&_bd=%2FIEgqv8KQHgNt90w%2B3d%2BZR3vA7M%3D,status wrong_file_retrieved,R0AA26166D6FD__<short title>.pdf
9,never assessed: no full text could be retrieved; full-text screening closed by researcher decision 2026-09-28,,R0F5EC4C60A62,2008,Siabi W.K.; Tambro P.E.P.,Water tariff setting and challenges for meeting water coverage target of millennium development goals in Ghana,,,https://www.scopus.com/pages/publications/84891935051?origin=resultslist,status not_retrievable,R0F5EC4C60A62__<short title>.pdf
9,never assessed: no full text could be retrieved; full-text screening closed by researcher decision 2026-09-28,,R102FC970D831,2008,"Thompson, Lisa; Nleya, Ndodana",Millennium Development Goals and water service delivery strategies: reflections on the fit between national and local policies on water in the context of global poverty alleviation initiatives,,,https://www.proquest.com/docview/61784629?accountid=13598&bdid=165489&_bd=%2FeQSnOCFEkKDMPWe9fywbtPdtp0%3D,status wrong_file_retrieved,R102FC970D831__<short title>.pdf
9,never assessed: no full text could be retrieved; full-text screening closed by researcher decision 2026-09-28,,R13E5DBA3512A,2008,"Dyckman, Caitlin S",The Covenant Conundrum in Urban Water Conservation,,,https://www.proquest.com/docview/208558022?accountid=13598&bdid=165485&_bd=sW4RELDTcgA5CYpMOkNm%2BOerA1A%3D,status not_retrievable,R13E5DBA3512A__<short title>.pdf
9,never assessed: no full text could be retrieved; full-text screening closed by researcher decision 2026-09-28,,R2281812753A2,2008,"Tietz, Hans-Peter",Functions and Spatial Structures of Local Utility Systems,,,https://www.proquest.com/docview/60362443?accountid=13598&bdid=165489&_bd=JYxkkyHSyXxcV8VxUWg6LT7xHXQ%3D,status wrong_file_retrieved,R2281812753A2__<short title>.pdf
9,never assessed: no full text could be retrieved; full-text screening closed by researcher decision 2026-09-28,,R31FDE48C55CA,2008,Wiese B.; Nützmann G.,Inverse modelling of aquitard structures using pilot points and regularisation,,,https://www.scopus.com/pages/publications/55249087628?origin=resultslist,status not_retrievable,R31FDE48C55CA__<short title>.pdf
9,never assessed: no full text could be retrieved; full-text screening closed by researcher decision 2026-09-28,,R344271883340,2008,"Xie, Jian",Addressing China's Water Scarcity; A Synthesis of Recommendations for Selected Water Resource Management Issues,,,https://www.proquest.com/docview/2131973158?accountid=13598&bdid=165485&_bd=dXyQSQUe%2FtaC%2B6FuUlja2KrGHeM%3D,status not_retrievable,R344271883340__<short title>.pdf
9,never assessed: no full text could be retrieved; full-text screening closed by researcher decision 2026-09-28,,R3C05153D3A6A,2008,Fawcett B.; Black M.,A new global sanitary revolution: Lessons from the past,,,https://www.scopus.com/pages/publications/84891905019?origin=resultslist,status not_retrievable,R3C05153D3A6A__<short title>.pdf
9,never assessed: no full text could be retrieved; full-text screening closed by researcher decision 2026-09-28,,R405EFE65A300,2008,"Singh, Nandita; Astrom, Karsten; Hyden, Hakan; Wickenberg, Per",Gender and Water from a Human Rights Perspective: The Role of Context in Translating International Norms into Local Action,,,https://www.proquest.com/docview/61725639?accountid=13598&bdid=165489&_bd=GDmAPTFrMIECc00neopNFU9k2ag%3D,status not_retrievable,R405EFE65A300__<short title>.pdf
9,never assessed: no full text could be retrieved; full-text screening closed by researcher decision 2026-09-28,,R4CE2FFCA0C55,2008,Karangwa A.,"Maintenance of drainage system infrastructure in Butare town, Rwanda",,,https://www.scopus.com/pages/publications/85056320443?origin=resultslist,status not_retrievable,R4CE2FFCA0C55__<short title>.pdf
9,never assessed: no full text could be retrieved; full-text screening closed by researcher decision 2026-09-28,,R58189D662CAB,2008,Lindemann S.,Addressing the need for water service delivery in Fragile States the case of German donor involvement in Yemen,10.1007/978-3-540-76707-7_16,https://doi.org/10.1007/978-3-540-76707-7_16,https://www.scopus.com/pages/publications/84891401905?origin=resultslist,status not_retrievable,R58189D662CAB__<short title>.pdf
9,never assessed: no full text could be retrieved; full-text screening closed by researcher decision 2026-09-28,,R59CEA15787E2,2008,Rust U.A.,Principles for mainstreaming gender equality in the South African rural water services sector,,,https://www.scopus.com/pages/publications/76249098092?origin=resultslist,status not_retrievable,R59CEA15787E2__<short title>.pdf
9,never assessed: no full text could be retrieved; full-text screening closed by researcher decision 2026-09-28,,R5ADC318283B8,2008,Anonymous,NEWS: CAG finds gaping holes in rural water supply scheme,,,https://www.proquest.com/docview/222049180?accountid=13598&bdid=165485&_bd=iKsMXLaq1lzNXIIpvJ3DsyvjDWo%3D,status not_retrievable,R5ADC318283B8__<short title>.pdf
9,never assessed: no full text could be retrieved; full-text screening closed by researcher decision 2026-09-28,,R6894E7AD5A28,2008,"Joshi, Sharadbala",Challenges in up-scaling good practices,,,https://www.proquest.com/docview/899715468?accountid=13598&bdid=165485&_bd=MHWsLe84AwxWRVIAaCoClXZOk7s%3D,status not_retrievable,R6894E7AD5A28__<short title>.pdf
9,never assessed: no full text could be retrieved; full-text screening closed by researcher decision 2026-09-28,,R6D45F9C7DD0C,2008,Scott P.,An investigation into linkages between tenure and urban sanitation development,,,https://www.scopus.com/pages/publications/84891925598?origin=resultslist,status not_retrievable,R6D45F9C7DD0C__<short title>.pdf
9,never assessed: no full text could be retrieved; full-text screening closed by researcher decision 2026-09-28,,R8193950719DC,2008,Boot N.L.D.; Scott R.E.,"Faecal sludge management in Accra, Ghana: Strengthening links in the chain",,,https://www.scopus.com/pages/publications/84891909069?origin=resultslist,status not_retrievable,R8193950719DC__<short title>.pdf
9,never assessed: no full text could be retrieved; full-text screening closed by researcher decision 2026-09-28,,R87153109CDCE,2008,Callagy S.,"The water moratorium: Takings, markets, and public choice implications of water districts",,,https://www.scopus.com/pages/publications/53649105268?origin=resultslist,status not_retrievable,R87153109CDCE__<short title>.pdf
9,never assessed: no full text could be retrieved; full-text screening closed by researcher decision 2026-09-28,,R8E5241AB17D4,2008,"Chappells, Heather; Medd, Will",From Big Solutions to Small Practices: Bringing Back the Active Consumer,,,https://www.proquest.com/docview/213969261?accountid=13598&bdid=165489&_bd=I9mbFzdRnCXTd4MN3ZNWcnOi8SI%3D,status not_retrievable,R8E5241AB17D4__<short title>.pdf
9,never assessed: no full text could be retrieved; full-text screening closed by researcher decision 2026-09-28,,R90145EEE554B,2008,"Razzolini, Maria Tereza Pepe; Risso Gunther, Wanda",Health Impacts Due to Deficient Water Access,,,https://www.proquest.com/docview/61709457?accountid=13598&bdid=165489&_bd=%2BrveXhoarw1NhxMAdyMr92p014Q%3D,status not_retrievable,R90145EEE554B__<short title>.pdf
9,never assessed: no full text could be retrieved; full-text screening closed by researcher decision 2026-09-28,,R941190D16D5E,2008,"Luo, Juan Hui",Study and Empirical Analyses on Water Price Regulation in Kunming,,,https://www.proquest.com/docview/1027100754?accountid=13598&bdid=165485&_bd=alMpqv%2BQ%2Fa5ej9CbyW15TaeOjNE%3D,status not_retrievable,R941190D16D5E__<short title>.pdf
9,never assessed: no full text could be retrieved; full-text screening closed by researcher decision 2026-09-28,,R991252919846,2008,"Crampton, Andrea; Ragusa, Angela","My Water's Fine, Isn't it? An Exploration of the Gendered Perception of Water Quality and Security in Australia",,,https://www.proquest.com/docview/61769914?accountid=13598&bdid=165489&_bd=2eVe0G2JJfIopmrhCb3aJ%2B9eTZk%3D,status not_retrievable,R991252919846__<short title>.pdf
9,never assessed: no full text could be retrieved; full-text screening closed by researcher decision 2026-09-28,,RA2073B7078CB,2008,"Balakrishnan, Sai","Desired Outcomes, Unexpected Processes: Two Stories of Sanitation Maintenance in Erode Tenements, India",,,https://www.proquest.com/docview/3335387414?accountid=13598&bdid=165485&_bd=pnlJplQg1rKdX35Wcawkjbhu0yo%3D,status not_retrievable,RA2073B7078CB__<short title>.pdf
9,never assessed: no full text could be retrieved; full-text screening closed by researcher decision 2026-09-28,,RA3629C1AA14D,2008,"Tanner, R.E.S.","Folklore, Water and Development",,,https://www.proquest.com/docview/61668797?accountid=13598&bdid=165489&_bd=1uM5cxHxPZp%2FNKkwUNMowNvA%2BFQ%3D,status not_retrievable,RA3629C1AA14D__<short title>.pdf
9,never assessed: no full text could be retrieved; full-text screening closed by researcher decision 2026-09-28,,RAB5640F28991,2008,"Padfield, Rory","Water, politics and the persistence of uneven development in the zambian copperbelt",,,https://www.proquest.com/docview/301722711?accountid=13598&bdid=165485&_bd=ydjabfT2PwgREtKdT0VKm9B1tLM%3D,status not_retrievable,RAB5640F28991__<short title>.pdf
9,never assessed: no full text could be retrieved; full-text screening closed by researcher decision 2026-09-28,,RB396888EAC30,2008,"Tortajada, Cecilia",CHALLENGES AND REALITIES OF WATER MANAGEMENT OF MEGACITIES: THE CASE OF MEXICO CITY METROPOLITAN AREA,,,https://www.proquest.com/docview/220711586?accountid=13598&bdid=165485&_bd=FpbRCCkuBDjHZyv%2B84A5MjPSP6U%3D,status not_retrievable,RB396888EAC30__<short title>.pdf
9,never assessed: no full text could be retrieved; full-text screening closed by researcher decision 2026-09-28,,RB72AD6020116,2008,"Prasad, Naren",Social policies and private sector participation in water supply: beyond regulation,,,https://www.proquest.com/docview/877841672?accountid=13598&bdid=165485&_bd=mxabSs0JXymYQ3PajLW68vQAH80%3D,status not_retrievable,RB72AD6020116__<short title>.pdf
9,never assessed: no full text could be retrieved; full-text screening closed by researcher decision 2026-09-28,,RC29923502420,2008,Eguavoen I.,"Drinking water policy, water rights and allocation practice in rural Northern Ghana",,,https://www.scopus.com/pages/publications/84891948477?origin=resultslist,status not_retrievable,RC29923502420__<short title>.pdf
9,never assessed: no full text could be retrieved; full-text screening closed by researcher decision 2026-09-28,,RC62E2BE34445,2008,"Teotia, Manoj Kumar","Environment, Poverty and Social Learning in Urban India: Issues and Strategies (A Case Study of Ludhiana Metropolitan Town)",,,https://www.proquest.com/docview/61783233?accountid=13598&bdid=165485&_bd=z8zQvf216nlZzvntXUMtbg0y4zA%3D,status not_retrievable,RC62E2BE34445__<short title>.pdf
9,never assessed: no full text could be retrieved; full-text screening closed by researcher decision 2026-09-28,,RD27BEE97CAF5,2008,"Connors, Genevieve",Watering the slums: How a utility and its street-level bureaucrats connected the poor in Bangalore,,,https://www.proquest.com/docview/61788801?accountid=13598&bdid=165489&_bd=0feBnxU9X6eewEE98JvkLtZk%2BF8%3D,status not_retrievable,RD27BEE97CAF5__<short title>.pdf
9,never assessed: no full text could be retrieved; full-text screening closed by researcher decision 2026-09-28,,RD5FF0A504F13,2008,Krause M.,The political economy of water and sanitation services in Colombia,10.1007/978-3-540-76707-7_11,https://doi.org/10.1007/978-3-540-76707-7_11,https://www.scopus.com/pages/publications/84891433443?origin=resultslist,status not_retrievable,RD5FF0A504F13__<short title>.pdf
9,never assessed: no full text could be retrieved; full-text screening closed by researcher decision 2026-09-28,,RDDF23D3C6F70,2008,"Harvey, Peter A.",Sustainability of rural water services in low-income countries: case studies in sub-saharan africa,,,https://www.proquest.com/docview/898748449?accountid=13598&bdid=165485&_bd=UO66eXbcxH9hOB12H%2B%2FFwZRgYcM%3D,status not_retrievable,RDDF23D3C6F70__<short title>.pdf
9,never assessed: no full text could be retrieved; full-text screening closed by researcher decision 2026-09-28,,RE8FC10EE45D1,2008,"Pant, Dhruba; Bhattarai, Madhusudan; Basnet, Govinda",Implications of bulk water transfer on local water management institutions: A case study of the Melamchi Water Supply Project in Nepal,,,https://www.proquest.com/docview/1698098756?accountid=13598&bdid=165485&_bd=Tj9oPVbLVkzNhHiqAwNgWzXc9Nw%3D,status not_retrievable,RE8FC10EE45D1__<short title>.pdf
9,never assessed: no full text could be retrieved; full-text screening closed by researcher decision 2026-09-28,,REEB1EECF159B,2008,Darras H.; Jacob M.; Gulgul C.; Cabassud C.; Racault Y.; Husson A.; Lavison G.; Moulin L.; Rauzy S.,Reuse of purified waste water by the combination of biological and membrane processes. PRECODD 2006 programme; [Réutilisation des eaux usées épurées par association de procédés biologiques et membrana,,,https://www.scopus.com/pages/publications/77953175296?origin=resultslist,status not_retrievable,REEB1EECF159B__<short title>.pdf
9,never assessed: no full text could be retrieved; full-text screening closed by researcher decision 2026-09-28,,RF4750E656C04,2008,Wenjie Q.,Application of DBO model to waste water treatment plants in small towns,,,https://www.scopus.com/pages/publications/84928948740?origin=resultslist,status not_retrievable,RF4750E656C04__<short title>.pdf
9,never assessed: no full text could be retrieved; full-text screening closed by researcher decision 2026-09-28,,RF62C9009B097,2008,Kluge T.; Scheele U.,Private sector participation in water supply and sanitation a contribution to attaining the millennium development goals or merely the export of old solutions?,10.1007/978-3-540-76707-7_9,https://doi.org/10.1007/978-3-540-76707-7_9,https://www.scopus.com/pages/publications/79952029619?origin=resultslist,status not_retrievable,RF62C9009B097__<short title>.pdf
9,never assessed: no full text could be retrieved; full-text screening closed by researcher decision 2026-09-28,,RFFFA5FF2C13B,2008,Van Rooijen D.J.; Spalthoff D.; Raschid-Sally L.,Domestic water supply in Accra: How physical and social constraints to planning have greater consequences for the poor,,,https://www.scopus.com/pages/publications/84891903883?origin=resultslist,status not_retrievable,RFFFA5FF2C13B__<short title>.pdf
9,never assessed: no full text could be retrieved; full-text screening closed by researcher decision 2026-09-28,,R0358B81545C7,2009,"Saavedra-Costas, Pablo A.",A Study of the Impact of Decentralization on Access to Service Delivery,,,https://www.proquest.com/docview/885864720?accountid=13598&bdid=165485&_bd=u1v14EEhxa1yjkcJz%2Bn48NNBNFw%3D,status wrong_file_retrieved,R0358B81545C7__<short title>.pdf
9,never assessed: no full text could be retrieved; full-text screening closed by researcher decision 2026-09-28,,R05315EFB334C,2009,"Ewart, Sande",Mutual aid as community development: Accessing potable water in rural El Salvador,,,https://www.proquest.com/docview/60349431?accountid=13598&bdid=165489&_bd=k8BFOUyKevlgl4ga7e1%2FfBmO9vI%3D,status wrong_file_retrieved,R05315EFB334C__<short title>.pdf
9,never assessed: no full text could be retrieved; full-text screening closed by researcher decision 2026-09-28,,R062509D0652A,2009,"Escalona, Lenny; Espitia, Manuel; García, Lucia",Features of the drinkable water sector in Venezuela,,,https://www.proquest.com/docview/851745770?accountid=13598&bdid=165485&_bd=7RgqZZ6VtLh4nxUE%2FjHsKtxWp6Y%3D,status wrong_file_retrieved,R062509D0652A__<short title>.pdf
9,never assessed: no full text could be retrieved; full-text screening closed by researcher decision 2026-09-28,,R096943083833,2009,"Armand, Flavie",Évaluation des captages futurs en eau souterraine par les municipalités du Québec,,,https://www.proquest.com/docview/305128605?accountid=13598&bdid=165485&_bd=U2jAJANTONqimn3wTXw7Z1rG95o%3D,status wrong_file_retrieved,R096943083833__<short title>.pdf
9,never assessed: no full text could be retrieved; full-text screening closed by researcher decision 2026-09-28,,R09FC86C2B2A1,2009,"García-Rubio, Miguel A; González-Gómez, Francisco; Guardiola, Jorge",Performance and ownership in the governance of urban water,,,https://www.proquest.com/docview/1698393236?accountid=13598&bdid=165485&_bd=zwlO6%2Fdzm2fQA3QIzrHav%2FBLv3A%3D,status wrong_file_retrieved,R09FC86C2B2A1__<short title>.pdf
9,never assessed: no full text could be retrieved; full-text screening closed by researcher decision 2026-09-28,,R0B53702535FD,2009,Organisation for Economic Co-operation and Development (OECD),Managing Water for All,,,https://www.proquest.com/docview/2131212515?accountid=13598&bdid=165485&_bd=ZhAIz%2Bb41vgO1R77otasYnpfKzI%3D,status wrong_file_retrieved,R0B53702535FD__<short title>.pdf
9,never assessed: no full text could be retrieved; full-text screening closed by researcher decision 2026-09-28,,R0D5C4BC1354D,2009,"Nallathiga, Ramakrishna",Private Sector Participation in the Provision of Urban Water Supply: Examining the Options and Scope in Mumbai,,,https://www.proquest.com/docview/198492729?accountid=13598&bdid=165485&_bd=og%2Fl%2BidALATHmAsSEtXMlVTST4E%3D,status wrong_file_retrieved,R0D5C4BC1354D__<short title>.pdf
9,never assessed: no full text could be retrieved; full-text screening closed by researcher decision 2026-09-28,,R0E6CFD632882,2009,"Höllermann, B; Diekkrüger, B; Giertz, S","Assessment of the current and future water balance of the Oueme catchment (Benin, West Africa) for an integrated water-resources management by using the WEAP water planning model",,,https://www.webofscience.com/wos/woscc/full-record/WOS:000270615300002,status wrong_file_retrieved,R0E6CFD632882__<short title>.pdf
9,never assessed: no full text could be retrieved; full-text screening closed by researcher decision 2026-09-28,,R1646F0221608,2009,"Mogues, Tewodaj; Cohen, Marc J; Birner, Regina; Lemma, Mamusha; Randriamamonjy, Josee; Tadesse, Fanaye; Paulos, Zelekawo",The governance of service delivery for the poor and women: A study of rural water supply in Ethiopia,,,https://www.proquest.com/docview/1698098757?accountid=13598&bdid=165485&_bd=GebkrjoIWGd3ZS7bG9vCD%2BIorDs%3D,status wrong_file_retrieved,R1646F0221608__<short title>.pdf
9,never assessed: no full text could be retrieved; full-text screening closed by researcher decision 2026-09-28,,R1803F7055859,2009,"Botton, Sarah","Management Arrangements from One Context to Another: Crossbreeding, Ruptures and Innovations? French Water and Electricity Service Groups in the Shantytowns of Buenos Aires",,,https://www.proquest.com/docview/743045826?accountid=13598&bdid=165489&_bd=4iwrRtqvJJ9Uoa6zznb%2B9ANUr5Y%3D,status not_retrievable,R1803F7055859__<short title>.pdf
9,never assessed: no full text could be retrieved; full-text screening closed by researcher decision 2026-09-28,,R1F37F14B3722,2009,"Beausejour, Julie",Alternatives à l'assainissement centralisé dans les pays en développement: Le cas des zones périurbaines du Vietnam,,,https://www.proquest.com/docview/305131821?accountid=13598&bdid=165485&_bd=knZ9vUoONs5tST85sZUOujspB2w%3D,status wrong_file_retrieved,R1F37F14B3722__<short title>.pdf
9,never assessed: no full text could be retrieved; full-text screening closed by researcher decision 2026-09-28,,R21A5A06F675B,2009,"Flores, COC",Water privatization and environmental racism in segregated cities. Aguas del Illimani company in the cities of La Paz and El Alto (1997-2005),,,https://www.webofscience.com/wos/woscc/full-record/WOS:000274871900005,status not_retrievable,R21A5A06F675B__<short title>.pdf
9,never assessed: no full text could be retrieved; full-text screening closed by researcher decision 2026-09-28,,R26752BE1C207,2009,Thiel A.,"Europeanisation and the rescaling of water services: Agency and state spatial strategies in the Algarve, Portugal",,,https://www.scopus.com/pages/publications/67651123007?origin=resultslist,status not_retrievable,R26752BE1C207__<short title>.pdf
9,never assessed: no full text could be retrieved; full-text screening closed by researcher decision 2026-09-28,,R2D6804041AA0,2009,Sheikh P.A.; Cody B.A.,CALFED bay-delta program: Overview of institutional and water use issues,,,https://www.scopus.com/pages/publications/85049077420?origin=resultslist,status not_retrievable,R2D6804041AA0__<short title>.pdf
9,never assessed: no full text could be retrieved; full-text screening closed by researcher decision 2026-09-28,,R2EB4D666487D,2009,"Odeh, Nancy",Towards Improved Partnerships in the Water Sector in the Middle East: a Case Study of Jordan,,,https://www.proquest.com/docview/305095707?accountid=13598&bdid=165485&_bd=0S4wgYmYUSDg8J29XEsNwasFquc%3D,status not_retrievable,R2EB4D666487D__<short title>.pdf
9,never assessed: no full text could be retrieved; full-text screening closed by researcher decision 2026-09-28,,R31BD502FD038,2009,"Pederson, Jennifer A",Stream-flow bill bad for state,,,https://www.proquest.com/docview/269054159?accountid=13598&bdid=165485&_bd=1qigRbCL7XpQ9XcKlXSE4u7xB9E%3D,status wrong_file_retrieved,R31BD502FD038__<short title>.pdf
9,never assessed: no full text could be retrieved; full-text screening closed by researcher decision 2026-09-28,,R3481E71E1755,2009,Anonymous,"The Water Crisis in Blantyre City and its Impact on Women: The Cases of Mabyani and Ntopwa, Malawi",,,https://www.proquest.com/docview/232163256?accountid=13598&bdid=165489&_bd=mq15r58Ymuc9RKGVDGmBGoAJzcc%3D,status not_retrievable,R3481E71E1755__<short title>.pdf
9,never assessed: no full text could be retrieved; full-text screening closed by researcher decision 2026-09-28,,R3998F8462C95,2009,Anonymous,Water Pollution Control Authority acts within its discretion in denying extension of service for large development outside planned service area,,,https://www.proquest.com/docview/233304240?accountid=13598&bdid=165485&_bd=EagNrIMHbSqYhMt3QktZjmA%2B6F0%3D,status not_retrievable,R3998F8462C95__<short title>.pdf
9,never assessed: no full text could be retrieved; full-text screening closed by researcher decision 2026-09-28,,R3EC82F2544AC,2009,"Alceu de Castro Galvão Junior; Nishio, Sandra Regina; Bouvier, Beatriz Baraúna; Frederico Araujo Turolla",State regulatory frameworks for basic sanitation in Brazil,,,https://www.proquest.com/docview/1643151242?accountid=13598&bdid=165485&_bd=okcdWwUO6Guuj2mkEHWS3mf4QZ8%3D,status wrong_file_retrieved,R3EC82F2544AC__<short title>.pdf
9,never assessed: no full text could be retrieved; full-text screening closed by researcher decision 2026-09-28,,R40DBF56B62A4,2009,"Davies, Ganiyu Olanrewaju","A Study of the Interconnections Between Colonial Land Policies and Urbanisation in Lagos, 1861-1960",,,https://www.proquest.com/docview/2700780133?accountid=13598&bdid=165485&_bd=yyAgaOyQ4YCvxwH1eE06W92S2GM%3D,status not_retrievable,R40DBF56B62A4__<short title>.pdf
9,never assessed: no full text could be retrieved; full-text screening closed by researcher decision 2026-09-28,,R44BE62ED7B12,2009,"Sopacua, Juliaty","Watershed characterization, management and policy implication: Towards a sustainable human-ecosystem comunity with a case study from Krueng Aceh Watershed Aceh, Indonesia",,,https://www.proquest.com/docview/758921889?accountid=13598&bdid=165485&_bd=onEnHZuJfUn6C4%2BlPZ9Oeoe5NLo%3D,status not_retrievable,R44BE62ED7B12__<short title>.pdf
9,never assessed: no full text could be retrieved; full-text screening closed by researcher decision 2026-09-28,,R494C5B6A5FB0,2009,"Misra, Kajri",Democracy and efficacy in service provision: A comparison of post -reform domestic water supply in three Indian states,,,https://www.proquest.com/docview/304878190?accountid=13598&bdid=165485&_bd=GXhjpoq9tRb3EXmOBCUeF0GnuNE%3D,status not_retrievable,R494C5B6A5FB0__<short title>.pdf
9,never assessed: no full text could be retrieved; full-text screening closed by researcher decision 2026-09-28,,R4C4CC585B1C8,2009,"Israel, Danilo C",An Assessment of the Local Service Delivery of Potable Water in Dumaguete City and Selected Areas of Agusan del Sur Province,,,https://www.proquest.com/docview/882909536?accountid=13598&bdid=165485&_bd=K2NOnIzfAzfoJ43eVcbihhGz7mk%3D,status not_retrievable,R4C4CC585B1C8__<short title>.pdf
9,never assessed: no full text could be retrieved; full-text screening closed by researcher decision 2026-09-28,,R4FDF6D399848,2009,"Pichardo Pagaza, Ignacio",Municipal Responsibilities in Environmental Matters,,,https://www.proquest.com/docview/60342093?accountid=13598&bdid=165489&_bd=b22Kzi83xsoKcfmwl3WahSL54LQ%3D,status not_retrievable,R4FDF6D399848__<short title>.pdf
9,never assessed: no full text could be retrieved; full-text screening closed by researcher decision 2026-09-28,,R52820A2B58CF,2009,"Kumar, Manish",Institutional and regulatory economics of Public Private Partnerships in infrastructure: Evidences from stochastic cost frontier analysis and three case studies of urban water utilities,,,https://www.proquest.com/docview/304881426?accountid=13598&bdid=165485&_bd=B0aNO1HW2zzLwVaavijX64n0%2BdY%3D,status not_retrievable,R52820A2B58CF__<short title>.pdf
9,never assessed: no full text could be retrieved; full-text screening closed by researcher decision 2026-09-28,,R539E1F872FAF,2009,Anonymous,Nergui Manalsuren interviews JAE SO and PETER KOLSKY of the World Bank; [Source: NoticiasFinancieras],,,https://www.proquest.com/docview/466194484?accountid=13598&bdid=165485&_bd=CeKhsbUuu7CbrIVdur3mf7hlPGQ%3D,status not_retrievable,R539E1F872FAF__<short title>.pdf
9,never assessed: no full text could be retrieved; full-text screening closed by researcher decision 2026-09-28,,R5551DCF6AC45,2009,"Sutherland, Alan",Sustainable approach needed for water bills,,,https://www.proquest.com/docview/232127637?accountid=13598&bdid=165485&_bd=2CMRHmuSJAInihi%2BT0riF%2B62TZE%3D,status not_retrievable,R5551DCF6AC45__<short title>.pdf
9,never assessed: no full text could be retrieved; full-text screening closed by researcher decision 2026-09-28,,R5CA121A0E656,2009,"Butic, Natasa Loncar; Magdalenic, Ivan; Zupancic, Milan",Istria -- Draguc Dam,,,https://www.proquest.com/docview/743044173?accountid=13598&bdid=165489&_bd=7N7WHPO3zdHJ1XqIlUhT1gA0jw0%3D,status not_retrievable,R5CA121A0E656__<short title>.pdf
9,never assessed: no full text could be retrieved; full-text screening closed by researcher decision 2026-09-28,,R5FAD601495A9,2009,"Nkansah, Andrews","Management of faecal sludge in the urban areas of low-income countries: a case of tamale, ghana",,,https://www.proquest.com/docview/899749347?accountid=13598&bdid=165485&_bd=vrih6M%2BFn4pEGRexVAb7%2BPLxYtI%3D,status not_retrievable,R5FAD601495A9__<short title>.pdf
9,never assessed: no full text could be retrieved; full-text screening closed by researcher decision 2026-09-28,,R6201DEBD9C1D,2009,Philippine Institute for Development Studies,Improving Local Service Delivery for the MDGs in Asia: the Case of the Philippines,,,https://www.proquest.com/docview/1698934796?accountid=13598&bdid=165485&_bd=l17uzTh36CieeLxH0a0chAVBbDM%3D,status not_retrievable,R6201DEBD9C1D__<short title>.pdf
9,never assessed: no full text could be retrieved; full-text screening closed by researcher decision 2026-09-28,,R6E056F269F35,2009,"Tiwari, Anand Prakash","Choice and Preference of Water Supply institutions: Analysing Expert, Stakeholder and Consumer Preferences for Reforms in developing city of Delhi",,,https://www.proquest.com/docview/1884218023?accountid=13598&bdid=165485&_bd=Erquz4cUWNJ0puSr4cK%2Bx7QrJCM%3D,status not_retrievable,R6E056F269F35__<short title>.pdf
9,never assessed: no full text could be retrieved; full-text screening closed by researcher decision 2026-09-28,,R72C09FDD09E5,2009,"Viehoff, V. A.",Engineering modernity: the provision of water for tangier 1840-1956,,,https://www.proquest.com/docview/1774213454?accountid=13598&bdid=165485&_bd=918y13Er7SUuZw%2FxFVf1N2A%2FyI4%3D,status not_retrievable,R72C09FDD09E5__<short title>.pdf
9,never assessed: no full text could be retrieved; full-text screening closed by researcher decision 2026-09-28,,R751F32AD5F4D,2009,"Mogues, Tewodaj; Cohen, Marc J; Birner, Regina; Lemma, Mamusha; Randriamamonjy, Josee; Tadesse, Fanaye; Paulos, Zelekawo",Access to and governance of rural services: Agricultural extension and drinking water supply in Ethiopia,,,https://www.proquest.com/docview/1698097834?accountid=13598&bdid=165485&_bd=fj%2FRJVLowNcCZ9OEEbL4hRXhKIk%3D,status not_retrievable,R751F32AD5F4D__<short title>.pdf
9,never assessed: no full text could be retrieved; full-text screening closed by researcher decision 2026-09-28,,R790D58E6A659,2009,"García, HAC",New challenges in the implementation of policies of environmental sanitation,,,https://www.webofscience.com/wos/woscc/full-record/WOS:000219730200009,status wrong_file_retrieved,R790D58E6A659__<short title>.pdf
9,never assessed: no full text could be retrieved; full-text screening closed by researcher decision 2026-09-28,,R7F3F17DD0C6D,2009,Watson N.; Deeming H.; Treffny R.,Beyond bureaucracy? Assessing institutional change in the governance of water in England,,,https://www.scopus.com/pages/publications/77951264778?origin=resultslist,status not_retrievable,R7F3F17DD0C6D__<short title>.pdf
9,never assessed: no full text could be retrieved; full-text screening closed by researcher decision 2026-09-28,,R802AAEF5465F,2009,Skadsen J.; Babcock R.; Mikelonis A.; Bennett J.,Sustainability for security: Vulnerability assessments of Michigan water utilities - Where are we today?,,,https://www.scopus.com/pages/publications/84873514062?origin=resultslist,status not_retrievable,R802AAEF5465F__<short title>.pdf
9,never assessed: no full text could be retrieved; full-text screening closed by researcher decision 2026-09-28,,R80662D1B2A50,2009,Ghosh D.K.,Millennium Development Goals and the role of panchayats : Exploring through west bengal case,,,https://www.scopus.com/pages/publications/70449572006?origin=resultslist,status not_retrievable,R80662D1B2A50__<short title>.pdf
9,never assessed: no full text could be retrieved; full-text screening closed by researcher decision 2026-09-28,,R8151C5FF246C,2009,"Amano, Yuichi",Democratization and power-sharing for alternative social orders: Lessons from economic liberalization and water conflict in India,,,https://www.proquest.com/docview/60339698?accountid=13598&bdid=165489&_bd=TCrF4pTY%2Fj56RbCe%2BJ9qS819eBU%3D,status not_retrievable,R8151C5FF246C__<short title>.pdf
9,never assessed: no full text could be retrieved; full-text screening closed by researcher decision 2026-09-28,,R82299B091458,2009,"Colbran, Nicola",Will Jakarta be the next Atlantis? Excessive groundwater use resulting from a failing piped water network,,,https://www.proquest.com/docview/37131173?accountid=13598&bdid=165485&_bd=JrR4OqHed7NhL8K1fk26DDR%2BFXs%3D,status not_retrievable,R82299B091458__<short title>.pdf
9,never assessed: no full text could be retrieved; full-text screening closed by researcher decision 2026-09-28,,R8B0C6D84F0F3,2009,Jeths M.; Haylamicheal I.D.; Abebe H.A.,"The sustainability of water supply schemes in Mirab Abaya and Alaba Special Woreda, SNNPRS, Ethiopia",,,https://www.scopus.com/pages/publications/85099525034?origin=resultslist,status not_retrievable,R8B0C6D84F0F3__<short title>.pdf
9,never assessed: no full text could be retrieved; full-text screening closed by researcher decision 2026-09-28,,R8DCF8DEDE741,2009,Walker T.; Roux A.; Zavlanos V.; Bowen B.,Australia's western corridor recycled water project - Regulation of an indirect potable recycling scheme down under,,,https://www.scopus.com/pages/publications/84874741173?origin=resultslist,status not_retrievable,R8DCF8DEDE741__<short title>.pdf
9,never assessed: no full text could be retrieved; full-text screening closed by researcher decision 2026-09-28,,R95726741ACAE,2009,"Mann, Damian",Rural sewer access,,,https://www.proquest.com/docview/457142673?accountid=13598&bdid=165485&_bd=LGDR8mWZz0Aq3KQupEnW7ywKOxo%3D,status not_retrievable,R95726741ACAE__<short title>.pdf
9,never assessed: no full text could be retrieved; full-text screening closed by researcher decision 2026-09-28,,R959FDBAAF44F,2009,Shrestha B.K.; Shrestha S.,Urban waterfront development patterns: Water as a structuring element of urbanity,,,https://www.scopus.com/pages/publications/79952294750?origin=resultslist,status not_retrievable,R959FDBAAF44F__<short title>.pdf
9,never assessed: no full text could be retrieved; full-text screening closed by researcher decision 2026-09-28,,R9614DD77DB9B,2009,"Israel, Danilo C",Local Service Delivery of Potable Water in the Philippines: National Review and Case Analysis,,,https://www.proquest.com/docview/1698934683?accountid=13598&bdid=165485&_bd=wwzsPjRzdG18UduPVudcdA2INms%3D,status not_retrievable,R9614DD77DB9B__<short title>.pdf
9,never assessed: no full text could be retrieved; full-text screening closed by researcher decision 2026-09-28,,RA53680C840E0,2009,Karangwa A.,"Maintenance of drainage system infrastructure in Butare Town, Rwanda",,,https://www.scopus.com/pages/publications/79952304065?origin=resultslist,status not_retrievable,RA53680C840E0__<short title>.pdf
9,never assessed: no full text could be retrieved; full-text screening closed by researcher decision 2026-09-28,,RA6C466A0211E,2009,"Juuti, P; Mäki, H",Durban and Porvoo - Governing Water Supply in South Africa and Finland,,,https://www.webofscience.com/wos/woscc/full-record/WOS:000422363500001,status not_retrievable,RA6C466A0211E__<short title>.pdf
9,never assessed: no full text could be retrieved; full-text screening closed by researcher decision 2026-09-28,,RA712B2759F69,2009,"Burley, Caitlin J",Drinking water quality and trust: Communities and risk information,,,https://www.proquest.com/docview/60332383?accountid=13598&bdid=165489&_bd=hDEN3ys1c1%2B8aZZE5wfb836kju8%3D,status not_retrievable,RA712B2759F69__<short title>.pdf
9,never assessed: no full text could be retrieved; full-text screening closed by researcher decision 2026-09-28,,RAA26B0D11159,2009,"Galvao, AC",Challenges for providing universal access to water and sewer services in Brazil,,,https://www.webofscience.com/wos/woscc/full-record/WOS:000268835700012,status not_retrievable,RAA26B0D11159__<short title>.pdf
9,never assessed: no full text could be retrieved; full-text screening closed by researcher decision 2026-09-28,,RBC57AD90ACFB,2009,"Amaya Ventura, Ma. de Lourdes",Outlook for Reform of Water Sector in Mexico: An Institutional Analysis,,,https://www.proquest.com/docview/1125216853?accountid=13598&bdid=165489&_bd=8GthXgAYOS2%2BpSHNBXHe2Te%2BP6I%3D,status wrong_file_retrieved,RBC57AD90ACFB__<short title>.pdf
9,never assessed: no full text could be retrieved; full-text screening closed by researcher decision 2026-09-28,,RC3766387D69C,2009,"da Ponte, Carlos",Using consumer beliefs and values in the design of sustainable water governance systems,,,https://www.proquest.com/docview/60354798?accountid=13598&bdid=165485&_bd=0PH8GUwEDrDGWEz%2BJQqkYp%2BYuMw%3D,status not_retrievable,RC3766387D69C__<short title>.pdf
9,never assessed: no full text could be retrieved; full-text screening closed by researcher decision 2026-09-28,,RC3DCB866134D,2009,Anonymous,Palestinian water shortage another effect of conflict,,,https://www.proquest.com/docview/250716958?accountid=13598&bdid=165485&_bd=wvjf5d33CbQA3OXnty9AuEpWULI%3D,status not_retrievable,RC3DCB866134D__<short title>.pdf
9,never assessed: no full text could be retrieved; full-text screening closed by researcher decision 2026-09-28,,RC467FC57751F,2009,"Zheng, Da Bin",A study on management of sewage treatment concession for xilang water treatment plant in guangzhou,,,https://www.proquest.com/docview/1869033670?accountid=13598&bdid=165485&_bd=UWPFMJD7Yqc7veXtQs5ozYA5OCY%3D,status not_retrievable,RC467FC57751F__<short title>.pdf
9,never assessed: no full text could be retrieved; full-text screening closed by researcher decision 2026-09-28,,RC4E5083A9C61,2009,"Wackerbauer, Johann",Structure and development of German water supply compared with other European countries,,,https://www.proquest.com/docview/761041275?accountid=13598&bdid=165485&_bd=NbcptoyoVko6JH5eyW95RS6bNCw%3D,status not_retrievable,RC4E5083A9C61__<short title>.pdf
9,never assessed: no full text could be retrieved; full-text screening closed by researcher decision 2026-09-28,,RC7268A843086,2009,"Byrnes, J; Crase, L; Dollery, B; Villano, R",AN ANALYSIS OF THE RELATIVE EFFICIENCY OF WASTEWATER UTILITIES IN NON-METROPOLITAN NEW SOUTH WALES AND VICTORIA,,,https://www.webofscience.com/wos/woscc/full-record/WOS:000213541800002,status not_retrievable,RC7268A843086__<short title>.pdf
9,never assessed: no full text could be retrieved; full-text screening closed by researcher decision 2026-09-28,,RCD35B77EDFE1,2009,Swapan M.S.H.; Ahmed S.,Ensuring access to urban water for slum dwellers: An institutional synthesis of low income cities in Bangladesh,,,https://www.scopus.com/pages/publications/79952307749?origin=resultslist,status not_retrievable,RCD35B77EDFE1__<short title>.pdf
9,never assessed: no full text could be retrieved; full-text screening closed by researcher decision 2026-09-28,,RCDF7F883CAB7,2009,"Nunez, Ana","Opening up urban policy and social identities: Neither entrepreneurs, nor bureaucrats, or neighbours: deep statality and extense statality",,,https://www.proquest.com/docview/60345451?accountid=13598&bdid=165489&_bd=cPm0r%2Ff%2F9T13v308kRg%2BMYDHjOM%3D,status not_retrievable,RCDF7F883CAB7__<short title>.pdf
9,never assessed: no full text could be retrieved; full-text screening closed by researcher decision 2026-09-28,,RDAFBB5117ACF,2009,"Akpabio, Emmanuel M; Ekanem, Ekanem M",Water uncertainties in Southeastern Nigeria: Why government should be interested in management,,,https://www.proquest.com/docview/764428706?accountid=13598&bdid=165485&_bd=HJUDDgSqMmmVvNG7c5jy6nXYFWo%3D,status not_retrievable,RDAFBB5117ACF__<short title>.pdf
9,never assessed: no full text could be retrieved; full-text screening closed by researcher decision 2026-09-28,,RDBD6F9484AB1,2009,"Zheng, Yan Ling",Municipal water service models and regulation,,,https://www.proquest.com/docview/1869202682?accountid=13598&bdid=165485&_bd=kCgQKrUjKCUSvfdjjY3t2fPWvO8%3D,status not_retrievable,RDBD6F9484AB1__<short title>.pdf
9,never assessed: no full text could be retrieved; full-text screening closed by researcher decision 2026-09-28,,RDE42FAEF86DD,2009,"Nzimakwe, Thokozani Ian",Water and sanitation provision through public-private partnerships: Challenges for municipalities,,,https://www.proquest.com/docview/61750762?accountid=13598&bdid=165485&_bd=dF8bKBuPz71vNEQm9AOKExBLmL8%3D,status not_retrievable,RDE42FAEF86DD__<short title>.pdf
9,never assessed: no full text could be retrieved; full-text screening closed by researcher decision 2026-09-28,,RE38B01D5853D,2009,"Celio, Mattia S",Allocating water from agriculture to growing cities : the Hyderabad case (South-India) and its implications for urban water transfers research and policy,,,https://www.proquest.com/docview/2312390380?accountid=13598&bdid=165485&_bd=8T06IQFSXORDVh4NGDPR8TE2KRs%3D,status not_retrievable,RE38B01D5853D__<short title>.pdf
9,never assessed: no full text could be retrieved; full-text screening closed by researcher decision 2026-09-28,,RE5C928587BA7,2009,Galvão Junior A.C.; Nishio S.R.; Bouvier B.B.; Turolla F.A.,State regulatory frameworks for basic sanitation in Brazil; [Marcos regulatórios estaduais em saneamento básico no Brasil],,,https://www.scopus.com/pages/publications/67649763943?origin=resultslist,status not_retrievable,RE5C928587BA7__<short title>.pdf
9,never assessed: no full text could be retrieved; full-text screening closed by researcher decision 2026-09-28,,REA9578DA2DE4,2009,"Guo, Jian Qing",A study on the regulatory reform of municipalsystems of public utilities in china,,,https://www.proquest.com/docview/1868792811?accountid=13598&bdid=165485&_bd=svBflKhxYAuJzpf9e1n1K13CiDw%3D,status not_retrievable,REA9578DA2DE4__<short title>.pdf
9,never assessed: no full text could be retrieved; full-text screening closed by researcher decision 2026-09-28,,RF6D0D4B41804,2009,"Ji, Jun",Function improvement research on the accessorial-room of existing country house in cold area,,,https://www.proquest.com/docview/1869036618?accountid=13598&bdid=165485&_bd=xBBrxuwkCVODdylODGGxsOQbvaU%3D,status not_retrievable,RF6D0D4B41804__<short title>.pdf
9,never assessed: no full text could be retrieved; full-text screening closed by researcher decision 2026-09-28,,RF7058FFCA090,2009,,Hazardous waste management system; Identification and listing of hazardous waste; Final exclusion,,,https://www.scopus.com/pages/publications/65349100463?origin=resultslist,status not_retrievable,RF7058FFCA090__<short title>.pdf
9,never assessed: no full text could be retrieved; full-text screening closed by researcher decision 2026-09-28,,RFA65F81DDB47,2009,"Crow, Ben; Odaba, Edmond","Scarce, costly and uncertain: water access in Kibera, Nairobi",,,https://www.proquest.com/docview/1698040908?accountid=13598&bdid=165485&_bd=epHnXWTrMEsfHQnJtHN6Cv%2Fgy1g%3D,status not_retrievable,RFA65F81DDB47__<short title>.pdf
9,never assessed: no full text could be retrieved; full-text screening closed by researcher decision 2026-09-28,,RFEE962BD6DAD,2009,Bevan J.; Franceys R.,Urban partnership approaches: A WSUP update,,,https://www.scopus.com/pages/publications/84891414663?origin=resultslist,status not_retrievable,RFEE962BD6DAD__<short title>.pdf
9,never assessed: no full text could be retrieved; full-text screening closed by researcher decision 2026-09-28,,R00F911D1EF6E,2010,"Schiff, Jennifer S",Integrated Water Resources Management: A theoretical exploration of the implementation gap between the developed and developing worlds,,,https://www.proquest.com/docview/835113945?accountid=13598&bdid=165485&_bd=tUPvxYsqFJFjMD%2F%2BpC18K%2BVHA8o%3D,status wrong_file_retrieved,R00F911D1EF6E__<short title>.pdf
9,never assessed: no full text could be retrieved; full-text screening closed by researcher decision 2026-09-28,,R037DC2F7B16A,2010,Fenner R.; Flores A.,Providing Sustainable Sanitation,10.1002/9780470972847.ch12,https://doi.org/10.1002/9780470972847.ch12,https://www.scopus.com/pages/publications/84886063322?origin=resultslist,status not_retrievable,R037DC2F7B16A__<short title>.pdf
9,never assessed: no full text could be retrieved; full-text screening closed by researcher decision 2026-09-28,,R07C4DC6213A6,2010,Castro J.E.,Private-Sector Participation in Water and Sanitation Services: The Answer to Public Sector Failures?,10.1007/978-3-642-04615-5_9,https://doi.org/10.1007/978-3-642-04615-5_9,https://www.scopus.com/pages/publications/85071471960?origin=resultslist,status not_retrievable,R07C4DC6213A6__<short title>.pdf
9,never assessed: no full text could be retrieved; full-text screening closed by researcher decision 2026-09-28,,R0CAD9EDC202F,2010,Cullen K.A.; Ivers L.C.,"Human rights assessment in Parc jean Marie Vincent, Port-au-prince, Haiti",,,https://www.scopus.com/pages/publications/78650794833?origin=resultslist,status not_retrievable,R0CAD9EDC202F__<short title>.pdf
9,never assessed: no full text could be retrieved; full-text screening closed by researcher decision 2026-09-28,,R0E7A7452FD2B,2010,"Dasgupta, R",Mapping Cholera Vulnerability in Delhi: An Ecosocial Perspective,,,https://www.webofscience.com/wos/woscc/full-record/WOS:000211155200004,status wrong_file_retrieved,R0E7A7452FD2B__<short title>.pdf
9,never assessed: no full text could be retrieved; full-text screening closed by researcher decision 2026-09-28,,R127DF8827EFF,2010,"de Cisneros de Britto, Julio Cesar.",The evolution of water policy in Spain in the decade of the nineties,,,https://www.proquest.com/docview/743062709?accountid=13598&bdid=165489&_bd=BN4moljCfle0uBl9jPx211uvyHA%3D,status wrong_file_retrieved,R127DF8827EFF__<short title>.pdf
9,never assessed: no full text could be retrieved; full-text screening closed by researcher decision 2026-09-28,,R1604D54075E7,2010,"Fantini, Emanuele","The Privatization of Water in Italy: Ambiguity, Resistance, and Enlightening Questions",,,https://www.proquest.com/docview/754037079?accountid=13598&bdid=165489&_bd=H8W6WE%2BgWWSje%2Fd8m8fphxtI%2Bac%3D,status not_retrievable,R1604D54075E7__<short title>.pdf
9,never assessed: no full text could be retrieved; full-text screening closed by researcher decision 2026-09-28,,R16CB987F622F,2010,"Meehan, Katharine",Greywater and the grid: Explaining informal water use in Tijuana,,,https://www.proquest.com/docview/759470761?accountid=13598&bdid=165485&_bd=Fc%2BcUYSbM%2BzuBP3jDdRUQs6B%2Fdc%3D,status not_retrievable,R16CB987F622F__<short title>.pdf
9,never assessed: no full text could be retrieved; full-text screening closed by researcher decision 2026-09-28,,R16D87BB47C02,2010,"Ross, Ashley Dyan",A virtuous cycle: Tracing democratic quality though equality,,,https://www.proquest.com/docview/821232569?accountid=13598&bdid=165485&_bd=N2fEKHHi2%2FKCCmhNXskoIXFTX70%3D,status wrong_file_retrieved,R16D87BB47C02__<short title>.pdf
9,never assessed: no full text could be retrieved; full-text screening closed by researcher decision 2026-09-28,,R205B372B031E,2010,"Gangneron, Fabrice; Becerra, Sylvia; Dia, Amadou Hamath","The Surprising Diversity of Hombori's Water Resources: Between Environmental Contrasts, Local Practices and Outside Technologies",,,https://www.proquest.com/docview/862598455?accountid=13598&bdid=165489&_bd=vvfXjWrySTBLL6Ue9qICCSr7h5w%3D,status not_retrievable,R205B372B031E__<short title>.pdf
9,never assessed: no full text could be retrieved; full-text screening closed by researcher decision 2026-09-28,,R29B8C28C047A,2010,"Ranganathan, Malini","Fluid Hegemony: A Political Ecology of Water, Market Rule, and Insurgence at Bangalore's Frontier",,,https://www.proquest.com/docview/1322071898?accountid=13598&bdid=165485&_bd=co35IJVtjiUMbrY6FlhaR0gPTcE%3D,status not_retrievable,R29B8C28C047A__<short title>.pdf
9,never assessed: no full text could be retrieved; full-text screening closed by researcher decision 2026-09-28,,R33F51CB30C14,2010,"Bywater, Krista Anne","Water for life, not for profit: Globalization, development, and water struggles in India",,,https://www.proquest.com/docview/743059901?accountid=13598&bdid=165485&_bd=Bef3UZ%2BW4l1pmfLqefHp23PH4TQ%3D,status wrong_file_retrieved,R33F51CB30C14__<short title>.pdf
9,never assessed: no full text could be retrieved; full-text screening closed by researcher decision 2026-09-28,,R3FABE0DB9595,2010,"Bakker, Karen J",Privatizing water: governance failure and the world's urban water crisis,,,https://www.proquest.com/docview/928054372?accountid=13598&bdid=165485&_bd=beGmP8LESWM8u36dM2T8vMFjDdM%3D,status not_retrievable,R3FABE0DB9595__<short title>.pdf
9,never assessed: no full text could be retrieved; full-text screening closed by researcher decision 2026-09-28,,R3FF05E31EAB9,2010,"Reddy, V Ratna; Rao, M S Ramamohan; Venkataswamy, M",'Slippage' : The Bane of Rural Drinking Water Sector (A Study of Extent and Causes in Andhra Pradesh),,,https://www.proquest.com/docview/1698257745?accountid=13598&bdid=165485&_bd=kKSzWq%2B8PqAPGUWw7IVhTtq8eWQ%3D,status not_retrievable,R3FF05E31EAB9__<short title>.pdf
9,never assessed: no full text could be retrieved; full-text screening closed by researcher decision 2026-09-28,,R43DE424922CB,2010,"Mubangizi, Betty C; Mubangizi, John C",Service Delivery for the Poor in South Africa The Right of Access to Food and Water,,,https://www.proquest.com/docview/754042074?accountid=13598&bdid=165485&_bd=4%2FQsK0%2FXIAQdELvgm1BVOO%2FqM%2FA%3D,status wrong_file_retrieved,R43DE424922CB__<short title>.pdf
9,never assessed: no full text could be retrieved; full-text screening closed by researcher decision 2026-09-28,,R441156713B43,2010,"Acar, Eray",Kamu Yönetiminde Dönüşüm Kapsamında Su Dağıtım Hizmetlerinin Cözümlenmesi,,,https://www.proquest.com/docview/2956852578?accountid=13598&bdid=165485&_bd=kqbqHnAanv%2F01fTN18o%2FYsWPVXo%3D,status not_retrievable,R441156713B43__<short title>.pdf
9,never assessed: no full text could be retrieved; full-text screening closed by researcher decision 2026-09-28,,R4DB9048620C8,2010,"Jha, Nitish","Access of the Poor to Water Supply and Sanitation in India: Salient Concepts, Issues and Cases",,,https://www.proquest.com/docview/1698613906?accountid=13598&bdid=165485&_bd=RIypCBTAOTLTzAu16O5l6CI5PhM%3D,status not_retrievable,R4DB9048620C8__<short title>.pdf
9,never assessed: no full text could be retrieved; full-text screening closed by researcher decision 2026-09-28,,R50C45049A46A,2010,"Britto, Ana Lucia","Water Management in Brazilian Cities: New Water Services Law, New Issues and New Players",,,https://www.proquest.com/docview/835112181?accountid=13598&bdid=165489&_bd=X%2F%2Bsr6lwZmHCcI65aTzP75W%2BIEI%3D,status not_retrievable,R50C45049A46A__<short title>.pdf
9,never assessed: no full text could be retrieved; full-text screening closed by researcher decision 2026-09-28,,R539A4277D7E5,2010,"Porio, Emma","Vulnerability, Adaptation, and Resilience to Flood and Climate Change-Related Risks among Marginal Riverine Communities in Metro Manila",,,https://www.proquest.com/docview/743068230?accountid=13598&bdid=165485&_bd=xQxB1%2B9qQnaHgYr9Kk8pdBuXPww%3D,status not_retrievable,R539A4277D7E5__<short title>.pdf
9,never assessed: no full text could be retrieved; full-text screening closed by researcher decision 2026-09-28,,R53BCAAACD685,2010,"Lentini, Emilio J; Ferro, Gustavo",El cambiante panorama latinoamericano en cuanto a prestación y regulación de los servicios de agua potable y saneamiento[The changing Latin American landscape in provision and regulation of the water ,,,https://www.proquest.com/docview/1699081249?accountid=13598&bdid=165485&_bd=JNEoLaq68KYidNCQU2GK74t4muQ%3D,status not_retrievable,R53BCAAACD685__<short title>.pdf
9,never assessed: no full text could be retrieved; full-text screening closed by researcher decision 2026-09-28,,R56490574F032,2010,Gilbert L.N.; Stark J.; Guthikonda G.; Hoepken J.,Decision-making case history for municipal infrastructure improvements,,,https://www.scopus.com/pages/publications/77956972079?origin=resultslist,status not_retrievable,R56490574F032__<short title>.pdf
9,never assessed: no full text could be retrieved; full-text screening closed by researcher decision 2026-09-28,,R5A9378950BA0,2010,,Rural Utilities Back Drinking Water Bill Despite Lack Of 'Affordability' Waiver,,,https://www.proquest.com/docview/1008890987?accountid=13598&bdid=165485&_bd=QkQlBoZyWC3Eo9BAqg7KjZndBZg%3D,status not_retrievable,R5A9378950BA0__<short title>.pdf
9,never assessed: no full text could be retrieved; full-text screening closed by researcher decision 2026-09-28,,R5B0328EFA4B2,2010,"Urcun, Aude; Renou, Yvan; Plauchu, Vincent","""Non-Sovereign"" Governance and Regulation of Water Services in Monrovia (Liberia)",,,https://www.proquest.com/docview/835112452?accountid=13598&bdid=165489&_bd=ZbrE4VBxQdRtabYaFrlhqu1vnsA%3D,status not_retrievable,R5B0328EFA4B2__<short title>.pdf
9,never assessed: no full text could be retrieved; full-text screening closed by researcher decision 2026-09-28,,R5F504FF47CD2,2010,"Ainuson, Kweku G",Urban Water Politics and Water Security in Disadvantaged Urban Communities in Ghana,,,https://www.proquest.com/docview/759262658?accountid=13598&bdid=165489&_bd=wviO0bNsU4GHN8Xbx%2BMUC6KI0Ss%3D,status not_retrievable,R5F504FF47CD2__<short title>.pdf
9,never assessed: no full text could be retrieved; full-text screening closed by researcher decision 2026-09-28,,R6184CF72189E,2010,"Ohikata, Makito","NGOs and CBOs working in partnership on waterborne disease prevention in Dhaka, Bangladesh",,,https://www.proquest.com/docview/743058912?accountid=13598&bdid=165489&_bd=JyYyiDUHQejsLD%2FKsEJhr7yM%2B4A%3D,status not_retrievable,R6184CF72189E__<short title>.pdf
9,never assessed: no full text could be retrieved; full-text screening closed by researcher decision 2026-09-28,,R62233FB11483,2010,Teng X.; Huang Y.H.,Field demonstration of a high-performing chemical process for removing toxic metals and nitrate in the Flue Gas Desulfurization (FGD) wastewater,,,https://www.scopus.com/pages/publications/79952254972?origin=resultslist,status not_retrievable,R62233FB11483__<short title>.pdf
9,never assessed: no full text could be retrieved; full-text screening closed by researcher decision 2026-09-28,,R635D5D509059,2010,"Dehner, Corey Denenberg",Private sector involvement in public water distribution: Assessing local water systems in Massachusetts,,,https://www.proquest.com/docview/60347802?accountid=13598&bdid=165489&_bd=LnzV0PegtKn5N38s7c7dXYqxj9Y%3D,status not_retrievable,R635D5D509059__<short title>.pdf
9,never assessed: no full text could be retrieved; full-text screening closed by researcher decision 2026-09-28,,R6FA0E5C9345F,2010,"Angueletou-Marteau, Anastasia",Small Scale Providers in the Water Supply Chain of Small and Medium Indian Towns,,,https://www.proquest.com/docview/835112142?accountid=13598&bdid=165485&_bd=2KHQj6kFf9tRGnotnGl3zVqfhyw%3D,status not_retrievable,R6FA0E5C9345F__<short title>.pdf
9,never assessed: no full text could be retrieved; full-text screening closed by researcher decision 2026-09-28,,R743BD16EED6C,2010,"Self, Julie Ann",The World Bank's Framework for Service Provision: The case of the water kiosks of the Zambian commercialised utilities,,,https://www.proquest.com/docview/749230478?accountid=13598&bdid=165485&_bd=3jsTiL%2B4QDV0jU2%2FNlt8d2ShSPg%3D,status not_retrievable,R743BD16EED6C__<short title>.pdf
9,never assessed: no full text could be retrieved; full-text screening closed by researcher decision 2026-09-28,,R75E7F01A6977,2010,"Raharjo, Wiryono",Neighbourhood Association and tenure stabilisation in informal settlements: the case of Lengkong,,,https://www.proquest.com/docview/1030869800?accountid=13598&bdid=165485&_bd=zBwV99Kfe64fHAvPYcsW8C5elmQ%3D,status not_retrievable,R75E7F01A6977__<short title>.pdf
9,never assessed: no full text could be retrieved; full-text screening closed by researcher decision 2026-09-28,,R77233241BC77,2010,"Barrau, Emilie; Frenoux, Clement",Toward the Institutionalization of a Delegated Community Management? The Case of the Access to Water in Poor Urban Poor Settlements of in Port-au-Prince,,,https://www.proquest.com/docview/835112434?accountid=13598&bdid=165485&_bd=2mOcBtcXS%2Fbdt88gbb%2BdJop3Ls4%3D,status not_retrievable,R77233241BC77__<short title>.pdf
9,never assessed: no full text could be retrieved; full-text screening closed by researcher decision 2026-09-28,,R7B71421C10E6,2010,"Uhel, Mathieu",The revolution of the water in Maracaibo: democratic radicalization or political instrumentalization?,,,https://www.proquest.com/docview/1037881841?accountid=13598&bdid=165489&_bd=4tT4RYtiRYxEHHnsF83OkJ2NeNQ%3D,status not_retrievable,R7B71421C10E6__<short title>.pdf
9,never assessed: no full text could be retrieved; full-text screening closed by researcher decision 2026-09-28,,R7CA6720F058E,2010,"Pinceau, Pascale",Water Provision in Havana: Shared Interests,,,https://www.proquest.com/docview/835112396?accountid=13598&bdid=165489&_bd=2HTczn3ZszfnduhyTCXP1KnzQ4A%3D,status not_retrievable,R7CA6720F058E__<short title>.pdf
9,never assessed: no full text could be retrieved; full-text screening closed by researcher decision 2026-09-28,,R7D2B2A384AD7,2010,"Yeti Nisha Madhoo; Nath, Shyam",Beneficiary Charges: The Cinderella of Subnational Finance,,,https://www.proquest.com/docview/1697576605?accountid=13598&bdid=165485&_bd=dRa4TkG1EgrZavB4%2BRTAJXfMSMk%3D,status not_retrievable,R7D2B2A384AD7__<short title>.pdf
9,never assessed: no full text could be retrieved; full-text screening closed by researcher decision 2026-09-28,,R7FAFF69A2469,2010,"Wang, Qiong (Juliana)",Three essays on environmental and natural resource economics,,,https://www.proquest.com/docview/655919778?accountid=13598&bdid=165485&_bd=hXBY%2BhihPUKSJza6CYykPaYIWRo%3D,status not_retrievable,R7FAFF69A2469__<short title>.pdf
9,never assessed: no full text could be retrieved; full-text screening closed by researcher decision 2026-09-28,,R83A0086BC9FB,2010,"Fry, Lauren M.","Water resources, health, and the sustainability of interventions to achieve water and sanitation targets of the Millennium Development Goals in a changing world",,,https://www.proquest.com/docview/757226396?accountid=13598&bdid=165485&_bd=gQ9LqfhAx8nibtU1PQkDl8Ykddg%3D,status not_retrievable,R83A0086BC9FB__<short title>.pdf
9,never assessed: no full text could be retrieved; full-text screening closed by researcher decision 2026-09-28,,R83A715FB0D2F,2010,"Correa Ortiz, Hernan","Historic communities in the big city: emergency political-culture in Tecamac, State of Mexico",,,https://www.proquest.com/docview/1221407496?accountid=13598&bdid=165489&_bd=5O0gnPewLLd8e83PvtLxvZmr7hE%3D,status not_retrievable,R83A715FB0D2F__<short title>.pdf
9,never assessed: no full text could be retrieved; full-text screening closed by researcher decision 2026-09-28,,R84C53827AA21,2010,Liggins P.,"Economic regulation of the australian water sector past, present and future",,,https://www.scopus.com/pages/publications/77958001113?origin=resultslist,status not_retrievable,R84C53827AA21__<short title>.pdf
9,never assessed: no full text could be retrieved; full-text screening closed by researcher decision 2026-09-28,,R86591D0CF4D9,2010,"Moga, Steven Thomas","Bottoms, Hollows, and Flats: Making and Remaking the Lower Section of the American City",,,https://www.proquest.com/docview/860001867?accountid=13598&bdid=165485&_bd=91qYQnmf7sq%2BgpRpeYIT1lh6RbI%3D,status not_retrievable,R86591D0CF4D9__<short title>.pdf
9,never assessed: no full text could be retrieved; full-text screening closed by researcher decision 2026-09-28,,R893234AFA905,2010,Brunner N.; Essl L.; Gounden T.; Mbatha S.; Ngubane N.; Starkl M.,"Are roof tanks pro-poor service levels? A case study from eThekwini (Durban), South Africa",10.2316/p.2010.686-043,https://doi.org/10.2316/p.2010.686-043,https://www.scopus.com/pages/publications/84858660525?origin=resultslist,status not_retrievable,R893234AFA905__<short title>.pdf
9,never assessed: no full text could be retrieved; full-text screening closed by researcher decision 2026-09-28,,R8E01C3ED492E,2010,Anonymous,WORLD BANK GROUP: Independent Impact Evaluation: National Solidarity Program Enhances Local Governance and Increases Involvement of Women; [1],,,https://www.proquest.com/docview/252163944?accountid=13598&bdid=165485&_bd=1D3dwh2hj0d%2Fz9j8BnpmGroqmsA%3D,status not_retrievable,R8E01C3ED492E__<short title>.pdf
9,never assessed: no full text could be retrieved; full-text screening closed by researcher decision 2026-09-28,,R8F036FED015F,2010,"Giusti, Autumn",Locals seek federal help with sewer improvement costs,,,https://www.proquest.com/docview/756780372?accountid=13598&bdid=165485&_bd=huq1TF8LsguowxviwPO9MHRRNDI%3D,status not_retrievable,R8F036FED015F__<short title>.pdf
9,never assessed: no full text could be retrieved; full-text screening closed by researcher decision 2026-09-28,,R8FDF24CFE210,2010,"Simon Ruiz, Inmaculada",Environmental Conflicts and Environmentalist Conflicts in Porfirian Mexico,,,https://www.proquest.com/docview/1125220221?accountid=13598&bdid=165489&_bd=PdgeNl%2F2%2FfzOb8USjTZYs0487gA%3D,status not_retrievable,R8FDF24CFE210__<short title>.pdf
9,never assessed: no full text could be retrieved; full-text screening closed by researcher decision 2026-09-28,,R91DE84F0EC52,2010,Gupta A.; Sivaramakrishnan K.,The state in india after liberalization: Interdisciplinary perspectives,10.4324/9780203846858,https://doi.org/10.4324/9780203846858,https://www.scopus.com/pages/publications/84917055696?origin=resultslist,status not_retrievable,R91DE84F0EC52__<short title>.pdf
9,never assessed: no full text could be retrieved; full-text screening closed by researcher decision 2026-09-28,,R955D87EE3BBF,2010,"Das, Priyam","Promise or compromise? Community managed water supply for the urban poor in Madhya Pradesh, India",,,https://www.proquest.com/docview/500007843?accountid=13598&bdid=165485&_bd=EKBzjLGC6cPgSZ1L4AUo3yELvDU%3D,status not_retrievable,R955D87EE3BBF__<short title>.pdf
9,never assessed: no full text could be retrieved; full-text screening closed by researcher decision 2026-09-28,,R9A5136DBA184,2010,"Baron, Catherine",Water in Africa: availability and access,,,https://www.proquest.com/docview/853209533?accountid=13598&bdid=165485&_bd=0B1Rv14DyDVpOTNMM3aU8qEjHJw%3D,status not_retrievable,R9A5136DBA184__<short title>.pdf
9,never assessed: no full text could be retrieved; full-text screening closed by researcher decision 2026-09-28,,R9FDD2D036452,2010,"Zhu, Jun",Government price regulation analysis and evaluation on wastewater treatment industry,,,https://www.proquest.com/docview/1870391419?accountid=13598&bdid=165485&_bd=HXSTcP6fQkNpAITg2UIoPQ3F9Pg%3D,status not_retrievable,R9FDD2D036452__<short title>.pdf
9,never assessed: no full text could be retrieved; full-text screening closed by researcher decision 2026-09-28,,RA7FF9B149D10,2010,"Hu, Zongze",Keeping hope: Encountering and imagining the national state in a North China village,,,https://www.proquest.com/docview/60352364?accountid=13598&bdid=165489&_bd=kEikyFdG%2BIAELLRifAhY4KyKdOI%3D,status not_retrievable,RA7FF9B149D10__<short title>.pdf
9,never assessed: no full text could be retrieved; full-text screening closed by researcher decision 2026-09-28,,RAB87291BF172,2010,"Odabas, Zuhal Yonca; Kasapoglu, Aytul","Water Shortage in Ankara, Turkey and Disaster Management Policy",,,https://www.proquest.com/docview/743065311?accountid=13598&bdid=165489&_bd=cTG2CqH6EeVrCktuD1MraMBY5XE%3D,status not_retrievable,RAB87291BF172__<short title>.pdf
9,never assessed: no full text could be retrieved; full-text screening closed by researcher decision 2026-09-28,,RAC858309BD98,2010,"Platz, Daniel",Municipal bonds and water the US experience in financing its water supply and implications for developing countries,,,https://www.proquest.com/docview/758135502?accountid=13598&bdid=165489&_bd=shW6yaHkggVEytRfEnFZI09Vt%2Bc%3D,status not_retrievable,RAC858309BD98__<short title>.pdf
9,never assessed: no full text could be retrieved; full-text screening closed by researcher decision 2026-09-28,,RAE888898E281,2010,Khurian M.,Planning clinics: A primer,10.1007/978-90-481-9425-4_12,https://doi.org/10.1007/978-90-481-9425-4_12,https://www.scopus.com/pages/publications/84892309136?origin=resultslist,status not_retrievable,RAE888898E281__<short title>.pdf
9,never assessed: no full text could be retrieved; full-text screening closed by researcher decision 2026-09-28,,RB203D7B906DB,2010,"Ortega Nieto, Daniel",The effects and determinants of local transparency in Mexico: Who's accountable,,,https://www.proquest.com/docview/818805940?accountid=13598&bdid=165489&_bd=d4EJQy4GyHy0WZohFx3GIh%2BKFHc%3D,status not_retrievable,RB203D7B906DB__<short title>.pdf
9,never assessed: no full text could be retrieved; full-text screening closed by researcher decision 2026-09-28,,RC4B2DD54F358,2010,"Poupeau, Franck","Challenges and Conflicts of the Water Remunicipalisation: The Example of the Concession of La Paz El Alto, Bolivie",,,https://www.proquest.com/docview/835111634?accountid=13598&bdid=165485&_bd=Xt45qyrqrKw2cRGPmJoQLg9lGOs%3D,status not_retrievable,RC4B2DD54F358__<short title>.pdf
9,never assessed: no full text could be retrieved; full-text screening closed by researcher decision 2026-09-28,,RCD554221B2C5,2010,Smits S.; van Koppen B.; Moriarty P.; Butterworth J.,Multiple-use services as an alternative to rural water supply services: A characterisation of the approach,,,https://www.scopus.com/pages/publications/77956626346?origin=resultslist,status not_retrievable,RCD554221B2C5__<short title>.pdf
9,never assessed: no full text could be retrieved; full-text screening closed by researcher decision 2026-09-28,,RD55C782F8EA5,2010,"Regalsky, Andrés","From Buenos Aires to the provinces: the formation of a great public enterprise - the national Sanitary Works, 1891-1930",,,https://www.proquest.com/docview/897341907?accountid=13598&bdid=165485&_bd=t%2FvKWNlsINDDGvAwlLjoIPj%2BPY0%3D,status not_retrievable,RD55C782F8EA5__<short title>.pdf
9,never assessed: no full text could be retrieved; full-text screening closed by researcher decision 2026-09-28,,RD73D5B6277C5,2010,"Altaweel, Mark; Alessa, Lilian N; Kliskey, Andrew D",Social Influence and Decision-Making: Evaluating Agent Networks in Village Responses to Change in Freshwater,,,https://www.proquest.com/docview/754039699?accountid=13598&bdid=165489&_bd=%2Bt%2FYqUYW7C%2Fvf06S%2FMdO55KchvI%3D,status not_retrievable,RD73D5B6277C5__<short title>.pdf
9,never assessed: no full text could be retrieved; full-text screening closed by researcher decision 2026-09-28,,RD76FC399F66C,2010,Gopakumar G.,Transforming water supply regimes in India: Do public-private partnerships have a role to play?,,,https://www.scopus.com/pages/publications/78649488819?origin=resultslist,status not_retrievable,RD76FC399F66C__<short title>.pdf
9,never assessed: no full text could be retrieved; full-text screening closed by researcher decision 2026-09-28,,RD7C715A30575,2010,"Touzi, Sarra; Barraque, Bernard; Treyer, Sebastien",Potable Water Supply in Tunisia: The Tariff Regulation Model Faces Future Challenges,,,https://www.proquest.com/docview/835112191?accountid=13598&bdid=165489&_bd=JAeBDQwIjG7lNlL6HIL85%2BlOx2A%3D,status not_retrievable,RD7C715A30575__<short title>.pdf
9,never assessed: no full text could be retrieved; full-text screening closed by researcher decision 2026-09-28,,RD8AF9C89106F,2010,"Bond, Patrick",South Africa's Bubble Meets Boiling Urban Social Protest,10.14452/MR-062-02-2010-06_2,https://doi.org/10.14452/MR-062-02-2010-06_2,https://www.proquest.com/docview/365582723?accountid=13598&bdid=165485&_bd=nptfxOrKCJXirBKxrCCVpn0E%2BTw%3D,status not_retrievable,RD8AF9C89106F__<short title>.pdf
9,never assessed: no full text could be retrieved; full-text screening closed by researcher decision 2026-09-28,,RD9FCD084C294,2010,"Guerrero-de Leon, Aida Alejandra; Gerritsen, Peter R W; Martinez-Rivera, Luis Manuel; Salcido-Ruiz, Silvia; Meza-Rodrigu","Governance and Social Participation in the Management of Water in El Cangrejo Microbasin, Municipality of Autlan de Navarro, Jalisco, Mexico",,,https://www.proquest.com/docview/822521959?accountid=13598&bdid=165489&_bd=jG2duFPLhsXJUWbPDkGxjTEhwOM%3D,status not_retrievable,RD9FCD084C294__<short title>.pdf
9,never assessed: no full text could be retrieved; full-text screening closed by researcher decision 2026-09-28,,RDA5EF90584F8,2010,Brougher C.,California water law and related legal authority affecting the sacramento-San Joaquin Delta,,,https://www.scopus.com/pages/publications/85026501725?origin=resultslist,status not_retrievable,RDA5EF90584F8__<short title>.pdf
9,never assessed: no full text could be retrieved; full-text screening closed by researcher decision 2026-09-28,,RE525171E84BE,2010,"Patil, Rajendra Bhupal",Civil Society and Water Governance: A Study of Hiware Bazar Village in India,,,https://www.proquest.com/docview/743055702?accountid=13598&bdid=165489&_bd=GSB1DgX7tiYQm8UNZzaiWZoEDQI%3D,status not_retrievable,RE525171E84BE__<short title>.pdf
9,never assessed: no full text could be retrieved; full-text screening closed by researcher decision 2026-09-28,,REB29F47D59D0,2010,"Douglas, Karen Manges; Sjoberg, Gideon",Towards a General Theory of Resource Use: Constructing Alternate Institutions to Cope with the Future and the Commons,,,https://www.proquest.com/docview/743067195?accountid=13598&bdid=165489&_bd=2Ll4o4nHqJ%2F4l8IuLfkx8dV6qGw%3D,status not_retrievable,REB29F47D59D0__<short title>.pdf
9,never assessed: no full text could be retrieved; full-text screening closed by researcher decision 2026-09-28,,RF20FC9499DD0,2010,"Katsongo, Kamathe",Alternatives de partenariats pour la gestion de l'eau potable dans les quartiers pauvres des zones urbaines: Cas de Kinshasa,,,https://www.proquest.com/docview/737555540?accountid=13598&bdid=165485&_bd=jYnlkuiVvCtLux06HBaedh6MCjQ%3D,status not_retrievable,RF20FC9499DD0__<short title>.pdf
9,never assessed: no full text could be retrieved; full-text screening closed by researcher decision 2026-09-28,,RF2265DDE420E,2010,"Ghosh Mitra, Susanna",World Bank and Urban Water Supply Reforms in India: A Case Study on Karnataka,,,https://www.proquest.com/docview/3266743845?accountid=13598&bdid=165485&_bd=%2FYLZKWxYC%2BSsALQMCaBnIB0kRZo%3D,status not_retrievable,RF2265DDE420E__<short title>.pdf
9,never assessed: no full text could be retrieved; full-text screening closed by researcher decision 2026-09-28,,RF34E1F7828A9,2010,"Palus, Matthew M.","Materialities of government: A historical archaeology of infrastructure in Annapolis and Eastport, 1865–1951",,,https://www.proquest.com/docview/230969823?accountid=13598&bdid=165485&_bd=k3w%2FWnoAyoa3wzkRRAweqe3lRzA%3D,status not_retrievable,RF34E1F7828A9__<short title>.pdf
9,never assessed: no full text could be retrieved; full-text screening closed by researcher decision 2026-09-28,,RF43CEF153CB0,2010,"Ferragina, Eugenia; Quagliarotti, Desiree",Water and Poverty in the Mediterranean Region: The Response of the Market,,,https://www.proquest.com/docview/835112050?accountid=13598&bdid=165489&_bd=LQOa0JogX7v8l3gn3%2BhVu29A7jo%3D,status not_retrievable,RF43CEF153CB0__<short title>.pdf
9,never assessed: no full text could be retrieved; full-text screening closed by researcher decision 2026-09-28,,R0086649A35D6,2011,"Walker, Michael Madison","Enclosing the commons? A political ecology of access to land and water in Sussundenga, Mozambique",,,https://www.proquest.com/docview/862599264?accountid=13598&bdid=165489&_bd=8Uo4ITQ80KoOfaAQBOB7xZCSg28%3D,status wrong_file_retrieved,R0086649A35D6__<short title>.pdf
9,never assessed: no full text could be retrieved; full-text screening closed by researcher decision 2026-09-28,,R00BD4C269672,2011,"Rivera, VC",The business of water: going the corporate way the case of Manila water,10.2166/wpt.2011.079,https://doi.org/10.2166/wpt.2011.079,https://www.webofscience.com/wos/woscc/full-record/WOS:000420283700017,status wrong_file_retrieved,R00BD4C269672__<short title>.pdf
9,never assessed: no full text could be retrieved; full-text screening closed by researcher decision 2026-09-28,,R0142AEB4AB16,2011,"Fernandes, Ermelindo P.",Os Problemas Ambientais em Cabo Verde: Políticas e Medidas de Protecção Ambiental Estudo do Caso Comparativo “Praia Vs São Salvador do Mundo”,,,https://www.proquest.com/docview/2917306444?accountid=13598&bdid=165485&_bd=JVBnAiFU4jqMGpDkI0dANkXckrs%3D,status wrong_file_retrieved,R0142AEB4AB16__<short title>.pdf
9,never assessed: no full text could be retrieved; full-text screening closed by researcher decision 2026-09-28,,R056D4E19E04C,2011,"Bessette, Claire",Norwich officials consider sewer fee change,,,https://www.proquest.com/docview/866005695?accountid=13598&bdid=165485&_bd=BML6uchgKIMek33%2BtJvAGLbQ6kA%3D,status wrong_file_retrieved,R056D4E19E04C__<short title>.pdf
9,never assessed: no full text could be retrieved; full-text screening closed by researcher decision 2026-09-28,,R0A1ED1B5B51E,2011,,AFRICA: Barriers to investment in water are lowering,,,https://www.proquest.com/docview/893136746?accountid=13598&bdid=165485&_bd=XqQ2f3Raawy%2FLrzO0tbc1nlH8PE%3D,status wrong_file_retrieved,R0A1ED1B5B51E__<short title>.pdf
9,never assessed: no full text could be retrieved; full-text screening closed by researcher decision 2026-09-28,,R180DB01E1A79,2011,"Araujo, JM; Sanchez, CP; Veiga, GR",The impact of a new regulatory framework upon water management in Spain. The company Aguas de La Coruna S.A. (1975-2008),,,https://www.webofscience.com/wos/woscc/full-record/WOS:000291618000001,status wrong_file_retrieved,R180DB01E1A79__<short title>.pdf
9,never assessed: no full text could be retrieved; full-text screening closed by researcher decision 2026-09-28,,R1FEE9837402C,2011,"von Schnitzler, Anna Christina","Liberation in a Time of Neoliberalism: Citizenship, Technology and Politics in Post-Apartheid South Africa",,,https://www.proquest.com/docview/1018358252?accountid=13598&bdid=165489&_bd=27V8egR55lHV1O5TRqW22bxR1V8%3D,status not_retrievable,R1FEE9837402C__<short title>.pdf
9,never assessed: no full text could be retrieved; full-text screening closed by researcher decision 2026-09-28,,R202A61E0248F,2011,"Svahn, Karolin",Women’S Role and Participation in Water Supply Management: The Case Study of the Republic of Ghana,,,https://www.proquest.com/docview/2002002043?accountid=13598&bdid=165485&_bd=z8eM8Gr0tdvBkpcpuiw8i0tpMw8%3D,status wrong_file_retrieved,R202A61E0248F__<short title>.pdf
9,never assessed: no full text could be retrieved; full-text screening closed by researcher decision 2026-09-28,,R21368E057802,2011,"Douglas, Caleb B",Applying the theories of sustainable water aid,,,https://www.proquest.com/docview/1018358374?accountid=13598&bdid=165489&_bd=6r46UMhWzNH%2B9cqEpf2I9eyyIN0%3D,status not_retrievable,R21368E057802__<short title>.pdf
9,never assessed: no full text could be retrieved; full-text screening closed by researcher decision 2026-09-28,,R25BC906C4FE5,2011,"Ballestero Salaverry, Andrea","Expert attempts: Water, collectives, prices and the law in Costa Rica and Brazil",,,https://www.proquest.com/docview/1018365820?accountid=13598&bdid=165489&_bd=bL7P9v9Ijh84kuisM0jHqGA%2Biw8%3D,status not_retrievable,R25BC906C4FE5__<short title>.pdf
9,never assessed: no full text could be retrieved; full-text screening closed by researcher decision 2026-09-28,,R2BCD39E31B8C,2011,"Nascimento, Lucigleide Nery","The long journey to become 'the river of national unity': The Sao Francisco river basin from 1940s to 2008 and the interactions of environment, government and local citizens",,,https://www.proquest.com/docview/1018360813?accountid=13598&bdid=165489&_bd=lBte5ODXzqrkcjThoVV%2FZpogl3k%3D,status not_retrievable,R2BCD39E31B8C__<short title>.pdf
9,never assessed: no full text could be retrieved; full-text screening closed by researcher decision 2026-09-28,,R2EBBF2C7D3AE,2011,Smets H.,Implementing the right to water in Paris; [La mise en ceuvre du droit à I'eau à Paris],,,https://www.scopus.com/pages/publications/79955491856?origin=resultslist,status not_retrievable,R2EBBF2C7D3AE__<short title>.pdf
9,never assessed: no full text could be retrieved; full-text screening closed by researcher decision 2026-09-28,,R301C53154F20,2011,"Guerrero, Elsa Marcela","Urban environmental conflicts: a strategy for mobilization with the access of drinking water in Tandil, Argentina",,,https://www.proquest.com/docview/1315599497?accountid=13598&bdid=165489&_bd=SkmfgEpJBZhJ8dDPvP3i8ymJzVo%3D,status not_retrievable,R301C53154F20__<short title>.pdf
9,never assessed: no full text could be retrieved; full-text screening closed by researcher decision 2026-09-28,,R3283981849DE,2011,"Hastings, Cameron Jones","Decentralization of Water Service Delivery in Mexico: The Effects of Party Politics, Intergovernmental Dynamics, and Municipal Capacity",,,https://www.proquest.com/docview/883516450?accountid=13598&bdid=165485&_bd=h8uxN%2BfZDC69%2BOpVJwR3qon5zQQ%3D,status not_retrievable,R3283981849DE__<short title>.pdf
9,never assessed: no full text could be retrieved; full-text screening closed by researcher decision 2026-09-28,,R351A2824CA79,2011,Albaladejo H.; Berthault D.; Bulleryal E.; Cousin A.-C.; De The C.; Ginsburger C.; Lehembre D.; Mozer S.; Nirsimloo K.; ,Guidance for water loss reduction; [Réduction des pertes en eau],,,https://www.scopus.com/pages/publications/84855712797?origin=resultslist,status not_retrievable,R351A2824CA79__<short title>.pdf
9,never assessed: no full text could be retrieved; full-text screening closed by researcher decision 2026-09-28,,R3729652D2D60,2011,"Hardy, Eric M.","Policy drought: Water resource management, urban growth, and technological solutions in post-World War II Atlanta",,,https://www.proquest.com/docview/1498137281?accountid=13598&bdid=165485&_bd=AaaLO2q15Rqorm20zJtq26o0T2U%3D,status not_retrievable,R3729652D2D60__<short title>.pdf
9,never assessed: no full text could be retrieved; full-text screening closed by researcher decision 2026-09-28,,R39C00EDBED3D,2011,"da Silva, Janete Carolina Melo",Análise de Desempenho das Entidades Gestoras Concessionárias dos Serviços de Águas em Portugal Continental,,,https://www.proquest.com/docview/2917304143?accountid=13598&bdid=165485&_bd=XKGboosM1ncDY5%2FU5aDpXcp6poo%3D,status not_retrievable,R39C00EDBED3D__<short title>.pdf
9,never assessed: no full text could be retrieved; full-text screening closed by researcher decision 2026-09-28,,R3B497922736F,2011,"Quezon Amjad, U.",Water Affordability in England and Wales,,,https://www.proquest.com/docview/2296376397?accountid=13598&bdid=165485&_bd=DurdUm4qvFgKjE%2F24M6xhkuVGzs%3D,status not_retrievable,R3B497922736F__<short title>.pdf
9,never assessed: no full text could be retrieved; full-text screening closed by researcher decision 2026-09-28,,R3EDD876E63CC,2011,"Gouvello, Bernard de",Using rainwater in buildings: the stakes in a practice to be developed,,,https://www.proquest.com/docview/1466090443?accountid=13598&bdid=165485&_bd=AahB0fMYs0386kcLqmX6cDG1WIY%3D,status not_retrievable,R3EDD876E63CC__<short title>.pdf
9,never assessed: no full text could be retrieved; full-text screening closed by researcher decision 2026-09-28,,R40E7D0B743D0,2011,"McCullough, Jason","Square peg, round hole: Ontario First Nations technical staff perspectives on federal drinking water infrastructure policies, programs and processes",,,https://www.proquest.com/docview/892067612?accountid=13598&bdid=165485&_bd=s30vZzVnc%2BW%2BWiwU97owaXP8njM%3D,status not_retrievable,R40E7D0B743D0__<short title>.pdf
9,never assessed: no full text could be retrieved; full-text screening closed by researcher decision 2026-09-28,,R41A91E60A210,2011,"Steiger-Meister, Kaitlin",When ripples becomes waves: Exploring the role of policy in the creation and coordination of citizen participation in Minnesota's water governance landscape,,,https://www.proquest.com/docview/1018366242?accountid=13598&bdid=165489&_bd=uVMFOQ1Woq8iZUVp7Ycn7o78ybE%3D,status not_retrievable,R41A91E60A210__<short title>.pdf
9,never assessed: no full text could be retrieved; full-text screening closed by researcher decision 2026-09-28,,R43DF474F6316,2011,"Repic, Jaka","Appropriation of space and water in informal urban settlements of Port Moresby, Papua New Guinea",,,https://www.proquest.com/docview/1037879085?accountid=13598&bdid=165489&_bd=k6f3y0MNlnQKzV7v3IiWlHvr80I%3D,status not_retrievable,R43DF474F6316__<short title>.pdf
9,never assessed: no full text could be retrieved; full-text screening closed by researcher decision 2026-09-28,,R48E0C7C7D60C,2011,"Banerjee, Sudeshna Ghosh; Morella, Elvira","Africa's Water and Sanitation Infrastructure; Access, Affordability, and Alternatives",,,https://www.proquest.com/docview/2131299276?accountid=13598&bdid=165485&_bd=jpr16g6MyTrcFHlhKDvODc3GEjo%3D,status not_retrievable,R48E0C7C7D60C__<short title>.pdf
9,never assessed: no full text could be retrieved; full-text screening closed by researcher decision 2026-09-28,,R49F492E477A0,2011,"Kabuga, Sabina B.M.J.","Spatial dimensions of water access and public health implications: The case of Dar es Salaam city, Tanzania",,,https://www.proquest.com/docview/890095192?accountid=13598&bdid=165485&_bd=T9VPkNL%2FP0OgHgHRQcws9thRSqQ%3D,status not_retrievable,R49F492E477A0__<short title>.pdf
9,never assessed: no full text could be retrieved; full-text screening closed by researcher decision 2026-09-28,,R4D32CA9D65E4,2011,"Ingold, Alice","The government of running waters in nineteenth-century France: Police powers, the law and scientific knowledge",,,https://www.proquest.com/docview/881463608?accountid=13598&bdid=165489&_bd=22UbX7a1wjMNDZu8nmxiOBxnc6o%3D,status not_retrievable,R4D32CA9D65E4__<short title>.pdf
9,never assessed: no full text could be retrieved; full-text screening closed by researcher decision 2026-09-28,,R4F1FB446FBBC,2011,"O'Donnell, Anna.,",Managing water: Efficiency-equity tradeoffs in the participatory approach,,,https://www.proquest.com/docview/856406064?accountid=13598&bdid=165489&_bd=cf0vcGJslUYV5k1QUnthvMtT6ac%3D,status not_retrievable,R4F1FB446FBBC__<short title>.pdf
9,never assessed: no full text could be retrieved; full-text screening closed by researcher decision 2026-09-28,,R50F7C3E9628F,2011,"Goff, Erwan Le","Local political innovations, state regulation and territorial disparities. A historical view on local health policies in French towns (1879-2010)",,,https://www.proquest.com/docview/1418112376?accountid=13598&bdid=165485&_bd=uthNwvZC6av7lu7gtU3B1lzbXUE%3D,status not_retrievable,R50F7C3E9628F__<short title>.pdf
9,never assessed: no full text could be retrieved; full-text screening closed by researcher decision 2026-09-28,,R53B49BD08ECC,2011,"Wanyakala, Tom Alfred",Customer-oriented reforms in urban public water supply in uganda (1998-2008),,,https://www.proquest.com/docview/1314577211?accountid=13598&bdid=165485&_bd=wSFm%2FCbAUNI2niAZYaqbYPRZDsE%3D,status not_retrievable,R53B49BD08ECC__<short title>.pdf
9,never assessed: no full text could be retrieved; full-text screening closed by researcher decision 2026-09-28,,R547E6CA30517,2011,"Ockenden, Karma",Affordability of water 'is a postcode lottery',,,https://www.proquest.com/docview/869726792?accountid=13598&bdid=165485&_bd=IATbZvLXIhjOil1MaU0qH7WEt%2F4%3D,status not_retrievable,R547E6CA30517__<short title>.pdf
9,never assessed: no full text could be retrieved; full-text screening closed by researcher decision 2026-09-28,,R58E83E4193E6,2011,Cahill-Ripley A.,The human right to water and its application in the occupied palestinian territories,10.4324/9780203827857,https://doi.org/10.4324/9780203827857,https://www.scopus.com/pages/publications/84909344467?origin=resultslist,status wrong_file_retrieved,R58E83E4193E6__<short title>.pdf
9,never assessed: no full text could be retrieved; full-text screening closed by researcher decision 2026-09-28,,R69A18D502A1C,2011,"Herrera, Veronica Maria Sol","Mayors, Markets and Municipal Reform: The Politics of Water Delivery in Mexico",,,https://www.proquest.com/docview/892720771?accountid=13598&bdid=165485&_bd=4%2BMXidY4QMT4ncSvVkMAkQUERS8%3D,status not_retrievable,R69A18D502A1C__<short title>.pdf
9,never assessed: no full text could be retrieved; full-text screening closed by researcher decision 2026-09-28,,R6A02BABD8F82,2011,Vyasulu V.,Government financing of health in India,,,https://www.scopus.com/pages/publications/79955557111?origin=resultslist,status wrong_file_retrieved,R6A02BABD8F82__<short title>.pdf
9,never assessed: no full text could be retrieved; full-text screening closed by researcher decision 2026-09-28,,R6AE8ACA16E00,2011,"Travis, Karen F.","Water, activism, and the World Bank: The debate over private sector participation, 1990–2010",,,https://www.proquest.com/docview/880288277?accountid=13598&bdid=165485&_bd=oyyxpwKhEHFFftGHG86h89UTMCk%3D,status not_retrievable,R6AE8ACA16E00__<short title>.pdf
9,never assessed: no full text could be retrieved; full-text screening closed by researcher decision 2026-09-28,,R6D069078371B,2011,Eales K.,Water Services in South Africa 1994–2009,10.1007/978-90-481-9367-7_3,https://doi.org/10.1007/978-90-481-9367-7_3,https://www.scopus.com/pages/publications/84918862920?origin=resultslist,status not_retrievable,R6D069078371B__<short title>.pdf
9,never assessed: no full text could be retrieved; full-text screening closed by researcher decision 2026-09-28,,R6E6A692D35CF,2011,Vinod Kumar Mishra A.; Shukia B.I.P.,Institutionalising Community-Led Action for Sanitary Surveillance (CLASS) through the launch of a reward scheme,,,https://www.scopus.com/pages/publications/84891654223?origin=resultslist,status not_retrievable,R6E6A692D35CF__<short title>.pdf
9,never assessed: no full text could be retrieved; full-text screening closed by researcher decision 2026-09-28,,R7965A5936791,2011,"Kalb, Loretta",Customers urge rejection of California American's 40.3% water rate hike,,,https://www.proquest.com/docview/850545519?accountid=13598&bdid=165485&_bd=EssuJrMhCQrUrOA2FwROe1nx4hY%3D,status not_retrievable,R7965A5936791__<short title>.pdf
9,never assessed: no full text could be retrieved; full-text screening closed by researcher decision 2026-09-28,,R7D937D8EE891,2011,"Khan, Murtaza",An assessment of the impact of clean water legislation and regulations on small town service provision,,,https://www.proquest.com/docview/1018357311?accountid=13598&bdid=165489&_bd=ldKUznweVL9tjz1jfr6r0Ugm1p4%3D,status not_retrievable,R7D937D8EE891__<short title>.pdf
9,never assessed: no full text could be retrieved; full-text screening closed by researcher decision 2026-09-28,,R7DFD119D407B,2011,"Scott, Philippa",Unbundling tenure issues for urban sanitation development,,,https://www.proquest.com/docview/1779233772?accountid=13598&bdid=165485&_bd=96TN5wLpBqS9aL9vhphI53kwxnU%3D,status not_retrievable,R7DFD119D407B__<short title>.pdf
9,never assessed: no full text could be retrieved; full-text screening closed by researcher decision 2026-09-28,,R7EAA65D3F9B9,2011,"Ravena, Nirvia; Ravena Canete, Voyner; Magalhaes de Sousa, Romulo; Lima de Souza, Cleide; Canete, Thales M R",The water policy in Amazon: specificities of the relationship between legal framework and users of Purus basin,,,https://www.proquest.com/docview/1221407751?accountid=13598&bdid=165489&_bd=uqqez4gKEz3DAvGCLU9m%2BHoegKU%3D,status not_retrievable,R7EAA65D3F9B9__<short title>.pdf
9,never assessed: no full text could be retrieved; full-text screening closed by researcher decision 2026-09-28,,R815B8434579F,2011,"Norman, Guy",An Evaluation of the Appropriateness of Piped Sewerage For African Cities,,,https://www.proquest.com/docview/1415357688?accountid=13598&bdid=165485&_bd=cnXJLoi%2Ba2augA0QdjfR9PXLdqQ%3D,status not_retrievable,R815B8434579F__<short title>.pdf
9,never assessed: no full text could be retrieved; full-text screening closed by researcher decision 2026-09-28,,R83EB94D06BE1,2011,Copeland C.; Tiemann M.,Water infrastructure needs and investment: Review and analysis of key issues,,,https://www.scopus.com/pages/publications/84946906363?origin=resultslist,status not_retrievable,R83EB94D06BE1__<short title>.pdf
9,never assessed: no full text could be retrieved; full-text screening closed by researcher decision 2026-09-28,,R8B0DE17352DB,2011,"Ayalew, Mulugeta Mengist",Regulation of Urban Water Supply: The Case of Small-Scale and Independent Providers in Ethiopia and Kenya,,,https://www.proquest.com/docview/2283360379?accountid=13598&bdid=165485&_bd=Tth5CmVlnT2%2FS0IB4M54tGg2U5Y%3D,status not_retrievable,R8B0DE17352DB__<short title>.pdf
9,never assessed: no full text could be retrieved; full-text screening closed by researcher decision 2026-09-28,,R8B684B7523C7,2011,"Baer, Madeline","Privatizing Water: Globalization, States and Human Rights",,,https://www.proquest.com/docview/869983133?accountid=13598&bdid=165485&_bd=DDCYdxb0Bji%2BC7oGOwV8AqmIZvk%3D,status not_retrievable,R8B684B7523C7__<short title>.pdf
9,never assessed: no full text could be retrieved; full-text screening closed by researcher decision 2026-09-28,,R924B36212B3F,2011,"Amaya Ventura, Maria de Lourdes","Institutional aspects of water management in Pachuca, Hidalgo",,,https://www.proquest.com/docview/1221412522?accountid=13598&bdid=165489&_bd=7lKWbDrj1ZxdUikHAeTvg1dceHo%3D,status not_retrievable,R924B36212B3F__<short title>.pdf
9,never assessed: no full text could be retrieved; full-text screening closed by researcher decision 2026-09-28,,R93AC00BD10E7,2011,Ramirez M.C.; Maldonado A.; Calvo D.; Gonzalez M.A.; Caicedo L.C.; Gereda D.; Muñoz F.,Water engineering: A challenge for sustainable development for vulnerable communities-case Colombia,,,https://www.scopus.com/pages/publications/84895408790?origin=resultslist,status not_retrievable,R93AC00BD10E7__<short title>.pdf
9,never assessed: no full text could be retrieved; full-text screening closed by researcher decision 2026-09-28,,R9A54C483912F,2011,"Sikhakane, B H; Reddy, P S",Public accountability at the local government sphere in South Africa,,,https://www.proquest.com/docview/905211437?accountid=13598&bdid=165485&_bd=L7xRGcqDLaZW75s%2Bk9MYlOdRiiE%3D,status not_retrievable,R9A54C483912F__<short title>.pdf
9,never assessed: no full text could be retrieved; full-text screening closed by researcher decision 2026-09-28,,R9DF7885C70B3,2011,"Sambu, Daniel",Water reforms in Kenya: A historical challenge to ensure universal water access and meet the Millennium Development Goals,,,https://www.proquest.com/docview/869532289?accountid=13598&bdid=165485&_bd=sXnmIcqaPWxrNU9VrQynTxMxZd8%3D,status not_retrievable,R9DF7885C70B3__<short title>.pdf
9,never assessed: no full text could be retrieved; full-text screening closed by researcher decision 2026-09-28,,R9FF2AB833738,2011,"Boehm, F; Suárez, ORB",Anti-corruption In The Regulation of the Water Provision Service: Case study for Colombia,,,https://www.webofscience.com/wos/woscc/full-record/WOS:000215912300011,status wrong_file_retrieved,R9FF2AB833738__<short title>.pdf
9,never assessed: no full text could be retrieved; full-text screening closed by researcher decision 2026-09-28,,RA3346A12EC7F,2011,Jones S.,Participation as citizenship or payment? A case study of rural drinking water governance in Mali,,,https://www.scopus.com/pages/publications/79551667275?origin=resultslist,status not_retrievable,RA3346A12EC7F__<short title>.pdf
9,never assessed: no full text could be retrieved; full-text screening closed by researcher decision 2026-09-28,,RA5369197925F,2011,"Sunny, Celine",Drinking Water Management: Problems and Prospects,,,https://www.proquest.com/docview/900350761?accountid=13598&bdid=165489&_bd=CfFzWj4hizPIuN3RSphFhxUTzqw%3D,status not_retrievable,RA5369197925F__<short title>.pdf
9,never assessed: no full text could be retrieved; full-text screening closed by researcher decision 2026-09-28,,RA784B15AB2D2,2011,"Salami, Adeleke Oluwole; Kamara, Abdul; Stampini, Marco; Sullivan, Caroline; Regassa Namara",Working Paper 140 - Development Aid and Access to Water and Sanitation in Sub-Saharan Africa,,,https://www.proquest.com/docview/1697440148?accountid=13598&bdid=165485&_bd=XRIyKte55nftV8wJn2%2FlP7OYm%2FA%3D,status not_retrievable,RA784B15AB2D2__<short title>.pdf
9,never assessed: no full text could be retrieved; full-text screening closed by researcher decision 2026-09-28,,RA8BE7511205C,2011,"Engle, Nathan Lee","Adaptation to Extreme Droughts in Arizona, Georgia, and South Carolina: Evaluating Adaptive Capacity and Innovative Planning and Management Approaches for States and Their Community Water Systems",,,https://www.proquest.com/docview/1018338181?accountid=13598&bdid=165489&_bd=%2BGLFwjd0D2iiGiCLqva7rD1xM2k%3D,status not_retrievable,RA8BE7511205C__<short title>.pdf
9,never assessed: no full text could be retrieved; full-text screening closed by researcher decision 2026-09-28,,RAA872E2EA9FF,2011,Hsu S.-L.; Lin Y.-M.,Factors underlying college students' choice of home stay accommodation while travelling,,,https://www.scopus.com/pages/publications/84860375355?origin=resultslist,status not_retrievable,RAA872E2EA9FF__<short title>.pdf
9,never assessed: no full text could be retrieved; full-text screening closed by researcher decision 2026-09-28,,RAAF6CC9EEAB3,2011,Araujo J.M.; Sánchez C.P.; Veiga G.R.,The impact of a new regulatory framework upon water management in Spain. The company Aguas de La Coruña S.A. (1975-2008); [El impacto del nuevo marco regulador sobre la gestión del agua en España. El ,,,https://www.scopus.com/pages/publications/80053003572?origin=resultslist,status not_retrievable,RAAF6CC9EEAB3__<short title>.pdf
9,never assessed: no full text could be retrieved; full-text screening closed by researcher decision 2026-09-28,,RAD74E82FC618,2011,"Gbedemah, Francis Shine","Management, uses and values of demand-oriented domestic water facilities in the akatsi district of ghana",,,https://www.proquest.com/docview/1512400620?accountid=13598&bdid=165485&_bd=X7libYLjBoeN9D%2F2S7fPb6VfX%2Bw%3D,status not_retrievable,RAD74E82FC618__<short title>.pdf
9,never assessed: no full text could be retrieved; full-text screening closed by researcher decision 2026-09-28,,RB147A01AE889,2011,Anonymous,Remand for failure to state reasons is unnecessary where developer failed to comply with soil test and water supply requirements and board could not approve the application,,,https://www.proquest.com/docview/871108673?accountid=13598&bdid=165485&_bd=lCo0Ha%2Bj1Qqb5gedvQasbovvn54%3D,status not_retrievable,RB147A01AE889__<short title>.pdf
9,never assessed: no full text could be retrieved; full-text screening closed by researcher decision 2026-09-28,,RB39597BABD46,2011,"Robertson, Simon",Accounting for the divergence between privatisation theory and practice in developing countries: the case of the water sector in ghana,,,https://www.proquest.com/docview/1683610354?accountid=13598&bdid=165485&_bd=rDpczszzGBZ24ZBsrrod%2BGxZSys%3D,status not_retrievable,RB39597BABD46__<short title>.pdf
9,never assessed: no full text could be retrieved; full-text screening closed by researcher decision 2026-09-28,,RB996294D1EFC,2011,"Zhang, Peiguo; Wang, Yang","""How High the Mountain, How High the Water"": Right to the Water and Right to the Forest in the Water Project in Village Zetang",,,https://www.proquest.com/docview/1266146336?accountid=13598&bdid=165489&_bd=MXfXAYiYwJyfwUOxnD0w%2FXCPz%2FU%3D,status not_retrievable,RB996294D1EFC__<short title>.pdf
9,never assessed: no full text could be retrieved; full-text screening closed by researcher decision 2026-09-28,,RC52295EE51A4,2011,"Ley, America N. Lutz; Adams, Alejandro Salazar",Evolution and Efficiency Profiles of Urban Water Utilities in Mexico,,,https://www.proquest.com/docview/1322722130?accountid=13598&bdid=165489&_bd=wyqPwtunxUhuDUdNXOBGPyqTMYw%3D,status not_retrievable,RC52295EE51A4__<short title>.pdf
9,never assessed: no full text could be retrieved; full-text screening closed by researcher decision 2026-09-28,,RC579B61E2FC8,2011,Akbar E.; Saeid S.; Saeid A.,An assessment of effective organizational-administrative factors in strengthening the work's ethic,,,https://www.scopus.com/pages/publications/79961232440?origin=resultslist,status not_retrievable,RC579B61E2FC8__<short title>.pdf
9,never assessed: no full text could be retrieved; full-text screening closed by researcher decision 2026-09-28,,RC667790DEE3C,2011,"Clay, Jason R.","Just Water: Using Pro-Poor, People-Centered and Ecologically Sustainable Models to Address the Inequities in Global Water Provisioning",,,https://www.proquest.com/docview/913104014?accountid=13598&bdid=165485&_bd=xGSOiiaFpdnVEHoiQUWycUz8lQQ%3D,status not_retrievable,RC667790DEE3C__<short title>.pdf
9,never assessed: no full text could be retrieved; full-text screening closed by researcher decision 2026-09-28,,RC8F4E74BD198,2011,"Galerne, Mathias",Organizing the distribution of drinking water,,,https://www.proquest.com/docview/1466093707?accountid=13598&bdid=165485&_bd=nghRkou5e%2BzYWVLwSCkzCYh142E%3D,status not_retrievable,RC8F4E74BD198__<short title>.pdf
9,never assessed: no full text could be retrieved; full-text screening closed by researcher decision 2026-09-28,,RD30EA40D7E40,2011,"Lopez, Mirey",Community culture and rural water management,,,https://www.proquest.com/docview/862599248?accountid=13598&bdid=165489&_bd=eW0XBcSr7Ribna63grvgVcRdAgg%3D,status wrong_file_retrieved,RD30EA40D7E40__<short title>.pdf
9,never assessed: no full text could be retrieved; full-text screening closed by researcher decision 2026-09-28,,RD46A8F3FC8C0,2011,"Owolabi, Sade",Shifted responsibilities case studies of Kenya's participatory Local Authority Service Delivery Action Plan (LASDAP),,,https://www.proquest.com/docview/969245420?accountid=13598&bdid=165485&_bd=m0RllS9W3Loq8GtRxE6gD3PKU7o%3D,status not_retrievable,RD46A8F3FC8C0__<short title>.pdf
9,never assessed: no full text could be retrieved; full-text screening closed by researcher decision 2026-09-28,,RD5F023BFA68D,2011,"Poupeau, Franck","The other side of the ""Aymara rebel city"" Rural migration, intra-urban mobility and political protest in El Alto, Bolivia",,,https://www.proquest.com/docview/1037880739?accountid=13598&bdid=165489&_bd=Ba3XoaKC6Ojq0hjwNwGMBGDJX64%3D,status not_retrievable,RD5F023BFA68D__<short title>.pdf
9,never assessed: no full text could be retrieved; full-text screening closed by researcher decision 2026-09-28,,RD60BBB72213E,2011,"Balazs, Carolina Laurie",Just Water? Social Disparities and Drinking Water Quality in California's San Joaquin Valley,,,https://www.proquest.com/docview/1526000633?accountid=13598&bdid=165485&_bd=XhDvyEZ3uW%2Fj2atqk9F480hxOkw%3D,status not_retrievable,RD60BBB72213E__<short title>.pdf
9,never assessed: no full text could be retrieved; full-text screening closed by researcher decision 2026-09-28,,RDDC2F107211C,2011,"Sally, Mehdi Zian","Stakeholder participation and sustainability challenges confronting a small urban community-managed water supply project: Case study of Buea, Cameroon",,,https://www.proquest.com/docview/1034736894?accountid=13598&bdid=165485&_bd=nvdu7DRFD%2BLovJdHCZZzPT3c8bU%3D,status not_retrievable,RDDC2F107211C__<short title>.pdf
9,never assessed: no full text could be retrieved; full-text screening closed by researcher decision 2026-09-28,,RE773CC0CA7BB,2011,"Galizoni, Flavia Maria; Ribeiro, Eduardo Magalhaes",Customary norms and common good: the ethics of water in rural communities in Minas Gerais,,,https://www.proquest.com/docview/1010632390?accountid=13598&bdid=165489&_bd=VO5bmTusjGtHQwbGESGHrEWjjac%3D,status not_retrievable,RE773CC0CA7BB__<short title>.pdf
9,never assessed: no full text could be retrieved; full-text screening closed by researcher decision 2026-09-28,,REA378333CF37,2011,Larson B.,"Capturing Indian bodies, hearths, and minds: The gendered politics of rural school reform in Bolivia, 1920s-1940s",,,https://www.scopus.com/pages/publications/70350085993?origin=resultslist,status not_retrievable,REA378333CF37__<short title>.pdf
9,never assessed: no full text could be retrieved; full-text screening closed by researcher decision 2026-09-28,,RED2F5DDD1F80,2011,Henry C.; McCarthy B.,Fighting a different battle - Sanitation,,,https://www.scopus.com/pages/publications/80052561318?origin=resultslist,status not_retrievable,RED2F5DDD1F80__<short title>.pdf
9,never assessed: no full text could be retrieved; full-text screening closed by researcher decision 2026-09-28,,RED7F40E568EE,2011,"Hossain, Khandker Zakir","Contribution of public private partnerships (PPPs) between slum dweller's CBOs and public water supply authority to improve urban water governance: Experience of DSK, Bangladesh",,,https://www.proquest.com/docview/920654961?accountid=13598&bdid=165485&_bd=TkOPDD71t9XUZ6gBW9M1XB7wfxk%3D,status not_retrievable,RED7F40E568EE__<short title>.pdf
9,never assessed: no full text could be retrieved; full-text screening closed by researcher decision 2026-09-28,,RF2A12EA02B7B,2011,"Hsu, Yuin-Jen David",An evaluation of the effects of a pricing policy on the water consumption of heterogeneous households in Seattle,,,https://www.proquest.com/docview/1018362157?accountid=13598&bdid=165489&_bd=1zYGsFVfaSB99VExM1C%2B0u8DDQ8%3D,status not_retrievable,RF2A12EA02B7B__<short title>.pdf
9,never assessed: no full text could be retrieved; full-text screening closed by researcher decision 2026-09-28,,RF2E35C2360D3,2011,"Matsui, Kenichi",Water-rights Settlements and Reclamation in Central Arizona as a Cross-cultural Experience: A Reexamination of Native Water Policy,,,https://www.proquest.com/docview/887781501?accountid=13598&bdid=165489&_bd=ZfxXrxYD%2BcwUd6TTPWWzgCxMXoE%3D,status not_retrievable,RF2E35C2360D3__<short title>.pdf
9,never assessed: no full text could be retrieved; full-text screening closed by researcher decision 2026-09-28,,RF338E7E3DEA9,2011,Kamble P.S.; Awaghade B.D.,Environment protection and the India's Eleventh Five-Year Plan,,,https://www.scopus.com/pages/publications/79953106245?origin=resultslist,status not_retrievable,RF338E7E3DEA9__<short title>.pdf
9,never assessed: no full text could be retrieved; full-text screening closed by researcher decision 2026-09-28,,RF64B0D838A6C,2011,Scott O.,Supporting simple and effective rural water supply monitoring by local government in Malawi,,,https://www.scopus.com/pages/publications/84891655966?origin=resultslist,status not_retrievable,RF64B0D838A6C__<short title>.pdf
9,never assessed: no full text could be retrieved; full-text screening closed by researcher decision 2026-09-28,,RFE0B120D4FAE,2011,"Faktor, Alex",Access and Exclusion,,,https://www.proquest.com/docview/921622013?accountid=13598&bdid=165485&_bd=acHHNIHN8iGsETkVTW9%2FGlS4UQk%3D,status not_retrievable,RFE0B120D4FAE__<short title>.pdf
9,never assessed: no full text could be retrieved; full-text screening closed by researcher decision 2026-09-28,,R00FB49388689,2012,,"The Classification of Drinking Water between Public Administration and Rural Communities in South Kordofan, Sudan. Travelling Models and Technologies",10.3790/soc.62.1.73,https://doi.org/10.3790/soc.62.1.73,https://www.proquest.com/docview/1800521931?accountid=13598&bdid=165489&_bd=JuqKycYOT0U8O7VnFrlU31TkRoM%3D,status wrong_file_retrieved,R00FB49388689__<short title>.pdf
9,never assessed: no full text could be retrieved; full-text screening closed by researcher decision 2026-09-28,,R060118F9EC4B,2012,"Samuelson, Amy","THE ""REAL"" MOLDOVA? DIRTY WATER, GLOBAL ENVIRONMENTALISM AND RURAL SANITATION PROJECTS",,,https://www.proquest.com/docview/1241989909?accountid=13598&bdid=165489&_bd=lFrHELdH3MnOxrLHDzpF3kgHkTY%3D,status wrong_file_retrieved,R060118F9EC4B__<short title>.pdf
9,never assessed: no full text could be retrieved; full-text screening closed by researcher decision 2026-09-28,,R0E97835651DC,2012,"Letema, Sammy C.",Assessing Sanitary Mixtures in East African Cities,,,https://www.proquest.com/docview/2566014815?accountid=13598&bdid=165485&_bd=aadjbPxMgHhQwKHxuT0uHmp%2FdxE%3D,status wrong_file_retrieved,R0E97835651DC__<short title>.pdf
9,never assessed: no full text could be retrieved; full-text screening closed by researcher decision 2026-09-28,,R1AD93C82D460,2012,,South Africa : Government addressing water problems in Bushbuckridge Local Municipality,,,https://www.proquest.com/docview/1080563321?accountid=13598&bdid=165485&_bd=O1yUruRxvHWZVwMEWM%2BolSZu%2FqA%3D,status not_retrievable,R1AD93C82D460__<short title>.pdf
9,never assessed: no full text could be retrieved; full-text screening closed by researcher decision 2026-09-28,,R1B172397E8EA,2012,"Tempelhoff, Johann",From Makhaza to Rammulorsi: reflections on South Africa's 'toilet election' of 2011,,,https://www.proquest.com/docview/1033285042?accountid=13598&bdid=165485&_bd=qrGlIsbllBBmmGfBYUW%2FpDbh7pY%3D,status not_retrievable,R1B172397E8EA__<short title>.pdf
9,never assessed: no full text could be retrieved; full-text screening closed by researcher decision 2026-09-28,,R1BC5203FA8C6,2012,"Williams, Andrew",Nowhere to hide,,,https://www.proquest.com/docview/1021200462?accountid=13598&bdid=165485&_bd=x6i%2B6ZcoowMllnRuCtm3B%2BV6FME%3D,status not_retrievable,R1BC5203FA8C6__<short title>.pdf
9,never assessed: no full text could be retrieved; full-text screening closed by researcher decision 2026-09-28,,R1FB70FD058E3,2012,"Narain, Vishal","Periurban Water Use, Human Health and Well-being. Emerging Issues in South Asia",,,https://www.proquest.com/docview/1040880775?accountid=13598&bdid=165485&_bd=kJExMUmnThGS7hCVbYglGJwrQxc%3D,status not_retrievable,R1FB70FD058E3__<short title>.pdf
9,never assessed: no full text could be retrieved; full-text screening closed by researcher decision 2026-09-28,,R278C999FC1BA,2012,Leonardo Garavito González,This text studies the shared meanings inside an emerging social mobilization for the defence of water at the Cuenca de México (CM). This work stems from a doctoral research on such a mobilization’s re,,,https://www.proquest.com/docview/1965249170?accountid=13598&bdid=165489&_bd=wXSKUHVG6xBxZbJ3WQjRa0uduQ4%3D,status not_retrievable,R278C999FC1BA__<short title>.pdf
9,never assessed: no full text could be retrieved; full-text screening closed by researcher decision 2026-09-28,,R2A9751DFEE49,2012,"Stopnitzky, Yaniv","Household Sanitation, Social Norms, and Public Policy in India",,,https://www.proquest.com/docview/1282730805?accountid=13598&bdid=165485&_bd=kVajyJi0zXjEBeMq%2F%2F81bKQqLao%3D,status wrong_file_retrieved,R2A9751DFEE49__<short title>.pdf
9,never assessed: no full text could be retrieved; full-text screening closed by researcher decision 2026-09-28,,R2BA01311F81E,2012,"Tainha, Cátia Sofia Pedrosa",Estudo das Necessidades Investimento em Saneamento Básico na Província de Kuanza sul em Angola,,,https://www.proquest.com/docview/3161889259?accountid=13598&bdid=165485&_bd=iUJlVQY5LQu1THHdmpLhIiywoRc%3D,status not_retrievable,R2BA01311F81E__<short title>.pdf
9,never assessed: no full text could be retrieved; full-text screening closed by researcher decision 2026-09-28,,R32EF21906A9F,2012,"Kabuga, Sabina B.M.J.","Spatial dimensions of water access and public health implications: The case of Dar es Salaam city, Tanzania",,,https://www.proquest.com/docview/1018343382?accountid=13598&bdid=165489&_bd=vj0o52foIVYDww99gMKdNq43%2Bdw%3D,status not_retrievable,R32EF21906A9F__<short title>.pdf
9,never assessed: no full text could be retrieved; full-text screening closed by researcher decision 2026-09-28,,R33F8E5CB09A4,2012,"Mercado, Juan L",OPINION: Muffled sobs,,,https://www.proquest.com/docview/923668295?accountid=13598&bdid=165485&_bd=iSXUqpUJj7VNKHLV4XpkxcYIyEI%3D,status wrong_file_retrieved,R33F8E5CB09A4__<short title>.pdf
9,never assessed: no full text could be retrieved; full-text screening closed by researcher decision 2026-09-28,,R3878D84A5E02,2012,"Abubakar, Ismaila Rimi","Households' coping strategies with unsatisfactory urban services in a planned city of developing countries: A case study of Abuja, Nigeria",,,https://www.proquest.com/docview/1287184197?accountid=13598&bdid=165485&_bd=FTK941YtKduCWXKpVlFolbLesTU%3D,status not_retrievable,R3878D84A5E02__<short title>.pdf
9,never assessed: no full text could be retrieved; full-text screening closed by researcher decision 2026-09-28,,R3A3E97D51FC7,2012,"Kirkpatrick, Lucas Owen","Liquid Resistance: Water, Infrastructure & the Politics of Contraction in New Orleans",,,https://www.proquest.com/docview/1018355632?accountid=13598&bdid=165489&_bd=pA6ri07IgdKjGcm6GQADl3%2BF7NE%3D,status not_retrievable,R3A3E97D51FC7__<short title>.pdf
9,never assessed: no full text could be retrieved; full-text screening closed by researcher decision 2026-09-28,,R3D464C85B346,2012,"Rahman, Md Mizanur","Sanitation interventions in the urban informal settlements of bangladesh: the role of government, ngos and the grassroots",,,https://www.proquest.com/docview/1327119903?accountid=13598&bdid=165485&_bd=F3zyF9gs8G7F%2BiqJPkMrqDQf2e8%3D,status not_retrievable,R3D464C85B346__<short title>.pdf
9,never assessed: no full text could be retrieved; full-text screening closed by researcher decision 2026-09-28,,R3D9F9CA8F30F,2012,"Eichelberger, Laura Palen","Manufacturing insecurity: Power, water, waste, and the silences of sustainability and suffering in northwest Alaska",,,https://www.proquest.com/docview/1018358549?accountid=13598&bdid=165489&_bd=lA8NbPVkQtJRQIYUoI7YfJdXwZo%3D,status not_retrievable,R3D9F9CA8F30F__<short title>.pdf
9,never assessed: no full text could be retrieved; full-text screening closed by researcher decision 2026-09-28,,R43F7DF65A6A0,2012,"Queiroz, Ana Carolina Lanza; Cardoso, Lais Santos de Magalhaes; Silva, Sheyla Christina Ferreira da; Heller, Leo; Cairnc","Drinking-water Quality Surveillance Programme (Vigiagua): identifying gaps in policy making and, program implementation on the municipal level",,,https://www.proquest.com/docview/1315602058?accountid=13598&bdid=165489&_bd=WE4nbgZzcB48TlE3c%2FNndbij8z8%3D,status not_retrievable,R43F7DF65A6A0__<short title>.pdf
9,never assessed: no full text could be retrieved; full-text screening closed by researcher decision 2026-09-28,,R48602DF61744,2012,"Samanya, Eliakundi F.",An Assessment of the Impact of Fiscal Decentralization on Improvement of Service Delivery at Grassroot Levels: A Case of Dodoma Municipal Council,,,https://www.proquest.com/docview/3224571675?accountid=13598&bdid=165485&_bd=bqN4EaFWiXWn1Xhx6tRVADHjDs8%3D,status not_retrievable,R48602DF61744__<short title>.pdf
9,never assessed: no full text could be retrieved; full-text screening closed by researcher decision 2026-09-28,,R4AF78D35D529,2012,"Higuerey G., A. Ángel; González, María Manuela; Trujillo, Lourdes",Current situation of water supply services in Venezuela,,,https://www.proquest.com/docview/1620075676?accountid=13598&bdid=165485&_bd=bEcYPIvorTHp6PBsDacl3LJKuXk%3D,status not_retrievable,R4AF78D35D529__<short title>.pdf
9,never assessed: no full text could be retrieved; full-text screening closed by researcher decision 2026-09-28,,R56030675497F,2012,,Philippines: Lawmaker wants to update the Water Code of the Philippines,,,https://www.proquest.com/docview/1223695331?accountid=13598&bdid=165485&_bd=MrUDt5o99gQ6DP2cxRNwHzsF1Uw%3D,status not_retrievable,R56030675497F__<short title>.pdf
9,never assessed: no full text could be retrieved; full-text screening closed by researcher decision 2026-09-28,,R56F532773560,2012,"Tainha, Cátia Sofia Pedrosa",Estudo das necessidades de saneamento básico e agua potável na província de kuanza Sul em Angola,,,https://www.proquest.com/docview/2610002017?accountid=13598&bdid=165485&_bd=r4x8ZcxMNn64rWqZzjzN9zFVtrQ%3D,status not_retrievable,R56F532773560__<short title>.pdf
9,never assessed: no full text could be retrieved; full-text screening closed by researcher decision 2026-09-28,,R573BED34CC4E,2012,"Stoler, Justin","Spatial Patterns of Water Insecurity in a Developing City: Lessons from Accra, Ghana",,,https://www.proquest.com/docview/1013836701?accountid=13598&bdid=165485&_bd=ZQnQeOcIUW65kVGOwz8HnTtwf2U%3D,status not_retrievable,R573BED34CC4E__<short title>.pdf
9,never assessed: no full text could be retrieved; full-text screening closed by researcher decision 2026-09-28,,R58C1D17BBFB9,2012,"Spence, Nicholas; Walters, Dan","""Is it Safe?"" Risk Perception and Drinking Water in a Vulnerable Population",,,https://www.proquest.com/docview/1400224506?accountid=13598&bdid=165489&_bd=z1F6V3VfAF%2BjE%2FnAmyDruUpjVyA%3D,status wrong_file_retrieved,R58C1D17BBFB9__<short title>.pdf
9,never assessed: no full text could be retrieved; full-text screening closed by researcher decision 2026-09-28,,R593B18C689DE,2012,,"Households have easier access to phones than sanitation, drinking water facilities",,,https://www.proquest.com/docview/1321949070?accountid=13598&bdid=165485&_bd=vhfN4TqxNUp9nkb5O1%2FGkCTP9Ow%3D,status not_retrievable,R593B18C689DE__<short title>.pdf
9,never assessed: no full text could be retrieved; full-text screening closed by researcher decision 2026-09-28,,R5F816EF47755,2012,"Akdim, Brahim; El Harchaoui, Noureddine; Laaouane, Mohamed; Soydan, Haluk","Water Supply Challenges in Poor Districts and Suburbs of Fez, Morocco",,,https://www.proquest.com/docview/1081861608?accountid=13598&bdid=165489&_bd=clcaStQrloTlOQps2%2FK7OZvz7LE%3D,status not_retrievable,R5F816EF47755__<short title>.pdf
9,never assessed: no full text could be retrieved; full-text screening closed by researcher decision 2026-09-28,,R624CF4D3BCB5,2012,"Becerril Tinoco, Citlalli",Governance of the drinking water supply service: a case study of three mexican communities,,,https://www.proquest.com/docview/1779234015?accountid=13598&bdid=165485&_bd=pEoz0jLrGcBp1DTxHuc3FeFHx0k%3D,status not_retrievable,R624CF4D3BCB5__<short title>.pdf
9,never assessed: no full text could be retrieved; full-text screening closed by researcher decision 2026-09-28,,R671DD297E327,2012,Browning-Aiken A.,"Disjuncture between economic policy and sustainable use of natural resources: Water case studies in Sonora, Mexico",,,https://www.scopus.com/pages/publications/84905886796?origin=resultslist,status not_retrievable,R671DD297E327__<short title>.pdf
9,never assessed: no full text could be retrieved; full-text screening closed by researcher decision 2026-09-28,,R7646278F4075,2012,"Armanios, Daniel Erian",Sustainable development as a community of practice: insights from rural water projects in Egypt,,,https://www.proquest.com/docview/1018343083?accountid=13598&bdid=165489&_bd=VJl5yd4Ack3bNirIwHL6%2BsFXzCw%3D,status not_retrievable,R7646278F4075__<short title>.pdf
9,never assessed: no full text could be retrieved; full-text screening closed by researcher decision 2026-09-28,,R76613235AA62,2012,"Catalan, Pablo",Community-based innovation dynamics in the water supply and sanitation (WSS) sector,,,https://www.proquest.com/docview/1114897652?accountid=13598&bdid=165485&_bd=4CPygNlkKNuPcuik9XzB7uHJ%2FDU%3D,status not_retrievable,R76613235AA62__<short title>.pdf
9,never assessed: no full text could be retrieved; full-text screening closed by researcher decision 2026-09-28,,R7C6EB2B41FD4,2012,Organisation for Economic Co-operation and Development (OECD),Meeting the Water Reform Challenge,,,https://www.proquest.com/docview/2131364031?accountid=13598&bdid=165485&_bd=UqghvSTuGfzxpef3QqJ7qeu0dpY%3D,status wrong_file_retrieved,R7C6EB2B41FD4__<short title>.pdf
9,never assessed: no full text could be retrieved; full-text screening closed by researcher decision 2026-09-28,,R8094C9F76A2E,2012,"Maya Martinez, Marcos Noe",Social and Environmental Limits to the Process of Conurbanization of the Southeastern Region of Coahuila in the Face of the XXI Century,,,https://www.proquest.com/docview/1322720656?accountid=13598&bdid=165489&_bd=vNlLjNxY8O2J23TPBl%2F5VnZdPdg%3D,status not_retrievable,R8094C9F76A2E__<short title>.pdf
9,never assessed: no full text could be retrieved; full-text screening closed by researcher decision 2026-09-28,,R88CACDA7D362,2012,"Armijos Burneo, Maria Teresa",Negotiating citizenship through communal water management in highland ecuador,,,https://www.proquest.com/docview/1535017095?accountid=13598&bdid=165485&_bd=4VcL5dl3JLAqrme1xYrX5FwQhRE%3D,status not_retrievable,R88CACDA7D362__<short title>.pdf
9,never assessed: no full text could be retrieved; full-text screening closed by researcher decision 2026-09-28,,R8CC2490739D0,2012,"Meran, Georg",Europäische Preisregulierungssysteme in der Wasserwirtschaft: Konzepte und Umsetzungsprobleme,10.3790/vjh.81.1.167,https://doi.org/10.3790/vjh.81.1.167,https://www.proquest.com/docview/3162780209?accountid=13598&bdid=165485&_bd=KYZ0mbTmUxDm7aNz5eU6NKtKvdM%3D,status not_retrievable,R8CC2490739D0__<short title>.pdf
9,never assessed: no full text could be retrieved; full-text screening closed by researcher decision 2026-09-28,,R962EAA5E4835,2012,"McCullough, Jason","Square peg, round hole: Ontario First Nations technical staff perspectives on federal drinking water infrastructure policies, programs and processes",,,https://www.proquest.com/docview/1018353087?accountid=13598&bdid=165485&_bd=QXDxX99rDhRP40VdjSRUg%2Bk7rqo%3D,status not_retrievable,R962EAA5E4835__<short title>.pdf
9,never assessed: no full text could be retrieved; full-text screening closed by researcher decision 2026-09-28,,R974FD3D71CCE,2012,"Romo-Aguilar, Maria de Lourdes; Cordova-Bojorquez, Gustavo; Fuentes-Flores, Cesar; Brugues-Rodriguez, Alejandro","New housing stock in Chihuahua City, Mexico: supply and demand",,,https://www.proquest.com/docview/1347782330?accountid=13598&bdid=165489&_bd=yE29xnvlJ6WnJBzAfgK35pTcss0%3D,status not_retrievable,R974FD3D71CCE__<short title>.pdf
9,never assessed: no full text could be retrieved; full-text screening closed by researcher decision 2026-09-28,,R9B16902DBADD,2012,"Romano, Sarah T.",From resource management to political activism: Civil society participation in Nicaragua's rural water governance,,,https://www.proquest.com/docview/1287983964?accountid=13598&bdid=165485&_bd=JkIqzTrgthRxYtSvu72p40TfVyk%3D,status not_retrievable,R9B16902DBADD__<short title>.pdf
9,never assessed: no full text could be retrieved; full-text screening closed by researcher decision 2026-09-28,,RA6D506F61DE8,2012,"Mascarenhas, Michael","Where the waters divide: neoliberalism, white privilege, and environmental racism in Canada",,,https://www.proquest.com/docview/1317584458?accountid=13598&bdid=165485&_bd=rUiT%2BdxeV4KAHs1LOPZcO72AaOo%3D,status not_retrievable,RA6D506F61DE8__<short title>.pdf
9,never assessed: no full text could be retrieved; full-text screening closed by researcher decision 2026-09-28,,RAB48BAAD374D,2012,"Platt, Jennifer Leigh",Accelerating sanitation: A mixed methods assessment of the health ministry's role in developing countries,,,https://www.proquest.com/docview/1284157027?accountid=13598&bdid=165485&_bd=Wb7Rg3xR3sK2dNq4D3KLyfrWCS8%3D,status not_retrievable,RAB48BAAD374D__<short title>.pdf
9,never assessed: no full text could be retrieved; full-text screening closed by researcher decision 2026-09-28,,RB6B9F7E82930,2012,"Nguyen, Hao Thien","Urbanization of water: Entitlements and local institutions in the provision of potable water in peri-urban Hanoi, Vietnam",,,https://www.proquest.com/docview/1267150940?accountid=13598&bdid=165485&_bd=iX80HKuAHCAxni7LpH86koXaRSo%3D,status not_retrievable,RB6B9F7E82930__<short title>.pdf
9,never assessed: no full text could be retrieved; full-text screening closed by researcher decision 2026-09-28,,RC1F76F82D241,2012,"Vega Cardenas, Yenny",La construction sociale du statut juridique de l'eau: le cas du Québec et du Mexique,,,https://www.proquest.com/docview/1319307588?accountid=13598&bdid=165485&_bd=2uKV%2BMPxKFzGgIWGK4TjDCIrhFY%3D,status not_retrievable,RC1F76F82D241__<short title>.pdf
9,never assessed: no full text could be retrieved; full-text screening closed by researcher decision 2026-09-28,,RC7D2F5CA6CBC,2012,"Pannu, Camille",Drinking Water and Exclusion: A Case Study from California's Central Valley,,,https://www.proquest.com/docview/922785758?accountid=13598&bdid=165485&_bd=pE6We8b8GO6ByWrsqdOErZt%2FYKY%3D,status not_retrievable,RC7D2F5CA6CBC__<short title>.pdf
9,never assessed: no full text could be retrieved; full-text screening closed by researcher decision 2026-09-28,,RC83B2F8DABA8,2012,"Snehalatha, M; Reddy, Ratna, V; Jayakumar, N",Sanitation Costs and Services in Selected Villages of Andhra Pradesh,,,https://www.proquest.com/docview/1463025704?accountid=13598&bdid=165489&_bd=0erSospbRtrQlWuPOLzwaJD15uI%3D,status not_retrievable,RC83B2F8DABA8__<short title>.pdf
9,never assessed: no full text could be retrieved; full-text screening closed by researcher decision 2026-09-28,,RD066F67D6BBF,2012,"Shirley, Jacqueline D",The management of open dumps in rural Alaska-the continuing need for public health action: A policy analysis,,,https://www.proquest.com/docview/1081867793?accountid=13598&bdid=165489&_bd=PCEn8vV9O9iuV10PWgl9%2B28gEOI%3D,status not_retrievable,RD066F67D6BBF__<short title>.pdf
9,never assessed: no full text could be retrieved; full-text screening closed by researcher decision 2026-09-28,,RD1D67F3E867A,2012,"de Cecco, Paola",Rural water development in sub-Saharan Africa: A comparative study between Uganda and Tanzania,,,https://www.proquest.com/docview/1294174105?accountid=13598&bdid=165485&_bd=r3VOP9QeteH9a%2FkxBTdZdvUt7d8%3D,status not_retrievable,RD1D67F3E867A__<short title>.pdf
9,never assessed: no full text could be retrieved; full-text screening closed by researcher decision 2026-09-28,,RD79C5847EDB7,2012,"Chang, Zai Kang",Water Safety Plan cost analysis: Explanation building with case studies in the Western Pacific Region,,,https://www.proquest.com/docview/1322717824?accountid=13598&bdid=165489&_bd=Yp6XqMiQm%2F%2Bx9CaUE27O3gbG%2B30%3D,status not_retrievable,RD79C5847EDB7__<short title>.pdf
9,never assessed: no full text could be retrieved; full-text screening closed by researcher decision 2026-09-28,,RDBDBB4F39AE0,2012,"Zhang, Jing",The impact of water quality on health in rural China,,,https://www.proquest.com/docview/1322716943?accountid=13598&bdid=165489&_bd=c6Lx62UhbvpnbGTUpG%2FWsFrKu04%3D,status not_retrievable,RDBDBB4F39AE0__<short title>.pdf
9,never assessed: no full text could be retrieved; full-text screening closed by researcher decision 2026-09-28,,RDCF62542C383,2012,"McDonald, Yolanda Jane",Lacking a connection to a community water system: Water quality and human health impacts in El Paso colonias,,,https://www.proquest.com/docview/1322721612?accountid=13598&bdid=165489&_bd=Fnli2HOrUdai3E%2F7YvSfzrJoKUY%3D,status not_retrievable,RDCF62542C383__<short title>.pdf
9,never assessed: no full text could be retrieved; full-text screening closed by researcher decision 2026-09-28,,RDFBAE1E63D2B,2012,"Escalona, Iralys Eugenia González",Política del Agua en Venezuela Para el Cumplimiento de la Meta del Milenio Sobre Acceso al Agua Potable y Saneamiento Durante el Período 2000-2010,,,https://www.proquest.com/docview/3098796212?accountid=13598&bdid=165485&_bd=T842mHxCFUqpmCRtzG6NzGMclAk%3D,status not_retrievable,RDFBAE1E63D2B__<short title>.pdf
9,never assessed: no full text could be retrieved; full-text screening closed by researcher decision 2026-09-28,,RE1D66F569B25,2012,"Romo-Aguilar, María de Lourdes; Córdova-Bojórquez, Gustavo; Fuentes-Flores, César; Brugués-Rodríguez, Alejandro","La vivienda nueva en la ciudad de Chihuahua: oferta y demanda/New housing stock in Chihuahua City, Mexico: supply and demand",,,https://www.proquest.com/docview/1346906486?accountid=13598&bdid=165489&_bd=BgdUBFXVJR6UYK1zLFocOKIma8s%3D,status not_retrievable,RE1D66F569B25__<short title>.pdf
9,never assessed: no full text could be retrieved; full-text screening closed by researcher decision 2026-09-28,,RE2FB0B34198C,2012,"Questad, Adam",Investigation of I-WASH's Community-Led Total Sanitation and Alternative Decentralized Sanitation Models in Rural Ghana,,,https://www.proquest.com/docview/3335380827?accountid=13598&bdid=165485&_bd=16%2FbJKS2SAqnKykcE5qmpjAn9W4%3D,status not_retrievable,RE2FB0B34198C__<short title>.pdf
9,never assessed: no full text could be retrieved; full-text screening closed by researcher decision 2026-09-28,,RE8E6A91987B2,2012,"Concha, Luis Carlos Buob","THE RIGHT TO WATER: UNDERSTANDING ITS ECONOMIC, SOCIAL AND CULTURAL COMPONENTS AS DEVELOPMENT FACTORS FOR INDIGENOUS COMMUNITIES",,,https://www.proquest.com/docview/1428294217?accountid=13598&bdid=165489&_bd=RAzBVElilKuIBkF1sDrZT3aC6Zg%3D,status wrong_file_retrieved,RE8E6A91987B2__<short title>.pdf
9,never assessed: no full text could be retrieved; full-text screening closed by researcher decision 2026-09-28,,REC36569F2377,2012,"Rodrigues, Cristina Landeiro",Avaliação de Conformidade dos Tarifários Aplicados aos Utilizadores Finais Domésticos com as Recomendações Tarifárias Publicadas Pela Entidade Reguladora dos Serviços de Águas e Resíduos,,,https://www.proquest.com/docview/2717713585?accountid=13598&bdid=165485&_bd=Hr5MM8ZjuXbHoe%2BswNMwFLsfgeY%3D,status not_retrievable,REC36569F2377__<short title>.pdf
9,never assessed: no full text could be retrieved; full-text screening closed by researcher decision 2026-09-28,,RECD6E1F9163C,2012,Murthy S.L.,"Land security and the challenges of realizing the human right to water and sanitation in the slums of Mumbai, India",,,https://www.scopus.com/pages/publications/84871502018?origin=resultslist,status not_retrievable,RECD6E1F9163C__<short title>.pdf
9,never assessed: no full text could be retrieved; full-text screening closed by researcher decision 2026-09-28,,REE8F7A0C9B95,2012,"Reddy, Amit",Do democratic transitions produce better human development outcomes? Empirical evidence from 40 years of regime changes,,,https://www.proquest.com/docview/1010625224?accountid=13598&bdid=165485&_bd=Fdpz9YVIRqK8MXPXCZeRRDErV2c%3D,status not_retrievable,REE8F7A0C9B95__<short title>.pdf
9,never assessed: no full text could be retrieved; full-text screening closed by researcher decision 2026-09-28,,RF38DAB41F8F8,2012,Franceys R.; Gerlach E.,Regulating water and sanitation for the poor: Economic regulation for public and private partnerships,10.4324/9781849772310,https://doi.org/10.4324/9781849772310,https://www.scopus.com/pages/publications/84925695297?origin=resultslist,status not_retrievable,RF38DAB41F8F8__<short title>.pdf
9,never assessed: no full text could be retrieved; full-text screening closed by researcher decision 2026-09-28,,RF7F8D43984CE,2012,"Leopold, Ellen; McDonald, David A",Municipal Socialism Then and Now: some lessons for the Global South,10.1080/01436597.2012.728321,https://doi.org/10.1080/01436597.2012.728321,https://www.proquest.com/docview/1283643188?accountid=13598&bdid=165489&_bd=Wz1AmVCQzNDjW4SPULCeEItdqJM%3D,status wrong_file_retrieved,RF7F8D43984CE__<short title>.pdf
9,never assessed: no full text could be retrieved; full-text screening closed by researcher decision 2026-09-28,,RF93BC0D925B3,2012,"Awad, Ibrahim M",Using econometric analysis of willingness-to-pay to investigate economic efficiency and equity of domestic water services in the West Bank,,,https://www.proquest.com/docview/1080937417?accountid=13598&bdid=165489&_bd=1X6xMofYQivsbHXts%2F3Lf1rJyIQ%3D,status not_retrievable,RF93BC0D925B3__<short title>.pdf
9,never assessed: no full text could be retrieved; full-text screening closed by researcher decision 2026-09-28,,RFE1FBAF9AFEA,2012,"Manzungu, Emmanuel; Chioreso, Rennie","Internalising a Crisis? Household Level Response to Water Scarcity in the City of Harare, Zimbabwe",,,https://www.proquest.com/docview/1268825144?accountid=13598&bdid=165489&_bd=vEiWZOW0uK9wDVZ7qGvn7t08osg%3D,status not_retrievable,RFE1FBAF9AFEA__<short title>.pdf
9,never assessed: no full text could be retrieved; full-text screening closed by researcher decision 2026-09-28,,RFEBA9E5C7885,2012,"Madeley, John",Tourism and water,,,https://www.proquest.com/docview/1124560500?accountid=13598&bdid=165485&_bd=Tpd9sSl6Dc5NlMz%2BT4R8MaJjqWo%3D,status wrong_file_retrieved,RFEBA9E5C7885__<short title>.pdf
9,never assessed: no full text could be retrieved; full-text screening closed by researcher decision 2026-09-28,,RFF8A4C071501,2012,"Jones, Benjamin Bahe",The paradox of indigenous sovereignty and American democracy: Discourse of exclusion in Navajo water rights,,,https://www.proquest.com/docview/1322726411?accountid=13598&bdid=165489&_bd=%2BHQ06GR1yEC6SaZUgaCQsgT97NE%3D,status not_retrievable,RFF8A4C071501__<short title>.pdf
9,never assessed: no full text could be retrieved; full-text screening closed by researcher decision 2026-09-28,,R000DF300E5DF,2013,"Palleschi, Amanda",EPA PLANS TALKS WITH CITIES ON WATER COSTS BUT RESISTS CALL FOR OVERHAUL,,,https://www.proquest.com/docview/1272083887?accountid=13598&bdid=165485&_bd=gD0q32wTCUbxnt%2BllXgvMiWzkcg%3D,status wrong_file_retrieved,R000DF300E5DF__<short title>.pdf
9,never assessed: no full text could be retrieved; full-text screening closed by researcher decision 2026-09-28,,R08C6711EFF6C,2013,"Khan, Adil A","Race for water resources among Beaufort / Jasper, SC and Effingham / Chatham, GA counties.",,,https://www.proquest.com/docview/1520314037?accountid=13598&bdid=165489&_bd=ObNp%2BmLZLJ8KlQFaLrcdWMT55OA%3D,status not_retrievable,R08C6711EFF6C__<short title>.pdf
9,never assessed: no full text could be retrieved; full-text screening closed by researcher decision 2026-09-28,,R0BC9D2E81E5A,2013,Sham C.H.; Weidman R.; Rooke J.,Operational and economic impacts of hurricane Irene on drinking water systems,,,https://www.scopus.com/pages/publications/84896670836?origin=resultslist,status not_retrievable,R0BC9D2E81E5A__<short title>.pdf
9,never assessed: no full text could be retrieved; full-text screening closed by researcher decision 2026-09-28,,R116235C8172D,2013,"Louis, Ilionor",The capacity for collective action in marginalized populations in the framework of control strategies for recognition. The cases of Cite de l'Eternel in Port-au-Prince (Haiti) and Sierra Santa Catarin,,,https://www.proquest.com/docview/1520312376?accountid=13598&bdid=165485&_bd=9Mv286OunZlOK5F8UrJ%2Fbc%2Fl3yE%3D,status wrong_file_retrieved,R116235C8172D__<short title>.pdf
9,never assessed: no full text could be retrieved; full-text screening closed by researcher decision 2026-09-28,,R16F0AFE12556,2013,"Grieco, Kyra; Salazar-Soler, Carmen",Technical and political stakes in water management and control: the case of the Minas Conga project in northern Peru,,,https://www.proquest.com/docview/1492600110?accountid=13598&bdid=165489&_bd=%2Be1u1xfiOojNTm4Kl6bBcLvUdYI%3D,status not_retrievable,R16F0AFE12556__<short title>.pdf
9,never assessed: no full text could be retrieved; full-text screening closed by researcher decision 2026-09-28,,R1ECC532A797B,2013,"Kumar, Chandra Bhushan",Hydrological politics in megacity : rethinking water governance in delhi,,,https://www.proquest.com/docview/1951127090?accountid=13598&bdid=165485&_bd=Cwtx1i9tIHREtJcV%2Fa%2FnL%2F8Y4OQ%3D,status wrong_file_retrieved,R1ECC532A797B__<short title>.pdf
9,never assessed: no full text could be retrieved; full-text screening closed by researcher decision 2026-09-28,,R20EF62C3558C,2013,"de Heering, Xenia","Providing Access to Water: The pump, the spring and the klu: Brokerage and local development on the Tibetan Plateau",,,https://www.proquest.com/docview/1364702966?accountid=13598&bdid=165489&_bd=kvepXLvG2nNJF50%2B3HGG91c8RJU%3D,status not_retrievable,R20EF62C3558C__<short title>.pdf
9,never assessed: no full text could be retrieved; full-text screening closed by researcher decision 2026-09-28,,R21CE9DB39993,2013,Fogelberg K.,From adopt-a-project to permanent services: The evolution of water for people's approach to rural water supply in Bolivia,,,https://www.scopus.com/pages/publications/84886939731?origin=resultslist,status not_retrievable,R21CE9DB39993__<short title>.pdf
9,never assessed: no full text could be retrieved; full-text screening closed by researcher decision 2026-09-28,,R22B644A91DD0,2013,"Brown, Julia",Can Participation Change the Geography of Water? Lessons from South Africa,,,https://www.proquest.com/docview/1314408108?accountid=13598&bdid=165485&_bd=JNZUm6MPa9hZsOiUT4Em98b%2B9rc%3D,status wrong_file_retrieved,R22B644A91DD0__<short title>.pdf
9,never assessed: no full text could be retrieved; full-text screening closed by researcher decision 2026-09-28,,R2604017137ED,2013,Panda G.R.; Agarwala T.,Public provisioning in water and sanitation study of urban slums in Delhi,,,https://www.scopus.com/pages/publications/84874136083?origin=resultslist,status not_retrievable,R2604017137ED__<short title>.pdf
9,never assessed: no full text could be retrieved; full-text screening closed by researcher decision 2026-09-28,,R266B681C0E60,2013,"Baron, C; Bonnassieux, A","Hybrid governance, empowerment and access to safe drinking water the case of water users associations in Burkina Faso",,,https://www.proquest.com/docview/1463035505?accountid=13598&bdid=165485&_bd=%2BNQOLEQyCS0p7NgNaanah7jbrw8%3D,status not_retrievable,R266B681C0E60__<short title>.pdf
9,never assessed: no full text could be retrieved; full-text screening closed by researcher decision 2026-09-28,,R27416ECBE4AB,2013,"Moraes, Andrea Ferreira Jacques de.",Gendered waters: The participation of women on the program 'One Million Cisterns' in the Brazilian semi-arid region,,,https://www.proquest.com/docview/1520312462?accountid=13598&bdid=165489&_bd=H6RJ0QIWQaMM90VPeM6DGLI4DYk%3D,status not_retrievable,R27416ECBE4AB__<short title>.pdf
9,never assessed: no full text could be retrieved; full-text screening closed by researcher decision 2026-09-28,,R291F233A049B,2013,"Forrer, Donald A.; Zimmerman, Michael; Mannix, Annalise",Water Issues That Affect Affordability And Safety In A Community: The Camden Ohio Experience,,,https://www.proquest.com/docview/1418712072?accountid=13598&bdid=165485&_bd=S9zEf2ynIB8e8TZwfgj1fyQ2yoA%3D,status not_retrievable,R291F233A049B__<short title>.pdf
9,never assessed: no full text could be retrieved; full-text screening closed by researcher decision 2026-09-28,,R2DE9801FD80C,2013,Kimera P.; Smet J.; Olschewskid A.; Parker A.,Context-specific validation and introduction of technologies for sustainable WASH services,,,https://www.scopus.com/pages/publications/84891512675?origin=resultslist,status not_retrievable,R2DE9801FD80C__<short title>.pdf
9,never assessed: no full text could be retrieved; full-text screening closed by researcher decision 2026-09-28,,R300953A25D97,2013,"McDonnell, Hugh","Water, North African Immigrants, and the Parisian Bidonvilles, 1950s-1960s",,,https://www.proquest.com/docview/1429630010?accountid=13598&bdid=165489&_bd=Wx6BC9Hxce3pOU5jAjUvSpuTxu4%3D,status not_retrievable,R300953A25D97__<short title>.pdf
9,never assessed: no full text could be retrieved; full-text screening closed by researcher decision 2026-09-28,,R35F90409732F,2013,"Mugumya, Firminus",Enabling community-based water management systems: governance and sustainability of rural point-water facilities in Uganda,,,https://www.proquest.com/docview/1651914152?accountid=13598&bdid=165485&_bd=DQy5h9D4udBZkzSSFCG1Mpydiqg%3D,status not_retrievable,R35F90409732F__<short title>.pdf
9,never assessed: no full text could be retrieved; full-text screening closed by researcher decision 2026-09-28,,R39742F6CA63C,2013,Wehrhahn R.; Helten M.; Bercht A.L.,Political ecology of potable water in Guangzhou: Actors and social vulnerabilities; [Politische Ökologie des Trinkwassers in Guangzhou: Akteure und soziale Verwundbarkeiten],,,https://www.scopus.com/pages/publications/84885936607?origin=resultslist,status not_retrievable,R39742F6CA63C__<short title>.pdf
9,never assessed: no full text could be retrieved; full-text screening closed by researcher decision 2026-09-28,,R441EAF4DFFD2,2013,Wartchow D.; Daronco G.C.,Municipal sanitation plans in Brazil as a tool for planning and cooperation to addressing the millennium development goals,,,https://www.scopus.com/pages/publications/84951850985?origin=resultslist,status not_retrievable,R441EAF4DFFD2__<short title>.pdf
9,never assessed: no full text could be retrieved; full-text screening closed by researcher decision 2026-09-28,,R4453EA5C8B2F,2013,Bey V.,A learning approach for improving sanitation and hygiene services: Experiences from PILS in Northern Uganda,,,https://www.scopus.com/pages/publications/84891529364?origin=resultslist,status not_retrievable,R4453EA5C8B2F__<short title>.pdf
9,never assessed: no full text could be retrieved; full-text screening closed by researcher decision 2026-09-28,,R494F2B4DE403,2013,Tevi G.; Vasilescu M.,"Population' access to drinking water, in areas vulnerable to nitrate pollution",,,https://www.scopus.com/pages/publications/84874869851?origin=resultslist,status not_retrievable,R494F2B4DE403__<short title>.pdf
9,never assessed: no full text could be retrieved; full-text screening closed by researcher decision 2026-09-28,,R4A50BB320392,2013,"Cohon, Adam Joseph",Building Regulatory Bodies in the Brazilian States,,,https://www.proquest.com/docview/1525994276?accountid=13598&bdid=165485&_bd=0SZWAAM3li1KpzOIIM117CWYDX4%3D,status not_retrievable,R4A50BB320392__<short title>.pdf
9,never assessed: no full text could be retrieved; full-text screening closed by researcher decision 2026-09-28,,R4C9362678E48,2013,Wasonga J.; Ojeny B.,Note from the field A case study on improving governance and accountability in primary schools in Kenya,10.3362/1756-3488.2013.024,https://doi.org/10.3362/1756-3488.2013.024,https://www.scopus.com/pages/publications/84880633362?origin=resultslist,status not_retrievable,R4C9362678E48__<short title>.pdf
9,never assessed: no full text could be retrieved; full-text screening closed by researcher decision 2026-09-28,,R4E86551F1961,2013,"Harris, Therese Marie","""I Learn From You and You Learn From Me"": The Importance of Women, Authentic Relationships, and a Holistic Approach to WaSH in Developing Countries",,,https://www.proquest.com/docview/1520340084?accountid=13598&bdid=165489&_bd=MPIKWJIb%2By8bjJPjZbSnWl11WxI%3D,status not_retrievable,R4E86551F1961__<short title>.pdf
9,never assessed: no full text could be retrieved; full-text screening closed by researcher decision 2026-09-28,,R516D860293B8,2013,"Catalan, Pablo",Community-based innovation dynamics in the water supply and sanitation (WSS) sector,,,https://www.proquest.com/docview/1520338311?accountid=13598&bdid=165485&_bd=O3XH1RNIgVsO4besJOehcF66jME%3D,status wrong_file_retrieved,R516D860293B8__<short title>.pdf
9,never assessed: no full text could be retrieved; full-text screening closed by researcher decision 2026-09-28,,R5D8A08C43C7A,2013,International Monetary Fund,Islamic Republic of Mauritania; Poverty Reduction Strategy Paper,,,https://www.proquest.com/docview/1698583581?accountid=13598&bdid=165485&_bd=3d2rCRpu%2Bsg5W%2FS5LX0wBLgLEsE%3D,status not_retrievable,R5D8A08C43C7A__<short title>.pdf
9,never assessed: no full text could be retrieved; full-text screening closed by researcher decision 2026-09-28,,R5E50BE8CF218,2013,"Tam, Therese Nguyen Thi Phuong","Rural Water Supply and Sanitation as Means for Development—A Case Study on Community Participation and Gender Inequality in Timor-Leste (Maubara, Liquiçá)",,,https://www.proquest.com/docview/1900944324?accountid=13598&bdid=165485&_bd=ufgcc8vTcC0a%2Bp6M2Ejq39wA5UU%3D,status not_retrievable,R5E50BE8CF218__<short title>.pdf
9,never assessed: no full text could be retrieved; full-text screening closed by researcher decision 2026-09-28,,R60DBB0A716ED,2013,"Walnycki, Anna Maria",Rights on the edge : the right to water and the peri-urban drinking water committees of cochabamba,,,https://www.proquest.com/docview/1683347635?accountid=13598&bdid=165485&_bd=bvThgsWy9G9khBjbTvZh1Zl5OAk%3D,status not_retrievable,R60DBB0A716ED__<short title>.pdf
9,never assessed: no full text could be retrieved; full-text screening closed by researcher decision 2026-09-28,,R689E5A167595,2013,"Wilson, Amber L","Policy inadequacies in groundwater use: A case study in the Powder River Basin, Wyoming.",,,https://www.proquest.com/docview/1520333669?accountid=13598&bdid=165489&_bd=AgRI8tDKBwbR09%2FqccJ%2B3TgyCxY%3D,status not_retrievable,R689E5A167595__<short title>.pdf
9,never assessed: no full text could be retrieved; full-text screening closed by researcher decision 2026-09-28,,R697149D2E319,2013,"Seid, H; Kumie, A","The status of School sanitation facilities in some selected primary and secondary schools in Dessie City Administration, South Web Zone, Amhara Region",,,https://www.webofscience.com/wos/woscc/full-record/WOS:000331667800012,status not_retrievable,R697149D2E319__<short title>.pdf
9,never assessed: no full text could be retrieved; full-text screening closed by researcher decision 2026-09-28,,R6A8F4B2CFE37,2013,"Bernal, PI",Drinking water services indicators and cities in Colombia,,,https://www.webofscience.com/wos/woscc/full-record/WOS:000215933300007,status not_retrievable,R6A8F4B2CFE37__<short title>.pdf
9,never assessed: no full text could be retrieved; full-text screening closed by researcher decision 2026-09-28,,R6CF919237649,2013,"Fabricant, Nicole; Hicks, Kathryn",Bolivia's Next Water War: Historicizing the Struggles over Access to Water Resources in the Twenty-First Century,,,https://www.proquest.com/docview/1352770509?accountid=13598&bdid=165485&_bd=hFriU8ewWk5E7ydFedUB8EZ4vd4%3D,status not_retrievable,R6CF919237649__<short title>.pdf
9,never assessed: no full text could be retrieved; full-text screening closed by researcher decision 2026-09-28,,R758A75AE59C1,2013,Charles K.J.; Okurut K.; Tsinda A.; Adogo J.M.; Abbott P.; Okotto L.; Kulabako R.; Kaime T.; Chenoweth J.; Malcolm R.; P,Sanitation in informal settlements in East Africa (3ksan),,,https://www.scopus.com/pages/publications/84891503283?origin=resultslist,status not_retrievable,R758A75AE59C1__<short title>.pdf
9,never assessed: no full text could be retrieved; full-text screening closed by researcher decision 2026-09-28,,R89F9B1AF0A80,2013,"Aslam, Muhammad Sagheer",Sustainability of Community-Based Drinking Water Systems in Developing Countries,,,https://www.proquest.com/docview/2470882563?accountid=13598&bdid=165485&_bd=ECIj3eYPtAOPuuOYlG8ApiJTqJA%3D,status not_retrievable,R89F9B1AF0A80__<short title>.pdf
9,never assessed: no full text could be retrieved; full-text screening closed by researcher decision 2026-09-28,,R8AC52DA298ED,2013,"Bernal, Pedro Ignacio",Water distribution and urban agglomeration indicators in Colombia,,,https://www.proquest.com/docview/1663903619?accountid=13598&bdid=165485&_bd=YQvjJeY5Gw%2FGwgAJ15LMZdhwS2s%3D,status not_retrievable,R8AC52DA298ED__<short title>.pdf
9,never assessed: no full text could be retrieved; full-text screening closed by researcher decision 2026-09-28,,R8B0799F593E8,2013,,Kyrgyzstan-Water Supply and Sanitation Strategy Project,,,https://www.proquest.com/docview/1365720812?accountid=13598&bdid=165485&_bd=paKeM6g76garSfAtNOBZU8R%2BW2U%3D,status not_retrievable,R8B0799F593E8__<short title>.pdf
9,never assessed: no full text could be retrieved; full-text screening closed by researcher decision 2026-09-28,,R8C4EE8FB9874,2013,"Farooqi, Seemab Ara",Assessment of decentralized service delivery arrangements and institutional performance: the case of pakistan local government reforms,,,https://www.proquest.com/docview/1687709052?accountid=13598&bdid=165485&_bd=eN2D1DEb6LFgX1iUoC1F9azuf8Q%3D,status not_retrievable,R8C4EE8FB9874__<short title>.pdf
9,never assessed: no full text could be retrieved; full-text screening closed by researcher decision 2026-09-28,,R8DE6F3C51CDA,2013,"Palleschi, Amanda",EPA Launches Talks On CWA Costs But City Officials Doubt Policy Overhaul,,,https://www.proquest.com/docview/1272856338?accountid=13598&bdid=165485&_bd=MWtg1fQEs4bo7gRYv21YcDQ%2Fl%2BU%3D,status not_retrievable,R8DE6F3C51CDA__<short title>.pdf
9,never assessed: no full text could be retrieved; full-text screening closed by researcher decision 2026-09-28,,R8F05631CC8C9,2013,Lerebours A.,The impact of water governance levels on access to water for the most vulnerable: A case study from the Philippines,,,https://www.scopus.com/pages/publications/85099524832?origin=resultslist,status not_retrievable,R8F05631CC8C9__<short title>.pdf
9,never assessed: no full text could be retrieved; full-text screening closed by researcher decision 2026-09-28,,RA0A4C5728222,2013,Kocanda J.; Vaughan E.; Ayalew G.; Desalegn S.,"Sustainable management of water systems in Halaba Special Woreda, Ethiopia",,,https://www.scopus.com/pages/publications/85099525604?origin=resultslist,status not_retrievable,RA0A4C5728222__<short title>.pdf
9,never assessed: no full text could be retrieved; full-text screening closed by researcher decision 2026-09-28,,RA38DE71ECC8B,2013,"Wehrhahn, Rainer; Helten, Michael; Bercht, Anna Lena",Political ecology of potable water in Guangzhou: actors and social vulnerabilities,,,https://www.proquest.com/docview/1446269143?accountid=13598&bdid=165485&_bd=iigBAfgqtbQe77GU3tr6x8sWRp0%3D,status not_retrievable,RA38DE71ECC8B__<short title>.pdf
9,never assessed: no full text could be retrieved; full-text screening closed by researcher decision 2026-09-28,,RAC8DC87D4EF9,2013,Nimoh; F; Poku; K; Ohene-Yankyera; K; Konradsen; F; Abaidoo; R C,An Exploratory Study on Regulatory Policies Governing Private Sector Participation in the Peri-urban Sanitation Market in Ghana,,,https://www.proquest.com/docview/2134069554?accountid=13598&bdid=165485&_bd=CfRZ6Qpwf4Akk%2B63KJJaeh7dnPE%3D,status not_retrievable,RAC8DC87D4EF9__<short title>.pdf
9,never assessed: no full text could be retrieved; full-text screening closed by researcher decision 2026-09-28,,RAD907FA178C8,2013,"Perry, Guillermo; Angelescu, Ramona",Building a culture of accountability in service delivery. An overview of results of the GDN project on Varieties of Governance in Service Delivery,,,https://www.proquest.com/docview/1698190160?accountid=13598&bdid=165485&_bd=18SmVenzCkHv%2BRLiU0M6DFiRPvA%3D,status not_retrievable,RAD907FA178C8__<short title>.pdf
9,never assessed: no full text could be retrieved; full-text screening closed by researcher decision 2026-09-28,,RB29E258A1586,2013,Wakiru J.K.; Kayaga S.M.,Analysis of trends in the performance of urban water utilities: A case study of Embu Water and Sanitation Company,,,https://www.scopus.com/pages/publications/85099524234?origin=resultslist,status not_retrievable,RB29E258A1586__<short title>.pdf
9,never assessed: no full text could be retrieved; full-text screening closed by researcher decision 2026-09-28,,RB2AD25A65209,2013,"Belényesi, Pál",A vízszolgáltatások hatékonyságának javítása a vízkeretirányelv egyes rendelkezései és a szennyező fizet elvének tükrében,,,https://www.proquest.com/docview/3146640521?accountid=13598&bdid=165485&_bd=2wS481Bahpx4vxN6ii6aCv7AsNI%3D,status not_retrievable,RB2AD25A65209__<short title>.pdf
9,never assessed: no full text could be retrieved; full-text screening closed by researcher decision 2026-09-28,,RB60F8EAD6FC8,2013,"Seo, Mi Suk",The economics and environmental policy of the Safe Drinking Water Act,,,https://www.proquest.com/docview/1520324629?accountid=13598&bdid=165489&_bd=jzSSFESZzyYQ2TvfIjiN%2BwnF0w0%3D,status not_retrievable,RB60F8EAD6FC8__<short title>.pdf
9,never assessed: no full text could be retrieved; full-text screening closed by researcher decision 2026-09-28,,RB73B3B8F6678,2013,"Roca Servat, Denisse",Unveiling Water (In) Justice in Arequipa: A Case Study of Mining Industry in Urban Space,,,https://www.proquest.com/docview/1520323674?accountid=13598&bdid=165489&_bd=tH9LFNdftovJ3k64b2Cc%2FFq%2BYj0%3D,status not_retrievable,RB73B3B8F6678__<short title>.pdf
9,never assessed: no full text could be retrieved; full-text screening closed by researcher decision 2026-09-28,,RB789C45EF948,2013,"Banerji, Bidisha","Institutional Analysis of Municipal Water Reforms: Framework And Application To Jakarta, Indonesia",,,https://www.proquest.com/docview/1346015606?accountid=13598&bdid=165485&_bd=YOpt4LypAhX9QC9eBHrAuzclkh0%3D,status not_retrievable,RB789C45EF948__<short title>.pdf
9,never assessed: no full text could be retrieved; full-text screening closed by researcher decision 2026-09-28,,RBA885F30DDEE,2013,"Balkwill, Daniel M",Oklahoma's forgotten drought: Regional and federal responses to climate crisis in the 1950s,,,https://www.proquest.com/docview/1520319253?accountid=13598&bdid=165489&_bd=CnwNZwUErJ0ZYIToDWv2B%2B9PXtE%3D,status not_retrievable,RBA885F30DDEE__<short title>.pdf
9,never assessed: no full text could be retrieved; full-text screening closed by researcher decision 2026-09-28,,RBAF7A730DAE8,2013,Moraa H.; Salim A.; Otieno A.,M-governance: Use of technology in water service delivery in Kenya,10.4018/978-1-4666-4900-2.ch013,https://doi.org/10.4018/978-1-4666-4900-2.ch013,https://www.scopus.com/pages/publications/84944872783?origin=resultslist,status not_retrievable,RBAF7A730DAE8__<short title>.pdf
9,never assessed: no full text could be retrieved; full-text screening closed by researcher decision 2026-09-28,,RBC60118CEC2A,2013,"Shrivastava, Mukesh Kumar",'Panchayats and Building of Model Villages',,,https://www.proquest.com/docview/1512708799?accountid=13598&bdid=165485&_bd=0i3lLXolfo%2FlZigMf9OKJ9mQJZY%3D,status not_retrievable,RBC60118CEC2A__<short title>.pdf
9,never assessed: no full text could be retrieved; full-text screening closed by researcher decision 2026-09-28,,RBFC70108EBEE,2013,"Stopnitzky, Yaniv","Household Sanitation, Social Norms, and Public Policy in India",,,https://www.proquest.com/docview/1520325272?accountid=13598&bdid=165485&_bd=jpnY%2FxEaj%2BSapNqPZxRzWDKY%2BfM%3D,status wrong_file_retrieved,RBFC70108EBEE__<short title>.pdf
9,never assessed: no full text could be retrieved; full-text screening closed by researcher decision 2026-09-28,,RBFD72E374C53,2013,"DeRuyck, Sara",One Approach to Organizational Learning and Community-based Inquiry: A Case Study A collaborative and empowering journey to water & sanitation,,,https://www.proquest.com/docview/1520323668?accountid=13598&bdid=165485&_bd=zsc3TcXSxYXeI9N4MAvHwdp1aWg%3D,status not_retrievable,RBFD72E374C53__<short title>.pdf
9,never assessed: no full text could be retrieved; full-text screening closed by researcher decision 2026-09-28,,RC1ECB2ABB781,2013,"Vardacostas, Christos",Has urban water privatization worked in the Global South?,,,https://www.proquest.com/docview/1412340115?accountid=13598&bdid=165485&_bd=l0npVUl1%2FvldlJQxY5ds03yykPA%3D,status not_retrievable,RC1ECB2ABB781__<short title>.pdf
9,never assessed: no full text could be retrieved; full-text screening closed by researcher decision 2026-09-28,,RC7952E83537B,2013,"Palleschi, Amanda",Mayors Reject EPA Plan For Variable Water Rates As 'Non Starter',,,https://www.proquest.com/docview/1352304076?accountid=13598&bdid=165485&_bd=0y6HNa5xTO0W3Huu0uPLo0TkoMg%3D,status not_retrievable,RC7952E83537B__<short title>.pdf
9,never assessed: no full text could be retrieved; full-text screening closed by researcher decision 2026-09-28,,RCB891A1B158D,2013,"Poupeau, Franck",Doing a Survey on Urban Inequalities in Bolivia,,,https://www.proquest.com/docview/1728663046?accountid=13598&bdid=165489&_bd=09Va8OPu2bX7qw9uG2SonmpAuIM%3D,status not_retrievable,RCB891A1B158D__<short title>.pdf
9,never assessed: no full text could be retrieved; full-text screening closed by researcher decision 2026-09-28,,RD383F8B37644,2013,"Vargas, RM",The governance of water in Cundinamarca as a right to be assured,,,https://www.webofscience.com/wos/woscc/full-record/WOS:000410521100007,status not_retrievable,RD383F8B37644__<short title>.pdf
9,never assessed: no full text could be retrieved; full-text screening closed by researcher decision 2026-09-28,,RD5D8694F377F,2013,"Abiwu, Napoleon","Private sector involvement in urban water supply management, ghana",,,https://www.proquest.com/docview/1827469038?accountid=13598&bdid=165485&_bd=1HsvVsLhKg66n2BkIVEoUDBp1y4%3D,status not_retrievable,RD5D8694F377F__<short title>.pdf
9,never assessed: no full text could be retrieved; full-text screening closed by researcher decision 2026-09-28,,RD7AA5058E24F,2013,"Monroy-Ortiz, Rafael",Los sistemas urbanos de cuenca en México. Transitando a estrategias integrales de gestión hídrica/Urban systems of river basin in Mexico. Setting up integral strategies of water resources management,,,https://www.proquest.com/docview/1331138754?accountid=13598&bdid=165489&_bd=Uo7Xbfx5K2FCEkJ6GtxnpLhY4zs%3D,status not_retrievable,RD7AA5058E24F__<short title>.pdf
9,never assessed: no full text could be retrieved; full-text screening closed by researcher decision 2026-09-28,,RDF7B8A20B4E3,2013,Mugumya F.,Governance dynamics disabling the sustainability of community-managed point-water facilities in rural Uganda,10.3318/ISIA.2013.24.16,https://doi.org/10.3318/ISIA.2013.24.16,https://www.scopus.com/pages/publications/84889656913?origin=resultslist,status not_retrievable,RDF7B8A20B4E3__<short title>.pdf
9,never assessed: no full text could be retrieved; full-text screening closed by researcher decision 2026-09-28,,RE22EA32656E7,2013,"Mirosa, Oriol",The Global Water Regime Water's Transformation from Right to Commodity in South Africa and Bolivia,,,https://www.proquest.com/docview/1520314655?accountid=13598&bdid=165485&_bd=OInSPXx9vD86R%2BNLZGVGXvmfwME%3D,status not_retrievable,RE22EA32656E7__<short title>.pdf
9,never assessed: no full text could be retrieved; full-text screening closed by researcher decision 2026-09-28,,RE467B32806AA,2013,"Isabaeva, Eliza","Migration into the ""Illegality"" and Coping with Difficulties in a Squatter Settlement in Bishkek",,,https://www.proquest.com/docview/1530634255?accountid=13598&bdid=165489&_bd=2UtwnsFLCqy4x8EoBW5E8kMElXg%3D,status not_retrievable,RE467B32806AA__<short title>.pdf
9,never assessed: no full text could be retrieved; full-text screening closed by researcher decision 2026-09-28,,RED71C659CB3A,2013,Umar A.; Luckose M.; Jaiswal S.; Bhadauria D.,Journey from fringe to centre asserting rights and dignity: Experiences of WASH intervention in India,,,https://www.scopus.com/pages/publications/84891535134?origin=resultslist,status not_retrievable,RED71C659CB3A__<short title>.pdf
9,never assessed: no full text could be retrieved; full-text screening closed by researcher decision 2026-09-28,,REE1F7B3E8978,2013,"Jones, Stephen David",Sharing the recurrent costs of rural water supply in Mali : the role of WaterAid in promoting sustainable service delivery,,,https://www.proquest.com/docview/2372335217?accountid=13598&bdid=165485&_bd=ziQ8QeEK12EAhTnadrVL1gtDPW8%3D,status not_retrievable,REE1F7B3E8978__<short title>.pdf
9,never assessed: no full text could be retrieved; full-text screening closed by researcher decision 2026-09-28,,REF72D05FEF84,2013,"Rey de Castro Pastor, Flavia.","Water Politics: Governance, Conflict, and Vulnerability in Andean Peru.",,,https://www.proquest.com/docview/1520334500?accountid=13598&bdid=165485&_bd=ZQo2vtMBadk4%2Bx9uDop1iTEPABk%3D,status not_retrievable,REF72D05FEF84__<short title>.pdf
9,never assessed: no full text could be retrieved; full-text screening closed by researcher decision 2026-09-28,,RFC8EA02A9AFD,2013,Ana Cristina Augusto de Sousa; Nilson do Rosário Costa; Ana Cristina Augusto de Sousa; Nilson do Rosário Costa,Uncertainty and dissent: the limits of Brazilian sanitation policy,,,https://www.proquest.com/docview/1643152749?accountid=13598&bdid=165485&_bd=q83ek31cvxMgU%2FLmkn1ZGM3HUvU%3D,status not_retrievable,RFC8EA02A9AFD__<short title>.pdf
9,never assessed: no full text could be retrieved; full-text screening closed by researcher decision 2026-09-28,,RFD4276983BC5,2013,"Auerbach, Adam Michael","Demanding Development: Democracy, Community Governance, and Public Goods Provision in India's Urban Slums",,,https://www.proquest.com/docview/1722487988?accountid=13598&bdid=165485&_bd=eixd8k5TXJMV%2F12jl%2BPFg0IPpAM%3D,status not_retrievable,RFD4276983BC5__<short title>.pdf
9,never assessed: no full text could be retrieved; full-text screening closed by researcher decision 2026-09-28,,R023B3A0D827A,2014,"Pablos, Nicolas Pineda; Vaquez, Jose Luis Moreno; Adams, Alejandro Salazar; Ley, America Nallely Lutz",Water rights and watershed management in Mexico. The Sonora river case,,,https://www.proquest.com/docview/1692289130?accountid=13598&bdid=165489&_bd=6tpht%2F2s94Gxx5yU7bPbmkXuXVE%3D,status wrong_file_retrieved,R023B3A0D827A__<short title>.pdf
9,never assessed: no full text could be retrieved; full-text screening closed by researcher decision 2026-09-28,,R083F3250F8E0,2014,"Chowns, Eleanor",The political economy of community management: a study of factors influencing sustainability in malawi's rural water supply sector,,,https://www.proquest.com/docview/1548711228?accountid=13598&bdid=165485&_bd=keknJ93gdzd7JCJwAfL6h18SFXw%3D,status wrong_file_retrieved,R083F3250F8E0__<short title>.pdf
9,never assessed: no full text could be retrieved; full-text screening closed by researcher decision 2026-09-28,,R0A9CBF4A1C1F,2014,"Serrano, JG","WATER SUPPLY IN THE TOWN OF AGUASCALIENTES. THE AQUEDUCT OF CEDAZO, 1731-1891",,,https://www.webofscience.com/wos/woscc/full-record/WOS:000443752300002,status not_retrievable,R0A9CBF4A1C1F__<short title>.pdf
9,never assessed: no full text could be retrieved; full-text screening closed by researcher decision 2026-09-28,,R0E116D99D106,2014,"Chalfin, Brenda","Public things, excremental politics, and the infrastructure of bare life in Ghana's city of Tema",,,https://www.proquest.com/docview/1501461708?accountid=13598&bdid=165489&_bd=JMfByHmi2sn1O%2FNHMX8NVWoREcE%3D,status wrong_file_retrieved,R0E116D99D106__<short title>.pdf
9,never assessed: no full text could be retrieved; full-text screening closed by researcher decision 2026-09-28,,R110B658A4045,2014,"Fombe, Lawrence F; Bih, Queenta Ntum",Surface Water Pollution and its Implication in the Kumba Municipality of Cameroon,,,https://www.proquest.com/docview/1767330128?accountid=13598&bdid=165489&_bd=M2H49xT1s9BFo6oVHh9NB6jCkWY%3D,status wrong_file_retrieved,R110B658A4045__<short title>.pdf
9,never assessed: no full text could be retrieved; full-text screening closed by researcher decision 2026-09-28,,R144A499B49EF,2014,"Sainz Santamaria, Jose Jaime","Elections, protests, and the provision of public goods.",,,https://www.proquest.com/docview/1629332874?accountid=13598&bdid=165489&_bd=UNi%2B0zmEo7b5ydh%2BTXvQASqUMZQ%3D,status wrong_file_retrieved,R144A499B49EF__<short title>.pdf
9,never assessed: no full text could be retrieved; full-text screening closed by researcher decision 2026-09-28,,R19FD5701BC0D,2014,"Dondeynaz, Celine","Water, governance and human development variables in developing countries: multivariate inter-relationships analysis and statistical modelling using bayesian networks",,,https://www.proquest.com/docview/1784059866?accountid=13598&bdid=165485&_bd=EJSCeDiFxcc1fcQoeCEqis%2FE4dc%3D,status wrong_file_retrieved,R19FD5701BC0D__<short title>.pdf
9,never assessed: no full text could be retrieved; full-text screening closed by researcher decision 2026-09-28,,R1A149EC2FBF8,2014,Fournier J.-M.,Inequalities and conflict: Water in Latin American cities,10.1007/978-94-007-7323-3_15,https://doi.org/10.1007/978-94-007-7323-3_15,https://www.scopus.com/pages/publications/84949177341?origin=resultslist,status not_retrievable,R1A149EC2FBF8__<short title>.pdf
9,never assessed: no full text could be retrieved; full-text screening closed by researcher decision 2026-09-28,,R2018D426E682,2014,Mwamsamali O.K.K.; Mayo A.W.,"Gender mainstreaming in integrated rural water supply and sanitation project in Mzimba, Malawi",10.2166/washdev.2014.111,https://doi.org/10.2166/washdev.2014.111,https://www.scopus.com/pages/publications/84904747750?origin=resultslist,status not_retrievable,R2018D426E682__<short title>.pdf
9,never assessed: no full text could be retrieved; full-text screening closed by researcher decision 2026-09-28,,R2130C37BDCEA,2014,"Peloso, M; Morinville, C","'Chasing for Water': Everyday Practices of Water Access in Peri-Urban Ashaiman, Ghana",,,https://www.webofscience.com/wos/woscc/full-record/WOS:000209774600008,status not_retrievable,R2130C37BDCEA__<short title>.pdf
9,never assessed: no full text could be retrieved; full-text screening closed by researcher decision 2026-09-28,,R236F99A38C0F,2014,"Mukonoweshuro, Tonderai Fadzai","Barriers to the Provision of Basic Sanitation in Two Selected Informal Settlements in Harare, Zimbabwe",,,https://www.proquest.com/docview/3153383918?accountid=13598&bdid=165485&_bd=z2hXtanGMwfQ16Md4KN2xGDsPtQ%3D,status not_retrievable,R236F99A38C0F__<short title>.pdf
9,never assessed: no full text could be retrieved; full-text screening closed by researcher decision 2026-09-28,,R263549602BA3,2014,"Dominguez Rivera, Isabel Cristina",Participatory modelling for holistic understanding of catchment health and human health in andean rural microcatchments: the case of calabazas,,,https://www.proquest.com/docview/1779254101?accountid=13598&bdid=165485&_bd=C1%2FejFhSBUUsosIthqlbpSy6Ues%3D,status not_retrievable,R263549602BA3__<short title>.pdf
9,never assessed: no full text could be retrieved; full-text screening closed by researcher decision 2026-09-28,,R26C76E559B2C,2014,"de Bercegol, R; Gowda, S",Access to water between urban inequalities and technical constraints. The decentralization of supply in four Uttar Pradesh municipalities,,,https://www.webofscience.com/wos/woscc/full-record/WOS:000339778100009,status not_retrievable,R26C76E559B2C__<short title>.pdf
9,never assessed: no full text could be retrieved; full-text screening closed by researcher decision 2026-09-28,,R2FE56A7F0F98,2014,"Botton, Sarah; Blanc, Aymeric",A commercial and local public service. The role of small private operators in the supply of peripheral neighborhoods in Africa,,,https://www.proquest.com/docview/1650145490?accountid=13598&bdid=165489&_bd=fwdptRKc7n45UShJgQqGbysQ1FA%3D,status wrong_file_retrieved,R2FE56A7F0F98__<short title>.pdf
9,never assessed: no full text could be retrieved; full-text screening closed by researcher decision 2026-09-28,,R3181DF9643CD,2014,"Lorrain, Dominique",'The ballasted actor': a joint venture for water services in Chongqing,,,https://www.proquest.com/docview/1650145948?accountid=13598&bdid=165489&_bd=4WIRSdqlS3WBXocWxtEBdmBs5uU%3D,status not_retrievable,R3181DF9643CD__<short title>.pdf
9,never assessed: no full text could be retrieved; full-text screening closed by researcher decision 2026-09-28,,R3380C920725B,2014,"Saussey, Magalie",Reforms of water services in Burkina Faso: women's participation remains in question,10.3917/rtm.217.0181,https://doi.org/10.3917/rtm.217.0181,https://www.proquest.com/docview/1539472139?accountid=13598&bdid=165485&_bd=4tqsDGlciIua61TDOBjNkZkrcjw%3D,status not_retrievable,R3380C920725B__<short title>.pdf
9,never assessed: no full text could be retrieved; full-text screening closed by researcher decision 2026-09-28,,R3467E75D5D0A,2014,Bojórquez G.C.; Aguilar M.L.R.; Navarrete L.R.,"Local Public action and self-management practices in neighborhoods without piped water or sanitation, in the state of Chihuahua, México; [Acción pública local y prácticas autogestivas en colonias sin ",,,https://www.scopus.com/pages/publications/84975687947?origin=resultslist,status not_retrievable,R3467E75D5D0A__<short title>.pdf
9,never assessed: no full text could be retrieved; full-text screening closed by researcher decision 2026-09-28,,R35CDA57C8CD2,2014,"Almaden, Catherine Roween C",Protecting the Water Supply: The Philippine Experience,,,https://www.proquest.com/docview/1641643685?accountid=13598&bdid=165489&_bd=uXfcoaUk%2B5hoDZMB6FdOUd9CpS4%3D,status not_retrievable,R35CDA57C8CD2__<short title>.pdf
9,never assessed: no full text could be retrieved; full-text screening closed by researcher decision 2026-09-28,,R373E8DEB3ED4,2014,"Bustos, Ivette Johanna Gómez",LA ACCIÓN COLECTIVA DEL AGUA EN COLOMBIA Y EL REFERENDO COMO ACERCAMIENTO DE DEMOCRACIA DIRECTA*/COLLECTIVE ACTION FOR WATER IN COLOMBIA AND THE REFERENDUM AS DIRECT DEMOCRACY APPROACH,,,https://www.proquest.com/docview/1660332204?accountid=13598&bdid=165489&_bd=tJn5wdmP5vHETCofomEwXlF25MM%3D,status not_retrievable,R373E8DEB3ED4__<short title>.pdf
9,never assessed: no full text could be retrieved; full-text screening closed by researcher decision 2026-09-28,,R383B38896514,2014,"Ranganathan, Malini","Fluid Hegemony: A Political Ecology of Water, Market Rule, and Insurgence at Bangalore's Frontier.",,,https://www.proquest.com/docview/1520344800?accountid=13598&bdid=165485&_bd=V%2FlYvXy4cykxUv%2BZmqFWwcI4KzA%3D,status not_retrievable,R383B38896514__<short title>.pdf
9,never assessed: no full text could be retrieved; full-text screening closed by researcher decision 2026-09-28,,R3A2D08B497E7,2014,"Cáceres, Daniel M; Rodríguez-Bilella, Pablo",Acceso y apropiación del agua en comunidades rurales pobres de Argentina central. Transformaciones y conflictos/Access and appropriation of water in poor rural communities in central Argentina. Transf,,,https://www.proquest.com/docview/1524713319?accountid=13598&bdid=165489&_bd=2mYzHxyfiVAEeqyZ9ORHqknzQvk%3D,status not_retrievable,R3A2D08B497E7__<short title>.pdf
9,never assessed: no full text could be retrieved; full-text screening closed by researcher decision 2026-09-28,,R3D4018B79A26,2014,Wang T.,Poverty reduction and the human right to water and sanitation in Rural North China,,,https://www.scopus.com/pages/publications/84945248152?origin=resultslist,status not_retrievable,R3D4018B79A26__<short title>.pdf
9,never assessed: no full text could be retrieved; full-text screening closed by researcher decision 2026-09-28,,R3E26A73D528A,2014,"Legere, Laura",Audit points out DEP 's flaws,,,https://www.proquest.com/docview/1547695106?accountid=13598&bdid=165485&_bd=8GmA%2BtXT6IkckVdRHwjO7xcW4gs%3D,status not_retrievable,R3E26A73D528A__<short title>.pdf
9,never assessed: no full text could be retrieved; full-text screening closed by researcher decision 2026-09-28,,R4139A8D02FD1,2014,"Lang, Michael Keith","Capital, Accumulation, and Crisis: Surveying the Neoliberal Waterscape of Municipal Privatization in Canada.",,,https://www.proquest.com/docview/1629333232?accountid=13598&bdid=165489&_bd=8P56iXiQPBC1kl%2FQIV8TRkHkO%2FQ%3D,status not_retrievable,R4139A8D02FD1__<short title>.pdf
9,never assessed: no full text could be retrieved; full-text screening closed by researcher decision 2026-09-28,,R41A117922E8D,2014,"Lynch, Barbara",Can the Technocrats Calm Peru's Troubled Waters?,,,https://www.proquest.com/docview/1656157022?accountid=13598&bdid=165485&_bd=rPbMej6VMRuwPg%2BxV4z9MxkjriU%3D,status not_retrievable,R41A117922E8D__<short title>.pdf
9,never assessed: no full text could be retrieved; full-text screening closed by researcher decision 2026-09-28,,R41DEC52D30D5,2014,"Liang, Jiaqi",Unmasking covert injustice? A multilevel analysis of environmental inequalities and regulatory enforcement in the United States,,,https://www.proquest.com/docview/1636541488?accountid=13598&bdid=165485&_bd=vfRPKatHZeugZi6OiUiFTXboMIo%3D,status not_retrievable,R41DEC52D30D5__<short title>.pdf
9,never assessed: no full text could be retrieved; full-text screening closed by researcher decision 2026-09-28,,R44D9FCE3586A,2014,"Rodriguez, Felipe Alpizar",he cycle of political demands: a methodological approach applied to the race for the reform of the institutional framework of the water in Costa Rica,,,https://www.proquest.com/docview/1567047085?accountid=13598&bdid=165489&_bd=EIj3tsi%2FwNL%2BLbcrEuYIDaUN1Pg%3D,status not_retrievable,R44D9FCE3586A__<short title>.pdf
9,never assessed: no full text could be retrieved; full-text screening closed by researcher decision 2026-09-28,,R49459F32EBC4,2014,"Uguru, Obinna Paul","Improving access to water and sanitation via effective community engagement: a case study of urban abakaliki, nigeria",,,https://www.proquest.com/docview/1780289214?accountid=13598&bdid=165485&_bd=FzxYoAbinvT9WqF8fmH%2FUZ0CPg8%3D,status not_retrievable,R49459F32EBC4__<short title>.pdf
9,never assessed: no full text could be retrieved; full-text screening closed by researcher decision 2026-09-28,,R4FD86A9598F6,2014,"Blanchet, Thomas",A constrained partial privatization. The case of the Compagnie des Eaux in Berlin,,,https://www.proquest.com/docview/1650146110?accountid=13598&bdid=165489&_bd=QT02K4ToWt3yJyjYrsEDJpO4CsQ%3D,status not_retrievable,R4FD86A9598F6__<short title>.pdf
9,never assessed: no full text could be retrieved; full-text screening closed by researcher decision 2026-09-28,,R50F5987EB583,2014,"Pacheco-Vega, R","INTERMUNICIPALITY AS AN EMERGENT INSTITUTIONAL ARRANGEMENT: THE WATER SUPPLY CASE IN THE METROPOLITAN AREA OF AGUASCALIENTES, MEXICO",,,https://www.webofscience.com/wos/woscc/full-record/WOS:000452625500001,status not_retrievable,R50F5987EB583__<short title>.pdf
9,never assessed: no full text could be retrieved; full-text screening closed by researcher decision 2026-09-28,,R52AA2A5BBA5D,2014,"Defeuilley, Christophe",The legitimacy of private intervention in a public service. The renewal of water service contracts in the suburbs of Paris,,,https://www.proquest.com/docview/1650145519?accountid=13598&bdid=165489&_bd=Ke5DFPOIHCNu6ixF3kcMWpoIE74%3D,status not_retrievable,R52AA2A5BBA5D__<short title>.pdf
9,never assessed: no full text could be retrieved; full-text screening closed by researcher decision 2026-09-28,,R54474056B4D8,2014,"Furukawa, Mitsuaki; Mikami, Satoru",Is Country-system-based Aid Really Better than Project-based Aid? Evidence from Rural Water Supply Management in Uganda,,,https://www.proquest.com/docview/1698650036?accountid=13598&bdid=165485&_bd=ZxDLXqGWgjONKgO1EgLrSmTadeE%3D,status not_retrievable,R54474056B4D8__<short title>.pdf
9,never assessed: no full text could be retrieved; full-text screening closed by researcher decision 2026-09-28,,R60D4F5EF6DE5,2014,"Sharma, Virinder; Orindi, Victor; Hesse, Ced; Pattison, James; Anderson, Simon",Supporting local climate adaptation planning and implementation through local governance and decentralised finance provision,10.1080/09614524.2014.907240,https://doi.org/10.1080/09614524.2014.907240,https://www.proquest.com/docview/1667949508?accountid=13598&bdid=165485&_bd=tOnPr%2BMPP53EprOuzRba%2Fr6JfYA%3D,status wrong_file_retrieved,R60D4F5EF6DE5__<short title>.pdf
9,never assessed: no full text could be retrieved; full-text screening closed by researcher decision 2026-09-28,,R64222E33C007,2014,"Workman, Cassandra L","A Critical Ethnography of Globalization in Lesotho, Africa: Syndemic Water Insecurity and the Micro-politics of Participation.",,,https://www.proquest.com/docview/1520313826?accountid=13598&bdid=165489&_bd=OXCiQOOpfzcpZ5gzR1GbZw1uhCg%3D,status not_retrievable,R64222E33C007__<short title>.pdf
9,never assessed: no full text could be retrieved; full-text screening closed by researcher decision 2026-09-28,,R74100BBCD4C6,2014,Hof A.; Blázquez-Salom M.; Colom M.C.; Périz A.B.,"Challenges and Solutions for Urban-Tourist Water Supply on Mediterranean Tourist Islands: The Case of Majorca, Spain",10.1007/978-3-319-07548-8_9,https://doi.org/10.1007/978-3-319-07548-8_9,https://www.scopus.com/pages/publications/85145060599?origin=resultslist,status not_retrievable,R74100BBCD4C6__<short title>.pdf
9,never assessed: no full text could be retrieved; full-text screening closed by researcher decision 2026-09-28,,R746C33035455,2014,Allouche J.,The role of informal service providers in post-conflict reconstruction and state building,10.4324/9781849775809-11,https://doi.org/10.4324/9781849775809-11,https://www.scopus.com/pages/publications/85087262603?origin=resultslist,status wrong_file_retrieved,R746C33035455__<short title>.pdf
9,never assessed: no full text could be retrieved; full-text screening closed by researcher decision 2026-09-28,,R75B33C1F5BAE,2014,"Szach, Natasha J","Keepers of the water: Exploring Anishinaabe and Metis women's knowledge of water and participation in water governance in Kenora, Ontario.",,,https://www.proquest.com/docview/1567044534?accountid=13598&bdid=165485&_bd=XGO9KEZKYmDzEek8MAYRs4bgy6c%3D,status not_retrievable,R75B33C1F5BAE__<short title>.pdf
9,never assessed: no full text could be retrieved; full-text screening closed by researcher decision 2026-09-28,,R7719912E9823,2014,"Kallhoff, Angela",Water Justice: A Multilayer Term and Its Role in Cooperation,,,https://www.proquest.com/docview/1667951191?accountid=13598&bdid=165489&_bd=H0tnHaHDkrOpwid5stwi1zRzECk%3D,status not_retrievable,R7719912E9823__<short title>.pdf
9,never assessed: no full text could be retrieved; full-text screening closed by researcher decision 2026-09-28,,R77CDB9112613,2014,"Prieto, Manuel",Privatizing water and articulating indigeneity: The Chilean water reforms and the Atacameño people (Likan Antai),,,https://www.proquest.com/docview/1554346114?accountid=13598&bdid=165485&_bd=IWX926DkDtNQUaoHiaAoTUM9CYw%3D,status not_retrievable,R77CDB9112613__<short title>.pdf
9,never assessed: no full text could be retrieved; full-text screening closed by researcher decision 2026-09-28,,R7949197536F5,2014,"Mazorra Aguiar, Javier; Perez Sonora, Maria; Fernandez Garcia, Luz; Ventura, Andrea; Lumbreras Martin, Julio",Characterizing the management of water resources in rural schools of semiarid Alagoas: proposal for an evaluation model,,,https://www.proquest.com/docview/1761679723?accountid=13598&bdid=165489&_bd=sRpzXLlvxYsMhA%2BZBGsX38O%2F%2FNE%3D,status not_retrievable,R7949197536F5__<short title>.pdf
9,never assessed: no full text could be retrieved; full-text screening closed by researcher decision 2026-09-28,,R79F6CDBD7D14,2014,"Cairns, Maryann R.","Environment, Rights, and Waste in Bolivia: Addressing Water and Sanitation Processes for Improved Infrastructure",,,https://www.proquest.com/docview/1564784879?accountid=13598&bdid=165485&_bd=5Yqv6NUEwnPS8DGCc2LElvakjFM%3D,status not_retrievable,R79F6CDBD7D14__<short title>.pdf
9,never assessed: no full text could be retrieved; full-text screening closed by researcher decision 2026-09-28,,R7F34A7ECA7B8,2014,"Bjorkman, Lisa",Un/known Waters: Navigating Everyday Risks of Infrastructural Breakdown in Mumbai,10.1215/1089201X2826061,https://doi.org/10.1215/1089201X2826061,https://www.proquest.com/docview/1728662336?accountid=13598&bdid=165489&_bd=CKOU5DCpfgSqJ7334O7ylg1JJ1Q%3D,status not_retrievable,R7F34A7ECA7B8__<short title>.pdf
9,never assessed: no full text could be retrieved; full-text screening closed by researcher decision 2026-09-28,,R8320AF7DAA5E,2014,,Iraq Public Sector Modernisation Programme (Ipsm) Phase Ii,,,https://www.proquest.com/docview/1559386557?accountid=13598&bdid=165485&_bd=8qE5uB%2Fgru6R%2FOcyCDmZBtBvVkI%3D,status not_retrievable,R8320AF7DAA5E__<short title>.pdf
9,never assessed: no full text could be retrieved; full-text screening closed by researcher decision 2026-09-28,,R868499C879CC,2014,"McAleavey, Margaret M","Dispossession and defiance: Kalaupapa patients, Hale Mohalu, and Hawaiian resistance.",,,https://www.proquest.com/docview/1629332313?accountid=13598&bdid=165489&_bd=a93TrDtYPPaRgJN4RLdg0ScnHmE%3D,status not_retrievable,R868499C879CC__<short title>.pdf
9,never assessed: no full text could be retrieved; full-text screening closed by researcher decision 2026-09-28,,R893971DF7251,2014,"Guy-Romain, Kouam Kenmogne",Vers une Gestion Rationnelle de L'eau Dans une Situation Complexe D'urbanisation Anarchique Dans un Pays en Développement : Cas du Bassin Versant de L'abiergué (Yaoundé-Cameroun),,,https://www.proquest.com/docview/3110360678?accountid=13598&bdid=165485&_bd=uYgVb8PVNBnxzevjk%2BbaDtHgYPQ%3D,status not_retrievable,R893971DF7251__<short title>.pdf
9,never assessed: no full text could be retrieved; full-text screening closed by researcher decision 2026-09-28,,R8B55DBAADF3C,2014,"Mutopo, Patience; Chiweshe, Manase Kudzai",Water resources and biofuel production after the fast-track land reform in Zimbabwe,,,https://www.proquest.com/docview/1545536246?accountid=13598&bdid=165485&_bd=bNVp1hZ6B0KhQtFDXuD1NBNASQE%3D,status not_retrievable,R8B55DBAADF3C__<short title>.pdf
9,never assessed: no full text could be retrieved; full-text screening closed by researcher decision 2026-09-28,,R90AEB80CD9A2,2014,"Morin, Laurence Arsenault",Analyse de la Gestion D'un Service Public dans un Contexte Transitoire: Conflits et Enjeux des Services D'eau Potable en Tunisie en 2012,,,https://www.proquest.com/docview/2812064664?accountid=13598&bdid=165485&_bd=D8miduKaTBf0Ve0sq3Z2vfMIbSY%3D,status not_retrievable,R90AEB80CD9A2__<short title>.pdf
9,never assessed: no full text could be retrieved; full-text screening closed by researcher decision 2026-09-28,,R9241ED58E492,2014,"Egan, Michael J","Public water supply systems in New York City, Boston, and Seattle: The policy choice of conservation over filtration.",,,https://www.proquest.com/docview/1629332405?accountid=13598&bdid=165489&_bd=fR74KCZARqv5a%2ByenOhhnY4UeYw%3D,status not_retrievable,R9241ED58E492__<short title>.pdf
9,never assessed: no full text could be retrieved; full-text screening closed by researcher decision 2026-09-28,,R92A2339263CC,2014,"Caceres, Daniel M; Rodriguez-Bilella, Pablo",Access and appropriation of water in poor rural communities in central Argentina. Transformations and conflicts,,,https://www.proquest.com/docview/1667952606?accountid=13598&bdid=165489&_bd=uiRjS6CbpQWPhsFW9PEoYV%2FyrKQ%3D,status not_retrievable,R92A2339263CC__<short title>.pdf
9,never assessed: no full text could be retrieved; full-text screening closed by researcher decision 2026-09-28,,R93ED21A52828,2014,"Breakfast, N; Bradshaw, G; Haines, R",The Impact of Market-Friendly Policies in the Eastern Cape Municipalities,,,https://www.proquest.com/docview/1761675188?accountid=13598&bdid=165489&_bd=NaWof%2FnTanbFmXhBaaNWeO%2BqYNQ%3D,status not_retrievable,R93ED21A52828__<short title>.pdf
9,never assessed: no full text could be retrieved; full-text screening closed by researcher decision 2026-09-28,,R9AA97AECE801,2014,,Basic services for all in an urbanizing world,10.4324/9781315770581,https://doi.org/10.4324/9781315770581,https://www.scopus.com/pages/publications/84955414990?origin=resultslist,status not_retrievable,R9AA97AECE801__<short title>.pdf
9,never assessed: no full text could be retrieved; full-text screening closed by researcher decision 2026-09-28,,R9B6709C7AE9B,2014,"Masanyiwa, Zacharia S.",Decision Making Under the Tree: Gender Perspectives on Decentralization Reforms in Service Delivery in Rural Tanzania,,,https://www.proquest.com/docview/2580679774?accountid=13598&bdid=165485&_bd=5zmJ4AJrEy%2FgVEjgkOY%2Fpu3DcRA%3D,status not_retrievable,R9B6709C7AE9B__<short title>.pdf
9,never assessed: no full text could be retrieved; full-text screening closed by researcher decision 2026-09-28,,R9C07F7253E84,2014,"Cullet, Philippe",Groundwater Law In India: Towards a Framework Ensuring Equitable Access and Aquifer Protection,,,https://www.proquest.com/docview/1520791946?accountid=13598&bdid=165485&_bd=UF2VCDj9jbeWXQ8rsBbqB0m3ecY%3D,status not_retrievable,R9C07F7253E84__<short title>.pdf
9,never assessed: no full text could be retrieved; full-text screening closed by researcher decision 2026-09-28,,R9C4A6F1304F3,2014,Barraqué B.; Isnard L.,The sustainability of the water services in big metropolises: Lessons learnt from the EAU&3E research project; [La gestion durable des services d'eau potable dans les grandes villes: Enseignements du ,10.1051/tsm/201404048,https://doi.org/10.1051/tsm/201404048,https://www.scopus.com/pages/publications/84899784805?origin=resultslist,status not_retrievable,R9C4A6F1304F3__<short title>.pdf
9,never assessed: no full text could be retrieved; full-text screening closed by researcher decision 2026-09-28,,R9E451FD53FF8,2014,"Vardacostas, Christos",Has urban water privatization worked in the Global South?,,,https://www.proquest.com/docview/1531933090?accountid=13598&bdid=165485&_bd=cuI37pzwBEKDnv1pfueHp4feS8s%3D,status not_retrievable,R9E451FD53FF8__<short title>.pdf
9,never assessed: no full text could be retrieved; full-text screening closed by researcher decision 2026-09-28,,R9FB03C0FA8AD,2014,"Mande Buafua, Patrick",Modes D'organisation et Distribution de L'eau: Une Evaluation Empirique de la Performance par les Méthodes des Frontières de Production,,,https://www.proquest.com/docview/3110357588?accountid=13598&bdid=165485&_bd=DGxt1lvY%2FqvE17mZ%2B1K%2FCiSbe8w%3D,status not_retrievable,R9FB03C0FA8AD__<short title>.pdf
9,never assessed: no full text could be retrieved; full-text screening closed by researcher decision 2026-09-28,,RA0C41CF80EBE,2014,"Nagaral, V","Role of Institutions in Urban Water Supply: A Study in Cuddalore District, Tamilnadu",,,https://www.webofscience.com/wos/woscc/full-record/WOS:000219906200013,status not_retrievable,RA0C41CF80EBE__<short title>.pdf
9,never assessed: no full text could be retrieved; full-text screening closed by researcher decision 2026-09-28,,RA1D4172CB2BE,2014,"Medland, Louise S",Developing standards for household latrines in Rwanda,,,https://www.proquest.com/docview/2312364818?accountid=13598&bdid=165485&_bd=T3%2BuJNGwB938aGjpTFr6CSKN5dg%3D,status not_retrievable,RA1D4172CB2BE__<short title>.pdf
9,never assessed: no full text could be retrieved; full-text screening closed by researcher decision 2026-09-28,,RA1DB69F3C338,2014,"Hardy, Sebastien; Poupeau, Franck",The self-organization of urban water management. The role of cooperatives within the aggregate system of La Paz and El Alto,,,https://www.proquest.com/docview/1650145494?accountid=13598&bdid=165489&_bd=AmFr8RbtyI96qTOUMuTXBVQvGcQ%3D,status not_retrievable,RA1DB69F3C338__<short title>.pdf
9,never assessed: no full text could be retrieved; full-text screening closed by researcher decision 2026-09-28,,RA915675B6CC5,2014,"Bommier, Swann; Renouard, Cécile",On Equity in India's Water Supply Public-Private Partnerships,,,https://www.proquest.com/docview/1698364123?accountid=13598&bdid=165485&_bd=FY5nPCub%2BNbz9VQiA0J9DXmmr8I%3D,status not_retrievable,RA915675B6CC5__<short title>.pdf
9,never assessed: no full text could be retrieved; full-text screening closed by researcher decision 2026-09-28,,RAA804C98FCA9,2014,"Udas, Pranita Bhushan","Gendered Participation in Water Management in Nepal: Discourses, Policies and Practices in the Irrigation and Drinking Water Sectors",,,https://www.proquest.com/docview/2580911738?accountid=13598&bdid=165485&_bd=JSG7S2AeG2AoYn4aOUwHpJPP8lo%3D,status not_retrievable,RAA804C98FCA9__<short title>.pdf
9,never assessed: no full text could be retrieved; full-text screening closed by researcher decision 2026-09-28,,RAE482ED50F43,2014,Krolikowski A.,Can mobile-enabled payment methods reduce petty corruption in urban water provision?,,,https://www.scopus.com/pages/publications/84896892331?origin=resultslist,status not_retrievable,RAE482ED50F43__<short title>.pdf
9,never assessed: no full text could be retrieved; full-text screening closed by researcher decision 2026-09-28,,RB485AECB6179,2014,"McMillan, Rebecca",Building '21st Century Sewer Socialism': Sanitation and Venezuela's Technical Water Committees.,,,https://www.proquest.com/docview/1567045745?accountid=13598&bdid=165489&_bd=ZuEh%2FBjuzayFXyYH05fMfTIhiyA%3D,status not_retrievable,RB485AECB6179__<short title>.pdf
9,never assessed: no full text could be retrieved; full-text screening closed by researcher decision 2026-09-28,,RB986BD33E8D0,2014,"Simons, Catherine",Tap versus bottle: A mixed methods analysis of public water supply and the bottled water industry in the United States,,,https://www.proquest.com/docview/1554688822?accountid=13598&bdid=165485&_bd=9sDt89%2F8Pm4x00dVMb6lRIRCN%2BA%3D,status not_retrievable,RB986BD33E8D0__<short title>.pdf
9,never assessed: no full text could be retrieved; full-text screening closed by researcher decision 2026-09-28,,RC44FF7087ED7,2014,"Viana, João Paulo",Ações do Governo Federal na Área de Influência do Projeto de Integração do Rio São Francisco Com Bacias Hidrográficas do Nordeste Setentrional: Uma Avaliação dos Investimentos nos Municípios do Plano ,,,https://www.proquest.com/docview/1698615036?accountid=13598&bdid=165485&_bd=6eEeQZmPv2X57a6rSACr7XEgAq0%3D,status not_retrievable,RC44FF7087ED7__<short title>.pdf
9,never assessed: no full text could be retrieved; full-text screening closed by researcher decision 2026-09-28,,RC52F442830A7,2014,"Narang, Bindiya",Self Perceived Well-Being and Quality of life of People in a Water Scarce Village in India,,,https://www.proquest.com/docview/1755538658?accountid=13598&bdid=165489&_bd=NkUX3A4F4SywymDwWJr3HMS8thQ%3D,status not_retrievable,RC52F442830A7__<short title>.pdf
9,never assessed: no full text could be retrieved; full-text screening closed by researcher decision 2026-09-28,,RCA5D9972A667,2014,"Banerji, Bidisha","Institutional Analysis of Municipal Water Reforms: Framework And Application To Jakarta, Indonesia.",,,https://www.proquest.com/docview/1520344277?accountid=13598&bdid=165489&_bd=A%2Byla9Tud60fxTaPm5wzBN6efxc%3D,status not_retrievable,RCA5D9972A667__<short title>.pdf
9,never assessed: no full text could be retrieved; full-text screening closed by researcher decision 2026-09-28,,RCC26C6F3FA89,2014,"Zerah, Marie-Helene; Renouard, Cecile",Corporate social responsibility meets public service. A case-study of Nagpur's contract,,,https://www.proquest.com/docview/1650146104?accountid=13598&bdid=165489&_bd=dXSGxC3QcMrv1W%2BwCzH%2Fp93%2F4ng%3D,status not_retrievable,RCC26C6F3FA89__<short title>.pdf
9,never assessed: no full text could be retrieved; full-text screening closed by researcher decision 2026-09-28,,RCC46C7105DE8,2014,"Aubriot, Julie","Conflicts over water in South Africa. Inequalities, social mobilizations and the use of law",,,https://www.proquest.com/docview/1650145509?accountid=13598&bdid=165489&_bd=7Den6r%2FHrVKQHrxDi5XIJR4XSPw%3D,status not_retrievable,RCC46C7105DE8__<short title>.pdf
9,never assessed: no full text could be retrieved; full-text screening closed by researcher decision 2026-09-28,,RCED96ED90680,2014,"Skobla, Daniel; Filcak, Richard",Barriers to Access to Potable Water as an Aspect of Social Exclusion of the Roma Population,,,https://www.proquest.com/docview/1708502337?accountid=13598&bdid=165489&_bd=8H%2Fac5rsieH0p05%2FEadjQ%2FwZShU%3D,status not_retrievable,RCED96ED90680__<short title>.pdf
9,never assessed: no full text could be retrieved; full-text screening closed by researcher decision 2026-09-28,,RCF2C8A8C45DD,2014,"Carrera, Jennifer Suzanne",Sanitation and social power in the United States,,,https://www.proquest.com/docview/1651953648?accountid=13598&bdid=165485&_bd=0WWTeSkW1xbw0t5KkdXUP3ZLvhU%3D,status wrong_file_retrieved,RCF2C8A8C45DD__<short title>.pdf
9,never assessed: no full text could be retrieved; full-text screening closed by researcher decision 2026-09-28,,RD033530EB729,2014,De Barcellos A.P.,"Sanitation rights, Public law litigation, And inequality: A case study from Brazil",,,https://www.scopus.com/pages/publications/84916885974?origin=resultslist,status wrong_file_retrieved,RD033530EB729__<short title>.pdf
9,never assessed: no full text could be retrieved; full-text screening closed by researcher decision 2026-09-28,,RD05064EDF749,2014,"Bernal, Andrea; Rivas, Luis; Pena, Pilar",Proposal for a Model of Co-Management for the Small Community Water Supplies in Colombia,,,https://www.proquest.com/docview/1650147131?accountid=13598&bdid=165485&_bd=ZDI0DBiSG3yWEbpa77H1S9dSX%2BY%3D,status not_retrievable,RD05064EDF749__<short title>.pdf
9,never assessed: no full text could be retrieved; full-text screening closed by researcher decision 2026-09-28,,RD9FF780DF989,2014,"Devadiga, Asavari Vasudeo","""Water When You Need It"": Examining Water Service Delivery with an Urban Planning Perspective",,,https://www.proquest.com/docview/2239977364?accountid=13598&bdid=165485&_bd=BADZ9U89hiobHCNZSr6tI6EsH18%3D,status not_retrievable,RD9FF780DF989__<short title>.pdf
9,never assessed: no full text could be retrieved; full-text screening closed by researcher decision 2026-09-28,,RDA537B7BBB17,2014,Peal A.; Evans B.; Blackett I.; Hawkins P.; Heymans C.,Fecal sludge management (FSM): Analytical tools for assessing FSM in cities,10.2166/washdev.2014.139,https://doi.org/10.2166/washdev.2014.139,https://www.scopus.com/pages/publications/84907189566?origin=resultslist,status wrong_file_retrieved,RDA537B7BBB17__<short title>.pdf
9,never assessed: no full text could be retrieved; full-text screening closed by researcher decision 2026-09-28,,RDD4F6035C693,2014,"Baldi, Cesar Augusto","Artisanal fishworker, social justice, and cognitive justice: access to land and water",,,https://www.proquest.com/docview/1767328834?accountid=13598&bdid=165489&_bd=Y7bVG3IPvcm%2BrldQ86q2UQLqtg0%3D,status not_retrievable,RDD4F6035C693__<short title>.pdf
9,never assessed: no full text could be retrieved; full-text screening closed by researcher decision 2026-09-28,,RE94860057914,2014,"de Gouvello, Bernard","The delegitimation of an international operator. A retrospective look at the concession of water and sanitation services in Buenos Aires, 1993-2006",,,https://www.proquest.com/docview/1650145447?accountid=13598&bdid=165489&_bd=2p4ZTvlmk2pT1qSGaR%2BBYmR6y%2F4%3D,status not_retrievable,RE94860057914__<short title>.pdf
9,never assessed: no full text could be retrieved; full-text screening closed by researcher decision 2026-09-28,,REA0B11E89205,2014,"Bojórquez, GC; Aguilar, MDR; Navarrete, LR","Local Public Action and Self-management Practices in Neighborhoods without Piped Water or Sanitation, in the State of Chihuahua, Mexico",,,https://www.webofscience.com/wos/woscc/full-record/WOS:000340074400004,status not_retrievable,REA0B11E89205__<short title>.pdf
9,never assessed: no full text could be retrieved; full-text screening closed by researcher decision 2026-09-28,,REC5810E4F0E9,2014,Poupeau F.,"From private to public: Challenges in la Paz and El Alto, Bolivia",10.1007/978-94-007-7323-3_16,https://doi.org/10.1007/978-94-007-7323-3_16,https://www.scopus.com/pages/publications/84949178336?origin=resultslist,status not_retrievable,REC5810E4F0E9__<short title>.pdf
9,never assessed: no full text could be retrieved; full-text screening closed by researcher decision 2026-09-28,,R0181A040A1F4,2015,"da Silva, José Marcos; Gurgel, Idê Gomes Dantas; dos Santos, Mariana Olívia; Gurgel, Aline do Monte; Augusto, Lia Girald",Conflitos ambientais e as águas do rio São Francisco/Environmental conflicts and the waters of the São Francisco river,,,https://www.proquest.com/docview/1817094595?accountid=13598&bdid=165489&_bd=fT3FQdkyW2t7xYgigtcMDWJ1TYU%3D,status wrong_file_retrieved,R0181A040A1F4__<short title>.pdf
9,never assessed: no full text could be retrieved; full-text screening closed by researcher decision 2026-09-28,,R01EC667EA2B2,2015,"Kumar, Arjun",Rural Households' Access to Basic Amenities in India: Deprivation and Socio-economic Exclusions,,,https://www.proquest.com/docview/1793584856?accountid=13598&bdid=165489&_bd=pLNldZW8kaLve%2FslXUq2mDZ1OxQ%3D,status wrong_file_retrieved,R01EC667EA2B2__<short title>.pdf
9,never assessed: no full text could be retrieved; full-text screening closed by researcher decision 2026-09-28,,R03D7439F873C,2015,"Mcknight, James Roy","Water and Health in the Nandamojo Watershed of Costa Rica: Community Perceptions towards Water, Sanitation, and the Environment.",,,https://www.proquest.com/docview/1684423965?accountid=13598&bdid=165489&_bd=NDA%2Flf%2BxWOjJ6WJpSQtQaVkXZRw%3D,status wrong_file_retrieved,R03D7439F873C__<short title>.pdf
9,never assessed: no full text could be retrieved; full-text screening closed by researcher decision 2026-09-28,,R08037F07C5D9,2015,Hellum A.; Kameri-Mbote P.; van Koppen B.,Water is life: Women’s human rights in national and local water governance in Southern and Eastern Africa,,,https://www.scopus.com/pages/publications/85011729173?origin=resultslist,status not_retrievable,R08037F07C5D9__<short title>.pdf
9,never assessed: no full text could be retrieved; full-text screening closed by researcher decision 2026-09-28,,R09556CBA9907,2015,"Stacey, Richard Ross",The Rule of Law and the Right to Water: Social and Environmental Justice through Law.,,,https://www.proquest.com/docview/1641423696?accountid=13598&bdid=165485&_bd=dzamFuf8rWAOiCKhBMezu0gRG%2BE%3D,status wrong_file_retrieved,R09556CBA9907__<short title>.pdf
9,never assessed: no full text could be retrieved; full-text screening closed by researcher decision 2026-09-28,,R0EF03089DEC3,2015,"Cole, Lauren K","Ecological Sanitation in the U.S.: Barriers and Opportunities in Water Conservation, Resource Recovery, and Green Jobs",,,https://www.proquest.com/docview/1767330615?accountid=13598&bdid=165489&_bd=Oq2ER%2Boy06YtXD1q9%2Fq8OiUiY7I%3D,status wrong_file_retrieved,R0EF03089DEC3__<short title>.pdf
9,never assessed: no full text could be retrieved; full-text screening closed by researcher decision 2026-09-28,,R117905075AEC,2015,"Palanca-Tan, Rosalina","Unraveling Sanitation and Sewerage Concerns in a Developing Country Metropolis: The Case of Metro Manila, Philippines",,,https://www.proquest.com/docview/1774915134?accountid=13598&bdid=165489&_bd=hYUuvXrGLDFPNVjQLn7P3S476GE%3D,status wrong_file_retrieved,R117905075AEC__<short title>.pdf
9,never assessed: no full text could be retrieved; full-text screening closed by researcher decision 2026-09-28,,R139D522CD1BC,2015,"Pacheco-Vega, Raul",Bottled Water in Mexico: The privatization of the supply to the commodification of water resources,,,https://www.proquest.com/docview/1738476798?accountid=13598&bdid=165489&_bd=JoijiYFtZ%2BoSh%2FvuYAgwuCXE5E8%3D,status wrong_file_retrieved,R139D522CD1BC__<short title>.pdf
9,never assessed: no full text could be retrieved; full-text screening closed by researcher decision 2026-09-28,,R2506CFFB306E,2015,"Jacobi, Pedro Roberto; Silva-Sánchez, Solange; Fracalanza, Ana Paula","GOBERNANZA DEL AGUA EN LA CIUDAD DE SÃO PAULO: ACTORES SOCIALES, DEGRADACIÓN SOCIOAMBIENTAL Y ACCIONES PÚBLICAS INNOVADORAS/Water governance in the city of São Paulo: social actors, socio-environmenta",,,https://www.proquest.com/docview/1683343056?accountid=13598&bdid=165489&_bd=b1FzzeBzCnYxfg%2FHNSgeWV2Gha4%3D,status not_retrievable,R2506CFFB306E__<short title>.pdf
9,never assessed: no full text could be retrieved; full-text screening closed by researcher decision 2026-09-28,,R27F28D2DB6B5,2015,"Cowman, Gretchen A.",Cholera prevention and control in Kenya,,,https://www.proquest.com/docview/1689691004?accountid=13598&bdid=165485&_bd=uVZTz%2FkiKn7cNzBxnFrNShGYdFE%3D,status not_retrievable,R27F28D2DB6B5__<short title>.pdf
9,never assessed: no full text could be retrieved; full-text screening closed by researcher decision 2026-09-28,,R28DF90FAA6A2,2015,"Huma, Cristina",CONSUMUL DE APA - INDICATOR AL CALITAlII VIElII,,,https://www.proquest.com/docview/1835455297?accountid=13598&bdid=165489&_bd=xWh7NK%2F4u5CKPJ%2BmvvqHtfF%2Ff8I%3D,status not_retrievable,R28DF90FAA6A2__<short title>.pdf
9,never assessed: no full text could be retrieved; full-text screening closed by researcher decision 2026-09-28,,R29442D360777,2015,"Palleschi, Amanda",Integrated Planning Still Faces Hurdles Despite 'Landmark' Ohio Pact,,,https://www.proquest.com/docview/1660905070?accountid=13598&bdid=165485&_bd=rcFvdEbYrV5Z9XlyJC2qg9IR1eQ%3D,status not_retrievable,R29442D360777__<short title>.pdf
9,never assessed: no full text could be retrieved; full-text screening closed by researcher decision 2026-09-28,,R2A53E0A25CE8,2015,"Balazs, Carolina Laurie",Just Water? Social Disparities and Drinking Water Quality in California's San Joaquin Valley.,,,https://www.proquest.com/docview/1641423266?accountid=13598&bdid=165489&_bd=Rc3lOzzlzKvreg0OyRxwmUb4PYg%3D,status not_retrievable,R2A53E0A25CE8__<short title>.pdf
9,never assessed: no full text could be retrieved; full-text screening closed by researcher decision 2026-09-28,,R2B8D3E7C4006,2015,"Irick, Macon L",Health Risk Perceptions by Private Wells Owners on Collective Action for Water Reform.,,,https://www.proquest.com/docview/1767331918?accountid=13598&bdid=165489&_bd=2N0qR8hGBicLAoxzxsJQLM7jehk%3D,status not_retrievable,R2B8D3E7C4006__<short title>.pdf
9,never assessed: no full text could be retrieved; full-text screening closed by researcher decision 2026-09-28,,R32A279CFF769,2015,"Cepparo, María Virginia Grosso; Torres, Laura María","ENTRE LAS POLÍTICAS POR EL AGUA Y LOS ESFUERZOS POR CALMAR LA SED. EL «ACUEDUCTO DEL DESIERTO» EN LAS TIERRAS SECAS NO IRRIGADAS DE LAVALLE, MENDOZA/Between water policies and efforts to calm thirst: ",,,https://www.proquest.com/docview/1683343100?accountid=13598&bdid=165489&_bd=qe2VXsN2%2BiBuyQrNdbM1IRKth0M%3D,status not_retrievable,R32A279CFF769__<short title>.pdf
9,never assessed: no full text could be retrieved; full-text screening closed by researcher decision 2026-09-28,,R36E0F4C8C7BE,2015,"Oyekale, Abayomi Samuel",Growth incidence analysis of nonmonetary welfare in urban and rural Nigeria,10.12803/SJSECO.48157,https://doi.org/10.12803/SJSECO.48157,https://www.proquest.com/docview/1884096215?accountid=13598&bdid=165485&_bd=F9Q9BB8RMnvr18OZ2iLm4jqxw%2Bg%3D,status not_retrievable,R36E0F4C8C7BE__<short title>.pdf
9,never assessed: no full text could be retrieved; full-text screening closed by researcher decision 2026-09-28,,R376A8432AC2C,2015,"Moreno, Adriana Sandoval; Günther, María Griselda","Organización social y autogestión del agua Comunidades de la Ciénega de Chapala, Michoacán",,,https://www.proquest.com/docview/1770381781?accountid=13598&bdid=165489&_bd=YxNeA6gD7k%2FlgKkP3wUip0DofWk%3D,status not_retrievable,R376A8432AC2C__<short title>.pdf
9,never assessed: no full text could be retrieved; full-text screening closed by researcher decision 2026-09-28,,R3966D65AAC01,2015,"Cohon, Adam Joseph",Building Regulatory Bodies in the Brazilian States.,,,https://www.proquest.com/docview/1650145360?accountid=13598&bdid=165485&_bd=0SanBElgKgXO0T2w%2B6Xa1lJaWQQ%3D,status not_retrievable,R3966D65AAC01__<short title>.pdf
9,never assessed: no full text could be retrieved; full-text screening closed by researcher decision 2026-09-28,,R3A403E12A51D,2015,"Were, Valerie Leah Achieng","The Nexus of Nongovernmental Organization Water Projects, Monitoring and Evaluation, and Kenya's Water Law.",,,https://www.proquest.com/docview/1718065242?accountid=13598&bdid=165485&_bd=Wryd3q2pW6Uxz7fL%2B%2Blu9PX%2Bzzg%3D,status not_retrievable,R3A403E12A51D__<short title>.pdf
9,never assessed: no full text could be retrieved; full-text screening closed by researcher decision 2026-09-28,,R3C453AC209FD,2015,"Carrera, Jennifer Suzanne",Sanitation and social power in the United States.,,,https://www.proquest.com/docview/1767331306?accountid=13598&bdid=165485&_bd=fIA1ch2NSN%2BWoqvLfWBejX4rhbA%3D,status wrong_file_retrieved,R3C453AC209FD__<short title>.pdf
9,never assessed: no full text could be retrieved; full-text screening closed by researcher decision 2026-09-28,,R45CBEF060DB7,2015,"Collins, Jeff","In the continuing drought, can Orange County keep building?",,,https://www.proquest.com/docview/1677734944?accountid=13598&bdid=165485&_bd=XRWjENJcAE4W73kD%2ByAn0AOYpdo%3D,status not_retrievable,R45CBEF060DB7__<short title>.pdf
9,never assessed: no full text could be retrieved; full-text screening closed by researcher decision 2026-09-28,,R49D1FF05CF85,2015,,Puerto Rico's Government to Make Major Upgrades to San Juan Water Infrastructure in Settlement with the Federal Government (PR),,,https://www.proquest.com/docview/1751271623?accountid=13598&bdid=165485&_bd=RicjGqBfWXIKSR8DAqcpBdSz5RU%3D,status not_retrievable,R49D1FF05CF85__<short title>.pdf
9,never assessed: no full text could be retrieved; full-text screening closed by researcher decision 2026-09-28,,R4AE79C605DFB,2015,"Ribeiro, João Gonçalo Quintino Ferreira Reis",Performance Drivers and the Public Vs. Private Management Debate on Water Sector Companies : Conclusions from the Portuguese Case,,,https://www.proquest.com/docview/2917520372?accountid=13598&bdid=165485&_bd=iqVB1kNolpdlvIbQM%2F%2BVwZrwJLw%3D,status not_retrievable,R4AE79C605DFB__<short title>.pdf
9,never assessed: no full text could be retrieved; full-text screening closed by researcher decision 2026-09-28,,R5282BED4489C,2015,Bernabé Crespo M.B.; Gómez Espín J.M.,The cartagena water supply; [L’approvisionnement d’eau à Cartagena]; [El abastecimiento de agua a Cartagena],,,https://www.scopus.com/pages/publications/85000580239?origin=resultslist,status not_retrievable,R5282BED4489C__<short title>.pdf
9,never assessed: no full text could be retrieved; full-text screening closed by researcher decision 2026-09-28,,R56AAF3CACD5B,2015,Lauruschkus F.; Rehberg J.,"Comparison of European water and wastewater prices, Part 1: Drinking water; [Vergleich Europäischer wasserund abwasserpreise: Teil 1: Trinkwasserpreise]",,,https://www.scopus.com/pages/publications/84953236021?origin=resultslist,status not_retrievable,R56AAF3CACD5B__<short title>.pdf
9,never assessed: no full text could be retrieved; full-text screening closed by researcher decision 2026-09-28,,R5CA212A76F43,2015,"Kimisha, Ngwina Hussein","Community Participation in Public Water Supply Projects: A Case of Kiwalani Ward, Ilala Municipality",,,https://www.proquest.com/docview/3224569948?accountid=13598&bdid=165485&_bd=1FuuHgxxMZ54BGtSXNJ1BbN85lk%3D,status not_retrievable,R5CA212A76F43__<short title>.pdf
9,never assessed: no full text could be retrieved; full-text screening closed by researcher decision 2026-09-28,,R5E5747C02CEA,2015,"Sharma, Divya",The People of Kali Beri Settlement: Pakistani Migrant Struggles in India,,,https://www.proquest.com/docview/1875705838?accountid=13598&bdid=165485&_bd=MWYHQzJkeKRJ9%2F8T0UBNd71ZHKw%3D,status not_retrievable,R5E5747C02CEA__<short title>.pdf
9,never assessed: no full text could be retrieved; full-text screening closed by researcher decision 2026-09-28,,R6A066278CB75,2015,"Navas, Grettel; Cuvi, Nicolás","ANÁLISIS DE UN CONFLICTO SOCIOAMBIENTAL POR AGUA Y TURISMO EN SARDINAL, COSTA RICA 1/ANALYSIS OF A SOCIOENVIRONMENTAL CONFLICT OVER WATER AND TOURISM IN SARDINAL, COSTA RICA",,,https://www.proquest.com/docview/1812639867?accountid=13598&bdid=165489&_bd=BmHT%2FSUORvFOCoee%2FkaxCQtswag%3D,status not_retrievable,R6A066278CB75__<short title>.pdf
9,never assessed: no full text could be retrieved; full-text screening closed by researcher decision 2026-09-28,,R6B6AA155D3E8,2015,,Harper Government Invests in Upgraded Wastewater System for God's Lake First Nation,,,https://www.proquest.com/docview/1652796641?accountid=13598&bdid=165485&_bd=hylNTfWHXjLpZ39NRESzyFSLazo%3D,status not_retrievable,R6B6AA155D3E8__<short title>.pdf
9,never assessed: no full text could be retrieved; full-text screening closed by researcher decision 2026-09-28,,R6CEE24664A38,2015,"Grosso Cepparo, Maria Virginia; Torres, Laura Maria","Between water policies and efforts to calm thirst: the 'aqueduct of the desert' in the unirrigated drylands of Lavalle, Mendoza",,,https://www.proquest.com/docview/1718065231?accountid=13598&bdid=165489&_bd=guePoMbP8dzw95IztC24jwSuxuM%3D,status not_retrievable,R6CEE24664A38__<short title>.pdf
9,never assessed: no full text could be retrieved; full-text screening closed by researcher decision 2026-09-28,,R6E6BEDC8C211,2015,"Sarkar, Anjan",School WASH Infrastructures and Compliance with the RTE,,,https://www.proquest.com/docview/1819946480?accountid=13598&bdid=165489&_bd=NuBPxXIhc8YTaGhFF3OD67YfPH8%3D,status not_retrievable,R6E6BEDC8C211__<short title>.pdf
9,never assessed: no full text could be retrieved; full-text screening closed by researcher decision 2026-09-28,,R75900CFEF1EA,2015,"Perez-Vera, Alice J.,",Citizen Participation in the Management of Water Resources: Community Perspective in Puerto Rico,,,https://www.proquest.com/docview/1718064472?accountid=13598&bdid=165489&_bd=q%2FgnL2buAHCjMOH4tH2Y1ovujcA%3D,status not_retrievable,R75900CFEF1EA__<short title>.pdf
9,never assessed: no full text could be retrieved; full-text screening closed by researcher decision 2026-09-28,,R7BAFE68AAA70,2015,Gondhalekar D.; Nussbaum S.; Akhtar A.; Kebschull J.,"Planning Under Uncertainty: Climate Change, Water Scarcity and Health Issues in Leh Town, Ladakh, India",10.1007/978-3-319-12394-3_16,https://doi.org/10.1007/978-3-319-12394-3_16,https://www.scopus.com/pages/publications/85042921664?origin=resultslist,status not_retrievable,R7BAFE68AAA70__<short title>.pdf
9,never assessed: no full text could be retrieved; full-text screening closed by researcher decision 2026-09-28,,R82B0A8A2A278,2015,"Schwenkel, Christina",Spectacular infrastructure and its breakdown in socialist Vietnam,,,https://www.proquest.com/docview/1708000263?accountid=13598&bdid=165489&_bd=iGTpudr7CLVfxpSW7kyG0H4VQq8%3D,status not_retrievable,R82B0A8A2A278__<short title>.pdf
9,never assessed: no full text could be retrieved; full-text screening closed by researcher decision 2026-09-28,,R85656DFD63A2,2015,Fernández D.,Water Pricing in Colombia: From Bankruptcy to Full Cost Recovery,10.1007/978-3-319-16465-6_7,https://doi.org/10.1007/978-3-319-16465-6_7,https://www.scopus.com/pages/publications/85060712807?origin=resultslist,status not_retrievable,R85656DFD63A2__<short title>.pdf
9,never assessed: no full text could be retrieved; full-text screening closed by researcher decision 2026-09-28,,R8B68CD13D5D8,2015,"F., Marianna I. Novellino",Analysis of Slipback of Rural Water Supply Systems in India Using FIETS Framework and IMIS Database: Gujarat Case Study,,,https://www.proquest.com/docview/3335381095?accountid=13598&bdid=165485&_bd=9RXEKUCBVhnASTGYyXnMVPkOZFA%3D,status not_retrievable,R8B68CD13D5D8__<short title>.pdf
9,never assessed: no full text could be retrieved; full-text screening closed by researcher decision 2026-09-28,,R8BBEA7716DCA,2015,"Tenkap, Virginie Laure Nantchop",L'action publique urbaine a l'epreuve des reformes du service d'eau a Douala (Cameroun)?/Public-sector urban initiatives and reform of the water supply service at Douala (Cameroon),,,https://www.proquest.com/docview/1800409198?accountid=13598&bdid=165485&_bd=UjOd5NWvqqPGKmPqTPuh2KAAIAE%3D,status not_retrievable,R8BBEA7716DCA__<short title>.pdf
9,never assessed: no full text could be retrieved; full-text screening closed by researcher decision 2026-09-28,,R94C46748A4BA,2015,"Quinn, Patrick",Collaborative Water Partnerships for Sustainability and Social Justice,,,https://www.proquest.com/docview/2512779037?accountid=13598&bdid=165485&_bd=BJ2WWmnF8b%2F4KbGGjlbzSYDh%2BK4%3D,status not_retrievable,R94C46748A4BA__<short title>.pdf
9,never assessed: no full text could be retrieved; full-text screening closed by researcher decision 2026-09-28,,R94C540970575,2015,"Gamboa, Nataly Viviana Vargas",¿QUÉ HA PASADO CON EL AGUA EN EL NUEVO ESTADO PLURINACIONAL DE BOLIVIA?/What happened with the water in the new Plurinational State of Bolivia?,,,https://www.proquest.com/docview/1683343086?accountid=13598&bdid=165489&_bd=Aknn5GKxsZC067RtnnIXBi44UvI%3D,status not_retrievable,R94C540970575__<short title>.pdf
9,never assessed: no full text could be retrieved; full-text screening closed by researcher decision 2026-09-28,,R9BCC01A465D9,2015,"Manderino, Laurie Ann",Water and sanitation institutions and governance: Impact on service provision in urban areas of low- and middle-income countries,,,https://www.proquest.com/docview/1749035451?accountid=13598&bdid=165485&_bd=zfqTfXCf3gRpZDJRZ09vSBB1cEc%3D,status not_retrievable,R9BCC01A465D9__<short title>.pdf
9,never assessed: no full text could be retrieved; full-text screening closed by researcher decision 2026-09-28,,RA3A966EC7052,2015,"Delgado, Luisa Elizabeth; Torres-Gómez, Marcela; Tironi-Silva, Antonio; Marín, Víctor Hernán",ESTRATEGIA DE ADAPTACIÓN LOCAL AL CAMBIO CLIMÁTICO PARA EL ACCESO EQUITATIVO AL AGUA EN ZONAS RURALES DE CHILE/Local adaptation strategy to climate change for equitable water access in Chilean rural z,,,https://www.proquest.com/docview/1683343011?accountid=13598&bdid=165485&_bd=NRTUYZmHWVp5P9l6WvyV61dFrGU%3D,status not_retrievable,RA3A966EC7052__<short title>.pdf
9,never assessed: no full text could be retrieved; full-text screening closed by researcher decision 2026-09-28,,RA46CBB4EA448,2015,"dos Anjos, Joana Catarina Neto",O Contrato de Concessão de Serviço Municipal de Água: O Preço do Serviço Numa Perspetiva de Direito Regulatório e de Resolução Judicial de Litígios,,,https://www.proquest.com/docview/2700776789?accountid=13598&bdid=165485&_bd=Vthuv0qbxtWnzT7Q4OgS%2BUomKwE%3D,status not_retrievable,RA46CBB4EA448__<short title>.pdf
9,never assessed: no full text could be retrieved; full-text screening closed by researcher decision 2026-09-28,,RA58BF19A53BD,2015,Donoso G.,Water Pricing in Chile: Decentralization and Market Reforms,10.1007/978-3-319-16465-6_5,https://doi.org/10.1007/978-3-319-16465-6_5,https://www.scopus.com/pages/publications/84995779162?origin=resultslist,status not_retrievable,RA58BF19A53BD__<short title>.pdf
9,never assessed: no full text could be retrieved; full-text screening closed by researcher decision 2026-09-28,,RB6D6F9E28A2A,2015,"Hamilton, Joy Marie","The EKOCENTER: A Case Study in Coca-Cola, Corporate Social Responsibility, and Bluewashing",,,https://www.proquest.com/docview/1733674600?accountid=13598&bdid=165485&_bd=IWSikoC5ZgJOWu8oVGVwZXiJ12g%3D,status not_retrievable,RB6D6F9E28A2A__<short title>.pdf
9,never assessed: no full text could be retrieved; full-text screening closed by researcher decision 2026-09-28,,RB9780B441410,2015,Bj,Access to water is a basic right,,,https://www.proquest.com/docview/1667290811?accountid=13598&bdid=165485&_bd=81Ek9P9bpTFcUtkr0WpiJVQDqIk%3D,status not_retrievable,RB9780B441410__<short title>.pdf
9,never assessed: no full text could be retrieved; full-text screening closed by researcher decision 2026-09-28,,RBA595B4B8906,2015,"Allan, Richard","The impact of regulation, ownership arrangements, and management culture on risk management practices within the water industry",,,https://www.proquest.com/docview/1810880966?accountid=13598&bdid=165485&_bd=yW215bKr3%2F7K3iynyhx3R0aykqM%3D,status not_retrievable,RBA595B4B8906__<short title>.pdf
9,never assessed: no full text could be retrieved; full-text screening closed by researcher decision 2026-09-28,,RBE5EAEE3DB99,2015,"Krause, Matthias; Cabrera, Enrique, Jr; Cubillo, Francisco",AquaRating; An International Standard for Assessing Water and Wastewater Services,,,https://www.proquest.com/docview/2131409909?accountid=13598&bdid=165485&_bd=aLxxYxVUIsk35qtr4YCzumk8SH0%3D,status not_retrievable,RBE5EAEE3DB99__<short title>.pdf
9,never assessed: no full text could be retrieved; full-text screening closed by researcher decision 2026-09-28,,RC3AC23403C33,2015,"Mishra, Udaya S; Shukla, Vachaspati",Provisions of Basic Household Amenities in India: A Progress Report,,,https://www.proquest.com/docview/1794127075?accountid=13598&bdid=165489&_bd=blqfh7wyPRBsuUNNxWwHqsOd6wg%3D,status not_retrievable,RC3AC23403C33__<short title>.pdf
9,never assessed: no full text could be retrieved; full-text screening closed by researcher decision 2026-09-28,,RC80C4545C96E,2015,"Jacobi, Pedro Roberto; Silva-Sanchez, Solange; Fracalanza, Ana Paula","Water governance in the city of Sao Paulo: social actors, socio-environmental degradation and innovative public policies",,,https://www.proquest.com/docview/1718065538?accountid=13598&bdid=165489&_bd=qZwzdJ5gOqF4IR3RUJFXkYb%2BwU0%3D,status not_retrievable,RC80C4545C96E__<short title>.pdf
9,never assessed: no full text could be retrieved; full-text screening closed by researcher decision 2026-09-28,,RC8E7A15BCAE4,2015,"McManus, Ruth; Gallagher, Jasmine Mary","""It really was a shock to the system""- a socio-technical study of the effects of the Christchurch earthquakes on water conservation habits",,,https://www.proquest.com/docview/1703581280?accountid=13598&bdid=165489&_bd=%2Br8z0g%2F%2BRL1MShtUFJxnsa8N8bk%3D,status not_retrievable,RC8E7A15BCAE4__<short title>.pdf
9,never assessed: no full text could be retrieved; full-text screening closed by researcher decision 2026-09-28,,RC99E122A1793,2015,"Maphela, Bulelwa",Critical Assessment of South Africa’s Water Policy,,,https://www.proquest.com/docview/2528065137?accountid=13598&bdid=165485&_bd=5daSWTgVBgq7dgV%2FiOl2qq3%2BEUM%3D,status not_retrievable,RC99E122A1793__<short title>.pdf
9,never assessed: no full text could be retrieved; full-text screening closed by researcher decision 2026-09-28,,RD077D53AD370,2015,"Vargas Gamboa, Nataly Viviana",What happened with the water in the new Plurinational State of Bolivia?,,,https://www.proquest.com/docview/1718065497?accountid=13598&bdid=165489&_bd=DMkfq5XsYtE7fFT5kqnQX588Jk0%3D,status not_retrievable,RD077D53AD370__<short title>.pdf
9,never assessed: no full text could be retrieved; full-text screening closed by researcher decision 2026-09-28,,RD3E532DA122B,2015,"GOLDSMITH, Hugh; CARTER, Dan",Financing the Evolution of London's Water Services: 1582 to 1904,,,https://www.proquest.com/docview/1698779644?accountid=13598&bdid=165485&_bd=NFvC%2Bucn%2FMcg6fCC7ZHTGFWbPRI%3D,status not_retrievable,RD3E532DA122B__<short title>.pdf
9,never assessed: no full text could be retrieved; full-text screening closed by researcher decision 2026-09-28,,RE23E1D3DD635,2015,"Crespo, MBB; Espín, JMG",The Cartagena water supply,,,https://www.webofscience.com/wos/woscc/full-record/WOS:000379126500011,status not_retrievable,RE23E1D3DD635__<short title>.pdf
9,never assessed: no full text could be retrieved; full-text screening closed by researcher decision 2026-09-28,,RE4761BECE096,2015,"Delgado, Luisa Elizabeth; Torres-Gomez, Marcela; Tironi-Silva, Antonio; Marin, Victor Hernan",Local adaptation strategy to climate change for equitable water access in Chilean rural zones,,,https://www.proquest.com/docview/1718065279?accountid=13598&bdid=165485&_bd=DzMT138GlKOzmAvnbuK%2BFDoz1Rg%3D,status not_retrievable,RE4761BECE096__<short title>.pdf
9,never assessed: no full text could be retrieved; full-text screening closed by researcher decision 2026-09-28,,RECEB3F02E9B7,2015,"Dolan, Danielle V; Middleton, Beth Rose",Improving Tribal Collaboration in California's Integrated Regional Water Management Program,,,https://www.proquest.com/docview/1704386600?accountid=13598&bdid=165485&_bd=ptcb47hWM7RYxLkjifNV%2BKrCzk4%3D,status not_retrievable,RECEB3F02E9B7__<short title>.pdf
9,never assessed: no full text could be retrieved; full-text screening closed by researcher decision 2026-09-28,,RFDE44726E78C,2015,"Majuru, Batsirai",Unreliable water supplies and household coping strategies in peri-urban south africa,,,https://www.proquest.com/docview/1807095040?accountid=13598&bdid=165485&_bd=xU5YkBk%2Bt6ilvurCeowDPSA3YuM%3D,status not_retrievable,RFDE44726E78C__<short title>.pdf
9,never assessed: no full text could be retrieved; full-text screening closed by researcher decision 2026-09-28,,R0C08277D7877,2016,"du Plessis, Irma","Johannesburg's ""model white housing scheme"" in the civic social imaginary: The genesis of a white Afrikaner welfarist node, 1933-1937",,,https://www.proquest.com/docview/2118783635?accountid=13598&bdid=165485&_bd=%2FRXothJrnlR2vok65gYR%2BK2yokw%3D,status wrong_file_retrieved,R0C08277D7877__<short title>.pdf
9,never assessed: no full text could be retrieved; full-text screening closed by researcher decision 2026-09-28,,R0DBD35259609,2016,"Nasution, Nur 'Aisyah","The dynamics of a piped-water and sewer development in Jakarta, Indonesia (1945-2015): A case study using multilevel perspective",,,https://www.proquest.com/docview/1829614992?accountid=13598&bdid=165485&_bd=QMwE18oqNrzC%2Bi%2FneZZPm4UpYVs%3D,status wrong_file_retrieved,R0DBD35259609__<short title>.pdf
9,never assessed: no full text could be retrieved; full-text screening closed by researcher decision 2026-09-28,,R1099FEF98B3B,2016,"Foster, Timothy",From cash flows to water flows: an assessment of financial risks to rural water supply sustainability in sub-saharan africa,,,https://www.proquest.com/docview/2001174607?accountid=13598&bdid=165485&_bd=i4hUxlSlaTG32Uwq1Ev4RPFe7%2Bo%3D,status wrong_file_retrieved,R1099FEF98B3B__<short title>.pdf
9,never assessed: no full text could be retrieved; full-text screening closed by researcher decision 2026-09-28,,R10CA5829EDAB,2016,"Ries, Matthew P.",Sustainability at U.S. Urban Water Utilities: A Framework to Assess Key Attributes,,,https://www.proquest.com/docview/1818564030?accountid=13598&bdid=165485&_bd=7p4M05sRLO78jDdVpJrTI7S1e4c%3D,status wrong_file_retrieved,R10CA5829EDAB__<short title>.pdf
9,never assessed: no full text could be retrieved; full-text screening closed by researcher decision 2026-09-28,,R13199AD17D84,2016,"Galindo, E; Palerm, J","Rural Drinking Water Systems. Institutions, Organizations, Government, Administration and Legitimacy",,,https://www.webofscience.com/wos/woscc/full-record/WOS:000386005400002,status wrong_file_retrieved,R13199AD17D84__<short title>.pdf
9,never assessed: no full text could be retrieved; full-text screening closed by researcher decision 2026-09-28,,R1F2EDC030C66,2016,"Anjum, Eshita Erica","Decentralization and the Delivery of Basic Services in a Developing Country: Institutional Challenges of Providing Water and Sanitation to Urban Consumers in Addis Ababa, Ethiopia",,,https://www.proquest.com/docview/1849031064?accountid=13598&bdid=165485&_bd=R4CSZnTk4e7AYvMeI0fgi2ElC%2F0%3D,status wrong_file_retrieved,R1F2EDC030C66__<short title>.pdf
9,never assessed: no full text could be retrieved; full-text screening closed by researcher decision 2026-09-28,,R201DF4A38550,2016,"Bellaubi, F; Visscher, JT",Integrity and corruption risks in Water Service Delivery in Kenya and Ghana,10.7564/14-IJWG73,https://doi.org/10.7564/14-IJWG73,https://www.webofscience.com/wos/woscc/full-record/WOS:000472141200012,status not_retrievable,R201DF4A38550__<short title>.pdf
9,never assessed: no full text could be retrieved; full-text screening closed by researcher decision 2026-09-28,,R20CF92AD4D48,2016,"Bierig, Darlene Ann Harper",Navigating the drought: A policymaker’s perspective on Montecito’s drought response,,,https://www.proquest.com/docview/1821910267?accountid=13598&bdid=165485&_bd=OD%2BQ4NPFEEDftsleO7w7eJDXqcw%3D,status not_retrievable,R20CF92AD4D48__<short title>.pdf
9,never assessed: no full text could be retrieved; full-text screening closed by researcher decision 2026-09-28,,R28696F973EF4,2016,Grant T.,THE ART OF GOOD GOVERNANCE: Analysing water management success in Phnom Penh,10.4324/9781315715919-22,https://doi.org/10.4324/9781315715919-22,https://www.scopus.com/pages/publications/85164982538?origin=resultslist,status wrong_file_retrieved,R28696F973EF4__<short title>.pdf
9,never assessed: no full text could be retrieved; full-text screening closed by researcher decision 2026-09-28,,R317660FCCE39,2016,"Mamogale, Majuta Judas",Examining Bureaucratic Performance of South African Local Government: Local Municipalities in Limpopo Province,,,https://www.proquest.com/docview/3161870616?accountid=13598&bdid=165485&_bd=FqUlogPfT3JYaP%2Fq8Ay52duVmRk%3D,status not_retrievable,R317660FCCE39__<short title>.pdf
9,never assessed: no full text could be retrieved; full-text screening closed by researcher decision 2026-09-28,,R35FB60763E55,2016,Jeffords C.,On the temporal effects of static constitutional environmental rights provisions on access to improved sanitation facilities and water sources,10.4337/jhre.2016.01.04,https://doi.org/10.4337/jhre.2016.01.04,https://www.scopus.com/pages/publications/84963791233?origin=resultslist,status not_retrievable,R35FB60763E55__<short title>.pdf
9,never assessed: no full text could be retrieved; full-text screening closed by researcher decision 2026-09-28,,R41EE31B79FEC,2016,"Rana, Md Masud Parves",Water supply to the urban poor: Governance approaches and challenges of situated informalities,,,https://www.proquest.com/docview/1943869396?accountid=13598&bdid=165485&_bd=hZcRweh0v%2BvXq824TTBcJEYokCE%3D,status not_retrievable,R41EE31B79FEC__<short title>.pdf
9,never assessed: no full text could be retrieved; full-text screening closed by researcher decision 2026-09-28,,R453FE5278839,2016,"April, Mvuyisi Sibongile Mkhululi",The Effects of Fiscal Decentralization on the Provision of Basic Services in Emalahleni Local Municipality,,,https://www.proquest.com/docview/3161869312?accountid=13598&bdid=165485&_bd=Q5mICKN9FFb13tZqIfiPDWOkGz4%3D,status not_retrievable,R453FE5278839__<short title>.pdf
9,never assessed: no full text could be retrieved; full-text screening closed by researcher decision 2026-09-28,,R45D12A7E3300,2016,"Storey, Angela Diane","Infrastructure and informality: Contesting the neoliberal politics of participation and belonging in Cape Town, South Africa",,,https://www.proquest.com/docview/1796857755?accountid=13598&bdid=165485&_bd=BNgF3ZUB8BbstCei6%2BbGFOpp7%2BY%3D,status not_retrievable,R45D12A7E3300__<short title>.pdf
9,never assessed: no full text could be retrieved; full-text screening closed by researcher decision 2026-09-28,,R463964EDEB15,2016,"Plous, Evan Michael","Water, Economics, and Policy in Developing Countries",,,https://www.proquest.com/docview/1791450768?accountid=13598&bdid=165485&_bd=2bmG8cybRtIbm%2Fon2lp3TIVtj%2Fc%3D,status wrong_file_retrieved,R463964EDEB15__<short title>.pdf
9,never assessed: no full text could be retrieved; full-text screening closed by researcher decision 2026-09-28,,R4A41AB5C8E9F,2016,"Libor, Grze-gorz",UBÓSTWO WODNE NA PRZYKŁADZIE ANGLII I WALII / WATER POVERTY ON THE EXAMPLE OF ENGLAND AND WALES,,,https://www.proquest.com/docview/1821115312?accountid=13598&bdid=165489&_bd=LqyHe1n4Y1mJ%2ByybS9k7NaC7B4c%3D,status not_retrievable,R4A41AB5C8E9F__<short title>.pdf
9,never assessed: no full text could be retrieved; full-text screening closed by researcher decision 2026-09-28,,R51904425AE1F,2016,"Musunuru, Kamakshaiah",A Study on Global Water Consumption and Improved Sanitation Facilities: Indias Plight in Contrast to Other Countries,,,https://www.proquest.com/docview/1839223710?accountid=13598&bdid=165489&_bd=zsrBDX1ZoJBa4aVNnfziSfbYcvA%3D,status not_retrievable,R51904425AE1F__<short title>.pdf
9,never assessed: no full text could be retrieved; full-text screening closed by researcher decision 2026-09-28,,R595A6A4F582B,2016,"Gutierrez, Elizabeth Restrepo; Yepes, Carlos Alberto Zarate",El mínimo vital de agua potable en la jurisprudencia de la Corte Constitucional colombiana,,,https://www.proquest.com/docview/1818080754?accountid=13598&bdid=165489&_bd=N003MHg7FUlHkNRihOGX%2FuveVOI%3D,status not_retrievable,R595A6A4F582B__<short title>.pdf
9,never assessed: no full text could be retrieved; full-text screening closed by researcher decision 2026-09-28,,R5F07B2DC4BA6,2016,Poupeau F.; Hardy S.,"Water cooperatives in La Paz and El Alto, Bolivia: A complementary system",10.4324/9781315618760-18,https://doi.org/10.4324/9781315618760-18,https://www.scopus.com/pages/publications/85107107580?origin=resultslist,status wrong_file_retrieved,R5F07B2DC4BA6__<short title>.pdf
9,never assessed: no full text could be retrieved; full-text screening closed by researcher decision 2026-09-28,,R61C423B2A27D,2016,"Smith, Stephanie","An Evaluation of the Physical and Demographic Characteristics Contributing to On-Site Sewage Management System Failure in Metropolitan Atlanta, Georgia",,,https://www.proquest.com/docview/3275477519?accountid=13598&bdid=165485&_bd=RlQwI87SSgGm0G4EeZO5Wzx4mCE%3D,status not_retrievable,R61C423B2A27D__<short title>.pdf
9,never assessed: no full text could be retrieved; full-text screening closed by researcher decision 2026-09-28,,R69D3651ED6C6,2016,"Kerstens, Sjoerd",Sanitation Planning in Developing Countries: Added Value of Resource Recovery,,,https://www.proquest.com/docview/2565113282?accountid=13598&bdid=165485&_bd=0gCnhP45CY%2BmjeBCzxDUWzRD4dI%3D,status not_retrievable,R69D3651ED6C6__<short title>.pdf
9,never assessed: no full text could be retrieved; full-text screening closed by researcher decision 2026-09-28,,R6C86916C37F7,2016,"Saldi, Leticia; Saldi, Leticia","The State-System Faced with the Indigenous Issue. Analysis of the Rights Acknowledgement Modes for the Huarpe Identity, Water, and Communal Lands in Mendoza (Argentina)",,,https://www.proquest.com/docview/1795935866?accountid=13598&bdid=165489&_bd=99vEezexl34eBr7D3vL3O%2FrklzE%3D,status not_retrievable,R6C86916C37F7__<short title>.pdf
9,never assessed: no full text could be retrieved; full-text screening closed by researcher decision 2026-09-28,,R725EEA7AFA6C,2016,"Mendoza Flores, Mariel Milagros",En la periferia de la ciudad y la gobernanza : Un estudio de caso sobre la gestión local del agua y saneamiento en el Asentamiento Humano del Cerro Las Ánimas,,,https://www.proquest.com/docview/2451414721?accountid=13598&bdid=165485&_bd=ZVj%2BTrYBdCJA1vViZQPEIwqgSOo%3D,status not_retrievable,R725EEA7AFA6C__<short title>.pdf
9,never assessed: no full text could be retrieved; full-text screening closed by researcher decision 2026-09-28,,R72F7F5AE12F8,2016,"Hungerford, Hilary; Smiley, Sarah L",Comparing colonial water provision in British and French Africa,,,https://www.proquest.com/docview/1789773876?accountid=13598&bdid=165485&_bd=73x6uOX8Rzb6Q3hEWVxEEXP413A%3D,status not_retrievable,R72F7F5AE12F8__<short title>.pdf
9,never assessed: no full text could be retrieved; full-text screening closed by researcher decision 2026-09-28,,R7F547EA12CA1,2016,"Pells, Chantelise","Water into Wine: Power and participation in local groundwater governance in Guadalupe Valley, Mexico",,,https://www.proquest.com/docview/1767329634?accountid=13598&bdid=165485&_bd=jmJdXGrJl1jN5zm7hWd4wfORp7k%3D,status not_retrievable,R7F547EA12CA1__<short title>.pdf
9,never assessed: no full text could be retrieved; full-text screening closed by researcher decision 2026-09-28,,R86B1C3FEEB8A,2016,"Anderson, John David, IV","The Socioecology of Diarrheal Disease Exposure in Peri-Urban Communities of Kisumu, Kenya",,,https://www.proquest.com/docview/1992161934?accountid=13598&bdid=165485&_bd=JxFwzEoEO37fyxEz9Eeh7C1FGik%3D,status not_retrievable,R86B1C3FEEB8A__<short title>.pdf
9,never assessed: no full text could be retrieved; full-text screening closed by researcher decision 2026-09-28,,R874C3090D1AB,2016,"Singh, Vivek",Urban Infrastructural Development - Emerging Challenges and Policy Implications: The Role of Municipal Corporations,,,https://www.proquest.com/docview/2314353455?accountid=13598&bdid=165485&_bd=SkL0ijvisBRQqepCq47WQBtjfk8%3D,status not_retrievable,R874C3090D1AB__<short title>.pdf
9,never assessed: no full text could be retrieved; full-text screening closed by researcher decision 2026-09-28,,R8790103F7CFD,2016,"Rawhani, Carmel",Collaboration: A Theory of Governance Grounded in Deconstructing South Africa's Sanitation Policy,,,https://www.proquest.com/docview/3160649629?accountid=13598&bdid=165485&_bd=uWhQ6cS%2B%2FF%2BBuYJfx9WsKQQOUWc%3D,status not_retrievable,R8790103F7CFD__<short title>.pdf
9,never assessed: no full text could be retrieved; full-text screening closed by researcher decision 2026-09-28,,R8BB50E276312,2016,"Al-Sabahi, Mohammed; De Santis, Fausto Aarya",The role of cultural norms and local power structures in Yemen,,,https://www.proquest.com/docview/1837170225?accountid=13598&bdid=165485&_bd=AMpYJYcwTm8WgRqS5MQOd3U61sU%3D,status not_retrievable,R8BB50E276312__<short title>.pdf
9,never assessed: no full text could be retrieved; full-text screening closed by researcher decision 2026-09-28,,R968BC228F186,2016,"Ramanantsoa, Sylvie",Working with Strong Service Providers to Address the Urban Water and Sanitation Challenge,,,https://www.proquest.com/docview/1872566093?accountid=13598&bdid=165485&_bd=JbeZ9IwsQf3f6pgCGbx4Ilhh%2FMg%3D,status not_retrievable,R968BC228F186__<short title>.pdf
9,never assessed: no full text could be retrieved; full-text screening closed by researcher decision 2026-09-28,,R9F7C42543F92,2016,"Platukyte, Simona","Water Metering in Rural, Piped, Community-Managed Water Systems in the Developing World",,,https://www.proquest.com/docview/1779286307?accountid=13598&bdid=165485&_bd=1cT9tq3e64UIz33MvlHgrsVL%2F7k%3D,status not_retrievable,R9F7C42543F92__<short title>.pdf
9,never assessed: no full text could be retrieved; full-text screening closed by researcher decision 2026-09-28,,RA168CF9EC43E,2016,"Acara, Eda",Trakya-İstanbul geriliminde hidro-sosyal döngüler,,,https://www.proquest.com/docview/1855628421?accountid=13598&bdid=165489&_bd=QTxUNzro3fYKPRkF9MTkNfhxVRw%3D,status not_retrievable,RA168CF9EC43E__<short title>.pdf
9,never assessed: no full text could be retrieved; full-text screening closed by researcher decision 2026-09-28,,RABE3CA0C45A3,2016,"Niyi-Gafar, Oluwabunmi Lucy",Adopting a Human Rights-Based Approach to Access to Water in Nigeria : Lessons from Selected Jurisdictions,,,https://www.proquest.com/docview/2901495039?accountid=13598&bdid=165485&_bd=l7znqDq18YPCsdyhKdLnDh5YS6k%3D,status not_retrievable,RABE3CA0C45A3__<short title>.pdf
9,never assessed: no full text could be retrieved; full-text screening closed by researcher decision 2026-09-28,,RB7DD5368D1B1,2016,"Alkharaz, Muhanad",Applying the water governance framework on rural water development projects in Guatemala,,,https://www.proquest.com/docview/1810440440?accountid=13598&bdid=165485&_bd=9t84xjvtg887tVwFI36KG3l%2FLcs%3D,status not_retrievable,RB7DD5368D1B1__<short title>.pdf
9,never assessed: no full text could be retrieved; full-text screening closed by researcher decision 2026-09-28,,RBAEE51C68EA2,2016,"Zapata Hidalgo, Victor Hugo",Análisis de la política para el suministro de agua potable y saneamiento básico en la zona rural de Colombia,,,https://www.proquest.com/docview/3177462028?accountid=13598&bdid=165485&_bd=XF9%2F0PEx00iP7mqOVb6R5dREpoQ%3D,status not_retrievable,RBAEE51C68EA2__<short title>.pdf
9,never assessed: no full text could be retrieved; full-text screening closed by researcher decision 2026-09-28,,RBC8BB8389909,2016,Galindo E.; Palerm J.,"Rural drinking water systems. Institutions, organizations, government, administration and legitimacy; [Sistemas de agua potable rurales. Instituciones, organizaciones, gobierno, administración y legit",,,https://www.scopus.com/pages/publications/85030463832?origin=resultslist,status not_retrievable,RBC8BB8389909__<short title>.pdf
9,never assessed: no full text could be retrieved; full-text screening closed by researcher decision 2026-09-28,,RBCCE0BE11DF1,2016,,"Speech by Silvia Tecun León, Lawyer and Indigenous Activist, Member of Movimiento de Mujeres indígenas Tz'ununija' / Indigenous Women's Movement Tz'ununija' (Guatemala)",,,https://www.proquest.com/docview/1891238957?accountid=13598&bdid=165489&_bd=vJwmVnb7zA%2F7uQNBKBFQ%2FOdNi%2Fg%3D,status not_retrievable,RBCCE0BE11DF1__<short title>.pdf
9,never assessed: no full text could be retrieved; full-text screening closed by researcher decision 2026-09-28,,RBE126A48DC78,2016,Botton S.; Blanc A.,A local public service: The action of small-scale private water providers to supply peripheral neighbourhoods in three African cities,10.4324/9781315618760-17,https://doi.org/10.4324/9781315618760-17,https://www.scopus.com/pages/publications/85107094442?origin=resultslist,status wrong_file_retrieved,RBE126A48DC78__<short title>.pdf
9,never assessed: no full text could be retrieved; full-text screening closed by researcher decision 2026-09-28,,RC207639018F2,2016,"Wedgworth, Jessica Cook",Survey of drinking water quality and health in Alabama's Black Belt,,,https://www.proquest.com/docview/1767328850?accountid=13598&bdid=165485&_bd=yTCVToy99%2Bhn5S6BLTmLDGcfLMA%3D,status not_retrievable,RC207639018F2__<short title>.pdf
9,never assessed: no full text could be retrieved; full-text screening closed by researcher decision 2026-09-28,,RC5BFDEDDE986,2016,"Vium, Christian",Water and Its Absence in the Islamic Republic of Mauritania,,,https://www.proquest.com/docview/1920228934?accountid=13598&bdid=165485&_bd=TI8v0ZbtNZVvx3ysZpaCYKLNREc%3D,status not_retrievable,RC5BFDEDDE986__<short title>.pdf
9,never assessed: no full text could be retrieved; full-text screening closed by researcher decision 2026-09-28,,RC6361F0D0049,2016,PATRICK YIN MAHAMA,Political dynamics and service delivery in urban Ghana: The case of Tema Metropolitan Assembly,,,https://www.proquest.com/docview/2275122926?accountid=13598&bdid=165485&_bd=qh3hHn8w0mDV0ETqosa2y82XgWU%3D,status not_retrievable,RC6361F0D0049__<short title>.pdf
9,never assessed: no full text could be retrieved; full-text screening closed by researcher decision 2026-09-28,,RE23C90E46CB2,2016,"Welsh, Lisa W",Policy designs to address water allocations during societal transitions: The Southern Nevada Water Authority's Groundwater Development project,,,https://www.proquest.com/docview/1767329538?accountid=13598&bdid=165489&_bd=7dYqR3Lk8KWoQQcrP4Lb3Svyayk%3D,status not_retrievable,RE23C90E46CB2__<short title>.pdf
9,never assessed: no full text could be retrieved; full-text screening closed by researcher decision 2026-09-28,,RE6DAC9FD4032,2016,"Mailu, Dennis Matia","A critical assessment of governance of water: a case study of kibera informal settlement nairobi, kenya",,,https://www.proquest.com/docview/2189023771?accountid=13598&bdid=165485&_bd=RMwdLYzvX6se%2FIpA%2BCcmgQtdy%2Fw%3D,status not_retrievable,RE6DAC9FD4032__<short title>.pdf
9,never assessed: no full text could be retrieved; full-text screening closed by researcher decision 2026-09-28,,RED571390BB64,2016,"Minaverry, C; Cáceres, V","The problematic of arsenic detected in the water services in Buenos Aires Province, Argentina. Case law analysis",,,https://www.webofscience.com/wos/woscc/full-record/WOS:000389711100006,status not_retrievable,RED571390BB64__<short title>.pdf
9,never assessed: no full text could be retrieved; full-text screening closed by researcher decision 2026-09-28,,REF47695F773B,2016,"Akange, Stephen S.",Impact of Potable Water Availability on Economic Development of North Benue State,,,https://www.proquest.com/docview/1834498174?accountid=13598&bdid=165485&_bd=P300T7pEEMETTAKNTR02QfbXhAc%3D,status not_retrievable,REF47695F773B__<short title>.pdf
9,never assessed: no full text could be retrieved; full-text screening closed by researcher decision 2026-09-28,,RF788B25CFC3E,2016,Minaverry C.; Cáceres V.,"The problem of arsenic in water service in the Buenos Aires Province, Argentina. Analysis of judicial cases; [La problemática del arsénico en el servicio de agua en la provincia de Buenos Aires, Argen",,,https://www.scopus.com/pages/publications/84976871521?origin=resultslist,status not_retrievable,RF788B25CFC3E__<short title>.pdf
9,never assessed: no full text could be retrieved; full-text screening closed by researcher decision 2026-09-28,,RF91805DCB154,2016,"Kelly, Chau Johnson","Commodifying Water in Coastal Tanzania: Natural Resource Management and Social Relations, 1926-1937",,,https://www.proquest.com/docview/1791051847?accountid=13598&bdid=165489&_bd=1cX8UKo0hERa9ceyvs%2FcBrk6vb8%3D,status not_retrievable,RF91805DCB154__<short title>.pdf
9,never assessed: no full text could be retrieved; full-text screening closed by researcher decision 2026-09-28,,RFEC658993E71,2016,"Hutchings, Paul",Supporting community management: a synthesis of successful rural water services programmes in india,,,https://www.proquest.com/docview/1896026866?accountid=13598&bdid=165485&_bd=e3GEZePQNV6aHJqOf3iEr0n7qzs%3D,status not_retrievable,RFEC658993E71__<short title>.pdf
9,never assessed: no full text could be retrieved; full-text screening closed by researcher decision 2026-09-28,,R050B1AB16546,2017,"String, Gabrielle M.",Approaches in Drinking Water Provision in Developing Countries: An Investigation of Water Safety Plans and Ceramic Water Filters,,,https://www.proquest.com/docview/1964388193?accountid=13598&bdid=165485&_bd=fhGFARdCoEn2PgZ6yH%2BbdZjfHD0%3D,status wrong_file_retrieved,R050B1AB16546__<short title>.pdf
9,never assessed: no full text could be retrieved; full-text screening closed by researcher decision 2026-09-28,,R15CB317EBAB8,2017,Herrera V.,Water and politics: Clientelism and reform in urban Mexico,,,https://www.scopus.com/pages/publications/85028541069?origin=resultslist,status not_retrievable,R15CB317EBAB8__<short title>.pdf
9,never assessed: no full text could be retrieved; full-text screening closed by researcher decision 2026-09-28,,R20A04973A441,2017,Muniruzzaman I.K.; Mirza S.; Islam K.; Koli K.,Viewpoint - Taking a multidimensional approach to small town water supply: The case of Paikgachha,,,https://www.scopus.com/pages/publications/85020299298?origin=resultslist,status not_retrievable,R20A04973A441__<short title>.pdf
9,never assessed: no full text could be retrieved; full-text screening closed by researcher decision 2026-09-28,,R2CA486C8F246,2017,"Palleschi, Amanda; Palleschi, Amanda",Rural Water Utilities Urge Pruitt To Heed Small Communities' Concerns,,,https://www.proquest.com/docview/1858048980?accountid=13598&bdid=165485&_bd=HJCk5Qo4Orguh5%2BbZNmlvlBBpeg%3D,status not_retrievable,R2CA486C8F246__<short title>.pdf
9,never assessed: no full text could be retrieved; full-text screening closed by researcher decision 2026-09-28,,R2DB08A19DDA5,2017,"Ren, Xiaoyuan","Mining the gap: Pathways Towards an Integrated Water, Sanitation and Health Framework for Outbreak Control in Rural India",,,https://www.proquest.com/docview/3335381143?accountid=13598&bdid=165485&_bd=3PKNEz1FVplR0mbnGBKsQKizH0w%3D,status not_retrievable,R2DB08A19DDA5__<short title>.pdf
9,never assessed: no full text could be retrieved; full-text screening closed by researcher decision 2026-09-28,,R3B7CB6385E56,2017,Nastiti A.; Meijerink S.V.; Oelmann M.; Smits A.J.M.; Muntalif B.S.; Sudradjat A.; Roosmini D.,"Cultivating innovation and equity in co-production of commercialized spring water in peri-urban Bandung, Indonesia",,,https://www.scopus.com/pages/publications/85012911456?origin=resultslist,status not_retrievable,R3B7CB6385E56__<short title>.pdf
9,never assessed: no full text could be retrieved; full-text screening closed by researcher decision 2026-09-28,,R4851AD373CCF,2017,"Brettenny, Warren James",Efficiency Evaluation of South African Water Service Provision,,,https://www.proquest.com/docview/3363750936?accountid=13598&bdid=165485&_bd=0kfD5r85VrZN2WYFHBzXhMh6nCc%3D,status wrong_file_retrieved,R4851AD373CCF__<short title>.pdf
9,never assessed: no full text could be retrieved; full-text screening closed by researcher decision 2026-09-28,,R4EFD2477662A,2017,"Chauke, Stephen",Basic Service Delivery Challenges with Regards to Water and Sanitation in Gauteng Province: A Case of City of Johannesburg and City of Tshwane Metropolitan Municipalities,,,https://www.proquest.com/docview/3224598350?accountid=13598&bdid=165485&_bd=m4yQgw%2B7nbPCyUMCA8JeoS2yvjM%3D,status not_retrievable,R4EFD2477662A__<short title>.pdf
9,never assessed: no full text could be retrieved; full-text screening closed by researcher decision 2026-09-28,,R503E8E894950,2017,"Isaacs, Wainella N.",Opportunities to Mainstream Gender in Water and Wastewater Infrastructure Projects: A Case Study in Barbados,,,https://www.proquest.com/docview/1885069693?accountid=13598&bdid=165485&_bd=kwJHMaF%2FvClor0i1pAStmhj6bJU%3D,status not_retrievable,R503E8E894950__<short title>.pdf
9,never assessed: no full text could be retrieved; full-text screening closed by researcher decision 2026-09-28,,R60C8154EA208,2017,"Sverdlik, Alice M.","Tenuous Wires, Covert Excreta Flows, and a Formal/Informal Interface: Uncovering New Facets of Informality in Nairobi",,,https://www.proquest.com/docview/2305557103?accountid=13598&bdid=165485&_bd=l6uej3%2B9VzkMq2zUIGd0NfQMaV8%3D,status not_retrievable,R60C8154EA208__<short title>.pdf
9,never assessed: no full text could be retrieved; full-text screening closed by researcher decision 2026-09-28,,R6A9107462B77,2017,"Thompson, Jennifer A.",Women and Water Wahala: Picturing Gendered Waterscapes in Southwest Cameroon,,,https://www.proquest.com/docview/2507708600?accountid=13598&bdid=165485&_bd=Y8x0oIb2sU%2FyWwwNASUG0Ab1j1E%3D,status not_retrievable,R6A9107462B77__<short title>.pdf
9,never assessed: no full text could be retrieved; full-text screening closed by researcher decision 2026-09-28,,R6F3B9DE9AD98,2017,Desai R.; Sanghvi S.,"Water and conflict in Bombay hotel, Ahmedabad urban planning, governance and infrastructural violence",,,https://www.scopus.com/pages/publications/85013270432?origin=resultslist,status not_retrievable,R6F3B9DE9AD98__<short title>.pdf
9,never assessed: no full text could be retrieved; full-text screening closed by researcher decision 2026-09-28,,R6F5B91308D6A,2017,"Padvetnaya, Vivek",Does Deliberative Participation Matter? : Political Economy of Provision of Local Public Health Goods in Rural India,,,https://www.proquest.com/docview/2430785069?accountid=13598&bdid=165485&_bd=FSkSzgeAxwjleOXhFbg093Z0pUc%3D,status not_retrievable,R6F5B91308D6A__<short title>.pdf
9,never assessed: no full text could be retrieved; full-text screening closed by researcher decision 2026-09-28,,R6F7B39BB4213,2017,"Herrera, Veronica",From Participatory Promises to Partisan Capture: Local Democratic Transitions and Mexican Water Politics,,,https://www.proquest.com/docview/1934965429?accountid=13598&bdid=165485&_bd=xVTyN0Dtt%2Fda3sGMKEYCq38qQeE%3D,status not_retrievable,R6F7B39BB4213__<short title>.pdf
9,never assessed: no full text could be retrieved; full-text screening closed by researcher decision 2026-09-28,,R7271C5B19563,2017,"Chigudu, Simukai","'State of emergency' : the politics of Zimbabwe's cholera outbreak, 2008/09",,,https://www.proquest.com/docview/2340192638?accountid=13598&bdid=165485&_bd=0YQPFNpcks5p6wN4nLf7Jaljlhk%3D,status not_retrievable,R7271C5B19563__<short title>.pdf
9,never assessed: no full text could be retrieved; full-text screening closed by researcher decision 2026-09-28,,R77C3225A4A65,2017,"Kurebwa, Jeffrey",WOMEN'S ACCESS AND CONTROL OVER WOODLAND AND WATER RESOURCES IN RURAL ZIMBABWE,10.2979/africonfpeacrevi.7.1.02,https://doi.org/10.2979/africonfpeacrevi.7.1.02,https://www.proquest.com/docview/2631943230?accountid=13598&bdid=165485&_bd=WZ%2BYEjbnfR2Ppm2Meq2Z83opYVk%3D,status not_retrievable,R77C3225A4A65__<short title>.pdf
9,never assessed: no full text could be retrieved; full-text screening closed by researcher decision 2026-09-28,,R77E1EB9BFDC4,2017,"Sepuru, Mmabatho Rebecca",Internal Auditors and Service Delivery in South African Local Government: A Limpopo Province Perspective,,,https://www.proquest.com/docview/2890698506?accountid=13598&bdid=165485&_bd=L%2FZ4D10Vq7qmgRHOYbg6EMnZInk%3D,status not_retrievable,R77E1EB9BFDC4__<short title>.pdf
9,never assessed: no full text could be retrieved; full-text screening closed by researcher decision 2026-09-28,,R82060F9FACB1,2017,"Manasan, Rosario G; Tolin, Lovely Ann C; Adaro, Catharine E",Assessment of the BUB Program: Improving Access of Local Communities to Basic Services and Strengthening Social Capital,,,https://www.proquest.com/docview/2058956553?accountid=13598&bdid=165485&_bd=HnEQudgQXgPmvEj6uEX2LiVKdGc%3D,status not_retrievable,R82060F9FACB1__<short title>.pdf
9,never assessed: no full text could be retrieved; full-text screening closed by researcher decision 2026-09-28,,R8A5A42EE38DA,2017,"Rombo, Dorothy O; Lutomia, Anne Namatsi; Malinga, Tumani",Water and Sanitation in East Africa: Perspectives from Africana Feminism,,,https://www.proquest.com/docview/1931139437?accountid=13598&bdid=165485&_bd=5etWgvLiJAaRr%2Buh%2FiteZxTzjhQ%3D,status not_retrievable,R8A5A42EE38DA__<short title>.pdf
9,never assessed: no full text could be retrieved; full-text screening closed by researcher decision 2026-09-28,,R92EE5E85A17F,2017,"Neves Alves, S.","Creole water supply : states, neoliberalism, and everyday practices in a secondary african city",,,https://www.proquest.com/docview/2116903996?accountid=13598&bdid=165485&_bd=jsZn25U0ubPgoB7fBuS137biN6k%3D,status not_retrievable,R92EE5E85A17F__<short title>.pdf
9,never assessed: no full text could be retrieved; full-text screening closed by researcher decision 2026-09-28,,R9C776F55DFED,2017,"Weinthal, Erika",Water as a basic human right within the Israeli-Palestinian conflict,,,https://www.proquest.com/docview/1955988028?accountid=13598&bdid=165485&_bd=vuB6pUwNRuIASgYSAtxqKFRQ4lI%3D,status not_retrievable,R9C776F55DFED__<short title>.pdf
9,never assessed: no full text could be retrieved; full-text screening closed by researcher decision 2026-09-28,,RA20F0A1D5E16,2017,"Bailey, Juli","Bureaucratic blockages : water, civil servants, and community in Tanzania",,,https://www.proquest.com/docview/1910565115?accountid=13598&bdid=165485&_bd=hDTFGr00693hkjM2WMDoqfzKc9U%3D,status not_retrievable,RA20F0A1D5E16__<short title>.pdf
9,never assessed: no full text could be retrieved; full-text screening closed by researcher decision 2026-09-28,,RA21754D5FC68,2017,"Van Es, Katherine",Improving Sanitation and Hygiene: Effects on Childhood Growth in Rural Zambia,,,https://www.proquest.com/docview/1991004097?accountid=13598&bdid=165485&_bd=D9tiCPW6ybf9iCkzqvyGBxuJ1nc%3D,status not_retrievable,RA21754D5FC68__<short title>.pdf
9,never assessed: no full text could be retrieved; full-text screening closed by researcher decision 2026-09-28,,RA457D328F4A2,2017,"Mogaladi, Ramatsobane Shoky",Effectiveness of Outcomes-Based Management on Domestic Water Supply at Local Government Level,,,https://www.proquest.com/docview/3161870093?accountid=13598&bdid=165485&_bd=awtypl2Z34fHvBMuJLR7zMX8bcY%3D,status not_retrievable,RA457D328F4A2__<short title>.pdf
9,never assessed: no full text could be retrieved; full-text screening closed by researcher decision 2026-09-28,,RB03796AC929C,2017,"Tassew, Derb Tefera","The Nexus Between Water Supply Infrastructure and Socio-Economic Developments in Amhara Region, Ethiopia, 1941-2005",,,https://www.proquest.com/docview/3224603222?accountid=13598&bdid=165485&_bd=r2JW%2FekOsRL28fhND7FI06xYGiA%3D,status not_retrievable,RB03796AC929C__<short title>.pdf
9,never assessed: no full text could be retrieved; full-text screening closed by researcher decision 2026-09-28,,RB1569F0F6E22,2017,"Mooketsane, K; Bodilenyane, K; Motshekgwa, B",Is decentralisation in Botswana a democratic fallacy?,,,https://www.proquest.com/docview/2463698101?accountid=13598&bdid=165485&_bd=jBOsUKgNtOzb6XsqXoFMipq4H74%3D,status not_retrievable,RB1569F0F6E22__<short title>.pdf
9,never assessed: no full text could be retrieved; full-text screening closed by researcher decision 2026-09-28,,RB57310B8EFC3,2017,"Schur, Emilie Louise",Household Water Security within a Transboundary Aquifer Basin: A Comparative Study in the US-Mexico Borderlands,,,https://www.proquest.com/docview/1908479161?accountid=13598&bdid=165485&_bd=%2B4Dbh0%2Bmq6cN1LYNG9Z%2F8DhcJdY%3D,status not_retrievable,RB57310B8EFC3__<short title>.pdf
9,never assessed: no full text could be retrieved; full-text screening closed by researcher decision 2026-09-28,,RB8C0B5A1BB04,2017,Ciervo M.,Water service: The public stock company and territorial effects. the case of Apulia aqueduct; [Servizio idrico integrato: Società per azioni in house ed effetti territoriali. Il caso dell'Acquedotto p,,,https://www.scopus.com/pages/publications/85031807933?origin=resultslist,status not_retrievable,RB8C0B5A1BB04__<short title>.pdf
9,never assessed: no full text could be retrieved; full-text screening closed by researcher decision 2026-09-28,,RBDB2E01B5DC7,2017,"Cobbing, Jude Edmund","The Grootfontein Aquifer at Mahikeng, South Africa as Hydro-Social System",,,https://www.proquest.com/docview/3366175874?accountid=13598&bdid=165485&_bd=2Pgc%2F3j0MLFSRpk3DiHwWw56xO0%3D,status not_retrievable,RBDB2E01B5DC7__<short title>.pdf
9,never assessed: no full text could be retrieved; full-text screening closed by researcher decision 2026-09-28,,RD1AA15964135,2017,Davis M.F.; Ryan N.,Inconvenient human rights: Water and sanitation in Sweden’s informal Roma settlements,,,https://www.scopus.com/pages/publications/85038246951?origin=resultslist,status not_retrievable,RD1AA15964135__<short title>.pdf
9,never assessed: no full text could be retrieved; full-text screening closed by researcher decision 2026-09-28,,RD485B8DF32A2,2017,"Samanta, Debabrata","Changing Policy Paradigm of Drinking Water Service Delivery: An Empirical Investigation in the context of Bihar, India",,,https://www.proquest.com/docview/2021668510?accountid=13598&bdid=165485&_bd=M%2BkE5NfTZU9hK0s5cHk0W6DHl90%3D,status not_retrievable,RD485B8DF32A2__<short title>.pdf
9,never assessed: no full text could be retrieved; full-text screening closed by researcher decision 2026-09-28,,RDE517D4D1A26,2017,"Liany Katerine Ariza Ruiz; Maria Juana Espinoza Menéndez; Martín Rodriguez Hernández, Jorge",Challenges of menstruation in girls and adolescents from rural communities in the Colombian Pacific.,,,https://www.proquest.com/docview/2057848906?accountid=13598&bdid=165485&_bd=hJ4pnB%2FNZ7vbDuEW1YJcTXQuuy4%3D,status not_retrievable,RDE517D4D1A26__<short title>.pdf
9,never assessed: no full text could be retrieved; full-text screening closed by researcher decision 2026-09-28,,RF0F2C315D3C1,2017,"Cawood, Sally","Collective Action, Service Provision and Urban Governance A Critical Exploration of Community Based Organisations (CBOs) in Dhaka's Bustee (Slum) Settlements, Bangladesh",,,https://www.proquest.com/docview/2230838406?accountid=13598&bdid=165485&_bd=GyTPB25FmdrPdb0RIWf%2FLAt%2BUiw%3D,status not_retrievable,RF0F2C315D3C1__<short title>.pdf
9,never assessed: no full text could be retrieved; full-text screening closed by researcher decision 2026-09-28,,RFF129D6E4FFA,2017,"Hommes, Lena; Boelens, Rutgerd",Urbanizing rural waters: Rural-urban water transfers and the reconfiguration of hydrosocial territories in Lima,,,https://www.proquest.com/docview/1944226479?accountid=13598&bdid=165485&_bd=nvyloo0aALU8ECYZaNttwlOaGCc%3D,status not_retrievable,RFF129D6E4FFA__<short title>.pdf
9,never assessed: no full text could be retrieved; full-text screening closed by researcher decision 2026-09-28,,R0024ADA0FEB9,2018,"Pigden, Katey",Are water firms delivering?,,,https://www.proquest.com/docview/2059716459?accountid=13598&bdid=165485&_bd=jRT7aNixFfvcMsAuiko%2B%2F3lx%2FRU%3D,status wrong_file_retrieved,R0024ADA0FEB9__<short title>.pdf
9,never assessed: no full text could be retrieved; full-text screening closed by researcher decision 2026-09-28,,R04196EC4C972,2018,Dahiya R.; Singh G.; Yadav N.,Performance improvement strategies for public sanitation infrastructure in Haridwar: A case of public toilets,,,https://www.scopus.com/pages/publications/85054736042?origin=resultslist,status not_retrievable,R04196EC4C972__<short title>.pdf
9,never assessed: no full text could be retrieved; full-text screening closed by researcher decision 2026-09-28,,R077E94B13A48,2018,"Ojo, Tinuade Adekunbi",Water Access Challenges and Coping Strategies in Informal Settlements: The Case Ofiscor Settlement in Pretoria West,,,https://www.proquest.com/docview/3224597374?accountid=13598&bdid=165485&_bd=PRvaZNMEGxssCPN4NIr%2B%2F2SoOZw%3D,status wrong_file_retrieved,R077E94B13A48__<short title>.pdf
9,never assessed: no full text could be retrieved; full-text screening closed by researcher decision 2026-09-28,,R0A8DB1CB3779,2018,Shaheen F.,Comparing informal sector engagement across Pakistan's largest urban centers: Lessons in state and non-state engagement from Karachi and Lahore,10.1007/978-981-13-0206-0_6,https://doi.org/10.1007/978-981-13-0206-0_6,https://www.scopus.com/pages/publications/105008427109?origin=resultslist,status not_retrievable,R0A8DB1CB3779__<short title>.pdf
9,never assessed: no full text could be retrieved; full-text screening closed by researcher decision 2026-09-28,,R1316230566E0,2018,"Nicholas, Adrian Christopher",The Relationship Between Governance and Service Delivery in the Makana Local Municipality,,,https://www.proquest.com/docview/3161871072?accountid=13598&bdid=165485&_bd=AzeSGzzxRZDO%2BgYtRAvnX%2BVlcls%3D,status wrong_file_retrieved,R1316230566E0__<short title>.pdf
9,never assessed: no full text could be retrieved; full-text screening closed by researcher decision 2026-09-28,,R1E6140D34F5B,2018,"Jordan, E'lana",Troubled Waters: A Political Ecology of Water Scarcity in Rural Colombia,,,https://www.proquest.com/docview/2435863894?accountid=13598&bdid=165485&_bd=3UzQI6G5UH0K0cK%2BHPqT4I9MT7w%3D,status not_retrievable,R1E6140D34F5B__<short title>.pdf
9,never assessed: no full text could be retrieved; full-text screening closed by researcher decision 2026-09-28,,R2371010FE72E,2018,Liehr S.; Kramm J.; Jokisch A.; Müller K.,"Integrated Water Resources Management in Water-scarce Regions: Water Harvesting, Groundwater Desalination and Water Reuse in Namibia",10.2166/9781780407913,https://doi.org/10.2166/9781780407913,https://www.scopus.com/pages/publications/85101313626?origin=resultslist,status not_retrievable,R2371010FE72E__<short title>.pdf
9,never assessed: no full text could be retrieved; full-text screening closed by researcher decision 2026-09-28,,R296B8D3F54F9,2018,"Taylor, David Donald James",Tools for Managing Intermittent Water Supplies,,,https://www.proquest.com/docview/2162826754?accountid=13598&bdid=165485&_bd=jncVFxPAlP5njl2UEeugDdOm5T8%3D,status not_retrievable,R296B8D3F54F9__<short title>.pdf
9,never assessed: no full text could be retrieved; full-text screening closed by researcher decision 2026-09-28,,R2FEEB16FC1F4,2018,"Walubwa, Jacqueline A",The Role of Women in Generating Data for Environmental Sustainability Discourse - A Water Governance Approach,,,https://www.proquest.com/docview/2157374448?accountid=13598&bdid=165485&_bd=QtBYLmbxYtnj1LGpa8R4ddooMco%3D,status not_retrievable,R2FEEB16FC1F4__<short title>.pdf
9,never assessed: no full text could be retrieved; full-text screening closed by researcher decision 2026-09-28,,R31D5E0A569DF,2018,Jiménez A.; Livsey J.; Åhlén I.; Scharp C.; Takane M.,Global assessment of accountability in water and sanitation services using GLAAS data,,,https://www.scopus.com/pages/publications/85048123488?origin=resultslist,status not_retrievable,R31D5E0A569DF__<short title>.pdf
9,never assessed: no full text could be retrieved; full-text screening closed by researcher decision 2026-09-28,,R33E4CEE682AC,2018,Mabiza C.C.,"Integrated Water Resources Management, Institutions and Livelihoods under Stress: Bottom-Up Perspectives from Zimbabwe",10.1201/b14881,https://doi.org/10.1201/b14881,https://www.scopus.com/pages/publications/85141094357?origin=resultslist,status wrong_file_retrieved,R33E4CEE682AC__<short title>.pdf
9,never assessed: no full text could be retrieved; full-text screening closed by researcher decision 2026-09-28,,R3574A06B83AA,2018,"Velasco, Lawrence G; Diokno-Sicat, Charlotte Justine; Castillo, Angel Faye G; Maddawin, Ricxie B",The Philippine Local Water Sector: Institutional Issues in Supply Governance,,,https://www.proquest.com/docview/2588499906?accountid=13598&bdid=165485&_bd=CUmSIncogqZBm6%2F4oUmIhRrxVEw%3D,status wrong_file_retrieved,R3574A06B83AA__<short title>.pdf
9,never assessed: no full text could be retrieved; full-text screening closed by researcher decision 2026-09-28,,R3A4DB9BCEBCF,2018,Zavala-Figueroa J.M.; Velázquez-Zapata J.A.,Organization and Community Management of Water for Domestic Use in a Rural Community in Nicaragua,10.1007/978-3-319-70560-6_16,https://doi.org/10.1007/978-3-319-70560-6_16,https://www.scopus.com/pages/publications/85071570051?origin=resultslist,status not_retrievable,R3A4DB9BCEBCF__<short title>.pdf
9,never assessed: no full text could be retrieved; full-text screening closed by researcher decision 2026-09-28,,R4081B5E7DA79,2018,"Desai, Renu","Urban planning, water provisioning, and infrastructural violence at public housing resettlement sites in Ahmedabad, India",,,https://www.proquest.com/docview/2002209256?accountid=13598&bdid=165485&_bd=mSzfEvM%2FGLs%2FPFfvNsYrgBWI1Dg%3D,status not_retrievable,R4081B5E7DA79__<short title>.pdf
9,never assessed: no full text could be retrieved; full-text screening closed by researcher decision 2026-09-28,,R43D8D11604A8,2018,"Khalil, Deena; Abdelaal, Amr; Khalafallah, Yasmin; Barakat, Marwa",Inclusive services for youth in Cairo’s informal areas,,,https://www.proquest.com/docview/2189169957?accountid=13598&bdid=165485&_bd=3wTIRWuW7ZoZ%2BElORkqpLIU4HLI%3D,status not_retrievable,R43D8D11604A8__<short title>.pdf
9,never assessed: no full text could be retrieved; full-text screening closed by researcher decision 2026-09-28,,R45D6CE280D50,2018,"Schnegg, Michael; Kiaka, Richard Dimba",Subsidized elephants: Community-based resource governance and environmental (in)justice in Namibia,,,https://www.proquest.com/docview/2098783967?accountid=13598&bdid=165485&_bd=qktQEzVCNl%2FOyP9oBFjgNg%2FlQFA%3D,status not_retrievable,R45D6CE280D50__<short title>.pdf
9,never assessed: no full text could be retrieved; full-text screening closed by researcher decision 2026-09-28,,R5540C8B76508,2018,Juma M.; Nuhu S.; Juma F.B.,Challenges of water accessibility in Peri-Urban areas in Tanzania: A case of Kigamboni Dar es Salaam,,,https://www.scopus.com/pages/publications/85050610211?origin=resultslist,status not_retrievable,R5540C8B76508__<short title>.pdf
9,never assessed: no full text could be retrieved; full-text screening closed by researcher decision 2026-09-28,,R5547B821BAB4,2018,"Rosenqvist, Tanja",Experiencing Everyday Sanitation Governance : A Critical Inquiry into the Governance of Community-Managed Sanitation Services in Indonesia and Whether It Could Be Otherwise,,,https://www.proquest.com/docview/3039732138?accountid=13598&bdid=165485&_bd=G6sJ7Y6PDUdsMkcgslJfG%2BjbJuE%3D,status not_retrievable,R5547B821BAB4__<short title>.pdf
9,never assessed: no full text could be retrieved; full-text screening closed by researcher decision 2026-09-28,,R6320FFEFE422,2018,"Bekchanov, Maksud; Evia, Pablo",Resources Recovery and Reuse in Sanitation and Wastewater Systems: Options and Investment Climate in South and Southeast Asian Countries,,,https://www.proquest.com/docview/2083152667?accountid=13598&bdid=165485&_bd=2%2Bak4Wo5oIa02zn2CJAWqCsr6mE%3D,status not_retrievable,R6320FFEFE422__<short title>.pdf
9,never assessed: no full text could be retrieved; full-text screening closed by researcher decision 2026-09-28,,R65EBC7ECA966,2018,"Anziani-Vente, Morgane",Luttes de Conceptions Entre ONG Internationales et Communes Autour des Projets D’accès à L’eau Potable au Bénin,,,https://www.proquest.com/docview/2089266878?accountid=13598&bdid=165485&_bd=jh%2FTL4%2Bn5qeOpfot6fWY074ZNPQ%3D,status not_retrievable,R65EBC7ECA966__<short title>.pdf
9,never assessed: no full text could be retrieved; full-text screening closed by researcher decision 2026-09-28,,R66F2269B36E6,2018,"Page, Rebecca Hua",Drought Adaptation among Western Colorado Water Systems: Understanding Institutional Readiness for Drought Information Adoption and the Role of Extreme Drought Events as Drivers of Adaptation,,,https://www.proquest.com/docview/2120006004?accountid=13598&bdid=165485&_bd=lllH%2Bl08CfBSX0UAol9KAfN8DA4%3D,status not_retrievable,R66F2269B36E6__<short title>.pdf
9,never assessed: no full text could be retrieved; full-text screening closed by researcher decision 2026-09-28,,R69DAF2833E28,2018,"Solis, Miriam","Engineering Justice: Cities, Race, and 21st Century Wastewater Infrastructure",,,https://www.proquest.com/docview/2437104711?accountid=13598&bdid=165485&_bd=V4Uau2tJ5Y9tuaJHcUpvx2idyak%3D,status not_retrievable,R69DAF2833E28__<short title>.pdf
9,never assessed: no full text could be retrieved; full-text screening closed by researcher decision 2026-09-28,,R6A68A9A48B08,2018,"Mngomezulu, Sanelisiwe",Jozini Dam Infrastructure and Its Role on Local Economic Development,,,https://www.proquest.com/docview/3161442472?accountid=13598&bdid=165485&_bd=nR62LSjd9mTsCFwhkpI%2F5ZbPd1A%3D,status wrong_file_retrieved,R6A68A9A48B08__<short title>.pdf
9,never assessed: no full text could be retrieved; full-text screening closed by researcher decision 2026-09-28,,R7014B1416C51,2018,"Turner, Sydney S.",To Treat or Not to Treat: The Evolution of Wastewater Treatment Management Approaches,,,https://www.proquest.com/docview/2164289215?accountid=13598&bdid=165485&_bd=T4TmViidz%2Bxpl%2FMvhiNRlSF9Gtc%3D,status not_retrievable,R7014B1416C51__<short title>.pdf
9,never assessed: no full text could be retrieved; full-text screening closed by researcher decision 2026-09-28,,R7AD6341D9810,2018,"Ranzato, Marco; Moretto, Luisa","Water, Energy, and Waste Services",,,https://www.proquest.com/docview/2078162150?accountid=13598&bdid=165485&_bd=U4Aey2rUVqQ516%2FmDy5VdZsfdYk%3D,status not_retrievable,R7AD6341D9810__<short title>.pdf
9,never assessed: no full text could be retrieved; full-text screening closed by researcher decision 2026-09-28,,R7ED85B2C31E2,2018,"Randle, Sarah Priscilla",Replumbing the City: Water and Space in Los Angeles,,,https://www.proquest.com/docview/2088904908?accountid=13598&bdid=165485&_bd=we9gr0%2BmOEQNx%2Bgb%2FtBjK4ECnUQ%3D,status not_retrievable,R7ED85B2C31E2__<short title>.pdf
9,never assessed: no full text could be retrieved; full-text screening closed by researcher decision 2026-09-28,,R88EFF7F26433,2018,"Eduful, Michael K.",Access to Safe Water Supply: Management of Catchment for the Protection of Source Water in Ghana,,,https://www.proquest.com/docview/2169480711?accountid=13598&bdid=165485&_bd=oYG1L1q6236wZyWL7hspJed7k7w%3D,status not_retrievable,R88EFF7F26433__<short title>.pdf
9,never assessed: no full text could be retrieved; full-text screening closed by researcher decision 2026-09-28,,R893E21071519,2018,Pujari S.,Local governance and management of health care services: A community based case study in rural odisha,10.5958/0976-5506.2018.01320.7,https://doi.org/10.5958/0976-5506.2018.01320.7,https://www.scopus.com/pages/publications/85056195586?origin=resultslist,status not_retrievable,R893E21071519__<short title>.pdf
9,never assessed: no full text could be retrieved; full-text screening closed by researcher decision 2026-09-28,,R8CE035AC2FBA,2018,de Oliveira A.,Market solutions and inequalities in sanitation services access in Brazilian cities,,,https://www.scopus.com/pages/publications/85059136427?origin=resultslist,status not_retrievable,R8CE035AC2FBA__<short title>.pdf
9,never assessed: no full text could be retrieved; full-text screening closed by researcher decision 2026-09-28,,R8E72FB525805,2018,"Yusuf, Tariya Sarauta","Governmentality, Participation and the Promise of Empowerment : a Case Study of WaterAid's Community Wash Management (Cwm) Programmes in Nigeria",,,https://www.proquest.com/docview/2440335216?accountid=13598&bdid=165485&_bd=wv%2BOLTOQKGjvl2uqL3OWy8FMQ8Y%3D,status not_retrievable,R8E72FB525805__<short title>.pdf
9,never assessed: no full text could be retrieved; full-text screening closed by researcher decision 2026-09-28,,R9335906715C3,2018,"Brown, Donald","Small places, big problems: planning healthy environments in emerging african towns: the case of karonga town, malawi",,,https://www.proquest.com/docview/2204775842?accountid=13598&bdid=165485&_bd=I2iE5PKwTx3vGPSJJhw5G%2Bxy6Pg%3D,status not_retrievable,R9335906715C3__<short title>.pdf
9,never assessed: no full text could be retrieved; full-text screening closed by researcher decision 2026-09-28,,RAA5576887F58,2018,Anonymous,Habu Community Water Supply Project,,,https://www.proquest.com/docview/2176189232?accountid=13598&bdid=165485&_bd=GnrmueZRPu%2Ft%2FOgDURrPXBkRsJo%3D,status not_retrievable,RAA5576887F58__<short title>.pdf
9,never assessed: no full text could be retrieved; full-text screening closed by researcher decision 2026-09-28,,RB1635D90E334,2018,"Almeyda Muñoz, Martín Ernesto",Limitantes en la Gestión de Servicios de Saneamiento en el Ámbito Rural como Oportunidad de Participación de la Empresa Privada,,,https://www.proquest.com/docview/2416565046?accountid=13598&bdid=165485&_bd=xoCGVS6HicFYzW21KWNNF%2FNd4NA%3D,status not_retrievable,RB1635D90E334__<short title>.pdf
9,never assessed: no full text could be retrieved; full-text screening closed by researcher decision 2026-09-28,,RB71FF9D28692,2018,"Acharya, Deepti",A Critical Analysis of Right to Water in India in the Context of Water Policies of the Union Government (1987-2012),,,https://www.proquest.com/docview/2389184960?accountid=13598&bdid=165485&_bd=RvyywtLu45qdYj%2BmhyzZsbnRLHM%3D,status not_retrievable,RB71FF9D28692__<short title>.pdf
9,never assessed: no full text could be retrieved; full-text screening closed by researcher decision 2026-09-28,,RC111BAEBE167,2018,Singh R.S.; Roy D.,Service-level benchmarking: Some emerging global lessons for Indian water governance,10.4324/9780429455766,https://doi.org/10.4324/9780429455766,https://www.scopus.com/pages/publications/85059358613?origin=resultslist,status not_retrievable,RC111BAEBE167__<short title>.pdf
9,never assessed: no full text could be retrieved; full-text screening closed by researcher decision 2026-09-28,,RC3335002207F,2018,"Nyathikala, Sai Amulya Nyathikala; Jamasb, Tooraj; Llorca, Manuel; Kulshrestha, Mukul Kulshrestha","Utilities Governance, Incentives, and Performance: Evidence from the Water Sector in India",,,https://www.proquest.com/docview/2126064910?accountid=13598&bdid=165485&_bd=bOYnmpEz9H8lBP%2B5Kg04DECFRss%3D,status not_retrievable,RC3335002207F__<short title>.pdf
9,never assessed: no full text could be retrieved; full-text screening closed by researcher decision 2026-09-28,,RCA75092414D1,2018,Hamdan K.H.,Auditing water management to achieve sustainable development in supply chain,,,https://www.scopus.com/pages/publications/85060843737?origin=resultslist,status not_retrievable,RCA75092414D1__<short title>.pdf
9,never assessed: no full text could be retrieved; full-text screening closed by researcher decision 2026-09-28,,RE316D8FE56F9,2018,"Kavina, Alexander",Community Participation and Accountability in Development Management of Water Programs in Local Government Authorities in Tanzania: A Case Study of Kilolo and Kongwa Districts,,,https://www.proquest.com/docview/3224577596?accountid=13598&bdid=165485&_bd=A9VvLi4deum8QPKw8BEHyrkEdAU%3D,status not_retrievable,RE316D8FE56F9__<short title>.pdf
9,never assessed: no full text could be retrieved; full-text screening closed by researcher decision 2026-09-28,,RF872EF36D65D,2018,"Addaney, Michael",Light through the storm : safeguarding the human right to water in challenging landscapes in Africa,,,https://www.proquest.com/docview/2384208825?accountid=13598&bdid=165485&_bd=NAAHto9nivCVo1gjGw%2FlI7muT7o%3D,status not_retrievable,RF872EF36D65D__<short title>.pdf
9,never assessed: no full text could be retrieved; full-text screening closed by researcher decision 2026-09-28,,RF99ABC2B4FB6,2018,"Koehler, Johanna Karolina Louise",Water risks and institutional change in Kenya,,,https://www.proquest.com/docview/2342826691?accountid=13598&bdid=165485&_bd=rvPniBMswIZ15BCJwwRFv2Ea6Rc%3D,status not_retrievable,RF99ABC2B4FB6__<short title>.pdf
9,never assessed: no full text could be retrieved; full-text screening closed by researcher decision 2026-09-28,,R05A5348ECB82,2019,"Fabre, Anaïs; Straub, Stéphane","The Economic Impact of public private partnerships (PPPs) in Infrastructure, Health and Education: A Review",,,https://www.proquest.com/docview/2177871827?accountid=13598&bdid=165485&_bd=Z%2Fxhf1Jxcf7uaFFGqOShX8VMhEg%3D,status wrong_file_retrieved,R05A5348ECB82__<short title>.pdf
9,never assessed: no full text could be retrieved; full-text screening closed by researcher decision 2026-09-28,,R0CF95E70945E,2019,Meehan K.,Making space for practical authority: Policy formalization and the right to water in Mexico,10.4324/9780429453571-3,https://doi.org/10.4324/9780429453571-3,https://www.scopus.com/pages/publications/85083181507?origin=resultslist,status not_retrievable,R0CF95E70945E__<short title>.pdf
9,never assessed: no full text could be retrieved; full-text screening closed by researcher decision 2026-09-28,,R189CB69DDE8B,2019,"Diaz Valdivia, Manuel Walter; Cordova Quenta, Jaqueline; Muñoz Flores, Karen Maria",Propuesta de mejora de la administración del servicio público de agua potable en el Distrito de Yanaquihua,,,https://www.proquest.com/docview/3381107235?accountid=13598&bdid=165485&_bd=02LQRopr1OaJUcIBCrt1SdMJEes%3D,status wrong_file_retrieved,R189CB69DDE8B__<short title>.pdf
9,never assessed: no full text could be retrieved; full-text screening closed by researcher decision 2026-09-28,,R19D28505FC8A,2019,"Hegazi, Farah F.",Authoritarian Governance and the Provision of Public Goods: Water and Wastewater Services in Egypt,,,https://www.proquest.com/docview/2362109917?accountid=13598&bdid=165485&_bd=rLfQy48dardZiLyJmekjUyooPbU%3D,status wrong_file_retrieved,R19D28505FC8A__<short title>.pdf
9,never assessed: no full text could be retrieved; full-text screening closed by researcher decision 2026-09-28,,R1CF92EDED87A,2019,"Shrestha, Anushiya","Urbanizing Flows. Growing Water Insecurity in Peri-Urban Kathmandu Valley, Nepal",,,https://www.proquest.com/docview/2563780079?accountid=13598&bdid=165485&_bd=zAVb6%2Bm5VseMxWYI2a6BfylQieo%3D,status not_retrievable,R1CF92EDED87A__<short title>.pdf
9,never assessed: no full text could be retrieved; full-text screening closed by researcher decision 2026-09-28,,R29D2BA596302,2019,Somadjago M.; Cissokho D.; Suka D.K.,DIFFICULTY IN ACCESSING LOMÉ’S PERIPHERAL AREA TO PUBLIC DISTRIBUTION NETWORK WATER AND ALTERNATIVE SOLUTIONS; [DIFFICULTÉ D’ACCÈS DE LA ZONE PÉRIPHÉRIQUE DE LOMÉ À L’EAU DU RESEAU PUBLIC DE DISTRIBUT,,,https://www.scopus.com/pages/publications/85203813533?origin=resultslist,status not_retrievable,R29D2BA596302__<short title>.pdf
9,never assessed: no full text could be retrieved; full-text screening closed by researcher decision 2026-09-28,,R2EAE993E18C2,2019,"Sibran, Yasmin Abdool Azeez",A Comparative Study of the Role of Apartheid and Post-Apartheid Water Policies in Water Sustainability Management in South Africa,,,https://www.proquest.com/docview/2521624459?accountid=13598&bdid=165485&_bd=zuwrFQVncyWKUbS%2BluVFfg0rLLo%3D,status not_retrievable,R2EAE993E18C2__<short title>.pdf
9,never assessed: no full text could be retrieved; full-text screening closed by researcher decision 2026-09-28,,R31C67F670137,2019,"Mushamba, Munashe",Analysis of Water Supply Unreliability and Saving Behaviour in Harare Zimbabwe: Quantitative Comparison of High- and Low-Density Residential Areas,,,https://www.proquest.com/docview/2901494875?accountid=13598&bdid=165485&_bd=gl6C8N8Bh%2BfFlHIJUsTXSRfOODo%3D,status not_retrievable,R31C67F670137__<short title>.pdf
9,never assessed: no full text could be retrieved; full-text screening closed by researcher decision 2026-09-28,,R392AF4FBB84D,2019,"Zuma, Khumbuzile D.",Efforts to Change Water Resources Legacies: The Impact of Implementation of National Water Resources Strategy-II on Domestic Users’ Access to Water,,,https://www.proquest.com/docview/3132877382?accountid=13598&bdid=165485&_bd=MmHbRpvv5leJ2cGY0OLr49wJbOY%3D,status not_retrievable,R392AF4FBB84D__<short title>.pdf
9,never assessed: no full text could be retrieved; full-text screening closed by researcher decision 2026-09-28,,R402EFAF34FDC,2019,"Fischer, Alex","Risk Narratives and Institutional Responses: Charting the Evolution of Unregulated Drinking Water Services in Rural Bangladesh, 1972–2016",,,https://www.proquest.com/docview/2440379444?accountid=13598&bdid=165485&_bd=NKLApgeXdh439sSprCqdQyGTkns%3D,status not_retrievable,R402EFAF34FDC__<short title>.pdf
9,never assessed: no full text could be retrieved; full-text screening closed by researcher decision 2026-09-28,,R4BEB10EF5D32,2019,"Maruve, Pepukai Perpetua","The Importance of Effective Water Infrastructure Management in Harare, Zimbabwe",,,https://www.proquest.com/docview/2504870837?accountid=13598&bdid=165485&_bd=5rI0lxeQLdqrXbsuAZglJ8fGFcY%3D,status wrong_file_retrieved,R4BEB10EF5D32__<short title>.pdf
9,never assessed: no full text could be retrieved; full-text screening closed by researcher decision 2026-09-28,,R4F0DCCA2AB0B,2019,"Tabane, Masego Nchadi Julia",Governance and Institutional Arrangements of Water Supply Services at the Royal Bafokeng Nation : The Case of Luka Village,,,https://www.proquest.com/docview/2485544522?accountid=13598&bdid=165485&_bd=2sAv%2FRgF7MWX40ZGCmhPYaMCDQw%3D,status not_retrievable,R4F0DCCA2AB0B__<short title>.pdf
9,never assessed: no full text could be retrieved; full-text screening closed by researcher decision 2026-09-28,,R5623D7CBC1BE,2019,"Panchang, Sarita Vijay",Sundaas Story: A Mixed-Methods Study of Household Sanitation Provisioning in Urban Informal Housing in India,,,https://www.proquest.com/docview/2345861497?accountid=13598&bdid=165485&_bd=bZCNz%2FzaaErJV6dBEid%2FzCsleqE%3D,status not_retrievable,R5623D7CBC1BE__<short title>.pdf
9,never assessed: no full text could be retrieved; full-text screening closed by researcher decision 2026-09-28,,R74C62CA576E5,2019,"Seetha Ram, KE; Hashimoto, Kazushi; Bugalia, Nikhil",Institutional Mechanisms for Sustainable Sanitation: Learning from Successful Case Studies,,,https://www.proquest.com/docview/2204058100?accountid=13598&bdid=165485&_bd=9P3CJM7TZ6w9c%2B3B1jeibqeNfNo%3D,status not_retrievable,R74C62CA576E5__<short title>.pdf
9,never assessed: no full text could be retrieved; full-text screening closed by researcher decision 2026-09-28,,R88EACABC7199,2019,"Sepeng, Motshwaedi","Examining the Dynamics Shaping Water Access for Rural and Peri-Urban Areas in the Region of Moretele, North West Province, South Africa",,,https://www.proquest.com/docview/3161871203?accountid=13598&bdid=165485&_bd=aJinrtAP7rXdcurLsA6jkH9dkVI%3D,status not_retrievable,R88EACABC7199__<short title>.pdf
9,never assessed: no full text could be retrieved; full-text screening closed by researcher decision 2026-09-28,,R90630F05EAE5,2019,"Hafemann, Ana Claudia",Objetivos de desenvolvimento sustentável: Desafios e atuação de uma agência reguladora para assegurar a disponibilidade e gestão sustentável da água e esgotamento,,,https://www.proquest.com/docview/3221202722?accountid=13598&bdid=165485&_bd=u%2F6gnvNnP%2FhpJfjQ9WqX2L4Pb9A%3D,status not_retrievable,R90630F05EAE5__<short title>.pdf
9,never assessed: no full text could be retrieved; full-text screening closed by researcher decision 2026-09-28,,R95BC01B3D884,2019,"Syal, Shruti",A Socio-ecological Systems Perspective on Planning for Informality,,,https://www.proquest.com/docview/2518089836?accountid=13598&bdid=165485&_bd=c21DQIzqTz7NqvVRXIqvZG8fQVA%3D,status not_retrievable,R95BC01B3D884__<short title>.pdf
9,never assessed: no full text could be retrieved; full-text screening closed by researcher decision 2026-09-28,,R978BAFBB003E,2019,Indriyani Y.; Yunanto Y.; Djohnson H.; Hargono R.,"Challenges of universal access: Health promotion strategy on pillar of open defecation free in Tirto village, Pekalongan, Central Java, Indonesia",10.5958/0976-5506.2019.00627.2,https://doi.org/10.5958/0976-5506.2019.00627.2,https://www.scopus.com/pages/publications/85064340516?origin=resultslist,status not_retrievable,R978BAFBB003E__<short title>.pdf
9,never assessed: no full text could be retrieved; full-text screening closed by researcher decision 2026-09-28,,R991D1871DCE0,2019,"Izaaks, Godwin",Water Resource Management: An Analysis of Operations and Maintenance Activities of an Informal Settlement,,,https://www.proquest.com/docview/2519815965?accountid=13598&bdid=165485&_bd=21EIe8RQ9QmzpxST0RZz3I15h5Y%3D,status not_retrievable,R991D1871DCE0__<short title>.pdf
9,never assessed: no full text could be retrieved; full-text screening closed by researcher decision 2026-09-28,,RA2EBC84971C2,2019,Al'Afghani M.M.; Kohlitz J.; Willetts J.,Not built to last: Improving legal and institutional arrangements for community-based water and sanitation service delivery in Indonesia,,,https://www.scopus.com/pages/publications/85061992178?origin=resultslist,status not_retrievable,RA2EBC84971C2__<short title>.pdf
9,never assessed: no full text could be retrieved; full-text screening closed by researcher decision 2026-09-28,,RA517C589BC23,2019,"Mathiba, Likhale","The Challenges of Upgrading Informal Settlements : A Case Study of Denver Informal Settlement, Johannesburg",,,https://www.proquest.com/docview/2475078720?accountid=13598&bdid=165485&_bd=iXdYE9VwApEN%2FhRn9uYqZ1Me4%2B0%3D,status not_retrievable,RA517C589BC23__<short title>.pdf
9,never assessed: no full text could be retrieved; full-text screening closed by researcher decision 2026-09-28,,RA5C9F1A4F91F,2019,"Guidone, Amila","Whose Knowledge, Whose Water, Whose Life: A Case Study of Water Governance and Mining in Sekhukhune, South Africa",,,https://www.proquest.com/docview/2371835122?accountid=13598&bdid=165485&_bd=3EYeqnvzb4GPiQfFLNET1AH3LE0%3D,status not_retrievable,RA5C9F1A4F91F__<short title>.pdf
9,never assessed: no full text could be retrieved; full-text screening closed by researcher decision 2026-09-28,,RA9DF78BB57C0,2019,Thangamayan S.; Chandrachud S.; Sugumar S.N.,"An analysis of water governance arrangements of metropolitan city in Chennai, Tamil Nadu",10.5958/0976-5506.2019.00973.2,https://doi.org/10.5958/0976-5506.2019.00973.2,https://www.scopus.com/pages/publications/85074727299?origin=resultslist,status not_retrievable,RA9DF78BB57C0__<short title>.pdf
9,never assessed: no full text could be retrieved; full-text screening closed by researcher decision 2026-09-28,,RB19B10AFA89D,2019,"Argade, Poonam; Narayanan, N C","Undercurrents of participatory groundwater governance in Rural Jalna, western India",,,https://www.proquest.com/docview/2305498835?accountid=13598&bdid=165485&_bd=aJQjJaclEOZK%2FdM7kijU4cMgr2M%3D,status not_retrievable,RB19B10AFA89D__<short title>.pdf
9,never assessed: no full text could be retrieved; full-text screening closed by researcher decision 2026-09-28,,RB2F4F556A21A,2019,"Sugiharto, M; Nurhayati","Efforts of Local Governments to Increase (Open Defication Free) ODF Village Coverage in Muaro Jambi, Sumedang and West Lombok Regencies",10.22435/hsr.v22i1.855,https://doi.org/10.22435/hsr.v22i1.855,https://www.webofscience.com/wos/woscc/full-record/WOS:000471891000008,status not_retrievable,RB2F4F556A21A__<short title>.pdf
9,never assessed: no full text could be retrieved; full-text screening closed by researcher decision 2026-09-28,,RB553A79ECD29,2019,"Gaber, Nadia","Life after Water: Detroit, Flint and the Postindustrial Politics of Health",,,https://www.proquest.com/docview/2248690574?accountid=13598&bdid=165485&_bd=DY2r5RZyg5rPEUWLmmiSGnjURvw%3D,status not_retrievable,RB553A79ECD29__<short title>.pdf
9,never assessed: no full text could be retrieved; full-text screening closed by researcher decision 2026-09-28,,RCF1663866434,2019,"Castellanos, Bianet",Invoquer les communs migrants mayas et quartiers informels de squatteurs au Mexique,10.7202/1067022ar,https://doi.org/10.7202/1067022ar,https://www.proquest.com/docview/2389726095?accountid=13598&bdid=165485&_bd=PgQRlGgRiexO8PFXx5DnEcNtPQ8%3D,status not_retrievable,RCF1663866434__<short title>.pdf
9,never assessed: no full text could be retrieved; full-text screening closed by researcher decision 2026-09-28,,RDC446634BCB1,2019,Xu J.; Zhao C.,Assessing the role of legal documentation in transboundary collaborations: A comparative analysis of water supply projects in hong kong and singapore,,,https://www.scopus.com/pages/publications/85096133988?origin=resultslist,status not_retrievable,RDC446634BCB1__<short title>.pdf
9,never assessed: no full text could be retrieved; full-text screening closed by researcher decision 2026-09-28,,RDD6DCAFE9FD1,2019,"Razavi, Nasya","Social Control and Public Water in Cochabamba, Bolivia",,,https://www.proquest.com/docview/2371246117?accountid=13598&bdid=165485&_bd=yxpM6NQc5qrGJPcszyN3bH1sAyg%3D,status not_retrievable,RDD6DCAFE9FD1__<short title>.pdf
9,never assessed: no full text could be retrieved; full-text screening closed by researcher decision 2026-09-28,,RDFD19C619274,2019,"Gallagher, Daniel","Enduring or Escaping Legacies?: Politics, Inherited Institutions, and Rebellion in the Struggle over Water Futures in Chile",,,https://www.proquest.com/docview/2446037880?accountid=13598&bdid=165485&_bd=f11YHdI0TGon78bvf6YAZbtZLaA%3D,status not_retrievable,RDFD19C619274__<short title>.pdf
9,never assessed: no full text could be retrieved; full-text screening closed by researcher decision 2026-09-28,,RE5817EF78D59,2019,Ali M.A.; Rahman M.A.; Siddiqua S.N.; Begum F.; Shaheen A.; Rahman H.; Yousuf T.B.; Majumder A.; Rahman M.M.,Application of Burke-Litwin model for capacity assessment of city corporations for sanitation services in Bangladesh,10.3362/1756-3488.19-00001,https://doi.org/10.3362/1756-3488.19-00001,https://www.scopus.com/pages/publications/85080093952?origin=resultslist,status not_retrievable,RE5817EF78D59__<short title>.pdf
9,never assessed: no full text could be retrieved; full-text screening closed by researcher decision 2026-09-28,,REED096DE3994,2019,"Korir, Fred Kiptanui",Halk Sağlığı Açısından Kenya'da Su Yönetişimi Durumu,,,https://www.proquest.com/docview/2925402713?accountid=13598&bdid=165485&_bd=Dl2oZiTzMYlRBnGYp54la9YK0Gg%3D,status not_retrievable,REED096DE3994__<short title>.pdf
9,never assessed: no full text could be retrieved; full-text screening closed by researcher decision 2026-09-28,,REFA8FB60DA19,2019,Hernández-Sancho F.,"Water Consumption, Tariffs and Regulation",10.2166/9781780404684,https://doi.org/10.2166/9781780404684,https://www.scopus.com/pages/publications/85079363522?origin=resultslist,status not_retrievable,REFA8FB60DA19__<short title>.pdf
9,never assessed: no full text could be retrieved; full-text screening closed by researcher decision 2026-09-28,,RFECC35AB2CCF,2019,Mugisha S.,"Sustaining High Performing Public Enterprises: Case Study of National Water and Sewerage Corporation, Uganda",10.2166/9781789060256,https://doi.org/10.2166/9781789060256,https://www.scopus.com/pages/publications/85112074268?origin=resultslist,status not_retrievable,RFECC35AB2CCF__<short title>.pdf
9,never assessed: no full text could be retrieved; full-text screening closed by researcher decision 2026-09-28,,R058C9273C2A0,2020,"Isaacs, Wainella N.",Socio-technical Transitions in the Water Sector: Emerging Boundaries for Utility Resilience in Barbados,,,https://www.proquest.com/docview/2437977646?accountid=13598&bdid=165485&_bd=nkr50%2BDZ2hJmPXFqys9z8rAMoCk%3D,status wrong_file_retrieved,R058C9273C2A0__<short title>.pdf
9,never assessed: no full text could be retrieved; full-text screening closed by researcher decision 2026-09-28,,R07553B7C3E18,2020,"Susilo, Anggun; Vidyattama, Yogi; Wishanti, Dewa Ayu Putu Eva",WATER AND SANITATION PROGRAM IN DECENTRALISED EASTERN INDONESIA: THE ROLES OF COMMUNITY AND SOCIAL DYNAMICS,,,https://www.proquest.com/docview/2421041691?accountid=13598&bdid=165485&_bd=8QM6VQSSsM3g73x4VgyU8sVg5Ek%3D,status wrong_file_retrieved,R07553B7C3E18__<short title>.pdf
9,never assessed: no full text could be retrieved; full-text screening closed by researcher decision 2026-09-28,,R0B45001AA9BF,2020,"Salom, Nespect Butty",Critical Success Factors for the Community Management of Rural Water Supply in the Ohangwena Region: Namibia,,,https://www.proquest.com/docview/3224572874?accountid=13598&bdid=165485&_bd=SezGWALMZYg7VvcwP49bSVX%2F8dE%3D,status wrong_file_retrieved,R0B45001AA9BF__<short title>.pdf
9,never assessed: no full text could be retrieved; full-text screening closed by researcher decision 2026-09-28,,R0E8C63DD77CB,2020,Thanh N.D.; Van Long P.; Giang N.K.,Governance for urban services in Vietnam,10.1007/978-981-15-2973-3_11,https://doi.org/10.1007/978-981-15-2973-3_11,https://www.scopus.com/pages/publications/85081565787?origin=resultslist,status not_retrievable,R0E8C63DD77CB__<short title>.pdf
9,never assessed: no full text could be retrieved; full-text screening closed by researcher decision 2026-09-28,,R131D44D2032B,2020,"Taye, G; Getachew, S; Gizaw, M; Kaba, M",Vulnerability to housing and the environment in urban settings: Implications for residents and places,,,https://www.webofscience.com/wos/woscc/full-record/WOS:000518396600004,status wrong_file_retrieved,R131D44D2032B__<short title>.pdf
9,never assessed: no full text could be retrieved; full-text screening closed by researcher decision 2026-09-28,,R13BB56FEF2D1,2020,"García, Ángela Lara; Ituarte, Leandro Del Moral",El derecho humano al agua en España en el contexto europeo (2010-2020). Implicaciones para las políticas y los modelos de gestión del ciclo urbano,10.15366/relaaonesintemaaonales2020.45.014,https://doi.org/10.15366/relaaonesintemaaonales2020.45.014,https://www.proquest.com/docview/2483121199?accountid=13598&bdid=165485&_bd=2m3G79CrlpYz%2F%2B5uIjfeoJ9BpfA%3D,status wrong_file_retrieved,R13BB56FEF2D1__<short title>.pdf
9,never assessed: no full text could be retrieved; full-text screening closed by researcher decision 2026-09-28,,R155835EF1B8F,2020,"Kemp, Mamorwadi Julia","Variables Influencing Service Delivery in Protea Glen, Johannesburg",,,https://www.proquest.com/docview/2521066791?accountid=13598&bdid=165485&_bd=zVI0pFCnMk9Lvio7Ifjx%2B4tJK3s%3D,status wrong_file_retrieved,R155835EF1B8F__<short title>.pdf
9,never assessed: no full text could be retrieved; full-text screening closed by researcher decision 2026-09-28,,R1C4163258B97,2020,Szmigiel-Rawska K.; Łukomska J.,Drinking water service delivery choices in Poland: Empirical analysis of impact factors,,,https://www.scopus.com/pages/publications/85087564946?origin=resultslist,status not_retrievable,R1C4163258B97__<short title>.pdf
9,never assessed: no full text could be retrieved; full-text screening closed by researcher decision 2026-09-28,,R20E577D1ACEF,2020,"Maganadisa, Kedibone Precious",Exploring the Effectiveness of in Situ Upgrading on Improving the Quality of Life: A Case Study of Slovo Park Informal Settlement,,,https://www.proquest.com/docview/2505410490?accountid=13598&bdid=165485&_bd=t0RW9jh8ajzPpI78W5YEvNmrzmQ%3D,status not_retrievable,R20E577D1ACEF__<short title>.pdf
9,never assessed: no full text could be retrieved; full-text screening closed by researcher decision 2026-09-28,,R25DBEEFB66DC,2020,"Ngobeni, Victor; Breitenbach, Marthinus C",Technical Efficiency of Water Boards in South Africa: A Costing and Pricing Benchmarking Exercise,,,https://www.proquest.com/docview/2586610852?accountid=13598&bdid=165485&_bd=PEqL9CddtKJuxDm6%2Bu4LVuodWWw%3D,status not_retrievable,R25DBEEFB66DC__<short title>.pdf
9,never assessed: no full text could be retrieved; full-text screening closed by researcher decision 2026-09-28,,R2DA5E4A135EB,2020,Lyne I.,"Bottling water differently, and sustaining the water commons? Social innovation through water service franchising in Cambodia",,,https://www.scopus.com/pages/publications/85092184115?origin=resultslist,status not_retrievable,R2DA5E4A135EB__<short title>.pdf
9,never assessed: no full text could be retrieved; full-text screening closed by researcher decision 2026-09-28,,R31F7BB4FD2AD,2020,Grant M.; Foster T.; Van Dinh D.; Willetts J.; Davis G.,Life-cycle costs approach for private piped water service delivery: A study in rural Viet Nam,10.2166/washdev.2020.037,https://doi.org/10.2166/washdev.2020.037,https://www.scopus.com/pages/publications/85099148905?origin=resultslist,status wrong_file_retrieved,R31F7BB4FD2AD__<short title>.pdf
9,never assessed: no full text could be retrieved; full-text screening closed by researcher decision 2026-09-28,,R34FE58FDD827,2020,Criqui L.,"Sociotechnical alternatives and controversies in extending water and sanitation networks in Lima, Peru",,,https://www.scopus.com/pages/publications/85085554640?origin=resultslist,status not_retrievable,R34FE58FDD827__<short title>.pdf
9,never assessed: no full text could be retrieved; full-text screening closed by researcher decision 2026-09-28,,R35C8D79C34FB,2020,"Tantoh, H; Mckay, T","Investigating community constructed rural water systems in Northwest Cameroon: leadership, gender and exclusion",10.3828/idpr.2020.4,https://doi.org/10.3828/idpr.2020.4,https://www.webofscience.com/wos/woscc/full-record/WOS:000600105400004,status not_retrievable,R35C8D79C34FB__<short title>.pdf
9,never assessed: no full text could be retrieved; full-text screening closed by researcher decision 2026-09-28,,R380F4FE21384,2020,"Gallié, M; Verrette, J",The legal process of victims of insalubritis (the case of mold),,,https://www.webofscience.com/wos/woscc/full-record/WOS:000591385500001,status not_retrievable,R380F4FE21384__<short title>.pdf
9,never assessed: no full text could be retrieved; full-text screening closed by researcher decision 2026-09-28,,R39032949ECCB,2020,Baumfield V.S.,"Monopolisation, market liberalisation and madness: Order and disorder in water supply governance",,,https://www.scopus.com/pages/publications/85090955924?origin=resultslist,status not_retrievable,R39032949ECCB__<short title>.pdf
9,never assessed: no full text could be retrieved; full-text screening closed by researcher decision 2026-09-28,,R393A582BEEEF,2020,Werchota R.,Conclusions: The Quintessence of W+S Sector Reforms in Sub-Saharan Africa,10.1007/978-3-030-31383-8_8,https://doi.org/10.1007/978-3-030-31383-8_8,https://www.scopus.com/pages/publications/85119288078?origin=resultslist,status not_retrievable,R393A582BEEEF__<short title>.pdf
9,never assessed: no full text could be retrieved; full-text screening closed by researcher decision 2026-09-28,,R3A5564D238C0,2020,"Nkhereanye, Ithuteng Violet","Harvesting Rainwater and Greywater Towards/for Sustainable Water Management: The Case of Ha Tsela in Mohale’s Hoek, Lesotho",,,https://www.proquest.com/docview/2579046948?accountid=13598&bdid=165485&_bd=mxwTzfvf5tv5rYooOTqiKpRRu1g%3D,status not_retrievable,R3A5564D238C0__<short title>.pdf
9,never assessed: no full text could be retrieved; full-text screening closed by researcher decision 2026-09-28,,R3B987F73842E,2020,Santosa F.R.E.; Atmoko A.D.; Mudjanarko S.W.,Index risk of sanitation (IRS) modelling to determine domestic waste water system,10.30880/ijscet.2020.11.01.009,https://doi.org/10.30880/ijscet.2020.11.01.009,https://www.scopus.com/pages/publications/85090741768?origin=resultslist,status wrong_file_retrieved,R3B987F73842E__<short title>.pdf
9,never assessed: no full text could be retrieved; full-text screening closed by researcher decision 2026-09-28,,R3ED39C5B7F5D,2020,Sarkar U.D.; Choudhary B.K.,Reconfiguring urban waterscape: Water Kiosks in Delhi as a new governance model,10.2166/washdev.2020.152,https://doi.org/10.2166/washdev.2020.152,https://www.scopus.com/pages/publications/85099123805?origin=resultslist,status not_retrievable,R3ED39C5B7F5D__<short title>.pdf
9,never assessed: no full text could be retrieved; full-text screening closed by researcher decision 2026-09-28,,R41B5B87B13D6,2020,"Okeola, Olayinka Gafar; Sule, Bolaji Fatai",HOLISTIC DIAGNOSTIC OF AN URBAN WATER SUPPLY SYSTEM MANAGEMENT USING HYDRO– ECONOMICS MODEL,,,https://www.proquest.com/docview/2491992277?accountid=13598&bdid=165485&_bd=e5TkwR4j9GBm%2BbKTlCayxSd9bDI%3D,status wrong_file_retrieved,R41B5B87B13D6__<short title>.pdf
9,never assessed: no full text could be retrieved; full-text screening closed by researcher decision 2026-09-28,,R4459E55C5E6C,2020,Delia Montero C,El abastecimiento de agua en Iztapalapa. Un análisis institucional,,,https://www.proquest.com/docview/3083867780?accountid=13598&bdid=165485&_bd=uA3t%2BktytkxpWBXFSpS%2FXVk%2Fdag%3D,status wrong_file_retrieved,R4459E55C5E6C__<short title>.pdf
9,never assessed: no full text could be retrieved; full-text screening closed by researcher decision 2026-09-28,,R4BF827AA3CCC,2020,Al-Noaimi M.A.,Sdg goal 6 monitoring in the Kingdom of Bahrain,10.5004/dwt.2020.25552,https://doi.org/10.5004/dwt.2020.25552,https://www.scopus.com/pages/publications/85098769220?origin=resultslist,status not_retrievable,R4BF827AA3CCC__<short title>.pdf
9,never assessed: no full text could be retrieved; full-text screening closed by researcher decision 2026-09-28,,R4F4B43ECF575,2020,"Suarez-Delucchi, Adriana",The Politics of Water Rights and Water Delivery in Rural Chile : an Institutional Ethnography,,,https://www.proquest.com/docview/2440347608?accountid=13598&bdid=165485&_bd=7bXgiE7lwfreSpjUBwUv%2Bjfg9Q4%3D,status not_retrievable,R4F4B43ECF575__<short title>.pdf
9,never assessed: no full text could be retrieved; full-text screening closed by researcher decision 2026-09-28,,R517B2B03D8CF,2020,"Nizkorodov, Evgenia",Evaluating the Role of Public-Private Partnerships in Bolstering Sustainability and Resilience in California’s Water Sector: A Comparative Case Analysis,,,https://www.proquest.com/docview/2473068984?accountid=13598&bdid=165485&_bd=7obgXU2r%2Fz6c39IEoORnJU75PkQ%3D,status not_retrievable,R517B2B03D8CF__<short title>.pdf
9,never assessed: no full text could be retrieved; full-text screening closed by researcher decision 2026-09-28,,R53EBEDE9C17E,2020,"Wakhungu, Mathews Jackon","An Ethnography of WaSh Infrastructures and Governance in Sulphur Springs, Florida",,,https://www.proquest.com/docview/2437124432?accountid=13598&bdid=165485&_bd=TnouAmglXv7uBgfbgQBE0MSbPtc%3D,status not_retrievable,R53EBEDE9C17E__<short title>.pdf
9,never assessed: no full text could be retrieved; full-text screening closed by researcher decision 2026-09-28,,R57CFAE80B0D4,2020,Palanca-Tan R.,Global water shortages: A Philippines case study,,,https://www.scopus.com/pages/publications/85082688542?origin=resultslist,status not_retrievable,R57CFAE80B0D4__<short title>.pdf
9,never assessed: no full text could be retrieved; full-text screening closed by researcher decision 2026-09-28,,R59116AA8FE3A,2020,"Wilder, MO; Austria, PFM; Romero, PH; Ayala, MBC",The Human Right to Water in Mexico: Challenges and Opportunities,,,https://www.webofscience.com/wos/woscc/full-record/WOS:000512898300002,status wrong_file_retrieved,R59116AA8FE3A__<short title>.pdf
9,never assessed: no full text could be retrieved; full-text screening closed by researcher decision 2026-09-28,,R59FA69D33A66,2020,"REINAGA, Ariel FERRUFINO; CIDES-UMSA",When governance fails: Institutional asymmetries in water management in the municipality of La Paz,,,https://www.proquest.com/docview/2586960262?accountid=13598&bdid=165485&_bd=oYZcQxRyJRe76%2Bi4mLop5UiKj8I%3D,status not_retrievable,R59FA69D33A66__<short title>.pdf
9,never assessed: no full text could be retrieved; full-text screening closed by researcher decision 2026-09-28,,R64C3FC5E41E6,2020,"Singano, Emiliana R.","Reliability of Rainwater Harvesting as a Strategy to Alleviate Water Scarcity in Monduli District, Tanzania",,,https://www.proquest.com/docview/3224573227?accountid=13598&bdid=165485&_bd=LQGpWWfplAwQmd4w7DpI52PpsC4%3D,status not_retrievable,R64C3FC5E41E6__<short title>.pdf
9,never assessed: no full text could be retrieved; full-text screening closed by researcher decision 2026-09-28,,R6938B010A8E7,2020,Bruch C.; Weinthal E.; Troell J.,Water law and governance in post-conflict settings,10.1111/reel.12319,https://doi.org/10.1111/reel.12319,https://www.scopus.com/pages/publications/85078941418?origin=resultslist,status not_retrievable,R6938B010A8E7__<short title>.pdf
9,never assessed: no full text could be retrieved; full-text screening closed by researcher decision 2026-09-28,,R76F75BE321C2,2020,"Samanta, Debabrata; Nayak, Narayan Chandra","What Makes People Satisfied with Local Government Service Delivery: An Empirical Investigation in the Context of West Bengal, India",,,https://www.proquest.com/docview/2621322914?accountid=13598&bdid=165485&_bd=Wv2gOI7VuFdtlylgZQoH0iV4tFw%3D,status not_retrievable,R76F75BE321C2__<short title>.pdf
9,never assessed: no full text could be retrieved; full-text screening closed by researcher decision 2026-09-28,,R7DE5FE6BC27C,2020,Horvey A.; Mukongo J.,Rural water service delivery: Addressing the hidden development crisis,10.3362/1756-3488.19-00004,https://doi.org/10.3362/1756-3488.19-00004,https://www.scopus.com/pages/publications/85105943453?origin=resultslist,status not_retrievable,R7DE5FE6BC27C__<short title>.pdf
9,never assessed: no full text could be retrieved; full-text screening closed by researcher decision 2026-09-28,,R7EFDC0F46ED4,2020,"Jankielsohn, Roy",Incapacidad ideológica gubernamental sobre la hidropolítica en Sudáfrica: una evaluación ontológica,10.15366/relacionesintemacionales2020.45.013,https://doi.org/10.15366/relacionesintemacionales2020.45.013,https://www.proquest.com/docview/2483121559?accountid=13598&bdid=165485&_bd=fjMtoTSG2q%2BjWxsiNwhhMHvQ%2FBU%3D,status not_retrievable,R7EFDC0F46ED4__<short title>.pdf
9,never assessed: no full text could be retrieved; full-text screening closed by researcher decision 2026-09-28,,R7F48D429FD5A,2020,"Ling, Zhu","Institutional, Technical and Financial Arrangements in China's Rural Pollution Abatement",10.19602/j.chinaeconomist.2020.11.01,https://doi.org/10.19602/j.chinaeconomist.2020.11.01,https://www.proquest.com/docview/2471819481?accountid=13598&bdid=165485&_bd=n4YkKv1NuSwTLKNcfFevAKEzi5o%3D,status not_retrievable,R7F48D429FD5A__<short title>.pdf
9,never assessed: no full text could be retrieved; full-text screening closed by researcher decision 2026-09-28,,R80C0C7C65752,2020,Taing L.,Policy implementation considerations for basic services: A South African urban sanitation case,10.17159/wsa.2020.v46i2.8251,https://doi.org/10.17159/wsa.2020.v46i2.8251,https://www.scopus.com/pages/publications/85086311572?origin=resultslist,status wrong_file_retrieved,R80C0C7C65752__<short title>.pdf
9,never assessed: no full text could be retrieved; full-text screening closed by researcher decision 2026-09-28,,R81B696569E43,2020,"Jalil, H","NARRATIVES OF HEALTH AND WELL-BEING: DISEASE AND BARGAINING IN CALI, COLOMBIA, 1930-1940",,,https://www.webofscience.com/wos/woscc/full-record/WOS:000645096800006,status not_retrievable,R81B696569E43__<short title>.pdf
9,never assessed: no full text could be retrieved; full-text screening closed by researcher decision 2026-09-28,,R8B124C563097,2020,"Rios-Quituizaca, P; Gatica-Dominguez, G; J Ferreira Santos; Nambiar, D; Bruck, S; Vidaletti, L; Barros, A",Coverage and inequalities in health interventions in Ecuador 1994- 2012,10.1093/eurpub/ckaa166.291,https://doi.org/10.1093/eurpub/ckaa166.291,https://www.proquest.com/docview/2476166783?accountid=13598&bdid=165485&_bd=iAkhEVu1wEFBnPVPOS1wjxZuI%2Fs%3D,status not_retrievable,R8B124C563097__<short title>.pdf
9,never assessed: no full text could be retrieved; full-text screening closed by researcher decision 2026-09-28,,R8C3B9336EE53,2020,"Momberg, Douglas J","Governance of Water, Sanitation and Hygiene (WASH) in South Africa and Associations with Nutritional Status in Children Between Birth and One Year of Age",,,https://www.proquest.com/docview/3161871822?accountid=13598&bdid=165485&_bd=W34dCoOXNcCrRNOOcKD%2FRSgiR%2FU%3D,status not_retrievable,R8C3B9336EE53__<short title>.pdf
9,never assessed: no full text could be retrieved; full-text screening closed by researcher decision 2026-09-28,,R91BF40E95289,2020,"Halvorson S.J.; Wescoat J.L., Jr.","Guarding the sons of empire: Military-state-society relations inwater, sanitation and health programs of mid-19th-century India",10.3390/w12020429,https://doi.org/10.3390/w12020429,https://www.scopus.com/pages/publications/85081740126?origin=resultslist,status wrong_file_retrieved,R91BF40E95289__<short title>.pdf
9,never assessed: no full text could be retrieved; full-text screening closed by researcher decision 2026-09-28,,R9EC8E36A6830,2020,Michel V.; Eghdami S.; Hadley K.; Louis G.,"A framework for characterizing multilevel water governance: A case study of Baltimore, Maryland",,,https://www.scopus.com/pages/publications/85101595693?origin=resultslist,status not_retrievable,R9EC8E36A6830__<short title>.pdf
9,never assessed: no full text could be retrieved; full-text screening closed by researcher decision 2026-09-28,,RA1DFE2CFED47,2020,"Fraher, Andrew","Economic and Political Uncertainty and the Effects of Organizational Integration, Volume Flexibility, and Redundancy on Reliability and Delivery for Water Utilities",,,https://www.proquest.com/docview/2395839967?accountid=13598&bdid=165485&_bd=lEanxGff6BQb4qp7EI0p0ucoTfA%3D,status not_retrievable,RA1DFE2CFED47__<short title>.pdf
9,never assessed: no full text could be retrieved; full-text screening closed by researcher decision 2026-09-28,,RA38256CBC26F,2020,Khan S.; Guan Y.; Khan F.; Khan Z.,A comprehensive index for measuringwater security in an UrbanizingWorld: The case of Pakistan's capital,10.3390/w12010166,https://doi.org/10.3390/w12010166,https://www.scopus.com/pages/publications/85079494945?origin=resultslist,status wrong_file_retrieved,RA38256CBC26F__<short title>.pdf
9,never assessed: no full text could be retrieved; full-text screening closed by researcher decision 2026-09-28,,RB16C44026722,2020,"Hyun, Christopher Yoonchul",Reports of Missing Persons in Innovation and Infrastructure to Achieve Water and Sanitation for All,,,https://www.proquest.com/docview/2510206545?accountid=13598&bdid=165485&_bd=Z1VUul%2BM%2Biof4iTfry%2B2Fz%2BmShA%3D,status not_retrievable,RB16C44026722__<short title>.pdf
9,never assessed: no full text could be retrieved; full-text screening closed by researcher decision 2026-09-28,,RBF137C46686B,2020,"Malemane, Kanyaletsoe",The Role of NGOs in Participatory Local Governance for Improved Service Delivery in Khayelitsha,,,https://www.proquest.com/docview/2800163528?accountid=13598&bdid=165485&_bd=Pa8b6NwkDixoT5nFXLfQkFj503s%3D,status not_retrievable,RBF137C46686B__<short title>.pdf
9,never assessed: no full text could be retrieved; full-text screening closed by researcher decision 2026-09-28,,RD27904846B58,2020,"Nanteza, Rachel",Determinants of Water Source Choice in the Slums of Kampala: A Spatial and Institutional Analysis,,,https://www.proquest.com/docview/2442521457?accountid=13598&bdid=165485&_bd=6ugwPgd3HEDNA%2BYv%2FO1%2FiYWcbj4%3D,status not_retrievable,RD27904846B58__<short title>.pdf
9,never assessed: no full text could be retrieved; full-text screening closed by researcher decision 2026-09-28,,RD307D2A10430,2020,"Borja-Vega, Christian","What Makes Rural Water Systems Sustainable? : Meta-Analysis, Determinants, and the Empirical Impacts of a Large-Scale Wash Program in Nicaragua",,,https://www.proquest.com/docview/2559149741?accountid=13598&bdid=165485&_bd=TZYCd%2FLw3fkw3726tjeEVHlrCHs%3D,status not_retrievable,RD307D2A10430__<short title>.pdf
9,never assessed: no full text could be retrieved; full-text screening closed by researcher decision 2026-09-28,,RD6989A348540,2020,"Manahan, Mary Ann; Villanueva, Enrique; Alegado, Joseph Edward",(Re)construir servicios públicos frente a la gobernanza neoliberal: prácticas de sistemas asociativos en torno al agua en las comunidades urbanas pobres de Metro Manila,10.15366/relacionesintemacionales2020.45.009,https://doi.org/10.15366/relacionesintemacionales2020.45.009,https://www.proquest.com/docview/2483108958?accountid=13598&bdid=165485&_bd=v1oMWEIKHQUVti9%2BiO9KhF1TGFY%3D,status not_retrievable,RD6989A348540__<short title>.pdf
9,never assessed: no full text could be retrieved; full-text screening closed by researcher decision 2026-09-28,,RD78AE673EBBE,2020,"Hunter, Brandon",Sanitation Justice: Community-Inspired Academic Research Conducted Under Different Theories of Change,,,https://www.proquest.com/docview/2485145182?accountid=13598&bdid=165485&_bd=FThLWv0BdmMTcqrQhItffrNEx7g%3D,status not_retrievable,RD78AE673EBBE__<short title>.pdf
9,never assessed: no full text could be retrieved; full-text screening closed by researcher decision 2026-09-28,,RDE6421C47FFA,2020,Anonymous,5. Challenges of water regulation in the Mekong region,,,https://www.proquest.com/docview/2539941902?accountid=13598&bdid=165485&_bd=yocsrcv3SRKXV7qkCFmDDIqNfg4%3D,status not_retrievable,RDE6421C47FFA__<short title>.pdf
9,never assessed: no full text could be retrieved; full-text screening closed by researcher decision 2026-09-28,,RDFCF5EEB6D4C,2020,"Schiedek, Leonie","Water Governance in the SDG Era - An Analysis of National Commitments to Water, Sanitation, and Hygiene",,,https://www.proquest.com/docview/2420850814?accountid=13598&bdid=165485&_bd=%2BZBCN7ZBpQOXQt11pOvz1Qih95w%3D,status not_retrievable,RDFCF5EEB6D4C__<short title>.pdf
9,never assessed: no full text could be retrieved; full-text screening closed by researcher decision 2026-09-28,,RE2A16C9561C1,2020,Tutusaus M.; Schwartz K.,Commercialisation as organised hypocrisy: The divergence of talk and action in water services in small towns in Uganda,,,https://www.scopus.com/pages/publications/85087557907?origin=resultslist,status not_retrievable,RE2A16C9561C1__<short title>.pdf
9,never assessed: no full text could be retrieved; full-text screening closed by researcher decision 2026-09-28,,REBE5D87F4863,2020,"Rikhotso, Nhluvuko Mark",Rural Water Governance in the Mopani District Municipality,,,https://www.proquest.com/docview/2522610350?accountid=13598&bdid=165485&_bd=2VdDYm81OJfiS%2B73h%2By2wbHkicY%3D,status not_retrievable,REBE5D87F4863__<short title>.pdf
9,never assessed: no full text could be retrieved; full-text screening closed by researcher decision 2026-09-28,,REC6425C03D7B,2020,Werchota R.,Beyond the Usual Debate,10.1007/978-3-030-31383-8_3,https://doi.org/10.1007/978-3-030-31383-8_3,https://www.scopus.com/pages/publications/85119260335?origin=resultslist,status not_retrievable,REC6425C03D7B__<short title>.pdf
9,never assessed: no full text could be retrieved; full-text screening closed by researcher decision 2026-09-28,,RF25B3781B68F,2020,"Coville, Aidan; Galiani, Sebastian; Gertler, Paul; Yoshida, Susumu",Financing Municipal Water and Sanitation Services in Nairobi’s Informal Settlements,,,https://www.proquest.com/docview/2586579517?accountid=13598&bdid=165485&_bd=O7yXxPUw6SYFIyPhl7Nv%2FyzpWbQ%3D,status not_retrievable,RF25B3781B68F__<short title>.pdf
9,never assessed: no full text could be retrieved; full-text screening closed by researcher decision 2026-09-28,,RF6BBAB3B715A,2020,"Mashiane, Martha Pekane","Sanitation Services in the Northern Fringe of City of Tshwane Metropolitan Municipality: The Case of Ga-Rankuwa, Mabopane, Temba and Winterveld Townships",,,https://www.proquest.com/docview/3224598057?accountid=13598&bdid=165485&_bd=PNlagOtqnMSP%2BAThJ0M9RhAWn%2Fo%3D,status not_retrievable,RF6BBAB3B715A__<short title>.pdf
9,never assessed: no full text could be retrieved; full-text screening closed by researcher decision 2026-09-28,,RF6ED6D2C49B4,2020,"Ferro, Gustavo; Castellano, Andrea; Sardi, Chaz",Políticas Regulatorias Aplicadas a Sectores de Infraestructura en Argentina,,,https://www.proquest.com/docview/2586306024?accountid=13598&bdid=165485&_bd=qv4Kin0o2NNbX%2BoJbIh9UVduJtw%3D,status not_retrievable,RF6ED6D2C49B4__<short title>.pdf
9,never assessed: no full text could be retrieved; full-text screening closed by researcher decision 2026-09-28,,RFF0074EB6908,2020,Chattopadhyay S.; Das M.,Analysing Disparities in Access to Urban Basic Services under Decentralised Governance Evidence from West Bengal,,,https://www.scopus.com/pages/publications/85088113772?origin=resultslist,status not_retrievable,RFF0074EB6908__<short title>.pdf
9,never assessed: no full text could be retrieved; full-text screening closed by researcher decision 2026-09-28,,R061246D9E7F9,2021,"Roeger, Alexandra Suzana Abreu de Faria Carvalho",Public Policies In the Water Sector: Water Safety Plans as Tools for Risk Assessment,,,https://www.proquest.com/docview/2778642710?accountid=13598&bdid=165485&_bd=5tbd9VQDPtWJ2AMFSzsW4zdORcQ%3D,status wrong_file_retrieved,R061246D9E7F9__<short title>.pdf
9,never assessed: no full text could be retrieved; full-text screening closed by researcher decision 2026-09-28,,R08432C1433E1,2021,"Díaz-Ríos, Tomás",El derecho humano al agua: una deuda del estado con la población panameña,10.15359/rldh.32-2.6,https://doi.org/10.15359/rldh.32-2.6,https://www.proquest.com/docview/2597849067?accountid=13598&bdid=165485&_bd=Pj0vx%2FYbDaAT7DzFl0Ztpa0N1i8%3D,status wrong_file_retrieved,R08432C1433E1__<short title>.pdf
9,never assessed: no full text could be retrieved; full-text screening closed by researcher decision 2026-09-28,,R0E2185869587,2021,"Sepaniak, Stephen A.","Inter-Basin Transfers, Ancient Ingenuity, Water Justice? Assessing the Impacts of the Melamchi Water Supply Project in the Kathmandu Valley, Nepal",,,https://www.proquest.com/docview/2572612090?accountid=13598&bdid=165485&_bd=bAmSqZ4WvVcstl6MtwbVY%2BdYeGY%3D,status not_retrievable,R0E2185869587__<short title>.pdf
9,never assessed: no full text could be retrieved; full-text screening closed by researcher decision 2026-09-28,,R14569CA54EA8,2021,"Onda, KS; Tewari, M","Water systems in California: Ownership, geography, and affordability*",10.1016/j.jup.2021.101279,https://doi.org/10.1016/j.jup.2021.101279,https://www.webofscience.com/wos/woscc/full-record/WOS:000691789400002,status wrong_file_retrieved,R14569CA54EA8__<short title>.pdf
9,never assessed: no full text could be retrieved; full-text screening closed by researcher decision 2026-09-28,,R1FBDC1E718F8,2021,"Patwoary, Nargish Sultana",The Health Impacts of Water Insecurity in U.S. Colonias,,,https://www.proquest.com/docview/2616374728?accountid=13598&bdid=165485&_bd=YvUmvz5obPjSYsQRNrzCdNYcnR8%3D,status not_retrievable,R1FBDC1E718F8__<short title>.pdf
9,never assessed: no full text could be retrieved; full-text screening closed by researcher decision 2026-09-28,,R256F56CAA65E,2021,"Magwaca, Onela Nolwandle",The Capacity of Eastern Cape Governance in a Post-Apartheid Era: Service Delivery in Schools,,,https://www.proquest.com/docview/3161871900?accountid=13598&bdid=165485&_bd=tAj0YpXjVCW4JMWxU5A5YhUFy%2Fo%3D,status not_retrievable,R256F56CAA65E__<short title>.pdf
9,never assessed: no full text could be retrieved; full-text screening closed by researcher decision 2026-09-28,,R32F384B5253F,2021,"Espinosa-Jiménez, C; Ramírez-Rodríguez, S; Mejías-Monsalve, M; Jégat-Nicolo, H; Bachá-Peña, M","Conceptualization of a management model for stabilization ponds in the Venezuelan rural environment. Case: Pan-American zone of Merida State, Venezuela",,,https://www.webofscience.com/wos/woscc/full-record/WOS:000637013200006,status not_retrievable,R32F384B5253F__<short title>.pdf
9,never assessed: no full text could be retrieved; full-text screening closed by researcher decision 2026-09-28,,R3A22CC776E0C,2021,"López Mora, Rebeca","Agua que sobra, agua que falta. Las fuentes públicas y la sociabilidad del agua en la ciudad de México, 1770-1818",10.24201/HM.V71I2.4343,https://doi.org/10.24201/HM.V71I2.4343,https://www.proquest.com/docview/2619120214?accountid=13598&bdid=165485&_bd=5tCb%2Fk6t9dSSHBGEmthz57PxYww%3D,status not_retrievable,R3A22CC776E0C__<short title>.pdf
9,never assessed: no full text could be retrieved; full-text screening closed by researcher decision 2026-09-28,,R3C3BC814100C,2021,"Huston, Angela",A Mixed Methodology for the Assessment and Planning of Public Systems for Drinking Water and Sanitation Service: Learning from Local Systems to Achieve Change at a Larger Scale,,,https://www.proquest.com/docview/2652595098?accountid=13598&bdid=165485&_bd=UTPaTlRN7bSDV67YMFVdUi3unkY%3D,status not_retrievable,R3C3BC814100C__<short title>.pdf
9,never assessed: no full text could be retrieved; full-text screening closed by researcher decision 2026-09-28,,R3DA90E060AD7,2021,"Bazaanah, Prosper",Community Water Governance for Sustainable Local Development in Northern Ghana,,,https://www.proquest.com/docview/2723855858?accountid=13598&bdid=165485&_bd=RkMxZWxM3tvfYCVhOKkvzKRoRSk%3D,status wrong_file_retrieved,R3DA90E060AD7__<short title>.pdf
9,never assessed: no full text could be retrieved; full-text screening closed by researcher decision 2026-09-28,,R3E6BA23463D1,2021,Rubhara T.T.; Oduniyi O.S.,Water and Sanitation Access in the Shamva District for Sustainability and Development of the Zimbabwean Smallholder Farming Sector,10.1007/978-3-030-70952-5_6,https://doi.org/10.1007/978-3-030-70952-5_6,https://www.scopus.com/pages/publications/85149424125?origin=resultslist,status not_retrievable,R3E6BA23463D1__<short title>.pdf
9,never assessed: no full text could be retrieved; full-text screening closed by researcher decision 2026-09-28,,R430CCDE976C8,2021,"Hansen, Kathleen",The Politics of Local Service Provision in the United States,,,https://www.proquest.com/docview/2540545779?accountid=13598&bdid=165485&_bd=dIq2LruNmK%2B83wIQ7ktnGWqw8qw%3D,status wrong_file_retrieved,R430CCDE976C8__<short title>.pdf
9,never assessed: no full text could be retrieved; full-text screening closed by researcher decision 2026-09-28,,R5571A513905A,2021,Truelove Y.,Gendered infrastructure and liminal space in Delhi’s unauthorized colonies,10.1177/02637758211055483,https://doi.org/10.1177/02637758211055483,https://www.scopus.com/pages/publications/85120408254?origin=resultslist,status wrong_file_retrieved,R5571A513905A__<short title>.pdf
9,never assessed: no full text could be retrieved; full-text screening closed by researcher decision 2026-09-28,,R59D2F16053BB,2021,"Gudaga, J L; Kabote, S J; Malisa, E T",COMPLIANCE WITH GROUNDWATER INSTITUTIONS IN NJOMBE DISTRICT TANZANIA,,,https://www.proquest.com/docview/2578202332?accountid=13598&bdid=165485&_bd=UTAnPRbFV%2FvZpfKpYHY90Z0ZpJg%3D,status not_retrievable,R59D2F16053BB__<short title>.pdf
9,never assessed: no full text could be retrieved; full-text screening closed by researcher decision 2026-09-28,,R67FE26C96329,2021,Sinha B.R.K.,Upgrading Slums in India,10.1007/978-981-15-5608-1_33,https://doi.org/10.1007/978-981-15-5608-1_33,https://www.scopus.com/pages/publications/85092919934?origin=resultslist,status not_retrievable,R67FE26C96329__<short title>.pdf
9,never assessed: no full text could be retrieved; full-text screening closed by researcher decision 2026-09-28,,R68BAAC4442C9,2021,Shi L.; Ahmad S.; Shukla P.; Yupho S.,"Shared injustice, splintered solidarity: Water governance across urban-rural divides",10.1016/j.gloenvcha.2021.102354,https://doi.org/10.1016/j.gloenvcha.2021.102354,https://www.scopus.com/pages/publications/85114698382?origin=resultslist,status not_retrievable,R68BAAC4442C9__<short title>.pdf
9,never assessed: no full text could be retrieved; full-text screening closed by researcher decision 2026-09-28,,R68DF51EE78C4,2021,"Velasco, Lawrence G; Diokno-Sicat, Charlotte Justine; Castillo, Angel Faye G; Maddawin, Ricxie B",The Philippine Local Water Sector: Institutional Issues in Supply Governance,,,https://www.proquest.com/docview/2672786860?accountid=13598&bdid=165485&_bd=TuDPfLSyHR4KHh2j31aSUIJRvec%3D,status not_retrievable,R68DF51EE78C4__<short title>.pdf
9,never assessed: no full text could be retrieved; full-text screening closed by researcher decision 2026-09-28,,R6ABE0E28ADCB,2021,Bassi N.; Hemani R.; Mankad P.,Action Plans for Building Climate-Resilient Water Supply and Sanitation Systems: Results from Case Studies,10.1007/978-3-030-59459-6_11,https://doi.org/10.1007/978-3-030-59459-6_11,https://www.scopus.com/pages/publications/85102078253?origin=resultslist,status not_retrievable,R6ABE0E28ADCB__<short title>.pdf
9,never assessed: no full text could be retrieved; full-text screening closed by researcher decision 2026-09-28,,R700766001630,2021,"Anselmi, Benedict","Civic Engagement Mechanisms for Domestic Water Service Delivery at Kondoa District Council, Tanzania",,,https://www.proquest.com/docview/3224572863?accountid=13598&bdid=165485&_bd=KxxqwK79F79jF%2B%2FSTy5vHc5GoPM%3D,status not_retrievable,R700766001630__<short title>.pdf
9,never assessed: no full text could be retrieved; full-text screening closed by researcher decision 2026-09-28,,R79D057F1787A,2021,Permatasari E.O.; Zain I.,Grouping District and Cities for Environmental Sanitation Indicators of SDGs Achievement in East Java,,,https://www.scopus.com/pages/publications/85117396749?origin=resultslist,status not_retrievable,R79D057F1787A__<short title>.pdf
9,never assessed: no full text could be retrieved; full-text screening closed by researcher decision 2026-09-28,,R81F081FED1A1,2021,Hendricks M.D.; Van Zandt S.,"Unequal Protection Revisited: Planning for Environmental Justice, Hazard Vulnerability, and Critical Infrastructure in Communities of Color",10.1089/env.2020.0054,https://doi.org/10.1089/env.2020.0054,https://www.scopus.com/pages/publications/85104553136?origin=resultslist,status not_retrievable,R81F081FED1A1__<short title>.pdf
9,never assessed: no full text could be retrieved; full-text screening closed by researcher decision 2026-09-28,,R8493FC9E4702,2021,Ray R.; Majumdar P.; Palit M.,"A Stochastic Approach to Evaluate Drinking Water Availability Status—A Case Study on Patharghata GP, Rajarhat CD Block, North 24 Paraganas, West Bengal, India",10.1007/978-981-33-6412-7_27,https://doi.org/10.1007/978-981-33-6412-7_27,https://www.scopus.com/pages/publications/85105871747?origin=resultslist,status not_retrievable,R8493FC9E4702__<short title>.pdf
9,never assessed: no full text could be retrieved; full-text screening closed by researcher decision 2026-09-28,,R862008024A2F,2021,Sarkar A.,Everyday Practices of Urban Poor to Access Water: Evidence from Delhi Slums,10.1007/978-981-16-3100-9_15,https://doi.org/10.1007/978-981-16-3100-9_15,https://www.scopus.com/pages/publications/85112608554?origin=resultslist,status not_retrievable,R862008024A2F__<short title>.pdf
9,never assessed: no full text could be retrieved; full-text screening closed by researcher decision 2026-09-28,,R8622EA7628D5,2021,Bolaane B.; Tema N.; Phuthologo B.,Barriers and coping strategies of households with no access to drinking water and waterborne sanitation in two low-income neighbourhoods in Botswana,10.1016/j.habitatint.2021.102372,https://doi.org/10.1016/j.habitatint.2021.102372,https://www.scopus.com/pages/publications/85110402114?origin=resultslist,status not_retrievable,R8622EA7628D5__<short title>.pdf
9,never assessed: no full text could be retrieved; full-text screening closed by researcher decision 2026-09-28,,R8F74892813E3,2021,Tshimanga R.M.; Lutonadio G.-S.K.; Kabujenda N.K.; Sondi C.M.; Mihaha E.-T.N.; Ngandu J.-F.K.; Nkaba L.N.; Sankania G.M.,An integrated information system of climate-watermigrations-conflicts nexus in the congo basin,10.3390/su13169323,https://doi.org/10.3390/su13169323,https://www.scopus.com/pages/publications/85113408690?origin=resultslist,status wrong_file_retrieved,R8F74892813E3__<short title>.pdf
9,never assessed: no full text could be retrieved; full-text screening closed by researcher decision 2026-09-28,,R938EE2BA8270,2021,Onsomkrit A.; Babel M.S.; Shinde V.R.; Pandey V.P.,"Assessing Water Security at District Level: A Case Study of Bangkok, Thailand",10.1007/978-3-319-54612-4_12,https://doi.org/10.1007/978-3-319-54612-4_12,https://www.scopus.com/pages/publications/85119106612?origin=resultslist,status not_retrievable,R938EE2BA8270__<short title>.pdf
9,never assessed: no full text could be retrieved; full-text screening closed by researcher decision 2026-09-28,,R942BE38B6EE0,2021,"de Oliveira, Alberto",Legacies and new obstacles for an inclusive water governance: the California experience,,,https://www.proquest.com/docview/2619673299?accountid=13598&bdid=165485&_bd=UbChaXFCSo8qQsv7JBhnZtEDCv4%3D,status not_retrievable,R942BE38B6EE0__<short title>.pdf
9,never assessed: no full text could be retrieved; full-text screening closed by researcher decision 2026-09-28,,R96101DB975CB,2021,"Choueiri, Yasmina","Informality in Urban Water Systems: Affordability, Energy-Water Nexus and Social Network Aspects in Beirut, Lebanon",,,https://www.proquest.com/docview/2637143510?accountid=13598&bdid=165485&_bd=cX6HGepdK7%2BkLz%2B8Ph5qlmN9oMs%3D,status not_retrievable,R96101DB975CB__<short title>.pdf
9,never assessed: no full text could be retrieved; full-text screening closed by researcher decision 2026-09-28,,R97EDB51E8FE5,2021,"Subramanyam, Nidhi","Planning the Urban Futures of a Small City and Its Rural Past: Governance and Water Infrastructures in Tiruppur, India",,,https://www.proquest.com/docview/2581757116?accountid=13598&bdid=165485&_bd=3NP6%2B6wT%2Fo1S%2F0BR%2FDGsegeTSQk%3D,status not_retrievable,R97EDB51E8FE5__<short title>.pdf
9,never assessed: no full text could be retrieved; full-text screening closed by researcher decision 2026-09-28,,RA36810299D56,2021,Prasad M.; Zaloznaya M.,Bureaucratic quality and social development,10.1525/sod.2019.0023,https://doi.org/10.1525/sod.2019.0023,https://www.scopus.com/pages/publications/85117892749?origin=resultslist,status not_retrievable,RA36810299D56__<short title>.pdf
9,never assessed: no full text could be retrieved; full-text screening closed by researcher decision 2026-09-28,,RA62BAA92506A,2021,"Coville, Aidan; Galiani, Sebastian Franco; Gertler, Paul J; Yoshida, Susumu",Financing Municipal Water and Sanitation Services in Nairobi’s Informal Settlements,,,https://www.proquest.com/docview/2585986210?accountid=13598&bdid=165485&_bd=GnKtOkLA8Rp4Re%2FuUYNqcBrl8jY%3D,status not_retrievable,RA62BAA92506A__<short title>.pdf
9,never assessed: no full text could be retrieved; full-text screening closed by researcher decision 2026-09-28,,RAC011418EF02,2021,"Josephine Frimpong *; Adamtey, Ronald; Pedersen, Anders Branth; Wahaga, Esther; Jensen, Anne; Obuobie, Emmanuel; Ampomah",A review of the design and implementation of Ghana's National Water Policy (2007),10.2166/wp.2021.042,https://doi.org/10.2166/wp.2021.042,https://www.proquest.com/docview/2592753032?accountid=13598&bdid=165485&_bd=ilqJBim6dr%2Bzbrq6c5LWyGIOyVo%3D,status wrong_file_retrieved,RAC011418EF02__<short title>.pdf
9,never assessed: no full text could be retrieved; full-text screening closed by researcher decision 2026-09-28,,RB662C981EA15,2021,"Kennard, Rachel A.","Safe and Affordable Drinking Water for Sources Impaired by Harmful Algal Blooms: Clear Lake, California",,,https://www.proquest.com/docview/2598010842?accountid=13598&bdid=165485&_bd=udGnCkuka9LqxtCUEFEEdUHsTVA%3D,status not_retrievable,RB662C981EA15__<short title>.pdf
9,never assessed: no full text could be retrieved; full-text screening closed by researcher decision 2026-09-28,,RB79A6CD110F1,2021,"Mukherjee, Maitreyee","Thirsty Cities: Role of Water Markets, Regulations and Competition",,,https://www.proquest.com/docview/3143979868?accountid=13598&bdid=165485&_bd=9E8a%2BBaWQAzFMYVDuxGXnO5W41c%3D,status not_retrievable,RB79A6CD110F1__<short title>.pdf
9,never assessed: no full text could be retrieved; full-text screening closed by researcher decision 2026-09-28,,RC8A90C42BB5C,2021,Strauch A.M.; Kalumbwa E.; Almedom A.M.,Spatial analysis of domestic water use and rural livelihoods in a semi-arid African highland,10.1016/j.jaridenv.2021.104608,https://doi.org/10.1016/j.jaridenv.2021.104608,https://www.scopus.com/pages/publications/85112379706?origin=resultslist,status not_retrievable,RC8A90C42BB5C__<short title>.pdf
9,never assessed: no full text could be retrieved; full-text screening closed by researcher decision 2026-09-28,,RD489E4AC4DEE,2021,"Pugel, Kimberly",Collaboratively Strengthening Water and Sanitation Systems in Low-Income and Weak-Governance Contexts,,,https://www.proquest.com/docview/2619237805?accountid=13598&bdid=165485&_bd=wqTtjU5JOo65LApeBfkeMsiW4q8%3D,status not_retrievable,RD489E4AC4DEE__<short title>.pdf
9,never assessed: no full text could be retrieved; full-text screening closed by researcher decision 2026-09-28,,RD647EE91E2BF,2021,Venu Madhav M.,"Water Governance for Sustainable Development: Role of Community Participation, Opportunities and Challenges",10.1007/978-981-15-8237-0_26,https://doi.org/10.1007/978-981-15-8237-0_26,https://www.scopus.com/pages/publications/105033506778?origin=resultslist,status not_retrievable,RD647EE91E2BF__<short title>.pdf
9,never assessed: no full text could be retrieved; full-text screening closed by researcher decision 2026-09-28,,RE304238C32B7,2021,"Klug, Heinz",Between Principles & Power: Water Law Principles & the Governance of Water in Post-Apartheid South Africa,10.1162/daed_a_01881,https://doi.org/10.1162/daed_a_01881,https://www.proquest.com/docview/2582436120?accountid=13598&bdid=165485&_bd=hhM2071f3aFNYK4bVcb6XaFfkVU%3D,status not_retrievable,RE304238C32B7__<short title>.pdf
9,never assessed: no full text could be retrieved; full-text screening closed by researcher decision 2026-09-28,,RE3CF16EB04A4,2021,Hemani R.; Bassi N.; Dinesh Kumar M.; Chandra U.,"Mapping Climate-Induced Risk for Water Supply, Sanitation and Hygiene in Rajasthan",10.1007/978-3-030-59459-6_10,https://doi.org/10.1007/978-3-030-59459-6_10,https://www.scopus.com/pages/publications/85102058583?origin=resultslist,status not_retrievable,RE3CF16EB04A4__<short title>.pdf
9,never assessed: no full text could be retrieved; full-text screening closed by researcher decision 2026-09-28,,RE56DE2805B9C,2021,"Fernandes, Leela",Scarcity and the State in the Midst of Climate and Economic Crises: Governing Water in India,10.1080/07393148.2021.1995821,https://doi.org/10.1080/07393148.2021.1995821,https://www.proquest.com/docview/2606730344?accountid=13598&bdid=165485&_bd=l0wSq2N3bgOsxFDukrCPHKVwL6s%3D,status not_retrievable,RE56DE2805B9C__<short title>.pdf
9,never assessed: no full text could be retrieved; full-text screening closed by researcher decision 2026-09-28,,RE9B0C3286B8C,2021,"Zuin, V; Nicholson, M","The Impact of Pro-Poor Reforms on Consumers and the Water Utility in Maputo, Mozambique",,,https://www.webofscience.com/wos/woscc/full-record/WOS:000616338400010,status not_retrievable,RE9B0C3286B8C__<short title>.pdf
9,never assessed: no full text could be retrieved; full-text screening closed by researcher decision 2026-09-28,,REA20A1EE4939,2021,Muchiri S.; Choi S.-K.,Evaluating the significance of cash transfers on household consumption,10.1111/1467-8268.12606,https://doi.org/10.1111/1467-8268.12606,https://www.scopus.com/pages/publications/85118119544?origin=resultslist,status not_retrievable,REA20A1EE4939__<short title>.pdf
9,never assessed: no full text could be retrieved; full-text screening closed by researcher decision 2026-09-28,,REF280439CC94,2021,"Ntoyapi, Msimelelo",The Effects of Public Sector Corruption on Fiscal Decentralisation and Water and Sanitation Service Delivery,,,https://www.proquest.com/docview/3161871485?accountid=13598&bdid=165485&_bd=gVzn0ok0Ahqv1LxfsDoaqijYfdg%3D,status not_retrievable,REF280439CC94__<short title>.pdf
9,never assessed: no full text could be retrieved; full-text screening closed by researcher decision 2026-09-28,,RF11333AB8A71,2021,"Zúñiga, EF","INSTITUTIONALIZATION OF DRINKING WATER SERVICE IN EL SALVADOR. A HISTORICAL APPROXIMATION TO THE ""ADMINISTRACION NACIONAL DE ACUEDUCTOS Y ALCANTARILLADOS"" (ANDA)",,,https://www.webofscience.com/wos/woscc/full-record/WOS:000733270700009,status not_retrievable,RF11333AB8A71__<short title>.pdf
9,never assessed: no full text could be retrieved; full-text screening closed by researcher decision 2026-09-28,,RF2016CFF7672,2021,"Phinney, Sarah",Exploring America's Water Crisis: Austerity Urbanism and Narratives of the Financialization of Black-Majority Cities,,,https://www.proquest.com/docview/2796774199?accountid=13598&bdid=165485&_bd=wAA%2Fyg27YsHb8np4I7xKRl1g14M%3D,status not_retrievable,RF2016CFF7672__<short title>.pdf
9,never assessed: no full text could be retrieved; full-text screening closed by researcher decision 2026-09-28,,RFCA60136D710,2021,Awad A.; Bartlett D.; Conaldi G.,Evaluation of Development Strategies and Community Needs in Developing Countries: A Comparative Case Study of Informal Settlements in Asia and Africa,10.1007/978-3-030-65181-7_17,https://doi.org/10.1007/978-3-030-65181-7_17,https://www.scopus.com/pages/publications/85116090046?origin=resultslist,status not_retrievable,RFCA60136D710__<short title>.pdf
9,never assessed: no full text could be retrieved; full-text screening closed by researcher decision 2026-09-28,,R00F3F0AE116B,2022,Tourinho M.; Santos P.R.; Pinto F.T.; Camanho A.S.,Performance assessment of water services in Brazilian municipalities: An integrated view of efficiency and access,10.1016/j.seps.2021.101139,https://doi.org/10.1016/j.seps.2021.101139,https://www.scopus.com/pages/publications/85113329384?origin=resultslist,status not_retrievable,R00F3F0AE116B__<short title>.pdf
9,never assessed: no full text could be retrieved; full-text screening closed by researcher decision 2026-09-28,,R02E30E613172,2022,Cawood S.; Wahby N.; Ferrara L.N.,"Hybridity in Practice: Responding to Water Insecurity in São Paulo, Dhaka and Cairo",,,https://www.scopus.com/pages/publications/85141330682?origin=resultslist,status not_retrievable,R02E30E613172__<short title>.pdf
9,never assessed: no full text could be retrieved; full-text screening closed by researcher decision 2026-09-28,,R06EAFC8382BE,2022,Bandala E.R.; McCarthy M.I.; Brune N.,Water security in native American communities of Nevada,10.1016/j.envsci.2022.07.009,https://doi.org/10.1016/j.envsci.2022.07.009,https://www.scopus.com/pages/publications/85134701739?origin=resultslist,status not_retrievable,R06EAFC8382BE__<short title>.pdf
9,never assessed: no full text could be retrieved; full-text screening closed by researcher decision 2026-09-28,,R09137E1E91C7,2022,"Joshi, Nupur Nitin",Housing and Water Insecurity in Nairobi’s Informal Settlements,,,https://www.proquest.com/docview/2702629596?accountid=13598&bdid=165485&_bd=jGQjbAEqmdGUL7SgsOdpOlMlU4o%3D,status wrong_file_retrieved,R09137E1E91C7__<short title>.pdf
9,never assessed: no full text could be retrieved; full-text screening closed by researcher decision 2026-09-28,,R095705AF6EDC,2022,Muller B.; Amos A.; Cerra J.F.; Cheng C.; Feldman D.L.; Lau T.; Netusil N.R.; Porse E.,"REDRAWING OUR URBAN WATERS: Merging design, law, and policy in advancing distributed water systems",10.4324/9781003033530-28,https://doi.org/10.4324/9781003033530-28,https://www.scopus.com/pages/publications/85141474554?origin=resultslist,status not_retrievable,R095705AF6EDC__<short title>.pdf
9,never assessed: no full text could be retrieved; full-text screening closed by researcher decision 2026-09-28,,R0B35E79268FB,2022,Gonçalves E.; Werneck Capodeferro M.; Jerônimo Smiderle J.; Engel Guimarães P.H.,Sustainability of water and sanitation state-owned companies in Brazil,10.1177/17835917221077915,https://doi.org/10.1177/17835917221077915,https://www.scopus.com/pages/publications/85130558602?origin=resultslist,status not_retrievable,R0B35E79268FB__<short title>.pdf
9,never assessed: no full text could be retrieved; full-text screening closed by researcher decision 2026-09-28,,R168B474EA513,2022,Olivieri F.; Koop S.H.A.; Van Leeuwen K.; Hofman J.,"Enhancing Governance Capacity to Ensure a Long-Term Water Supply: The Case of Windhoek, Namibia",10.3390/su14042387,https://doi.org/10.3390/su14042387,https://www.scopus.com/pages/publications/85125038972?origin=resultslist,status wrong_file_retrieved,R168B474EA513__<short title>.pdf
9,never assessed: no full text could be retrieved; full-text screening closed by researcher decision 2026-09-28,,R18840989A24B,2022,"Fanaian, Safa","Too Much, Too Little, Too Dirty : the Evolution of Water Risks and Governance in Guwahati, India",,,https://www.proquest.com/docview/2861162874?accountid=13598&bdid=165485&_bd=GkuJLMh9gLFgDAzU839UJrq1JBw%3D,status not_retrievable,R18840989A24B__<short title>.pdf
9,never assessed: no full text could be retrieved; full-text screening closed by researcher decision 2026-09-28,,R1F5EAC3B64C3,2022,"Jambadu, L; Monstadt, J; Schramm, S",Understanding Repair and Maintenance in Networked Water Supply in Accra and Dar es Salaam,,,https://www.webofscience.com/wos/woscc/full-record/WOS:000809794700008,status not_retrievable,R1F5EAC3B64C3__<short title>.pdf
9,never assessed: no full text could be retrieved; full-text screening closed by researcher decision 2026-09-28,,R266C31733ECD,2022,Nyanyofio J.G.T.; Domfeh K.A.; Buabeng T.; Maloreh-Nyamekye T.; Appiah-Agyekum N.N.,Governance and effectiveness of public–private partnership in Ghana's rural-water sector,10.1108/IJPSM-05-2021-0129,https://doi.org/10.1108/IJPSM-05-2021-0129,https://www.scopus.com/pages/publications/85136517150?origin=resultslist,status not_retrievable,R266C31733ECD__<short title>.pdf
9,never assessed: no full text could be retrieved; full-text screening closed by researcher decision 2026-09-28,,R26D83A716F0D,2022,Guimarães R.N.; Moreira V.R.; Cruz J.R.A.; Saliba A.P.M.; Amaral M.C.S.,History of tailings dam failure: Impacts on access to safe water and influence on the legislative framework,10.1016/j.scitotenv.2022.158536,https://doi.org/10.1016/j.scitotenv.2022.158536,https://www.scopus.com/pages/publications/85137265121?origin=resultslist,status not_retrievable,R26D83A716F0D__<short title>.pdf
9,never assessed: no full text could be retrieved; full-text screening closed by researcher decision 2026-09-28,,R29A4CD6FD367,2022,"Onda, Kyle",Essays on Measuring Urbanization and Infrastructure Service Levels,,,https://www.proquest.com/docview/2759009024?accountid=13598&bdid=165485&_bd=4aSMLpNN8vNmAwQiSE6to8D3Lb0%3D,status not_retrievable,R29A4CD6FD367__<short title>.pdf
9,never assessed: no full text could be retrieved; full-text screening closed by researcher decision 2026-09-28,,R2B8D2F8F5CD6,2022,O’Hare B.; Hall S.G.,The Impact of Government Revenue on the Achievement of the Sustainable Development Goals and the Amplification Potential of Good Governance,,,https://www.scopus.com/pages/publications/85129949944?origin=resultslist,status not_retrievable,R2B8D2F8F5CD6__<short title>.pdf
9,never assessed: no full text could be retrieved; full-text screening closed by researcher decision 2026-09-28,,R2C581DBE11FC,2022,Deekshit P.; Sumbre S.,AFTER THE RIGHT TO WATER: Rethinking the State and Justice in Mumbai,10.1111/1468-2427.13095,https://doi.org/10.1111/1468-2427.13095,https://www.scopus.com/pages/publications/85137003055?origin=resultslist,status not_retrievable,R2C581DBE11FC__<short title>.pdf
9,never assessed: no full text could be retrieved; full-text screening closed by researcher decision 2026-09-28,,R2FD78ECD7A87,2022,Dey A.; Islam S.T.; Paul B.; Bandyopadhyay S.; Sengupta P.; Sanyal N.; Mondal K.P.; Jubaer A.; Mitra R.,"Waterlogging mitigation and safe water supply: lessons learnt from low-lying areas of Basirhat municipality, India",10.1108/IJDRBE-08-2021-0106,https://doi.org/10.1108/IJDRBE-08-2021-0106,https://www.scopus.com/pages/publications/85129151053?origin=resultslist,status not_retrievable,R2FD78ECD7A87__<short title>.pdf
9,never assessed: no full text could be retrieved; full-text screening closed by researcher decision 2026-09-28,,R32BC904B0B46,2022,"Debrah, E; Owusu-Mensah, I",Decentralization and development in Ghana's Fourth Republic,10.1111/polp.12501,https://doi.org/10.1111/polp.12501,https://www.webofscience.com/wos/woscc/full-record/WOS:000882429000001,status not_retrievable,R32BC904B0B46__<short title>.pdf
9,never assessed: no full text could be retrieved; full-text screening closed by researcher decision 2026-09-28,,R33BE18F9D40F,2022,"Cord, Caleb Ryan",Breaking the Breakdown Norm: Analyzing Contextual and Operational Drivers of Maintenance Provision for Rural Water Infrastructure in Uganda,,,https://www.proquest.com/docview/2667826283?accountid=13598&bdid=165485&_bd=zKA%2FgDUnAJjTortWZntIVjsoFQ0%3D,status not_retrievable,R33BE18F9D40F__<short title>.pdf
9,never assessed: no full text could be retrieved; full-text screening closed by researcher decision 2026-09-28,,R34F67D862D3B,2022,Moody H.; Easley L.E.; Sissen M.,Water Shutoffs During COVID-19 and Black Lives: Case Study Detroit,10.1089/env.2020.0064,https://doi.org/10.1089/env.2020.0064,https://www.scopus.com/pages/publications/85126071451?origin=resultslist,status not_retrievable,R34F67D862D3B__<short title>.pdf
9,never assessed: no full text could be retrieved; full-text screening closed by researcher decision 2026-09-28,,R3910B0D419CF,2022,Nyongesa K.W.,"Community Water Projects Sustainability for Climate Change Resilience and Adaptation in Suam Catchment Area of West Pokot County, Kenya",10.1007/978-3-031-23116-2_3,https://doi.org/10.1007/978-3-031-23116-2_3,https://www.scopus.com/pages/publications/85151049911?origin=resultslist,status not_retrievable,R3910B0D419CF__<short title>.pdf
9,never assessed: no full text could be retrieved; full-text screening closed by researcher decision 2026-09-28,,R3C9BD0E0108D,2022,"Khan, Rasheda Rawnak","Domination, Bargaining, or Control over Their Lives: Inclusion of the Urban Poor in Dhaka, Bangladesh",,,https://www.proquest.com/docview/2624656938?accountid=13598&bdid=165485&_bd=S7htgZ%2BXzO25kdPzqQcsS6q9K1g%3D,status not_retrievable,R3C9BD0E0108D__<short title>.pdf
9,never assessed: no full text could be retrieved; full-text screening closed by researcher decision 2026-09-28,,R4329413D7FE2,2022,"Manana, Mary Nyanjuki Gichuk","Developing a Place-Centred Approach to Sustainable Development Solutions for Namatala Slum, Mbale Municipality, Uganda",,,https://www.proquest.com/docview/2778643335?accountid=13598&bdid=165485&_bd=2ZurNe0BOw9czFjVmS1sp1Ray7s%3D,status not_retrievable,R4329413D7FE2__<short title>.pdf
9,never assessed: no full text could be retrieved; full-text screening closed by researcher decision 2026-09-28,,R433871963AD6,2022,"Samhokore, Ambrose",Coping Strategies and Health Implications of the Urban Poor in the Face of Limited Water and Sanitation Services: The Case of Caledonia in Harare Zimbabwe,,,https://www.proquest.com/docview/3224570062?accountid=13598&bdid=165485&_bd=1aaJr6acWlNkPYvU0qpvPJsPl90%3D,status not_retrievable,R433871963AD6__<short title>.pdf
9,never assessed: no full text could be retrieved; full-text screening closed by researcher decision 2026-09-28,,R43B059E52C49,2022,"Spink, Elizabeth",Essays on Water Utility Quality and Access,,,https://www.proquest.com/docview/2680998013?accountid=13598&bdid=165485&_bd=63EbkTb5ttN1NcrfzT6Wjc%2BiTP0%3D,status not_retrievable,R43B059E52C49__<short title>.pdf
9,never assessed: no full text could be retrieved; full-text screening closed by researcher decision 2026-09-28,,R464E25B43823,2022,"Maiyanga, Emmanuel Ilebaye",Household Water Practices in a Rapidly Urbanising City : Implications for the Future of Potable Water in African Lower-Middle Income Countries,,,https://www.proquest.com/docview/2761055982?accountid=13598&bdid=165485&_bd=QBRPHbNRXjtjMc3LxLyQxpb7Qe0%3D,status not_retrievable,R464E25B43823__<short title>.pdf
9,never assessed: no full text could be retrieved; full-text screening closed by researcher decision 2026-09-28,,R48483CC67027,2022,"Lindmark, Megan","Sensors, Circuit Riders, and Community-Managed Passive In-Line Chlorinators: Evidence for Improved Access to Safely Managed Drinking Water in Rural Central America",,,https://www.proquest.com/docview/2774117891?accountid=13598&bdid=165485&_bd=2ip5suFBJ%2FPn31BcCv9aVxLBiBw%3D,status not_retrievable,R48483CC67027__<short title>.pdf
9,never assessed: no full text could be retrieved; full-text screening closed by researcher decision 2026-09-28,,R4B45E853A064,2022,Lukat E.; Pahl-Wostl C.; Lenschow A.,Deficits in implementing integrated water resources management in South Africa: The role of institutional interplay,10.1016/j.envsci.2022.06.010,https://doi.org/10.1016/j.envsci.2022.06.010,https://www.scopus.com/pages/publications/85133281785?origin=resultslist,status not_retrievable,R4B45E853A064__<short title>.pdf
9,never assessed: no full text could be retrieved; full-text screening closed by researcher decision 2026-09-28,,R52C7515A9FCF,2022,"Vidal, Cecilia Alda","Everyday Life and Infrastructures: Situating Water and Sanitation Access Challenges in Lilongwe, Malawi",,,https://www.proquest.com/docview/2861361578?accountid=13598&bdid=165485&_bd=IHxW1og42%2FRIfX2%2BvMtvOdwKrrg%3D,status not_retrievable,R52C7515A9FCF__<short title>.pdf
9,never assessed: no full text could be retrieved; full-text screening closed by researcher decision 2026-09-28,,R5CBC8D5ADFDD,2022,"Gärtner, Nadine",Advancing the Implementation of Protective Measures for Drinking Water Sources in Sweden,,,https://www.proquest.com/docview/2786896628?accountid=13598&bdid=165485&_bd=yaak99TWhiqaF%2BELl6DDe1SCYG4%3D,status not_retrievable,R5CBC8D5ADFDD__<short title>.pdf
9,never assessed: no full text could be retrieved; full-text screening closed by researcher decision 2026-09-28,,R5E904D875455,2022,"Adéníran, Adégbóyèga Benedict","New Pipes, Old Ways: Water Infrastructure Failure, Power, and the State in Nigeria",,,https://www.proquest.com/docview/2787193841?accountid=13598&bdid=165485&_bd=EymVYh8ryHwMTPZTv5D6hYTfDqM%3D,status not_retrievable,R5E904D875455__<short title>.pdf
9,never assessed: no full text could be retrieved; full-text screening closed by researcher decision 2026-09-28,,R6591D0EDB6DC,2022,"Qawasmeh, Feras Ali Hasan","Infrastructure Policy Making at the Local Government of the West Bank, Palestine: Case Study of the Water Sector",,,https://www.proquest.com/docview/3169104213?accountid=13598&bdid=165485&_bd=plEFz87eeGg8zkks%2FoXfMZWyx%2BE%3D,status not_retrievable,R6591D0EDB6DC__<short title>.pdf
9,never assessed: no full text could be retrieved; full-text screening closed by researcher decision 2026-09-28,,R681CE8101972,2022,Rachman C.B.; Olivera L.; Qomariyah Y.,Readiness of Solomon Islands in Meeting the Sustainable Development Goals (SDGs) in Water and Sanitation,10.1007/978-3-030-94020-1_10,https://doi.org/10.1007/978-3-030-94020-1_10,https://www.scopus.com/pages/publications/85195131795?origin=resultslist,status not_retrievable,R681CE8101972__<short title>.pdf
9,never assessed: no full text could be retrieved; full-text screening closed by researcher decision 2026-09-28,,R69151C02A363,2022,Rodríguez C.; García B.; Pinto C.; Sánchez R.; Serrano J.; Leiva E.,"Water Context in Latin America and the Caribbean: Distribution, Regulations and Prospects for Water Reuse and Reclamation",10.3390/w14213589,https://doi.org/10.3390/w14213589,https://www.scopus.com/pages/publications/85141832857?origin=resultslist,status wrong_file_retrieved,R69151C02A363__<short title>.pdf
9,never assessed: no full text could be retrieved; full-text screening closed by researcher decision 2026-09-28,,R724B4C3FA211,2022,Kotoku G.; Kumasi T.C.,Rethinking the sustainability of rural water delivery under the community ownership and management model,10.1007/s40899-022-00751-9,https://doi.org/10.1007/s40899-022-00751-9,https://www.scopus.com/pages/publications/85137787980?origin=resultslist,status not_retrievable,R724B4C3FA211__<short title>.pdf
9,never assessed: no full text could be retrieved; full-text screening closed by researcher decision 2026-09-28,,R768FC158FA5B,2022,Love M.W.; Beal C.; Gonzalez D.; Hagabore J.; Benjamin C.; Bugoro H.; Panda N.; O'oi J.; Offer C.; Souter R.,Challenges and opportunities with social inclusion and community-based water management in Solomon Islands,10.1111/dpr.12597,https://doi.org/10.1111/dpr.12597,https://www.scopus.com/pages/publications/85124738511?origin=resultslist,status not_retrievable,R768FC158FA5B__<short title>.pdf
9,never assessed: no full text could be retrieved; full-text screening closed by researcher decision 2026-09-28,,R7D2995B3A67A,2022,"de Lima, RS; Marotti, ACB; Santiago, CD; Pugliesi, E; Moschini, LE",Access and quality of provision of sanitation services in a coastal city of the state of S?o Paulo: study of a neighborhood's perception in the city of Guaruj?,10.5585/geas.v1i1.20281,https://doi.org/10.5585/geas.v1i1.20281,https://www.webofscience.com/wos/woscc/full-record/WOS:000928197900001,status not_retrievable,R7D2995B3A67A__<short title>.pdf
9,never assessed: no full text could be retrieved; full-text screening closed by researcher decision 2026-09-28,,R8C653108D847,2022,"Soares, D","Territory, gender and rights: water and sanitation in debate",10.18504/pl3059-013-2022,https://doi.org/10.18504/pl3059-013-2022,https://www.webofscience.com/wos/woscc/full-record/WOS:000737219200012,status not_retrievable,R8C653108D847__<short title>.pdf
9,never assessed: no full text could be retrieved; full-text screening closed by researcher decision 2026-09-28,,R8DCCF115451D,2022,"McGahey, Andrea",Localising SDG11 and Focusing on Sustainable Service Delivery Practices: A Case Study of eThekwini Metropolitan Municipality,,,https://www.proquest.com/docview/3152298895?accountid=13598&bdid=165485&_bd=nQtX8QL2kg5YefwjXpGeS72kydo%3D,status not_retrievable,R8DCCF115451D__<short title>.pdf
9,never assessed: no full text could be retrieved; full-text screening closed by researcher decision 2026-09-28,,R909EC228A5A0,2022,Phea S.; Kazama S.; Takizawa S.,Performance Assessment for Increasing Connection Rates of Private Water Supply Operators in Cambodia,10.3390/w14152369,https://doi.org/10.3390/w14152369,https://www.scopus.com/pages/publications/85136950210?origin=resultslist,status wrong_file_retrieved,R909EC228A5A0__<short title>.pdf
9,never assessed: no full text could be retrieved; full-text screening closed by researcher decision 2026-09-28,,R922FAF988B94,2022,Neves Alves S.,Water Infrastructure in a small west African city: Situating sharing and volunteering in the making of urban infrastructures,10.1016/j.geoforum.2022.04.009,https://doi.org/10.1016/j.geoforum.2022.04.009,https://www.scopus.com/pages/publications/85130372328?origin=resultslist,status not_retrievable,R922FAF988B94__<short title>.pdf
9,never assessed: no full text could be retrieved; full-text screening closed by researcher decision 2026-09-28,,R93C610A0FADB,2022,García-Searcy V.; Villada-Canela M.; Arredondo-García M.C.; Anglés-Hernández M.; Pelayo-Torres M.C.; Daesslé L.W.,Sanitation in Mexico: An Overview of Its Realization as a Human Right,10.3390/su14052707,https://doi.org/10.3390/su14052707,https://www.scopus.com/pages/publications/85125818432?origin=resultslist,status wrong_file_retrieved,R93C610A0FADB__<short title>.pdf
9,never assessed: no full text could be retrieved; full-text screening closed by researcher decision 2026-09-28,,R9574CF1015C3,2022,"Ngunjiri, Irene Wanjiru","Water Governance in Urban Informal Settlements: An Infrastructure Lens Perspective on Mukuru, Nairobi and Kya Sands, Johannesburg",,,https://www.proquest.com/docview/3161873938?accountid=13598&bdid=165485&_bd=mExBFZQSa%2FXT5hALhhDOHQ86DoI%3D,status not_retrievable,R9574CF1015C3__<short title>.pdf
9,never assessed: no full text could be retrieved; full-text screening closed by researcher decision 2026-09-28,,R9A4CB3FBB052,2022,"Hernández, José Antonio Clara","Capacidades Institucionales de Organismos Locales Reguladores de Servicios Públicos Concesionados, el Caso del Sistema Operador de Los Servicios de Agua Potable y Alcantarillado del Municipio de Puebl",,,https://www.proquest.com/docview/2778643474?accountid=13598&bdid=165485&_bd=v1pDBSboDYqnubGwndoM6fOdVHI%3D,status not_retrievable,R9A4CB3FBB052__<short title>.pdf
9,never assessed: no full text could be retrieved; full-text screening closed by researcher decision 2026-09-28,,R9AB7DE304D07,2022,Adams E.A.; Vásquez W.F.,"INSTITUTIONAL, ECONOMIC, AND SPATIAL BARRIERS TO WATER SERVICES DELIVERY IN URBAN SLUMS AND INFORMAL SETTLEMENTS",10.4324/9781003057574-19,https://doi.org/10.4324/9781003057574-19,https://www.scopus.com/pages/publications/85142005598?origin=resultslist,status not_retrievable,R9AB7DE304D07__<short title>.pdf
9,never assessed: no full text could be retrieved; full-text screening closed by researcher decision 2026-09-28,,R9DF9434E2D9D,2022,"Lamberte, Albert E.",Economic Analyses of Policies for Household Water Services in Metro Manila,,,https://www.proquest.com/docview/2723853756?accountid=13598&bdid=165485&_bd=MFIbIsTqdq5dbnkVpdmNdCnoClQ%3D,status not_retrievable,R9DF9434E2D9D__<short title>.pdf
9,never assessed: no full text could be retrieved; full-text screening closed by researcher decision 2026-09-28,,R9F989C5DDCD0,2022,"Dame, Juliane; Müller, Judith; Schmidt, Susanne; Nüsser, Marcus","Urbanisierung, Klimawandel und Wasser-Governance im Transhimalaya",,,https://www.proquest.com/docview/2647308520?accountid=13598&bdid=165485&_bd=gEGuV84G0aPe41VDyXJOHUiQ%2BhY%3D,status not_retrievable,R9F989C5DDCD0__<short title>.pdf
9,never assessed: no full text could be retrieved; full-text screening closed by researcher decision 2026-09-28,,RA96DECD2A263,2022,"Tremblay, Crystal; Harris, Leila M",Water governance in two urban African contexts: agency and action through participatory video,10.14324/RFA.06.1.04,https://doi.org/10.14324/RFA.06.1.04,https://www.proquest.com/docview/3259005747?accountid=13598&bdid=165485&_bd=Shsfmu3gpqsjdigMS1DKTWAi7VU%3D,status not_retrievable,RA96DECD2A263__<short title>.pdf
9,never assessed: no full text could be retrieved; full-text screening closed by researcher decision 2026-09-28,,RAAB52065C503,2022,"Widjayanti, Galuh Sekar",Peran Pemerintah Daerah Dalam Penyusunan Rancangan Peraturan Daerah di Kabupaten Jepara (Studi Kasus Terhadap Ranperda Perusahaan Umum Daerah Air Minum),,,https://www.proquest.com/docview/2787193010?accountid=13598&bdid=165485&_bd=VmwF8wFeysW2Sn2vllra9C5tdLw%3D,status not_retrievable,RAAB52065C503__<short title>.pdf
9,never assessed: no full text could be retrieved; full-text screening closed by researcher decision 2026-09-28,,RABA719A05C20,2022,"van Reenen, Wihann",Considerations for the Safe Removal of Greywater from South African Informal Settlement,,,https://www.proquest.com/docview/3132878478?accountid=13598&bdid=165485&_bd=TKc8RbZKqMM8QAPWfegWEYikdlg%3D,status not_retrievable,RABA719A05C20__<short title>.pdf
9,never assessed: no full text could be retrieved; full-text screening closed by researcher decision 2026-09-28,,RB984917945E7,2022,"Griffin, Judson Douglas",An Inquiry Into North Carolina's Water Affordability Crisis,,,https://www.proquest.com/docview/2725276508?accountid=13598&bdid=165485&_bd=B5tspjB4qW8J8JfvjXgz8N8qPyA%3D,status not_retrievable,RB984917945E7__<short title>.pdf
9,never assessed: no full text could be retrieved; full-text screening closed by researcher decision 2026-09-28,,RBC82A4BC7CA1,2022,Dinesh Kumar M.; Bassi N.; Kumar S.,Rural Domestic Water Supply in India: Progress and Issues,10.1007/978-981-16-9198-0_1,https://doi.org/10.1007/978-981-16-9198-0_1,https://www.scopus.com/pages/publications/85124563806?origin=resultslist,status not_retrievable,RBC82A4BC7CA1__<short title>.pdf
9,never assessed: no full text could be retrieved; full-text screening closed by researcher decision 2026-09-28,,RBE444DC1D837,2022,Wagle P.,"Securing human right to water of slum-dwellers in Mumbai, India: Achievements, limitations, and institutional appropriation",10.1016/j.geoforum.2022.03.016,https://doi.org/10.1016/j.geoforum.2022.03.016,https://www.scopus.com/pages/publications/85127478447?origin=resultslist,status not_retrievable,RBE444DC1D837__<short title>.pdf
9,never assessed: no full text could be retrieved; full-text screening closed by researcher decision 2026-09-28,,RC18E0E45916F,2022,Scandizzo P.L.; Abbasov R.,Do people appreciate economic value of water in Baku City of Azerbaijan?,10.1007/978-981-16-7128-9_9,https://doi.org/10.1007/978-981-16-7128-9_9,https://www.scopus.com/pages/publications/85152382824?origin=resultslist,status not_retrievable,RC18E0E45916F__<short title>.pdf
9,never assessed: no full text could be retrieved; full-text screening closed by researcher decision 2026-09-28,,RC8C0F79BE662,2022,"Debela, BK","Inter-Organizational Bench-Learning to Respond to Climate Change and Reduce Trade-Offs in Urban Drinking Water Supply: The Case of Grade 2B Municipalities in Oromia National Regional State, Ethiopia",10.1177/21582440221123926,https://doi.org/10.1177/21582440221123926,https://www.webofscience.com/wos/woscc/full-record/WOS:000859812500001,status not_retrievable,RC8C0F79BE662__<short title>.pdf
9,never assessed: no full text could be retrieved; full-text screening closed by researcher decision 2026-09-28,,RD08AB246F841,2022,Chumo I.; Kabaria C.; Muindi K.; Elsey H.; Phillips-Howard P.A.; Mberu B.,Informal social accountability mechanisms for water sanitation and hygiene (WASH) in childcare centres in Nairobi City County's informal settlements,10.1016/j.ugj.2022.07.001,https://doi.org/10.1016/j.ugj.2022.07.001,https://www.scopus.com/pages/publications/85140070303?origin=resultslist,status wrong_file_retrieved,RD08AB246F841__<short title>.pdf
9,never assessed: no full text could be retrieved; full-text screening closed by researcher decision 2026-09-28,,RD194E0B10486,2022,Taussi Ally Nyambitta; Mohamed Habibu Mohamed,The Effects of Stakeholder’s Involvement on Performance of Public Authorities in Delivering Water Services in Tanzania: Lesson from Dawasa,,,https://www.proquest.com/docview/2754825482?accountid=13598&bdid=165485&_bd=AGI1oOIaZvAaKgxO2ki3hFd8X2E%3D,status not_retrievable,RD194E0B10486__<short title>.pdf
9,never assessed: no full text could be retrieved; full-text screening closed by researcher decision 2026-09-28,,RD841349D5ED3,2022,Borja-Vega C.; Grabinsky J.; Kløve E.,"Introducing a Framework for Analyzing Weaknesses in Institutional Service Delivery and the Human Rights to Water and Sanitation: Case Studies from the Democratic Republic of Congo, Haiti, Mozambique, ",10.3390/w14203209,https://doi.org/10.3390/w14203209,https://www.scopus.com/pages/publications/85140903043?origin=resultslist,status wrong_file_retrieved,RD841349D5ED3__<short title>.pdf
9,never assessed: no full text could be retrieved; full-text screening closed by researcher decision 2026-09-28,,RDAFAF7660BB0,2022,"Kumar, T; Post, AE; Ray, I; Otsuka, M; Pardo-Bosch, F",From public service access to service quality: The distributive politics of piped water in Bangalore,10.1016/j.worlddev.2021.105736,https://doi.org/10.1016/j.worlddev.2021.105736,https://www.webofscience.com/wos/woscc/full-record/WOS:000744226900001,status not_retrievable,RDAFAF7660BB0__<short title>.pdf
9,never assessed: no full text could be retrieved; full-text screening closed by researcher decision 2026-09-28,,RDC7EE1CA8624,2022,"Sibanda, Wishes","Exploring the Challenges and Solutions of Ageing Potable Water Infrastructure in Gwanda Town, Matabeleland South, Zimbabwe",,,https://www.proquest.com/docview/3224596757?accountid=13598&bdid=165485&_bd=azctofAWBcygMfEr52FcknVDuOs%3D,status not_retrievable,RDC7EE1CA8624__<short title>.pdf
9,never assessed: no full text could be retrieved; full-text screening closed by researcher decision 2026-09-28,,RDC81C21BAB76,2022,Zimbalist Z.,How electoral competition shapes local public goods provision in South Africa,10.1080/13510347.2021.1952991,https://doi.org/10.1080/13510347.2021.1952991,https://www.scopus.com/pages/publications/85117287398?origin=resultslist,status not_retrievable,RDC81C21BAB76__<short title>.pdf
9,never assessed: no full text could be retrieved; full-text screening closed by researcher decision 2026-09-28,,RE99696ED8BA5,2022,"Libey, Anna Kathryn",The Worth of Water: Evaluating Interventions to Achieve Financially and Operationally Sustainable Urban and Rural Water Systems in Low-Income Settings,,,https://www.proquest.com/docview/2672763826?accountid=13598&bdid=165485&_bd=KaGTbRf2AAZAqcFdQ1qrG%2Bl1y7k%3D,status not_retrievable,RE99696ED8BA5__<short title>.pdf
9,never assessed: no full text could be retrieved; full-text screening closed by researcher decision 2026-09-28,,REB2395E0B0A7,2022,"Cord, C; Javernick-Will, A; Buhungiro, E; Harvey, A; Jordan, E; Lockwood, H; Linden, K",Pathways to consumer demand and payment for professional rural water infrastructure maintenance across low-income contexts,10.1016/j.scitotenv.2021.152906,https://doi.org/10.1016/j.scitotenv.2021.152906,https://www.webofscience.com/wos/woscc/full-record/WOS:000743167500004,status not_retrievable,REB2395E0B0A7__<short title>.pdf
9,never assessed: no full text could be retrieved; full-text screening closed by researcher decision 2026-09-28,,REDA17DAD57D1,2022,"Martínez-Mendoza, A; Mendoza-Nuñez, A",SOCIAL PERCEPTION OF THE DRINKING WATER SERVICE IN MEXICO. AN ANALYSIS OF THE INSTITUTIONAL DESIGN OF A MUNICIPAL OPERATING AGENCY,,,https://www.webofscience.com/wos/woscc/full-record/WOS:000989982000025,status not_retrievable,REDA17DAD57D1__<short title>.pdf
9,never assessed: no full text could be retrieved; full-text screening closed by researcher decision 2026-09-28,,RF1559F058533,2022,"Mashabela, K; Dube, T; Mollel, MHN; Letsoalo, JM; Radingoana, MP","Assessing accessibility and availability of portable water supply in selected communities of Lepelle-Nkumpi local municipality, Limpopo province of South Africa",10.1016/j.pce.2022.103181,https://doi.org/10.1016/j.pce.2022.103181,https://www.webofscience.com/wos/woscc/full-record/WOS:000811869000003,status not_retrievable,RF1559F058533__<short title>.pdf
9,never assessed: no full text could be retrieved; full-text screening closed by researcher decision 2026-09-28,,RF18512D78495,2022,"Cruxên, Isadora Araujo",Disordering Capital: The Politics of Business in the Business of Water Provision,,,https://www.proquest.com/docview/2784051873?accountid=13598&bdid=165485&_bd=iQfiRNwD4nubHo%2Fe6KjR1UPnFds%3D,status not_retrievable,RF18512D78495__<short title>.pdf
9,never assessed: no full text could be retrieved; full-text screening closed by researcher decision 2026-09-28,,RF4D1C04A810D,2022,"Mushongera, Darlington",Who Governs Johannesburg Water?: An Actor-Network Reading of Water Services Governance in the City of Johannesburg (2000-2018),,,https://www.proquest.com/docview/3161872283?accountid=13598&bdid=165485&_bd=6mu4plcTMN6BCOwBEmfZNA1D%2BEE%3D,status not_retrievable,RF4D1C04A810D__<short title>.pdf
9,never assessed: no full text could be retrieved; full-text screening closed by researcher decision 2026-09-28,,RF5D03D33F705,2022,"Hosea, Olayiwola Patrick","A Systematic Review of Climate Change, Water Security, and Conflict Potentials in Kwazulu-Natal Province, South Africa",10.31920/2516-5305/2022/19n1a6,https://doi.org/10.31920/2516-5305/2022/19n1a6,https://www.proquest.com/docview/2652556392?accountid=13598&bdid=165485&_bd=umYkvRRyuDfnU1w%2F7ogZyZHRKLY%3D,status not_retrievable,RF5D03D33F705__<short title>.pdf
9,never assessed: no full text could be retrieved; full-text screening closed by researcher decision 2026-09-28,,RF6B522F1675F,2022,O’Donnell E.; Jackson S.; Langton M.; Godden L.,"Racialized water governance: the ‘hydrological frontier’ in the Northern Territory, Australia",10.1080/13241583.2022.2049053,https://doi.org/10.1080/13241583.2022.2049053,https://www.scopus.com/pages/publications/85126656584?origin=resultslist,status not_retrievable,RF6B522F1675F__<short title>.pdf
9,never assessed: no full text could be retrieved; full-text screening closed by researcher decision 2026-09-28,,RFE91C1FF6673,2022,"Filipe, Bruna Alexandra Rodrigues",Análise da cobertura de saneamento – caso de estudo: Concelho de Sintra,,,https://www.proquest.com/docview/3085102649?accountid=13598&bdid=165485&_bd=Xm%2BQ9JCHCe6avfxod%2BwNFTTdgqE%3D,status not_retrievable,RFE91C1FF6673__<short title>.pdf
9,never assessed: no full text could be retrieved; full-text screening closed by researcher decision 2026-09-28,,RFF5921638726,2022,"Armstrong, Andrew",Revenue Patterns of Piped Water Services in Rural Africa,,,https://www.proquest.com/docview/2833765815?accountid=13598&bdid=165485&_bd=JejHXSE9LOZlZAZn9Vh5CTHtptk%3D,status not_retrievable,RFF5921638726__<short title>.pdf
9,never assessed: no full text could be retrieved; full-text screening closed by researcher decision 2026-09-28,,R05D1DB0905E0,2023,Heil M.,"The politics of owing: Accounting, water disconnection, and austerity urbanism in Detroit",10.1177/23996544221141626,https://doi.org/10.1177/23996544221141626,https://www.scopus.com/pages/publications/85144178201?origin=resultslist,status not_retrievable,R05D1DB0905E0__<short title>.pdf
9,never assessed: no full text could be retrieved; full-text screening closed by researcher decision 2026-09-28,,R0A6B926D1F15,2023,Demartoto A.; Zunariyah S.; Pujihartati S.H.,The optimization of public toilet maintenance in Covid-19 pandemic era,10.1063/5.0144912,https://doi.org/10.1063/5.0144912,https://www.scopus.com/pages/publications/85160829557?origin=resultslist,status not_retrievable,R0A6B926D1F15__<short title>.pdf
9,never assessed: no full text could be retrieved; full-text screening closed by researcher decision 2026-09-28,,R0AD017809DBB,2023,"Mamokhere, John; Kgobe, France Khutso Lavhelani","One District, One Approach, One Budget, One Plan: Understanding District Development Model as an Initiative for Improving Service Delivery and Socio-economic Development in South Africa",,,https://www.proquest.com/docview/2878458267?accountid=13598&bdid=165485&_bd=WEeRfyC2C9dViS%2B%2FcgamApzJhA8%3D,status wrong_file_retrieved,R0AD017809DBB__<short title>.pdf
9,never assessed: no full text could be retrieved; full-text screening closed by researcher decision 2026-09-28,,R108940A0C546,2023,"Paudel, J",Challenges in water and sanitation services: Do natural disasters make matters worse?,10.1111/rode.13012,https://doi.org/10.1111/rode.13012,https://www.webofscience.com/wos/woscc/full-record/WOS:000995323200001,status wrong_file_retrieved,R108940A0C546__<short title>.pdf
9,never assessed: no full text could be retrieved; full-text screening closed by researcher decision 2026-09-28,,R1691BCE2C5CD,2023,"Falcone, Matthew S.","Evaluation of an Urban Water Kiosk Pilot Program in Freetown, Sierra Leone on the Bases of Functionality, Effectiveness, and Replicability",,,https://www.proquest.com/docview/2860487307?accountid=13598&bdid=165485&_bd=5W1WoyfMiVPHsQdBKjCAElZqvpU%3D,status not_retrievable,R1691BCE2C5CD__<short title>.pdf
9,never assessed: no full text could be retrieved; full-text screening closed by researcher decision 2026-09-28,,R198209A1D839,2023,"McKinney, Matthew; Weiner, Jay; Vigil, Daryl",First in Time: The Place of Tribes in Governing the Colorado River System,,,https://www.proquest.com/docview/2865573043?accountid=13598&bdid=165485&_bd=%2F0xGJpelo8I6In8iLjgZzkpWkUk%3D,status wrong_file_retrieved,R198209A1D839__<short title>.pdf
9,never assessed: no full text could be retrieved; full-text screening closed by researcher decision 2026-09-28,,R1AA1C8DA926F,2023,Sudarsan J.S.; Ghosh P.; Rajan R.J.,"Water challenges in rural-urban fringe villages: A case of Potheri village near Chennai, Tamil Nadu",10.1016/B978-0-443-18778-0.00023-4,https://doi.org/10.1016/B978-0-443-18778-0.00023-4,https://www.scopus.com/pages/publications/85176857870?origin=resultslist,status not_retrievable,R1AA1C8DA926F__<short title>.pdf
9,never assessed: no full text could be retrieved; full-text screening closed by researcher decision 2026-09-28,,R1D096BB71916,2023,"Dobbin, KB; Mcbride, J; Pierce, G",Panacea or Placebo? The Diverse Pathways and Implications of Drinking Water System Consolidation,10.1029/2023WR035179,https://doi.org/10.1029/2023WR035179,https://www.webofscience.com/wos/woscc/full-record/WOS:001122305400001,status wrong_file_retrieved,R1D096BB71916__<short title>.pdf
9,never assessed: no full text could be retrieved; full-text screening closed by researcher decision 2026-09-28,,R20E132C954C2,2023,Nhaurire A.F.; Wells-Brown T.; Capurchande R.,"Water committees in the implementation of decentralization measures in the water sector in Gaza Province, Mozambique: ownership and resistance",10.2166/aqua.2023.059,https://doi.org/10.2166/aqua.2023.059,https://www.scopus.com/pages/publications/85179556857?origin=resultslist,status not_retrievable,R20E132C954C2__<short title>.pdf
9,never assessed: no full text could be retrieved; full-text screening closed by researcher decision 2026-09-28,,R257F6C3344C9,2023,"Mukarram, MMT; Abdulla-Al Kafy; Mukarram, MMT; Rukiya, QU; Almulhim, AI; Das, A; Fattah, MA; Rahman, MT; Chowdhury, MA",Perception of coastal citizens on the prospect of community-based rainwater harvesting system for sustainable water resource management,10.1016/j.resconrec.2023.107196,https://doi.org/10.1016/j.resconrec.2023.107196,https://www.webofscience.com/wos/woscc/full-record/WOS:001072940600001,status wrong_file_retrieved,R257F6C3344C9__<short title>.pdf
9,never assessed: no full text could be retrieved; full-text screening closed by researcher decision 2026-09-28,,R26B827D73178,2023,Sharmin M.; Murtaza G.; Islam R.,ROLES OF PUBLIC FINANCING TO ADDRESS URBAN FAECAL SLUDGE MANAGEMENT (FSM) SERVICES IN BANGLADESH: A STUDY OF DHAKA AND FARIDPUR CITIES,10.5276/jswtm/iswmaw/492/2023.152,https://doi.org/10.5276/jswtm/iswmaw/492/2023.152,https://www.scopus.com/pages/publications/85170649999?origin=resultslist,status not_retrievable,R26B827D73178__<short title>.pdf
9,never assessed: no full text could be retrieved; full-text screening closed by researcher decision 2026-09-28,,R29589338AB01,2023,"Aseza, Pongco",An Analysis of Financial Administration of Municipal Infrastructure Grant in or Tambo District Municipality With Reference to Water and Sanitation,,,https://www.proquest.com/docview/3224596688?accountid=13598&bdid=165485&_bd=%2FE44jkZt%2FOuoT%2BOnKkVccqVAFBc%3D,status not_retrievable,R29589338AB01__<short title>.pdf
9,never assessed: no full text could be retrieved; full-text screening closed by researcher decision 2026-09-28,,R2A9AE8845B0B,2023,"Kouame, Cristelle Alexandra A.",Three Essays on Education Outcomes and Institutions,,,https://www.proquest.com/docview/2815168056?accountid=13598&bdid=165485&_bd=0FDDuX2G8vT77J2qNFWMnp3bzrY%3D,status wrong_file_retrieved,R2A9AE8845B0B__<short title>.pdf
9,never assessed: no full text could be retrieved; full-text screening closed by researcher decision 2026-09-28,,R341B600F1AA0,2023,"Muhammad Nazrin Harith Bin Mohd Mahyudin; Kamaruddin, Hanim; Hassan, Muhamad Sayuti",The Legislative and Governance Framework of Wastewater in Malaysia,10.35609/jber.2023.8.3(1),https://doi.org/10.35609/jber.2023.8.3(1),https://www.proquest.com/docview/3340970059?accountid=13598&bdid=165485&_bd=1Z7L%2BbJ%2BYpHUWwRT1pWiv%2F8gP50%3D,status not_retrievable,R341B600F1AA0__<short title>.pdf
9,never assessed: no full text could be retrieved; full-text screening closed by researcher decision 2026-09-28,,R36560DA3DD11,2023,Pokhrel S.R.; Chhipi-Shrestha G.; Mian H.; Hewage K.; Sadiq R.,Development of Performance Index for Small and Medium-Sized Drinking Water Systems,10.1007/978-3-031-34593-7_78,https://doi.org/10.1007/978-3-031-34593-7_78,https://www.scopus.com/pages/publications/85172016123?origin=resultslist,status not_retrievable,R36560DA3DD11__<short title>.pdf
9,never assessed: no full text could be retrieved; full-text screening closed by researcher decision 2026-09-28,,R38E723FD9435,2023,"Adewunmi, Y; Chigbu, UE; Mwando, S; Kahireke, U",Entrepreneurship role in the co-production of public services in informal settlements-A scoping review,10.1016/j.landusepol.2022.106479,https://doi.org/10.1016/j.landusepol.2022.106479,https://www.webofscience.com/wos/woscc/full-record/WOS:000894218500003,status not_retrievable,R38E723FD9435__<short title>.pdf
9,never assessed: no full text could be retrieved; full-text screening closed by researcher decision 2026-09-28,,R4501A101EB4D,2023,Ávila N.R.A.; de Carvalho B.E.; de Moraes Cordeiro Netto O.,Water and sanitation services in Brazil: evaluating the regulatory governance based on the institutional analysis and development framework,10.2166/wp.2023.215,https://doi.org/10.2166/wp.2023.215,https://www.scopus.com/pages/publications/85168982487?origin=resultslist,status not_retrievable,R4501A101EB4D__<short title>.pdf
9,never assessed: no full text could be retrieved; full-text screening closed by researcher decision 2026-09-28,,R45CFDA2B4FDC,2023,Smith D.W.; Atwii Ongom S.; Davis J.,Does professionalizing maintenance unlock demand for more reliable water supply? Experimental evidence from rural Uganda,10.1016/j.worlddev.2022.106094,https://doi.org/10.1016/j.worlddev.2022.106094,https://www.scopus.com/pages/publications/85138506372?origin=resultslist,status not_retrievable,R45CFDA2B4FDC__<short title>.pdf
9,never assessed: no full text could be retrieved; full-text screening closed by researcher decision 2026-09-28,,R4ACB1E8307DD,2023,"Temesgen, T","Water shortage management system and challenges in water scarcity area of Haramaya watershed, Eastern Ethiopia",10.19149/wrim.v12i1-3.3143,https://doi.org/10.19149/wrim.v12i1-3.3143,https://www.webofscience.com/wos/woscc/full-record/WOS:000953797800002,status not_retrievable,R4ACB1E8307DD__<short title>.pdf
9,never assessed: no full text could be retrieved; full-text screening closed by researcher decision 2026-09-28,,R53B0A20B37BE,2023,"Sobrino, Elena","Living with Crisis: Family, Labor, and Environment in Flint, Michigan",,,https://www.proquest.com/docview/2919362377?accountid=13598&bdid=165485&_bd=%2F%2FLykMPKXpO49pzmOZm4CB9j2EY%3D,status not_retrievable,R53B0A20B37BE__<short title>.pdf
9,never assessed: no full text could be retrieved; full-text screening closed by researcher decision 2026-09-28,,R5423B2553ABE,2023,"John, Mamokhere; Nhlamulo, Mabunda",Questioning the Practice of Corruption in the Attainment of the Selected Sustainable Development Goals (SDGs) in South Africa,,,https://www.proquest.com/docview/2878451283?accountid=13598&bdid=165485&_bd=qjO%2FC00BCZ1JUh50kjSa4IEFz4g%3D,status not_retrievable,R5423B2553ABE__<short title>.pdf
9,never assessed: no full text could be retrieved; full-text screening closed by researcher decision 2026-09-28,,R54561E5AC278,2023,Tyhotyholo T.; Ncube B.,The rhetoric of community participation in urban South African water governance,10.1016/j.jup.2023.101573,https://doi.org/10.1016/j.jup.2023.101573,https://www.scopus.com/pages/publications/85156087091?origin=resultslist,status not_retrievable,R54561E5AC278__<short title>.pdf
9,never assessed: no full text could be retrieved; full-text screening closed by researcher decision 2026-09-28,,R595EA673F5EF,2023,"Zhang, Mingyuan","Burn to harvest, burn to sabotage: Between fire and water on a sugar plantation in Madagascar",10.1111/aman.13811,https://doi.org/10.1111/aman.13811,https://www.proquest.com/docview/2785665420?accountid=13598&bdid=165485&_bd=WsVVAMEr0LDEko8K%2ByhKmmk8hQc%3D,status not_retrievable,R595EA673F5EF__<short title>.pdf
9,never assessed: no full text could be retrieved; full-text screening closed by researcher decision 2026-09-28,,R5A437147DAEF,2023,Malemba E.; Masinde W.,Impact of the policy framework and institutional setup on urban water supply in Malawi: The case of the Lilongwe Water Board,10.1002/wwp2.12091,https://doi.org/10.1002/wwp2.12091,https://www.scopus.com/pages/publications/85146340274?origin=resultslist,status not_retrievable,R5A437147DAEF__<short title>.pdf
9,never assessed: no full text could be retrieved; full-text screening closed by researcher decision 2026-09-28,,R62EB9029AA88,2023,Khanal G.; Maraseni T.; Thapa A.; Devkota N.; Paudel U.R.; Khanal C.K.,"Managing water scarcity via rainwater harvesting system in Kathmandu Valley, Nepal: People's awareness, implementation challenges and way forward",10.1016/j.envdev.2023.100850,https://doi.org/10.1016/j.envdev.2023.100850,https://www.scopus.com/pages/publications/85150865655?origin=resultslist,status not_retrievable,R62EB9029AA88__<short title>.pdf
9,never assessed: no full text could be retrieved; full-text screening closed by researcher decision 2026-09-28,,R68FA4CACB9C4,2023,Dakyaga F.; Schramm S.; Lupala J.M.; Magembe-Mushi D.L.,Geographies of Infrastructure: Everyday Governance of Urban Water Supply Beyond the Utility Network in Dar es Salaam,,,https://www.scopus.com/pages/publications/85167837649?origin=resultslist,status not_retrievable,R68FA4CACB9C4__<short title>.pdf
9,never assessed: no full text could be retrieved; full-text screening closed by researcher decision 2026-09-28,,R753DD4C45E5E,2023,"Nunes, Odacira",A governança dos recursos hídricos e a legislação das águas no munícipio de Blumenau - SC,,,https://www.proquest.com/docview/3218845262?accountid=13598&bdid=165485&_bd=heXD8pwssz60%2FMatk7gOA6ADBZU%3D,status not_retrievable,R753DD4C45E5E__<short title>.pdf
9,never assessed: no full text could be retrieved; full-text screening closed by researcher decision 2026-09-28,,R7AFAD77B57D7,2023,Mensah J.; Tachie B.Y.; Potakey H.M.D.,Open defecation near a world heritage site: causes and implication for sustainable tourism and heritage management,10.1108/JCHMSD-11-2020-0164,https://doi.org/10.1108/JCHMSD-11-2020-0164,https://www.scopus.com/pages/publications/85113790932?origin=resultslist,status not_retrievable,R7AFAD77B57D7__<short title>.pdf
9,never assessed: no full text could be retrieved; full-text screening closed by researcher decision 2026-09-28,,R7EB1309DA47D,2023,Iindombo N.; Abel S.; Maparara T.; Mukarati J.; Le Roux P.,WATER PRICING AND ITS DETERMINANTS IN NAMIBIA,10.34109/ijefs.202315315,https://doi.org/10.34109/ijefs.202315315,https://www.scopus.com/pages/publications/85179405493?origin=resultslist,status wrong_file_retrieved,R7EB1309DA47D__<short title>.pdf
9,never assessed: no full text could be retrieved; full-text screening closed by researcher decision 2026-09-28,,R8077376646C2,2023,Babuna P.; Yang X.; Tulcan R.X.S.; Dehui B.; Takase M.; Guba B.Y.; Han C.; Awudi D.A.; Li M.,Modeling water inequality and water security: The role of water governance,10.1016/j.jenvman.2022.116815,https://doi.org/10.1016/j.jenvman.2022.116815,https://www.scopus.com/pages/publications/85142806497?origin=resultslist,status not_retrievable,R8077376646C2__<short title>.pdf
9,never assessed: no full text could be retrieved; full-text screening closed by researcher decision 2026-09-28,,R9F8A32A52CF0,2023,"McCulligh, C","Wastewater and wishful thinking: Treatment plants to ""revive"" the Santiago River in Mexico",10.1177/25148486221125230,https://doi.org/10.1177/25148486221125230,https://www.webofscience.com/wos/woscc/full-record/WOS:000858379300001,status not_retrievable,R9F8A32A52CF0__<short title>.pdf
9,never assessed: no full text could be retrieved; full-text screening closed by researcher decision 2026-09-28,,RA51355C1B279,2023,"Mbana, Zenande","The Challenges of Sustainable Access to Potable Water in the Democratic South Africa : The Case of Madiba and Nqabeni Rural Areas, Eastern Cape",,,https://www.proquest.com/docview/3132878541?accountid=13598&bdid=165485&_bd=MxP%2F1kTFrxC%2FwBiBWSh77WFiPbs%3D,status not_retrievable,RA51355C1B279__<short title>.pdf
9,never assessed: no full text could be retrieved; full-text screening closed by researcher decision 2026-09-28,,RA8A5DB49E365,2023,Ouma S.; Corburn J.; Weru J.,"Property rights, public health, and planning for informal settlements in Nairobi, Kenya",10.1080/07352166.2022.2051712,https://doi.org/10.1080/07352166.2022.2051712,https://www.scopus.com/pages/publications/85130269040?origin=resultslist,status not_retrievable,RA8A5DB49E365__<short title>.pdf
9,never assessed: no full text could be retrieved; full-text screening closed by researcher decision 2026-09-28,,RA97C26406604,2023,Nanda S.; Warrier U.,Socio-Managerial Framework of Health Governance: Empirical Evidence from India’s National Sanitation Program (SBM-G),10.1177/09720634221150998,https://doi.org/10.1177/09720634221150998,https://www.scopus.com/pages/publications/85150994668?origin=resultslist,status not_retrievable,RA97C26406604__<short title>.pdf
9,never assessed: no full text could be retrieved; full-text screening closed by researcher decision 2026-09-28,,RA9D96B9BDDDB,2023,"Denny, Julia","Women’s Claims to Water in a Global City: Race, Scarcity, & Violence in Cape Town",,,https://www.proquest.com/docview/2883994125?accountid=13598&bdid=165485&_bd=DnpGLmpiS76UBIjn70MHXcKuAOk%3D,status not_retrievable,RA9D96B9BDDDB__<short title>.pdf
9,never assessed: no full text could be retrieved; full-text screening closed by researcher decision 2026-09-28,,RAB3C9C4166B1,2023,"Amankwaa, Godfred",Digitalisation and Datafication of Water Services and Infrastructure in Ghana,,,https://www.proquest.com/docview/3245651184?accountid=13598&bdid=165485&_bd=YuNjZwS2BuDpC57bpcTKRJo1M3c%3D,status not_retrievable,RAB3C9C4166B1__<short title>.pdf
9,never assessed: no full text could be retrieved; full-text screening closed by researcher decision 2026-09-28,,RB54E6DEA3BC1,2023,"Lazzeres, Daniele De Oliveira",O Novo Marco do Saneamento Básico Como Parte do Processo de Mercantilização das Águas no Brasil,,,https://www.proquest.com/docview/3370367816?accountid=13598&bdid=165485&_bd=A7Ty91HOlI6EU%2Bn1WXsRyT7o7bQ%3D,status not_retrievable,RB54E6DEA3BC1__<short title>.pdf
9,never assessed: no full text could be retrieved; full-text screening closed by researcher decision 2026-09-28,,RC394C0D56B1D,2023,"Van Lier, Nicole Catherine","Draining Detroit Municipal Wastewater Management and the Socionatural Reproduction of Racial Capitalism in Southeast Michigan, 1945-2020",,,https://www.proquest.com/docview/2889867704?accountid=13598&bdid=165485&_bd=6YopPCcHdUj8B9UuAC4dwwL9V5U%3D,status not_retrievable,RC394C0D56B1D__<short title>.pdf
9,never assessed: no full text could be retrieved; full-text screening closed by researcher decision 2026-09-28,,RC522177452BE,2023,"Butana, Vulikhaya",The Role of e-Government in Improving Water Delivery and Sanitation Services in Buffalo City Metropolitan Municipality,,,https://www.proquest.com/docview/3132878733?accountid=13598&bdid=165485&_bd=InbA5QFx6bJv66DAghwX1UIDSXM%3D,status not_retrievable,RC522177452BE__<short title>.pdf
9,never assessed: no full text could be retrieved; full-text screening closed by researcher decision 2026-09-28,,RCA6456CEF4AB,2023,Amoah S.T.; Tampah-Naah A.M.,Segregated by neighbourhoods: infrastructure differentials in an emerging Ghanaian city,10.1007/s43545-023-00703-w,https://doi.org/10.1007/s43545-023-00703-w,https://www.scopus.com/pages/publications/85200614756?origin=resultslist,status not_retrievable,RCA6456CEF4AB__<short title>.pdf
9,never assessed: no full text could be retrieved; full-text screening closed by researcher decision 2026-09-28,,RCCB8049AC28D,2023,"Hopkins, Easton",A Definition of Reliable Water Supply for Public Water Systems,,,https://www.proquest.com/docview/3143979509?accountid=13598&bdid=165485&_bd=OCmve1LZrrdTiUIJb1E04RA3yWo%3D,status not_retrievable,RCCB8049AC28D__<short title>.pdf
9,never assessed: no full text could be retrieved; full-text screening closed by researcher decision 2026-09-28,,RD387D22A7424,2023,Rajput R.; Sharma A.,"Water economies of Bodh Gaya, Bihar: Urban water in rural town",10.1016/j.habitatint.2023.102754,https://doi.org/10.1016/j.habitatint.2023.102754,https://www.scopus.com/pages/publications/85147777102?origin=resultslist,status not_retrievable,RD387D22A7424__<short title>.pdf
9,never assessed: no full text could be retrieved; full-text screening closed by researcher decision 2026-09-28,,RD58B0324ACD5,2023,Ghosal S.; Ruj C.,Societal Impact Analysis of Community-managed Potable Water Supply System in Rural India,10.1177/19367244221119140,https://doi.org/10.1177/19367244221119140,https://www.scopus.com/pages/publications/85142182604?origin=resultslist,status not_retrievable,RD58B0324ACD5__<short title>.pdf
9,never assessed: no full text could be retrieved; full-text screening closed by researcher decision 2026-09-28,,RD67517CB43CE,2023,Grigg N.S.,"Root-Cause Analysis of Water System Failures in Jackson, Mississippi, and Flint, Michigan, Using the Institutional Analysis and Development Framework",10.1061/JPCFEV.CFENG-4352,https://doi.org/10.1061/JPCFEV.CFENG-4352,https://www.scopus.com/pages/publications/85144598015?origin=resultslist,status not_retrievable,RD67517CB43CE__<short title>.pdf
9,never assessed: no full text could be retrieved; full-text screening closed by researcher decision 2026-09-28,,RDD8664471937,2023,Fincher B.; Jepson W.; Casellas Connors J.P.,Water insecurity tradeoffs: U.S. drinking water systems during the COVID-19 pandemic,10.1016/j.wasec.2023.100144,https://doi.org/10.1016/j.wasec.2023.100144,https://www.scopus.com/pages/publications/85179090590?origin=resultslist,status not_retrievable,RDD8664471937__<short title>.pdf
9,never assessed: no full text could be retrieved; full-text screening closed by researcher decision 2026-09-28,,RDEE8F58A6541,2023,Machete I.F.; Marques R.C.,"Water supply and sanitation projects in the last decade: project characteristics, multilateral development bank performance, and quality of results",10.2166/washdev.2023.176,https://doi.org/10.2166/washdev.2023.176,https://www.scopus.com/pages/publications/85181170344?origin=resultslist,status not_retrievable,RDEE8F58A6541__<short title>.pdf
9,never assessed: no full text could be retrieved; full-text screening closed by researcher decision 2026-09-28,,RE318E69A8CF5,2023,Aina I.V.; Thiam D.R.; Dinar A.,Substitution of piped water and self-supplied groundwater: The case of residential water in South Africa,10.1016/j.jup.2022.101480,https://doi.org/10.1016/j.jup.2022.101480,https://www.scopus.com/pages/publications/85145317412?origin=resultslist,status not_retrievable,RE318E69A8CF5__<short title>.pdf
9,never assessed: no full text could be retrieved; full-text screening closed by researcher decision 2026-09-28,,RF5D1F190C33A,2023,Raut M.; Varady R.G.; Rajouria A.,Gender and social inclusion in community water resource management: lessons from two districts in the Himalayan foothills and the Terai in Nepal,10.1080/02508060.2023.2213962,https://doi.org/10.1080/02508060.2023.2213962,https://www.scopus.com/pages/publications/85161894880?origin=resultslist,status not_retrievable,RF5D1F190C33A__<short title>.pdf
9,never assessed: no full text could be retrieved; full-text screening closed by researcher decision 2026-09-28,,RF954B52279D6,2023,"Radonic, Lucero","AT THE FRONTIER OF WATER CONSERVATION: ATTENDING TO RELATIONSHIPS, VALUES, AND PRACTICES FOR INCLUSIVE INFRASTRUCTURE",,,https://www.proquest.com/docview/2865402058?accountid=13598&bdid=165485&_bd=rT0kjb1Fc%2FGGbTH3GkWycTgdJbw%3D,status not_retrievable,RF954B52279D6__<short title>.pdf
9,never assessed: no full text could be retrieved; full-text screening closed by researcher decision 2026-09-28,,RFA35C88B1CB7,2023,Blanco-Moreno C.; Peña-Varón M.,"Relationship between Community Water Management, Conceptions, and Struggles for Justice in Southwest Colombia",10.1089/env.2022.0065,https://doi.org/10.1089/env.2022.0065,https://www.scopus.com/pages/publications/85164201037?origin=resultslist,status not_retrievable,RFA35C88B1CB7__<short title>.pdf
9,never assessed: no full text could be retrieved; full-text screening closed by researcher decision 2026-09-28,,RFA9C722C42BC,2023,Bukari F.I.M.; Yembilah N.N.-K.; Adjuik R.Y.; Baguri Sumani J.B.,Stakeholders in Ghana’s water sector development and implications for rural water tariff payment: a review,10.1080/02508060.2022.2117251,https://doi.org/10.1080/02508060.2022.2117251,https://www.scopus.com/pages/publications/85139091824?origin=resultslist,status not_retrievable,RFA9C722C42BC__<short title>.pdf
9,never assessed: no full text could be retrieved; full-text screening closed by researcher decision 2026-09-28,,R00099389C0FE,2024,du Plessis N.S.; Turpie J.K.; Letley G.K.,Feasibility of financing nature-based solutions for water security through water tariffs: Evidence from South Africa,10.2166/aqua.2024.221,https://doi.org/10.2166/aqua.2024.221,https://www.scopus.com/pages/publications/85188190101?origin=resultslist,status not_retrievable,R00099389C0FE__<short title>.pdf
9,never assessed: no full text could be retrieved; full-text screening closed by researcher decision 2026-09-28,,R024A1DA6ECCE,2024,"Jiao, Jian",Residents’ Willingness to Participate in Domestic Sewage Treatment in Rural China: Application of a Multi-Stakeholder Perspective,,,https://www.proquest.com/docview/3132882112?accountid=13598&bdid=165485&_bd=5Zx18KhwXOgAcU5b1vyAR7Pf7hs%3D,status wrong_file_retrieved,R024A1DA6ECCE__<short title>.pdf
9,never assessed: no full text could be retrieved; full-text screening closed by researcher decision 2026-09-28,,R0E9F299E7E3D,2024,"Evans, Shoko; Ncube, Bongani",Cooperation in common property resource management: A group engagement approach,10.1080/14330237.2024.2371724,https://doi.org/10.1080/14330237.2024.2371724,https://www.proquest.com/docview/3130499409?accountid=13598&bdid=165485&_bd=mMX3nVRw6TXeZoE9Mcok3KLEAvk%3D,status wrong_file_retrieved,R0E9F299E7E3D__<short title>.pdf
9,never assessed: no full text could be retrieved; full-text screening closed by researcher decision 2026-09-28,,R0EADB40410CF,2024,"Hayek, Carolyn",Sustainable Provision of Water Services in the United States,,,https://www.proquest.com/docview/3037301884?accountid=13598&bdid=165485&_bd=%2FKgyY2EGcjblEE6VkQXw1GNo0Pg%3D,status wrong_file_retrieved,R0EADB40410CF__<short title>.pdf
9,never assessed: no full text could be retrieved; full-text screening closed by researcher decision 2026-09-28,,R10949E2F3E33,2024,Mgwele A.; Bhanye J.I.; Mocwagae K.S.,Water and Sanitation for Urban Health: A Gender Perspective on Impacts and Coping Strategies in Mangaung Metropolitan Municipality,10.1007/978-3-031-68734-1_4,https://doi.org/10.1007/978-3-031-68734-1_4,https://www.scopus.com/pages/publications/85205368376?origin=resultslist,status not_retrievable,R10949E2F3E33__<short title>.pdf
9,never assessed: no full text could be retrieved; full-text screening closed by researcher decision 2026-09-28,,R162B7F22CF42,2024,"Pu, Christine Jiarui",Amplifying the Poverty-Alleviation Impacts of Water Infrastructure Investments in Sub-Saharan Africa,,,https://www.proquest.com/docview/3170694851?accountid=13598&bdid=165485&_bd=s2QIm4RNfIPowwon6IL1o7uKsUA%3D,status wrong_file_retrieved,R162B7F22CF42__<short title>.pdf
9,never assessed: no full text could be retrieved; full-text screening closed by researcher decision 2026-09-28,,R19F259B54FE8,2024,Kanyagui M.K.; Rajendrakumar S.; Viswanathan P.K.,Institutional arrangements for improving water and sanitation services in the rural villages of India: a systems thinking approach,10.1002/wwp2.12172,https://doi.org/10.1002/wwp2.12172,https://www.scopus.com/pages/publications/85190383721?origin=resultslist,status not_retrievable,R19F259B54FE8__<short title>.pdf
9,never assessed: no full text could be retrieved; full-text screening closed by researcher decision 2026-09-28,,R2223B69F1132,2024,Singh C.,An Institutional Approach for Sustainable Service Provision in Peri-Urban Areas: A Case of Chennai Metropolitan Area,10.1007/978-981-97-8370-0_16,https://doi.org/10.1007/978-981-97-8370-0_16,https://www.scopus.com/pages/publications/85219003066?origin=resultslist,status not_retrievable,R2223B69F1132__<short title>.pdf
9,never assessed: no full text could be retrieved; full-text screening closed by researcher decision 2026-09-28,,R22E3DE7CF37B,2024,Akther R.; Gulzar D.; Rasool M.,"Impact of Urban Waste Management on Public Health and Role of AMRUT Scheme: A Study Of Jammu & Kashmir, India.",,,https://www.scopus.com/pages/publications/85191026729?origin=resultslist,status not_retrievable,R22E3DE7CF37B__<short title>.pdf
9,never assessed: no full text could be retrieved; full-text screening closed by researcher decision 2026-09-28,,R278A87A0A282,2024,"Farah, Sadia Isse",Water Governance and SDG 6 Achievability in Developing Countries: A Case Study in Somalia,,,https://www.proquest.com/docview/3358687988?accountid=13598&bdid=165485&_bd=TXk9acKz%2F9CsMOeYTNaQIHHG1vo%3D,status not_retrievable,R278A87A0A282__<short title>.pdf
9,never assessed: no full text could be retrieved; full-text screening closed by researcher decision 2026-09-28,,R2EAEC279B644,2024,"Koros, JK; Juuti, P; Juuti, R; Hukka, J; Asokan, SM",Leaving No One Behind: Prospects for User-Owned Urban Water Utilities in Kenya,10.1177/1087724X231181076,https://doi.org/10.1177/1087724X231181076,https://www.webofscience.com/wos/woscc/full-record/WOS:001005323200001,status wrong_file_retrieved,R2EAEC279B644__<short title>.pdf
9,never assessed: no full text could be retrieved; full-text screening closed by researcher decision 2026-09-28,,R2EF19C86C363,2024,"Wolfson, Oxana",Thumb on the Scale: Residents’ Access to Water Under Privatised Water Service Provision in California,,,https://www.proquest.com/docview/3166415424?accountid=13598&bdid=165485&_bd=AoN8K1xcpju92vhede5ztQs4F3k%3D,status not_retrievable,R2EF19C86C363__<short title>.pdf
9,never assessed: no full text could be retrieved; full-text screening closed by researcher decision 2026-09-28,,R301FEFA108ED,2024,Adeyeye K.; Bello-Dambatta A.,Rainwater harvesting for water security and gender equity,10.1201/9781032638102-20,https://doi.org/10.1201/9781032638102-20,https://www.scopus.com/pages/publications/85203032409?origin=resultslist,status not_retrievable,R301FEFA108ED__<short title>.pdf
9,never assessed: no full text could be retrieved; full-text screening closed by researcher decision 2026-09-28,,R30DBB67F3325,2024,"Campos Acosta, Geovana Jacquelin; Vilchez Casas, Ludy Rossana; Palacios Fernández, Daniela María",Observatorio de la Gobernanza Multinivel del Agua y Saneamiento de Río Tambo (ORITAMBO),,,https://www.proquest.com/docview/3313805217?accountid=13598&bdid=165485&_bd=0R64RDmoie%2FMMXSmpWkHXgwK%2FXM%3D,status not_retrievable,R30DBB67F3325__<short title>.pdf
9,never assessed: no full text could be retrieved; full-text screening closed by researcher decision 2026-09-28,,R317A97623CE6,2024,Bakchan A.; White K.D.,Identifying Socio-Technical Challenges to Decentralized Wastewater Infrastructure Management in the Rural Alabama Black Belt,10.1061/9780784485279.069,https://doi.org/10.1061/9780784485279.069,https://www.scopus.com/pages/publications/85188745238?origin=resultslist,status not_retrievable,R317A97623CE6__<short title>.pdf
9,never assessed: no full text could be retrieved; full-text screening closed by researcher decision 2026-09-28,,R3B2D8C4FDAD6,2024,Banerji B.; Maitra P.,Urban Public Services Delivery and Sustainable Development: A Survey of User Opinion in Four Major Metropolitan Cities in India,10.1007/978-981-99-8842-6_11,https://doi.org/10.1007/978-981-99-8842-6_11,https://www.scopus.com/pages/publications/85187669271?origin=resultslist,status not_retrievable,R3B2D8C4FDAD6__<short title>.pdf
9,never assessed: no full text could be retrieved; full-text screening closed by researcher decision 2026-09-28,,R49B29C9F469C,2024,"Howland, O","""It Will Be a Desert"": Extreme Weather and the Effects of Climate Catastrophe on Vulnerable Riparian Spaces in Nairobi, Kenya",10.3390/land13070913,https://doi.org/10.3390/land13070913,https://www.webofscience.com/wos/woscc/full-record/WOS:001277422000001,status not_retrievable,R49B29C9F469C__<short title>.pdf
9,never assessed: no full text could be retrieved; full-text screening closed by researcher decision 2026-09-28,,R4CBD8D2BEDEA,2024,"Narasimhan, V; Weaver, J",Polity Size and Local Government Performance: Evidence from India,10.1257/aer.20221712,https://doi.org/10.1257/aer.20221712,https://www.webofscience.com/wos/woscc/full-record/WOS:001355336300001,status not_retrievable,R4CBD8D2BEDEA__<short title>.pdf
9,never assessed: no full text could be retrieved; full-text screening closed by researcher decision 2026-09-28,,R4E63AC50732E,2024,"Nyangule, Zizipho",Socio-Spatial Disparities in Environmental Health in the City of Johannesburg,,,https://www.proquest.com/docview/3235009920?accountid=13598&bdid=165485&_bd=u8qG2RqRUeInnPBLuels0QNmd0o%3D,status not_retrievable,R4E63AC50732E__<short title>.pdf
9,never assessed: no full text could be retrieved; full-text screening closed by researcher decision 2026-09-28,,R4FFEFFA310FF,2024,"Dezfooli, Donya",Analysis of Municipal Water Use in Urban Regions Across the Contiguous United States,,,https://www.proquest.com/docview/3148345443?accountid=13598&bdid=165485&_bd=vywmgEdNj%2BXoRNgeGEXDauqLU90%3D,status not_retrievable,R4FFEFFA310FF__<short title>.pdf
9,never assessed: no full text could be retrieved; full-text screening closed by researcher decision 2026-09-28,,R500470C1A1B0,2024,"Nama, Maseabata Joyce; Roux, Xanthe",Paving the way for reliable sanitation solutions in Gauteng municipalities,,,https://www.proquest.com/docview/2975724216?accountid=13598&bdid=165485&_bd=uTwOW3%2FH5qZu8VpkzgvRZRvm5gA%3D,status not_retrievable,R500470C1A1B0__<short title>.pdf
9,never assessed: no full text could be retrieved; full-text screening closed by researcher decision 2026-09-28,,R52A6D0E64727,2024,"Mukonavanhu, Tinashe; Nel-Sanders, Danielle",An Exploration of Water Demand Planning in South Africa in a Neoliberal Policy Context from 2004 to 2024,10.31920/2634-3649/2024/v14n4a14,https://doi.org/10.31920/2634-3649/2024/v14n4a14,https://www.proquest.com/docview/3213663824?accountid=13598&bdid=165485&_bd=1XZHCbOJ%2F5jwjv6mnqpRptw8Mig%3D,status not_retrievable,R52A6D0E64727__<short title>.pdf
9,never assessed: no full text could be retrieved; full-text screening closed by researcher decision 2026-09-28,,R52FAFE164D34,2024,Asmadi A.S.; Saimy I.S.,Enhancing Sustainability Through Public Water Supply Level of Quality Services in Kelantan,10.1007/978-3-031-67437-2_25,https://doi.org/10.1007/978-3-031-67437-2_25,https://www.scopus.com/pages/publications/85206464978?origin=resultslist,status not_retrievable,R52FAFE164D34__<short title>.pdf
9,never assessed: no full text could be retrieved; full-text screening closed by researcher decision 2026-09-28,,R564EBA594FA5,2024,Mdiniso J.M.; Twala N.D.,Water Governance at Ehlanzeni District Municipality,,,https://www.scopus.com/pages/publications/85211175797?origin=resultslist,status not_retrievable,R564EBA594FA5__<short title>.pdf
9,never assessed: no full text could be retrieved; full-text screening closed by researcher decision 2026-09-28,,R5A0698F76B59,2024,Chattopadhyay S.,Spatial Analysis of Access to Basic Services in Urban West Bengal: Disparities and Determinants,10.1177/00219096221141343,https://doi.org/10.1177/00219096221141343,https://www.scopus.com/pages/publications/85144177241?origin=resultslist,status not_retrievable,R5A0698F76B59__<short title>.pdf
9,never assessed: no full text could be retrieved; full-text screening closed by researcher decision 2026-09-28,,R61084FDE440A,2024,"Nonkondile, Lizalise",Exploring the Efficacy of Service Delivery at Nyandeni Local Municipality in the Face of Maladministration from 2019-2024,,,https://www.proquest.com/docview/3370364996?accountid=13598&bdid=165485&_bd=6DqRL0diilc7fr7ZaWQotfBAko0%3D,status not_retrievable,R61084FDE440A__<short title>.pdf
9,never assessed: no full text could be retrieved; full-text screening closed by researcher decision 2026-09-28,,R63A961CABDE1,2024,Zhao L.; Huo Y.; Wang X.; Huang J.,Spatial difference analysis of water and sanitation in China's counties based on a spatial econometric model,10.1016/j.iref.2024.04.003,https://doi.org/10.1016/j.iref.2024.04.003,https://www.scopus.com/pages/publications/85189691285?origin=resultslist,status not_retrievable,R63A961CABDE1__<short title>.pdf
9,never assessed: no full text could be retrieved; full-text screening closed by researcher decision 2026-09-28,,R65514C8CBF4A,2024,Leboto-Khetsi L.; Kohima J.; Gambe T.R.; Mphambukeli T.N.; Rammile S.,Liveability Assessment in South Africa’s Hostel Accommodation: Implications for Urban Health and Sustainable Development Goal 11,10.1007/978-3-031-68734-1_6,https://doi.org/10.1007/978-3-031-68734-1_6,https://www.scopus.com/pages/publications/85205375568?origin=resultslist,status not_retrievable,R65514C8CBF4A__<short title>.pdf
9,never assessed: no full text could be retrieved; full-text screening closed by researcher decision 2026-09-28,,R65A92B9C6F3A,2024,"Gentes, Ingo; Policzer, Pablo",Weakness by design: neoliberal governance over mining and water in Chile,10.1080/21622671.2022.2134196,https://doi.org/10.1080/21622671.2022.2134196,https://www.proquest.com/docview/3119042013?accountid=13598&bdid=165485&_bd=IHUJzuYUQmiVKL6AvLBLWE58SxM%3D,status not_retrievable,R65A92B9C6F3A__<short title>.pdf
9,never assessed: no full text could be retrieved; full-text screening closed by researcher decision 2026-09-28,,R6649852F695A,2024,Polidori J.A.; Paulson H.L.; Gronewold A.D.,Assessing trends in urban municipal water use across the Great Lakes Basin,10.1016/j.jglr.2023.102243,https://doi.org/10.1016/j.jglr.2023.102243,https://www.scopus.com/pages/publications/85175232153?origin=resultslist,status not_retrievable,R6649852F695A__<short title>.pdf
9,never assessed: no full text could be retrieved; full-text screening closed by researcher decision 2026-09-28,,R677647C5F851,2024,Mishra A.K.; Sudarsan J.S.; Suribabu C.R.; Nithiyanantham S.,Performance evaluation of existing water supply system: a case study,10.1007/s42108-022-00195-z,https://doi.org/10.1007/s42108-022-00195-z,https://www.scopus.com/pages/publications/85175806467?origin=resultslist,status not_retrievable,R677647C5F851__<short title>.pdf
9,never assessed: no full text could be retrieved; full-text screening closed by researcher decision 2026-09-28,,R6BF40E4B213E,2024,"Eckard, Lourensa",The Role of the Kgetlengrivier Citizens Group on the Administration of Water Services,,,https://www.proquest.com/docview/3196617378?accountid=13598&bdid=165485&_bd=vGTfjz4d9JlUFN5lZVTNXmx8hig%3D,status not_retrievable,R6BF40E4B213E__<short title>.pdf
9,never assessed: no full text could be retrieved; full-text screening closed by researcher decision 2026-09-28,,R6E293CFE9E51,2024,Fagundes T.S.; Marques R.C.; Malheiros T.F.,Impact of efficiency on affordability: A study of the Brazilian new water loss goals,10.2166/ws.2024.098,https://doi.org/10.2166/ws.2024.098,https://www.scopus.com/pages/publications/85195028151?origin=resultslist,status not_retrievable,R6E293CFE9E51__<short title>.pdf
9,never assessed: no full text could be retrieved; full-text screening closed by researcher decision 2026-09-28,,R79066FAE0A92,2024,"Gregg, Mackenzie E.",Beneath the Surface: Understanding Septic System Management in New York State Watersheds,,,https://www.proquest.com/docview/3195716850?accountid=13598&bdid=165485&_bd=wpH0Vn2%2Bl62l35WdnyF6FMNBAGw%3D,status not_retrievable,R79066FAE0A92__<short title>.pdf
9,never assessed: no full text could be retrieved; full-text screening closed by researcher decision 2026-09-28,,R7928A8D997DB,2024,Bradlow B.H.,Urban Power: Democracy and Inequality in São Paulo and Johannesburg,,,https://www.scopus.com/pages/publications/105037224423?origin=resultslist,status not_retrievable,R7928A8D997DB__<short title>.pdf
9,never assessed: no full text could be retrieved; full-text screening closed by researcher decision 2026-09-28,,R7941BACF0B51,2024,Jakariya M.; Rahman M.M.; Mahzabin L.; Chowdhury A.; Adiba H.; Alam M.S.; Murshed M.F.; Sonne C.; Barceló D.; Chen J.; I,"Changing water sources and extraction methods in Bangladesh: Challenges, consequences, and sustainable solutions",10.1016/j.gsd.2024.101129,https://doi.org/10.1016/j.gsd.2024.101129,https://www.scopus.com/pages/publications/85186649655?origin=resultslist,status not_retrievable,R7941BACF0B51__<short title>.pdf
9,never assessed: no full text could be retrieved; full-text screening closed by researcher decision 2026-09-28,,R81549C4709FC,2024,Singh S.; Singh B.,Building Political Capabilities through Participation for Environmental Justice in Informal Housing in Kathmandu,10.4324/9781003371175-24,https://doi.org/10.4324/9781003371175-24,https://www.scopus.com/pages/publications/85209857368?origin=resultslist,status wrong_file_retrieved,R81549C4709FC__<short title>.pdf
9,never assessed: no full text could be retrieved; full-text screening closed by researcher decision 2026-09-28,,R83E00944CB27,2024,Gasmi H.; Burte J.; Martins E.S.P.R.; Younsi S.; Morardet S.; Kuper M.,A participatory approach for characterizing the resilience of rural water supply systems in semi-arid areas,10.1007/s10113-023-02161-9,https://doi.org/10.1007/s10113-023-02161-9,https://www.scopus.com/pages/publications/85181740652?origin=resultslist,status not_retrievable,R83E00944CB27__<short title>.pdf
9,never assessed: no full text could be retrieved; full-text screening closed by researcher decision 2026-09-28,,R846961E73AF9,2024,"Camacho, Anna Gabriela Beltran",The Role of Municipal Decision-Making in Community Wellbeing in Times of Drought : A Case Study of Canada’s Sunshine Coast Regional District,,,https://www.proquest.com/docview/3182055141?accountid=13598&bdid=165485&_bd=JjbOKqA6Rj45m9wqoGWwn3WvMY4%3D,status not_retrievable,R846961E73AF9__<short title>.pdf
9,never assessed: no full text could be retrieved; full-text screening closed by researcher decision 2026-09-28,,R88CC7FF82D68,2024,Eshtawi T.A.; Abdellatif M.,Spatial vulnerability assessment for water service providers: a case study from the gaza strip,10.1007/s10708-024-11016-7,https://doi.org/10.1007/s10708-024-11016-7,https://www.scopus.com/pages/publications/85182860332?origin=resultslist,status not_retrievable,R88CC7FF82D68__<short title>.pdf
9,never assessed: no full text could be retrieved; full-text screening closed by researcher decision 2026-09-28,,R8DE1F9124F7C,2024,Roy A.K.; Chakravarty D.; Ngangbam S.; Sarif N.,Urbanization and Housing Infrastructure in Urban India,10.1017/9781009318846.014,https://doi.org/10.1017/9781009318846.014,https://www.scopus.com/pages/publications/105024635850?origin=resultslist,status not_retrievable,R8DE1F9124F7C__<short title>.pdf
9,never assessed: no full text could be retrieved; full-text screening closed by researcher decision 2026-09-28,,R8F0BBD5B3E65,2024,Alwathaf Y.; Abdel Kawy W.A.; Aljawzi A.A.; Eweys O.A.,"Application of Integrated Urban Water Security Index (IUWSI) in Sana’a, Yemen (Case study)",10.1080/1573062X.2023.2256722,https://doi.org/10.1080/1573062X.2023.2256722,https://www.scopus.com/pages/publications/85170672647?origin=resultslist,status not_retrievable,R8F0BBD5B3E65__<short title>.pdf
9,never assessed: no full text could be retrieved; full-text screening closed by researcher decision 2026-09-28,,R8F1D29EBFD0A,2024,"Belmonte, VA; Gervasoni, AL; Azario, RR; Boffelli, C; Farabello, J; Blanc, R","Socio-territorial inequalities in the periurban: an analysis of habitability in the Conception of Uruguay, Entre Rios",,,https://www.webofscience.com/wos/woscc/full-record/WOS:001256891800006,status not_retrievable,R8F1D29EBFD0A__<short title>.pdf
9,never assessed: no full text could be retrieved; full-text screening closed by researcher decision 2026-09-28,,R914002893C13,2024,Das M.,Post-colonial Water Governance: Shifting Paradigms,10.1177/22308075231204929,https://doi.org/10.1177/22308075231204929,https://www.scopus.com/pages/publications/85174575312?origin=resultslist,status not_retrievable,R914002893C13__<short title>.pdf
9,never assessed: no full text could be retrieved; full-text screening closed by researcher decision 2026-09-28,,R9529ADF23E59,2024,Souter R.T.; Ruuska D.; Pene S.; Benjamin C.; Funubo S.; Beal C.D.; Sanderson R.; Batikawai S.; Ravai A.; Antoinette-Wic,"Strengthening rural community water safety planning in Pacific Island countries: evidence and lessons from Solomon Islands, Vanuatu, and Fiji",10.2166/wh.2024.144,https://doi.org/10.2166/wh.2024.144,https://www.scopus.com/pages/publications/85189790409?origin=resultslist,status not_retrievable,R9529ADF23E59__<short title>.pdf
9,never assessed: no full text could be retrieved; full-text screening closed by researcher decision 2026-09-28,,R9E486C8741D1,2024,"Matsela, Motebang Daniel","Assessing the Upgrading of Informal Settlement Programme in Johannesburg, South Africa: A Ten-Year Review (2014-2024)",,,https://www.proquest.com/docview/3272317743?accountid=13598&bdid=165485&_bd=nz1IIieAkumz1BKjqDMlfZnX1No%3D,status not_retrievable,R9E486C8741D1__<short title>.pdf
9,never assessed: no full text could be retrieved; full-text screening closed by researcher decision 2026-09-28,,RA29149ECBCF3,2024,"Kushwaha, Vaishali","Innovative Frameworks for Urban Water Security: Bridging Gaps in Planning, Management, and Governance",,,https://www.proquest.com/docview/3148714071?accountid=13598&bdid=165485&_bd=%2BJ5rP84QWRYGkvR0x77e7BcyFeQ%3D,status not_retrievable,RA29149ECBCF3__<short title>.pdf
9,never assessed: no full text could be retrieved; full-text screening closed by researcher decision 2026-09-28,,RA838FD560173,2024,Chinangwa W.; Chinangwa L.,"Urban water sector management, challenges, opportunities and cross-cutting issues: A case of Malawi’s urban water sector",10.4324/9781003437833-7,https://doi.org/10.4324/9781003437833-7,https://www.scopus.com/pages/publications/85213181012?origin=resultslist,status not_retrievable,RA838FD560173__<short title>.pdf
9,never assessed: no full text could be retrieved; full-text screening closed by researcher decision 2026-09-28,,RA910DCDB451B,2024,"Tyhotyholo, Thembelani; Sonayena, Kenneth Nokele",Traditional Leadership and Rural Municipalities in South Africa: Conflicts and Alliances in Water Governance,10.31920/2634-3665/2024/v13n1a6,https://doi.org/10.31920/2634-3665/2024/v13n1a6,https://www.proquest.com/docview/3064054164?accountid=13598&bdid=165485&_bd=4uVl%2BYFlZfJe%2BBj3OKT65G%2FyZ3M%3D,status not_retrievable,RA910DCDB451B__<short title>.pdf
9,never assessed: no full text could be retrieved; full-text screening closed by researcher decision 2026-09-28,,RA99F92B0FE3F,2024,Bakchan A.; White K.D.,Challenges to and Strategies for Regionalization of Responsible Management of Decentralized Wastewater Infrastructure in the Rural Alabama Black Belt,10.2175/193864718825159673,https://doi.org/10.2175/193864718825159673,https://www.scopus.com/pages/publications/105002132262?origin=resultslist,status not_retrievable,RA99F92B0FE3F__<short title>.pdf
9,never assessed: no full text could be retrieved; full-text screening closed by researcher decision 2026-09-28,,RAD8AFBBD4991,2024,"Reis, N; Trujillo, SS",Landscapes of debt: Urban water supply and the production of space under peripheral financialization,10.1016/j.geoforum.2023.103935,https://doi.org/10.1016/j.geoforum.2023.103935,https://www.webofscience.com/wos/woscc/full-record/WOS:001152569000001,status not_retrievable,RAD8AFBBD4991__<short title>.pdf
9,never assessed: no full text could be retrieved; full-text screening closed by researcher decision 2026-09-28,,RB54D6D9FB939,2024,Wright J.; Dzodzomenyo M.; Hill A.G.; Okotto L.G.; Thomas-Possee M.L.H.; Shaw P.J.; Okotto-Okotto J.,Integrating urban household solid waste management with WASH: Implications from case studies of monitoring in sub-Saharan Africa,10.1016/j.envdev.2024.100990,https://doi.org/10.1016/j.envdev.2024.100990,https://www.scopus.com/pages/publications/85191016810?origin=resultslist,status not_retrievable,RB54D6D9FB939__<short title>.pdf
9,never assessed: no full text could be retrieved; full-text screening closed by researcher decision 2026-09-28,,RB6FA86535665,2024,"Petit-Noel, Guy Hansy",La problématique du service de l’eau potable liée à la faible alimentation dans la région métropolitaine de Port-au-Prince : Cas de Baillergeau et de Croix Deprez de 2015-2020,,,https://www.proquest.com/docview/3206327893?accountid=13598&bdid=165485&_bd=X0EDIt8uJ8mJtKKtNPWrKW%2B0NvM%3D,status not_retrievable,RB6FA86535665__<short title>.pdf
9,never assessed: no full text could be retrieved; full-text screening closed by researcher decision 2026-09-28,,RBC8617E9FCEC,2024,Marcal J.; Shen J.; Antizar-Ladislao B.; Butler D.; Hofman J.,Urbanwater security assessment: investigating inequalities using amulti-scale approach,10.2166/aqua.2024.307,https://doi.org/10.2166/aqua.2024.307,https://www.scopus.com/pages/publications/85188858956?origin=resultslist,status not_retrievable,RBC8617E9FCEC__<short title>.pdf
9,never assessed: no full text could be retrieved; full-text screening closed by researcher decision 2026-09-28,,RBCA65AD70D59,2024,"Thusi, SP; Qwabe, BR; Ojogiwa, OT","Stakeholder Engagement and Project Governance in Local Government: An Empirical Perspective of eThekwini Municipality Water and Sanitation Unit, South Africa",,,https://www.webofscience.com/wos/woscc/full-record/WOS:001381251700003,status not_retrievable,RBCA65AD70D59__<short title>.pdf
9,never assessed: no full text could be retrieved; full-text screening closed by researcher decision 2026-09-28,,RBDB29AFD34BB,2024,"Yatawatta, YJM; Sridarran, P",Investigating the barriers and strategies for establishing desalination plants to mitigate water scarcity in Sri Lankan dry zones,10.1108/SAMPJ-09-2023-0625,https://doi.org/10.1108/SAMPJ-09-2023-0625,https://www.webofscience.com/wos/woscc/full-record/WOS:001308902200001,status not_retrievable,RBDB29AFD34BB__<short title>.pdf
9,never assessed: no full text could be retrieved; full-text screening closed by researcher decision 2026-09-28,,RBF0431994DDD,2024,"Lavhengwa, Vhaande Lucky",Assessing the Current State of Municipal Water Infrastructure Maintenance: A Local Municipality Case-Study,,,https://www.proquest.com/docview/3349101466?accountid=13598&bdid=165485&_bd=mswbGr1xnWx%2BsfogdF3hBdoulG4%3D,status not_retrievable,RBF0431994DDD__<short title>.pdf
9,never assessed: no full text could be retrieved; full-text screening closed by researcher decision 2026-09-28,,RC04D9D795CDA,2024,Karki B.K.; Baniya S.; Kharel H.L.; Angove M.J.; Paudel S.R.,"Urban wastewater management in Nepal: generation, treatment, engineering, and policy perspectives",10.2166/h2oj.2024.105,https://doi.org/10.2166/h2oj.2024.105,https://www.scopus.com/pages/publications/85189170142?origin=resultslist,status not_retrievable,RC04D9D795CDA__<short title>.pdf
9,never assessed: no full text could be retrieved; full-text screening closed by researcher decision 2026-09-28,,RD759AB5F88A1,2024,"McMillan, Rebecca Jean","Coproducing the State: Water, Power, and Citizenship in Venezuela",,,https://www.proquest.com/docview/3034147297?accountid=13598&bdid=165485&_bd=BdoboKraJMe4hsgHg7VDQ1rTTG0%3D,status not_retrievable,RD759AB5F88A1__<short title>.pdf
9,never assessed: no full text could be retrieved; full-text screening closed by researcher decision 2026-09-28,,RD91790B5D974,2024,Muftiadi A.; Afandi Y.P.; Muchlis A.; Pham Q.M.; Rilansari V.,Combinatoric Efficiency Model of Clean Water Companies for Strategic Governance in Indonesia,,,https://www.scopus.com/pages/publications/105000805954?origin=resultslist,status not_retrievable,RD91790B5D974__<short title>.pdf
9,never assessed: no full text could be retrieved; full-text screening closed by researcher decision 2026-09-28,,RDA8AED677E21,2024,"Rasakanya, Meisie","The Utilisation of Solar-Powered Boreholes for Groundwater Supply: Addressing Water Scarcity in the Polokwane Municipality, Mankweng Cluster",10.36369/2616-9045/2024/v13i2a1,https://doi.org/10.36369/2616-9045/2024/v13i2a1,https://www.proquest.com/docview/3154360919?accountid=13598&bdid=165485&_bd=Oe54h6FuhX4nuitsg1FYYhXC5WE%3D,status not_retrievable,RDA8AED677E21__<short title>.pdf
9,never assessed: no full text could be retrieved; full-text screening closed by researcher decision 2026-09-28,,RDA995C67EB68,2024,"Matsiliza, N S",Challenges of Water Governance in Chris Hani District Municipality: Implications for Policy Development in South Africa,10.31920/2634-3649/2024/v14n4a20,https://doi.org/10.31920/2634-3649/2024/v14n4a20,https://www.proquest.com/docview/3213663809?accountid=13598&bdid=165485&_bd=jclaIqZW3kQL%2FW0UNjtX0wWb19E%3D,status not_retrievable,RDA995C67EB68__<short title>.pdf
9,never assessed: no full text could be retrieved; full-text screening closed by researcher decision 2026-09-28,,RDB6D435EA557,2024,"Mnguni, Simphiwe; Leonard, Llewellyn","Examining Water Efficiency Measures for Three- to Five-Star Graded Game Lodges and for Residential Beneficiation in Hammanskraal, South Africa",10.3727/194344224X17241867871014,https://doi.org/10.3727/194344224X17241867871014,https://www.proquest.com/docview/3144045329?accountid=13598&bdid=165485&_bd=SLsbYGDRj9rHDLKlA3xIgtLJ2jY%3D,status not_retrievable,RDB6D435EA557__<short title>.pdf
9,never assessed: no full text could be retrieved; full-text screening closed by researcher decision 2026-09-28,,RDB82D9D06612,2024,"Casal, Willian Batista",A implementação do novo marco do saneamento nos municípios da região do Alto Irani,,,https://www.proquest.com/docview/3256768811?accountid=13598&bdid=165485&_bd=hqFBlEiGSBbZ3I%2BHD76oS%2FVyzmQ%3D,status not_retrievable,RDB82D9D06612__<short title>.pdf
9,never assessed: no full text could be retrieved; full-text screening closed by researcher decision 2026-09-28,,RDCA991502E5B,2024,"Germán Santacruz de León; Jacobo-Marín, Daniel",Derecho humano al agua: narrativa y consumo institucional de agua embotellada en seis ciudades mexicanas (2012-2018),,,https://www.proquest.com/docview/3201752230?accountid=13598&bdid=165485&_bd=4N4dXP6LZMqO4SoIar9QNzgBGm0%3D,status not_retrievable,RDCA991502E5B__<short title>.pdf
9,never assessed: no full text could be retrieved; full-text screening closed by researcher decision 2026-09-28,,RDFD0BD285B8B,2024,Tutu O.J.; Dlamini N.P.,Politicizing Water Supply in South Africa: The Case of uMhlathuze Local Municipality,,,https://www.scopus.com/pages/publications/85211144900?origin=resultslist,status not_retrievable,RDFD0BD285B8B__<short title>.pdf
9,never assessed: no full text could be retrieved; full-text screening closed by researcher decision 2026-09-28,,RE07A5B3A53CD,2024,"Tojal Ramos dos Santos, Carolina","Essays on Industrial Organization, Environmental and Health Economics",,,https://www.proquest.com/docview/3111423894?accountid=13598&bdid=165485&_bd=1mf6%2B8w7K%2BlGe2TXrNLK8K2a%2BL4%3D,status wrong_file_retrieved,RE07A5B3A53CD__<short title>.pdf
9,never assessed: no full text could be retrieved; full-text screening closed by researcher decision 2026-09-28,,RE32410E4151B,2024,"Pallares Alvernia, Herney",Construcción del modelo gobernanza del agua para el casco urbano del municipio de El Tarra-Norte de Santander,,,https://www.proquest.com/docview/3176632285?accountid=13598&bdid=165485&_bd=NjNdDIuKp0SStW5Sn15PCUpsPyQ%3D,status not_retrievable,RE32410E4151B__<short title>.pdf
9,never assessed: no full text could be retrieved; full-text screening closed by researcher decision 2026-09-28,,RE4DD7B4912DD,2024,Bhanja R.; Bannerji P.,"City growth and periurban linkages: land transformation, rural-urban linkages, and the environmental implications of the Kolkata Municipal Development Authority region, India",10.1016/B978-0-443-15832-2.00007-1,https://doi.org/10.1016/B978-0-443-15832-2.00007-1,https://www.scopus.com/pages/publications/85206182598?origin=resultslist,status not_retrievable,RE4DD7B4912DD__<short title>.pdf
9,never assessed: no full text could be retrieved; full-text screening closed by researcher decision 2026-09-28,,RF8CBBF4B3293,2024,Amini M.,"Clean water supply and urban hygiene control in colonial Semarang, Indonesia",10.1080/02665433.2023.2283836,https://doi.org/10.1080/02665433.2023.2283836,https://www.scopus.com/pages/publications/85177588696?origin=resultslist,status not_retrievable,RF8CBBF4B3293__<short title>.pdf
9,never assessed: no full text could be retrieved; full-text screening closed by researcher decision 2026-09-28,,RF98D06B8E550,2024,Cid-Escobar D.; Folch A.; Ferrer N.; Katuva J.; Sanchez-Vila X.,An assessment tool to improve rural groundwater access: Integrating hydrogeological modelling with socio-technical factors,10.1016/j.scitotenv.2023.168864,https://doi.org/10.1016/j.scitotenv.2023.168864,https://www.scopus.com/pages/publications/85179123334?origin=resultslist,status wrong_file_retrieved,RF98D06B8E550__<short title>.pdf
9,never assessed: no full text could be retrieved; full-text screening closed by researcher decision 2026-09-28,,RFAC4975783C2,2024,Hassan A.W.; Zhang D.; Ibrahim M.,Accessibility to WASH and waste management services in African urban informal settlements: A comparative analysis,10.2166/washdev.2024.201,https://doi.org/10.2166/washdev.2024.201,https://www.scopus.com/pages/publications/85186614865?origin=resultslist,status not_retrievable,RFAC4975783C2__<short title>.pdf
9,never assessed: no full text could be retrieved; full-text screening closed by researcher decision 2026-09-28,,RFE5ED2F0D758,2024,Rahman H.M.T.; Ingram S.; Natcher D.,"The cascading disaster risk of water, energy and food systems",10.1080/17477891.2024.2323105,https://doi.org/10.1080/17477891.2024.2323105,https://www.scopus.com/pages/publications/85186248891?origin=resultslist,status not_retrievable,RFE5ED2F0D758__<short title>.pdf
9,never assessed: no full text could be retrieved; full-text screening closed by researcher decision 2026-09-28,,RFF643A810E48,2024,"Díaz-Combs, C","""People are no longer quiet"": Ordinary environmental citizenship in Lago Agrio, Ecuador",10.1177/25148486231160642,https://doi.org/10.1177/25148486231160642,https://www.webofscience.com/wos/woscc/full-record/WOS:000943794200001,status not_retrievable,RFF643A810E48__<short title>.pdf
9,never assessed: no full text could be retrieved; full-text screening closed by researcher decision 2026-09-28,,R03D388B03A8D,2025,Achuo E.D.; Asongu S.A.,"The impact of public spending on water, sanitation and hygiene adoption: Governance thresholds for complementary policies",10.1111/issj.12535,https://doi.org/10.1111/issj.12535,https://www.scopus.com/pages/publications/85201688893?origin=resultslist,status wrong_file_retrieved,R03D388B03A8D__<short title>.pdf
9,never assessed: no full text could be retrieved; full-text screening closed by researcher decision 2026-09-28,,R086CC8C86468,2025,Asvanon R.; Nazareth A.; Barquet K.,Gridless water configurations: integrating informal water activities and arrangements for equitable urban water development in India and Kenya,10.1080/1573062X.2025.2529924,https://doi.org/10.1080/1573062X.2025.2529924,https://www.scopus.com/pages/publications/105011252886?origin=resultslist,status not_retrievable,R086CC8C86468__<short title>.pdf
9,never assessed: no full text could be retrieved; full-text screening closed by researcher decision 2026-09-28,,R099B3B8ACB46,2025,Nicolas-Artero C.; Blanco-Wells G.,Tanker trucks in Chile: from the normalization of an emergency to the commodification of water,10.1080/07900627.2024.2423734,https://doi.org/10.1080/07900627.2024.2423734,https://www.scopus.com/pages/publications/105001956121?origin=resultslist,status not_retrievable,R099B3B8ACB46__<short title>.pdf
9,never assessed: no full text could be retrieved; full-text screening closed by researcher decision 2026-09-28,,R0B55C15E524A,2025,Aluko O.O.,"The dynamics of household sanitation services and faeco-oral diseases externalities in Osun State, southwest Nigeria",10.1093/trstmh/trae101,https://doi.org/10.1093/trstmh/trae101,https://www.scopus.com/pages/publications/86000455154?origin=resultslist,status not_retrievable,R0B55C15E524A__<short title>.pdf
9,never assessed: no full text could be retrieved; full-text screening closed by researcher decision 2026-09-28,,R0E3B58AEF079,2025,Mollah M.A.H.,Service Delivery and the Pulse of Citizen Satisfaction in Urban Governance of Bangladesh,10.1007/978-981-96-7564-7,https://doi.org/10.1007/978-981-96-7564-7,https://www.scopus.com/pages/publications/105022954712?origin=resultslist,status not_retrievable,R0E3B58AEF079__<short title>.pdf
9,never assessed: no full text could be retrieved; full-text screening closed by researcher decision 2026-09-28,,R1136FBCE60EA,2025,Fernandez S.; Cheema F.,Testing the effects of merit appointments and bureaucratic autonomy on governmental performance: Evidence from African bureaucracies,10.1111/puar.13896,https://doi.org/10.1111/puar.13896,https://www.scopus.com/pages/publications/85208597681?origin=resultslist,status not_retrievable,R1136FBCE60EA__<short title>.pdf
9,never assessed: no full text could be retrieved; full-text screening closed by researcher decision 2026-09-28,,R117C5DC21727,2025,Lindt K.; Royero Benavides B.,How Representatives of Community-Based Water Organisations Navigate Gaps in Colombia’s National Drinking Water Co-Production Strategy,,,https://www.scopus.com/pages/publications/105031231653?origin=resultslist,status not_retrievable,R117C5DC21727__<short title>.pdf
9,never assessed: no full text could be retrieved; full-text screening closed by researcher decision 2026-09-28,,R1188080A4527,2025,Benyovszky S.,Framing Water Through Oil: How Hydrocarbons Shape Water Governance in Algeria,,,https://www.scopus.com/pages/publications/105031241473?origin=resultslist,status not_retrievable,R1188080A4527__<short title>.pdf
9,never assessed: no full text could be retrieved; full-text screening closed by researcher decision 2026-09-28,,R1261BA60DC49,2025,"Sebake, B K","The Collapse of Developmental Local Government in South Africa with reference to Service Delivery, Corruption and Financial Lapses",10.31920/2634-3649/2025/v15n4a11,https://doi.org/10.31920/2634-3649/2025/v15n4a11,https://www.proquest.com/docview/3278912468?accountid=13598&bdid=165485&_bd=qeIol%2Bj4uR2iXxQiuNNmUXmu1qo%3D,status wrong_file_retrieved,R1261BA60DC49__<short title>.pdf
9,never assessed: no full text could be retrieved; full-text screening closed by researcher decision 2026-09-28,,R18E16EA3A367,2025,Lauret A.; Black K.; Golwala S.; Vogel T.,"Out of sight, out of mind? The crisis of decentralized water and wastewater servicing in Indigenous communities",10.1016/j.envsci.2025.104058,https://doi.org/10.1016/j.envsci.2025.104058,https://www.scopus.com/pages/publications/105002652338?origin=resultslist,status not_retrievable,R18E16EA3A367__<short title>.pdf
9,never assessed: no full text could be retrieved; full-text screening closed by researcher decision 2026-09-28,,R1D27DF36A4B5,2025,"Syal, S",Overregulated and Underserved: Regulatory overlap in infrastructure/ service provision in Delhi's 'informal' settlements,10.1016/j.habitatint.2025.103287,https://doi.org/10.1016/j.habitatint.2025.103287,https://www.webofscience.com/wos/woscc/full-record/WOS:001425541200001,status wrong_file_retrieved,R1D27DF36A4B5__<short title>.pdf
9,never assessed: no full text could be retrieved; full-text screening closed by researcher decision 2026-09-28,,R1F72CDCE0D1C,2025,Naz S.; Hossain M.Z.; Rahaman K.R.,"Assessing the effectiveness of a rights based approach for pro-poor WASH services: A study in urban poor settlements in Khulna, Bangladesh",10.1016/j.wdp.2025.100663,https://doi.org/10.1016/j.wdp.2025.100663,https://www.scopus.com/pages/publications/85216771644?origin=resultslist,status not_retrievable,R1F72CDCE0D1C__<short title>.pdf
9,never assessed: no full text could be retrieved; full-text screening closed by researcher decision 2026-09-28,,R22FCC752FA95,2025,"Dobbin, Kristin Babson; Fencl, Amanda; McBride, Justin",Linking variation in water democracy to system performance on the human right to water,10.1038/s44221-025-00504-w,https://doi.org/10.1038/s44221-025-00504-w,https://www.proquest.com/docview/3263253710?accountid=13598&bdid=165485&_bd=WqcF9MJe5hf307fQd4pazz0pQ3k%3D,status not_retrievable,R22FCC752FA95__<short title>.pdf
9,never assessed: no full text could be retrieved; full-text screening closed by researcher decision 2026-09-28,,R251294714250,2025,Angmor E.,Including Women in Community Water Governance: Implications for Gender-Sensitive Community Resilience Planning,10.4324/9781003641612-13,https://doi.org/10.4324/9781003641612-13,https://www.scopus.com/pages/publications/105020105610?origin=resultslist,status not_retrievable,R251294714250__<short title>.pdf
9,never assessed: no full text could be retrieved; full-text screening closed by researcher decision 2026-09-28,,R27D8B011E5A9,2025,Reguera A.F.L.,DISGUST AND PUNISHMENT IN IMMIGRATION DETENTION,10.4324/9781032617060-8,https://doi.org/10.4324/9781032617060-8,https://www.scopus.com/pages/publications/105027499354?origin=resultslist,status not_retrievable,R27D8B011E5A9__<short title>.pdf
9,never assessed: no full text could be retrieved; full-text screening closed by researcher decision 2026-09-28,,R2A4FEC099A8E,2025,Harik G.; Nemr Z.; Zurayk R.,Israel’s Systematic Weaponization of Water and Sanitation,10.1007/978-3-031-88500-6_10,https://doi.org/10.1007/978-3-031-88500-6_10,https://www.scopus.com/pages/publications/105008786365?origin=resultslist,status not_retrievable,R2A4FEC099A8E__<short title>.pdf
9,never assessed: no full text could be retrieved; full-text screening closed by researcher decision 2026-09-28,,R2A5837C6012B,2025,Medwid L.; Huang D.; Carroll D.A.; Khalaf C.; Albrecht K.; Li J.,The Hidden Household Water Affordability Burden: An Examination of Municipal Ordinances and Racial Equity,10.1177/02750740251340063,https://doi.org/10.1177/02750740251340063,https://www.scopus.com/pages/publications/105006984012?origin=resultslist,status not_retrievable,R2A5837C6012B__<short title>.pdf
9,never assessed: no full text could be retrieved; full-text screening closed by researcher decision 2026-09-28,,R2A63E76D009E,2025,"Dube, Beatrice",A Rawlsian perspective on water governance reform in South Africa,10.31920/2753-3182/2025/v4n2a16,https://doi.org/10.31920/2753-3182/2025/v4n2a16,https://www.proquest.com/docview/3236094351?accountid=13598&bdid=165485&_bd=rDi92mlIeYK04S6mHtEkhmce3W8%3D,status not_retrievable,R2A63E76D009E__<short title>.pdf
9,never assessed: no full text could be retrieved; full-text screening closed by researcher decision 2026-09-28,,R364672C9B3D8,2025,Acosta-González A.; Jimenez-Junca C.A.; Gallardo-Salas M.A.,Management and challenges in access and diagnosis of drinking water services in Rural Areas of Latin América,10.4018/979-8-3693-6089-7.ch010,https://doi.org/10.4018/979-8-3693-6089-7.ch010,https://www.scopus.com/pages/publications/105012914185?origin=resultslist,status not_retrievable,R364672C9B3D8__<short title>.pdf
9,never assessed: no full text could be retrieved; full-text screening closed by researcher decision 2026-09-28,,R3D86BDAB5223,2025,Ayelazuno R.A.; Tetteh S.,Sanitation struggles and public health concerns in Ghana: insights from Sodom and Gomorrah slum,10.1007/s43545-025-01063-3,https://doi.org/10.1007/s43545-025-01063-3,https://www.scopus.com/pages/publications/105000344215?origin=resultslist,status not_retrievable,R3D86BDAB5223__<short title>.pdf
9,never assessed: no full text could be retrieved; full-text screening closed by researcher decision 2026-09-28,,R3DCF362CC675,2025,Banyenza E.; Mkuna E.; Kitole F.A.; Tibamanya F.Y.; Nsindagi T.; Lihawa R.; Mugula V.; Kacholi G.,"Economic analysis of improved sanitation facilities among rural households: evidence from Bukoba District, Tanzania",10.1007/s13412-024-00979-1,https://doi.org/10.1007/s13412-024-00979-1,https://www.scopus.com/pages/publications/85203596983?origin=resultslist,status not_retrievable,R3DCF362CC675__<short title>.pdf
9,never assessed: no full text could be retrieved; full-text screening closed by researcher decision 2026-09-28,,R5D4687D7BDC5,2025,Ghosh A.; Misra R.,Minimizing Inequality in Urban Water: ST-GNN Forecasting and Differentiable Optimization,10.1109/BigData66926.2025.11402231,https://doi.org/10.1109/BigData66926.2025.11402231,https://www.scopus.com/pages/publications/105037844285?origin=resultslist,status not_retrievable,R5D4687D7BDC5__<short title>.pdf
9,never assessed: no full text could be retrieved; full-text screening closed by researcher decision 2026-09-28,,R6202636BCF92,2025,Pienaah C.K.A.; Amoak D.; Batung E.; Dassah C.; Molle M.N.; Antabe R.; Luginaah I.,"Water supply sources, management committees, and water insecurity in semi-arid northwest Ghana",10.1007/s40899-025-01261-0,https://doi.org/10.1007/s40899-025-01261-0,https://www.scopus.com/pages/publications/105012294949?origin=resultslist,status not_retrievable,R6202636BCF92__<short title>.pdf
9,never assessed: no full text could be retrieved; full-text screening closed by researcher decision 2026-09-28,,R6686BA3989B9,2025,Singh R.,How is the Theory of Intersectionality Helping us Rethink the Contemporary Issue of Lack of Access to WASH?,10.1057/s41301-025-00448-4,https://doi.org/10.1057/s41301-025-00448-4,https://www.scopus.com/pages/publications/105021438631?origin=resultslist,status not_retrievable,R6686BA3989B9__<short title>.pdf
9,never assessed: no full text could be retrieved; full-text screening closed by researcher decision 2026-09-28,,R6D818EF2492A,2025,"Yende, Nsizwazonke E; Ntini, Edmore",Sustainable Livelihood Strategies in the Midst of Service Delivery Discrepancies in Rural Areas of South Africa: 2015 - 2025,,,https://www.proquest.com/docview/3234717204?accountid=13598&bdid=165485&_bd=YxHUyM2p5M8F5mcdO37hw8yfC6o%3D,status not_retrievable,R6D818EF2492A__<short title>.pdf
9,never assessed: no full text could be retrieved; full-text screening closed by researcher decision 2026-09-28,,R708A63E184AE,2025,"Elder, Alison",Partnerships and Collaboration in Water Governance,,,https://www.proquest.com/docview/3212575685?accountid=13598&bdid=165485&_bd=qtn7VQadbRD3dgFiwRIXTXHdINQ%3D,status not_retrievable,R708A63E184AE__<short title>.pdf
9,never assessed: no full text could be retrieved; full-text screening closed by researcher decision 2026-09-28,,R74125D7B650D,2025,"Liddie, Jahred Marcus",Trends and Disparities in Contamination by Per- and Polyfluoroalkyl Substances in United States Community Water Systems,,,https://www.proquest.com/docview/3216345746?accountid=13598&bdid=165485&_bd=E3TzMJ0TkyDum4gV4NNjW0EEXjU%3D,status not_retrievable,R74125D7B650D__<short title>.pdf
9,never assessed: no full text could be retrieved; full-text screening closed by researcher decision 2026-09-28,,R7419FF987C80,2025,Mortada A.R.; Pagani L.S.,Judicial and non-judicial factors regarding the right to access freshwater in low- and middle-income countries,10.1007/s41207-025-00784-4,https://doi.org/10.1007/s41207-025-00784-4,https://www.scopus.com/pages/publications/105001854512?origin=resultslist,status not_retrievable,R7419FF987C80__<short title>.pdf
9,never assessed: no full text could be retrieved; full-text screening closed by researcher decision 2026-09-28,,R79DDA9B193D4,2025,"Salazar A.D., Jr.",Connecting the Pipes: Navigating the Fragmented Rural Water Governance in the Philippines Through Common-Pool Resource Design Principles and Social Capital,10.1111/aspp.70010,https://doi.org/10.1111/aspp.70010,https://www.scopus.com/pages/publications/105002447977?origin=resultslist,status not_retrievable,R79DDA9B193D4__<short title>.pdf
9,never assessed: no full text could be retrieved; full-text screening closed by researcher decision 2026-09-28,,R7A597F245FFB,2025,Tyagi R.S.; Singh S.K.; Goyal P.K.,A Review on Water Management Strategies for Sustainable Development of Tomorrow,10.1007/s40030-025-00917-6,https://doi.org/10.1007/s40030-025-00917-6,https://www.scopus.com/pages/publications/105014887850?origin=resultslist,status not_retrievable,R7A597F245FFB__<short title>.pdf
9,never assessed: no full text could be retrieved; full-text screening closed by researcher decision 2026-09-28,,R7A6343D72FE4,2025,Abiodun O.A.; Ayeleru O.O.,Repurposing a traditional water resources management tool for the sanitation sector,10.1016/B978-0-443-33038-4.00026-X,https://doi.org/10.1016/B978-0-443-33038-4.00026-X,https://www.scopus.com/pages/publications/105026836520?origin=resultslist,status not_retrievable,R7A6343D72FE4__<short title>.pdf
9,never assessed: no full text could be retrieved; full-text screening closed by researcher decision 2026-09-28,,R813F684CFDA0,2025,Mandal S.; Vaishnavi P.N.A.; Vharkat B.; Ghodke A.; Kabir Y.,Mapping Climate-Induced Risks in Maharashtra’s Rural Water Supply,10.4324/9781003600404-3,https://doi.org/10.4324/9781003600404-3,https://www.scopus.com/pages/publications/105012325745?origin=resultslist,status not_retrievable,R813F684CFDA0__<short title>.pdf
9,never assessed: no full text could be retrieved; full-text screening closed by researcher decision 2026-09-28,,R81C6FBA8C791,2025,"Peña Philippides, Juan Carlos","Assessing and Integrating Socioeconomic and Demographic Factors in Rimac River Basin, Peru, Integrated Water Resources Management and Water Governance Achievements",,,https://www.proquest.com/docview/3204149110?accountid=13598&bdid=165485&_bd=xJMCEvMuJENHCKGulJ9A8GPOgpk%3D,status not_retrievable,R81C6FBA8C791__<short title>.pdf
9,never assessed: no full text could be retrieved; full-text screening closed by researcher decision 2026-09-28,,R893123523371,2025,Ahona N.; Anik A.; Tareq S.,"A Systematic Review of Water, Sanitation and Hygiene of Bangladesh: Prospects and Challenges to Achieve Sustainable Development",10.1111/wej.70009,https://doi.org/10.1111/wej.70009,https://www.scopus.com/pages/publications/105015448061?origin=resultslist,status not_retrievable,R893123523371__<short title>.pdf
9,never assessed: no full text could be retrieved; full-text screening closed by researcher decision 2026-09-28,,R8B12BBC0815A,2025,Dwipayanti N.M.U.; Kurnianingsih I.D.K.D.S.; Mustafa A.; Nastiti A.; Daniel D.; Kowara M.; Savitri I.G.A.D.,Socio-ecological barriers to women's empowerment in sanitation in Eastern Indonesia,10.1016/j.healthplace.2025.103554,https://doi.org/10.1016/j.healthplace.2025.103554,https://www.scopus.com/pages/publications/105019574320?origin=resultslist,status not_retrievable,R8B12BBC0815A__<short title>.pdf
9,never assessed: no full text could be retrieved; full-text screening closed by researcher decision 2026-09-28,,R8BE6FE4C32D7,2025,Mohd Nazir N.Z.; Lee K.E.; Goh T.L.; Mokhtar M.; Sharani N.A.; Mohd Aris A.; Khor B.C.; Wan Abdullah W.A.R.; Husain H.; ,Enhancing water security through mobile constructed wetlands: A decentralised approach for wastewater reclamation and reuse,10.1016/j.jece.2025.117859,https://doi.org/10.1016/j.jece.2025.117859,https://www.scopus.com/pages/publications/105010849580?origin=resultslist,status not_retrievable,R8BE6FE4C32D7__<short title>.pdf
9,never assessed: no full text could be retrieved; full-text screening closed by researcher decision 2026-09-28,,R921083606DF7,2025,Bravo J.; Anriquez G.; Melo O.; Donoso G.,Beyond coverage: Unveiling income and spatial inequalities in access to water and sanitation services in Chile,10.1016/j.jup.2025.102061,https://doi.org/10.1016/j.jup.2025.102061,https://www.scopus.com/pages/publications/105016785921?origin=resultslist,status not_retrievable,R921083606DF7__<short title>.pdf
9,never assessed: no full text could be retrieved; full-text screening closed by researcher decision 2026-09-28,,R93164FD9F779,2025,Gardner J.W.; Kohls E.E.; Gingerich D.B.,Assessing the Impact of the PFAS Rule on Water Affordability: Evidence from Ohio,10.1021/acsestwater.4c00787,https://doi.org/10.1021/acsestwater.4c00787,https://www.scopus.com/pages/publications/85211617642?origin=resultslist,status not_retrievable,R93164FD9F779__<short title>.pdf
9,never assessed: no full text could be retrieved; full-text screening closed by researcher decision 2026-09-28,,R9565493615D5,2025,Bhatia S.; Sinha S.; Sen S.,"Community, citizenship and social class in neoliberal rural drinking water governance",,,https://www.scopus.com/pages/publications/105023284234?origin=resultslist,status not_retrievable,R9565493615D5__<short title>.pdf
9,never assessed: no full text could be retrieved; full-text screening closed by researcher decision 2026-09-28,,R96794C6736A8,2025,"Nakyagaba, Gloria Nsangi","Examining Links Between Nature, Society and Modes of Sanitation in Kampala",,,https://www.proquest.com/docview/3222313876?accountid=13598&bdid=165485&_bd=0qzkCjy2ascd%2FkxzNu6lDtdFX3Q%3D,status not_retrievable,R96794C6736A8__<short title>.pdf
9,never assessed: no full text could be retrieved; full-text screening closed by researcher decision 2026-09-28,,R9CEE97D89C54,2025,"Nahar, Sarah","Dealing With Our Crap, Literally and Metaphorically: Ecological Sanitation in the Context of Environmental Studies and Religion",,,https://www.proquest.com/docview/3375375752?accountid=13598&bdid=165485&_bd=sbDWoBx08C2mwBBD8pCNWBfCUWg%3D,status not_retrievable,R9CEE97D89C54__<short title>.pdf
9,never assessed: no full text could be retrieved; full-text screening closed by researcher decision 2026-09-28,,RA41ACB484CFD,2025,Vicario E.F.; Amankwaa E.F.; Ghebremichael K.; Mihelcic J.R.,"How do water utilities’ decisions perpetuate theft in informal settlements? Collaborative systems analysis in Accra, Ghana",10.1016/j.watres.2025.123297,https://doi.org/10.1016/j.watres.2025.123297,https://www.scopus.com/pages/publications/85217954861?origin=resultslist,status not_retrievable,RA41ACB484CFD__<short title>.pdf
9,never assessed: no full text could be retrieved; full-text screening closed by researcher decision 2026-09-28,,RAA945DD273DD,2025,Guedes W.P.; Ferreira D.H.L.; Branchi B.A.,Proposal for an integrated model to assess municipal efficiency in managing sanitation and water risks,10.1007/s10668-025-06704-4,https://doi.org/10.1007/s10668-025-06704-4,https://www.scopus.com/pages/publications/105015643134?origin=resultslist,status not_retrievable,RAA945DD273DD__<short title>.pdf
9,never assessed: no full text could be retrieved; full-text screening closed by researcher decision 2026-09-28,,RAEB53D610704,2025,Frimpong L.K.; Okyere S.A.; Mensah S.L.; Tumawu A.F.,"ENVIRONMENTAL RESILIENCE PLANNING IN OVERLOOKED SMALL TOWNS: Examining Temporalities and Structural Challenges in Access to Water and Sanitation in Yilo Krobo Municipality, Ghana",10.4324/9781003588801-20,https://doi.org/10.4324/9781003588801-20,https://www.scopus.com/pages/publications/105024147315?origin=resultslist,status not_retrievable,RAEB53D610704__<short title>.pdf
9,never assessed: no full text could be retrieved; full-text screening closed by researcher decision 2026-09-28,,RB284B6C584B0,2025,"Malventano, Amy Justine Canon; Campbell, Tracy","Shaping a City: Municipal Housekeeping, Civic Activism, and Urban Environmentalism in Progressive Era Louisville Through the Women’s City Club",,,https://www.proquest.com/docview/3260486985?accountid=13598&bdid=165485&_bd=qSivvKvAwV9Lzs56mHPCyqMyMfQ%3D,status not_retrievable,RB284B6C584B0__<short title>.pdf
9,never assessed: no full text could be retrieved; full-text screening closed by researcher decision 2026-09-28,,RBCF65969CA4A,2025,"Keller, Kirsten","Mussels and Megaprojects: A Landscape Approach to the Reproduction of Urban Inequality in Jakarta, Indonesia",,,https://www.proquest.com/docview/3234097100?accountid=13598&bdid=165485&_bd=r1CZ7VFTljqnegkq0W%2BZOcjETs4%3D,status not_retrievable,RBCF65969CA4A__<short title>.pdf
9,never assessed: no full text could be retrieved; full-text screening closed by researcher decision 2026-09-28,,RBEFE4D574380,2025,Msigwa L.K.; Mwakanyamale E.P.,"Blasting the Lifeline: Effects of Artisanal and Small-Scale Mine Blasting on Rural Water Supply Systems in Songwe District, Southern Highlands — Tanzania",10.1007/s41101-025-00427-3,https://doi.org/10.1007/s41101-025-00427-3,https://www.scopus.com/pages/publications/105015422182?origin=resultslist,status not_retrievable,RBEFE4D574380__<short title>.pdf
9,never assessed: no full text could be retrieved; full-text screening closed by researcher decision 2026-09-28,,RBF0EEF1CDA94,2025,"Nicault, Maëlle; Thébaux, Priscilla; Lallemand, Julien",Pour un droit à l'eau effectif dans les Départements et Régions d'Outre-Mer. Interroger les modes de gestion de l'eau potable,,,https://www.proquest.com/docview/3214120162?accountid=13598&bdid=165485&_bd=OcogYeDltjYFHXdkJ%2FRZV%2BReEMg%3D,status not_retrievable,RBF0EEF1CDA94__<short title>.pdf
9,never assessed: no full text could be retrieved; full-text screening closed by researcher decision 2026-09-28,,RC010E2D2BD7B,2025,Chandra B.; Parasar A.,The Current Situation of People Belonging to the Dalit Community Living in Bangladesh to Achieve the 11th Goal of SDG 2030,10.1007/s12552-025-09459-9,https://doi.org/10.1007/s12552-025-09459-9,https://www.scopus.com/pages/publications/105018518999?origin=resultslist,status not_retrievable,RC010E2D2BD7B__<short title>.pdf
9,never assessed: no full text could be retrieved; full-text screening closed by researcher decision 2026-09-28,,RC2589236B62D,2025,"Poizat, Sandra Gutiérrez","Daily Water Management at Metropolitan San Salvador (El Salvador) Periurban Territories: Between ""Modern Water"" and Hybrid Practices",,,https://www.proquest.com/docview/3346909093?accountid=13598&bdid=165485&_bd=3HLXCpMt%2BeCCopqyoA0%2FJiQA%2F7Y%3D,status not_retrievable,RC2589236B62D__<short title>.pdf
9,never assessed: no full text could be retrieved; full-text screening closed by researcher decision 2026-09-28,,RC94FAE19435A,2025,"Faiaz, Nahideh; Giusti, Serena",Gendered exclusion in water governance in Afghanistan: insights from Herat province,10.1504/IJGSDS.2025.151390,https://doi.org/10.1504/IJGSDS.2025.151390,https://www.proquest.com/docview/3299026133?accountid=13598&bdid=165485&_bd=lytw8%2FEps1NT%2FiHhSVcbI2kXkQs%3D,status not_retrievable,RC94FAE19435A__<short title>.pdf
9,never assessed: no full text could be retrieved; full-text screening closed by researcher decision 2026-09-28,,RCB553CF7160B,2025,"Alexandre da Silva Faustino; Cooke, Benjamin","Assembling the capacity to care in unequal waterscapes: insights from São Paulo, Brazil",10.1080/00049182.2025.2602204,https://doi.org/10.1080/00049182.2025.2602204,https://www.proquest.com/docview/3329880095?accountid=13598&bdid=165485&_bd=UtNtzJruphMy8TYvBg7fypKv5Sg%3D,status not_retrievable,RCB553CF7160B__<short title>.pdf
9,never assessed: no full text could be retrieved; full-text screening closed by researcher decision 2026-09-28,,RCD6962026C0A,2025,"Mahlangu, Nolwazi Matseleng",Informal Practices in Settlement Buildings in Bekezela Johannesburg,,,https://www.proquest.com/docview/3372575505?accountid=13598&bdid=165485&_bd=hgXgbTqeyRGAniw%2FLyAbyyBd9tY%3D,status not_retrievable,RCD6962026C0A__<short title>.pdf
9,never assessed: no full text could be retrieved; full-text screening closed by researcher decision 2026-09-28,,RD226743CE2E4,2025,Jash A.,"A Colonial Discourse on ‘Urban Water’: A Case Study of Hesaraghatta Waterworks in Bangalore, India",,,https://www.scopus.com/pages/publications/105015401105?origin=resultslist,status not_retrievable,RD226743CE2E4__<short title>.pdf
9,never assessed: no full text could be retrieved; full-text screening closed by researcher decision 2026-09-28,,RD5A2F6A69ED8,2025,"Mehta, Nikita","Understanding the Influence of Caste, Gender, and Religion in Community-Based Sanitation Programmes in Rural India",,,https://www.proquest.com/docview/3283378163?accountid=13598&bdid=165485&_bd=EhDiiRkjLXxHvuQldV3J5aRzu2I%3D,status not_retrievable,RD5A2F6A69ED8__<short title>.pdf
9,never assessed: no full text could be retrieved; full-text screening closed by researcher decision 2026-09-28,,RD5C9E5E5D1D4,2025,Rajasekhar D.; Kurosaki T.; Manjula R.; Mori Y.,Does participation in village assembly lead to improved public good allocation? Evidence from India,10.1007/s42973-025-00203-x,https://doi.org/10.1007/s42973-025-00203-x,https://www.scopus.com/pages/publications/105004467932?origin=resultslist,status not_retrievable,RD5C9E5E5D1D4__<short title>.pdf
9,never assessed: no full text could be retrieved; full-text screening closed by researcher decision 2026-09-28,,RD7C03A60934A,2025,Kasper M.,From dams to tanks to jerry cans: Storage as a multi-scalar analytic,10.1177/25148486251372784,https://doi.org/10.1177/25148486251372784,https://www.scopus.com/pages/publications/105019710068?origin=resultslist,status wrong_file_retrieved,RD7C03A60934A__<short title>.pdf
9,never assessed: no full text could be retrieved; full-text screening closed by researcher decision 2026-09-28,,RDF9117B5BD26,2025,"Denisova, T; Kostelyanets, S",The Zambezi River Basin: Challenges of Transboundary Water Governance,10.20542/0131-2227-2025-69-11-96-107,https://doi.org/10.20542/0131-2227-2025-69-11-96-107,https://www.proquest.com/docview/3308177844?accountid=13598&bdid=165485&_bd=Fz%2F6Uf8biBl4jSurkSJT8PZ0Zi4%3D,status not_retrievable,RDF9117B5BD26__<short title>.pdf
9,never assessed: no full text could be retrieved; full-text screening closed by researcher decision 2026-09-28,,RE8C4C6D64CCE,2025,Pillai S.,Addressing inequities through localised interventions: lessons from a network governance initiative for sanitation in India,10.1080/09614524.2025.2562481,https://doi.org/10.1080/09614524.2025.2562481,https://www.scopus.com/pages/publications/105018836774?origin=resultslist,status not_retrievable,RE8C4C6D64CCE__<short title>.pdf
9,never assessed: no full text could be retrieved; full-text screening closed by researcher decision 2026-09-28,,RF11E20F0A218,2025,Agbo C.; Jeffrey P.; Sule M.N.,Evaluation of failings in urban water supply and sanitation systems in Sub-Saharan Africa: a systematic review to inform future planning,10.2166/washdev.2025.267,https://doi.org/10.2166/washdev.2025.267,https://www.scopus.com/pages/publications/86000356338?origin=resultslist,status not_retrievable,RF11E20F0A218__<short title>.pdf
9,never assessed: no full text could be retrieved; full-text screening closed by researcher decision 2026-09-28,,RF50DA6E96710,2025,"Kies-Ryan, Samantha",Creative and Innovative Approaches to Engaging With Communities in Water Security in the Solomon Islands,,,https://www.proquest.com/docview/3177937052?accountid=13598&bdid=165485&_bd=zQ9kkG3umuSt2hqQJRCq%2BIiPjf4%3D,status not_retrievable,RF50DA6E96710__<short title>.pdf
9,never assessed: no full text could be retrieved; full-text screening closed by researcher decision 2026-09-28,,R068F867FBBD8,2026,Shen R.; Guo H.D.; Alam S.Y.U.,Enhancing Service Delivery Efficiency Through Inter-Local Collaboration: A Network Analysis in Water Service Context,10.1177/02750740251384215,https://doi.org/10.1177/02750740251384215,https://www.scopus.com/pages/publications/105019369709?origin=resultslist,status not_retrievable,R068F867FBBD8__<short title>.pdf
9,never assessed: no full text could be retrieved; full-text screening closed by researcher decision 2026-09-28,,R0912E3546254,2026,Asfaw T.D.; Dejen Z.A.; Mekonen S.; Kassegn M.; Melaku A.; Gezahegn K.; Abera Z.,Water Utilities Capacity and Governance: Insights into Sustainable Service Improvement,10.1007/s41101-025-00462-0,https://doi.org/10.1007/s41101-025-00462-0,https://www.scopus.com/pages/publications/105027523038?origin=resultslist,status not_retrievable,R0912E3546254__<short title>.pdf
9,never assessed: no full text could be retrieved; full-text screening closed by researcher decision 2026-09-28,,R0B54C2151A19,2026,Kothadia A.; Salmon-Mulanovich G.; Ingham S.; Rusyidi B.; Cole S.; Tallman P.,"Infrastructural violence, water insecurity, and gender in northern Peru",10.1016/j.socscimed.2026.119452,https://doi.org/10.1016/j.socscimed.2026.119452,https://www.scopus.com/pages/publications/105043909604?origin=resultslist,status not_retrievable,R0B54C2151A19__<short title>.pdf
9,never assessed: no full text could be retrieved; full-text screening closed by researcher decision 2026-09-28,,R0DB69693C7EB,2026,"Fanali, A; Paroling, M; Crispim, JD",DIAGNOSIS OF THE FUNCTIONING OF THE BET SYSTEM -EVAPOTRANSPIRATION BASIN: Units in Iretama and Campo Mourao -PR,,,https://www.webofscience.com/wos/woscc/full-record/WOS:001840734500006,status not_retrievable,R0DB69693C7EB__<short title>.pdf
9,never assessed: no full text could be retrieved; full-text screening closed by researcher decision 2026-09-28,,R1070B38261EF,2026,Fobi Kontor M.; Núñez Collado J.R.; Brown A.,Bridging the Gap in Urban Water Accessibility: Exploring the Barriers to Equity in Water Access in Ghana,10.1007/978-3-032-20649-7_4,https://doi.org/10.1007/978-3-032-20649-7_4,https://www.scopus.com/pages/publications/105040166221?origin=resultslist,status not_retrievable,R1070B38261EF__<short title>.pdf
9,never assessed: no full text could be retrieved; full-text screening closed by researcher decision 2026-09-28,,R111BE952904C,2026,Khatun S.; Aktar N.,Effect of Water Crisis on Rural Women: A Review of Indian Perspectives,10.1007/978-3-032-10887-6_1,https://doi.org/10.1007/978-3-032-10887-6_1,https://www.scopus.com/pages/publications/105048488527?origin=resultslist,status not_retrievable,R111BE952904C__<short title>.pdf
9,never assessed: no full text could be retrieved; full-text screening closed by researcher decision 2026-09-28,,R174328BEEE2D,2026,Lenka A.K.; Chanchal R.; Sheemar V.,Urban India’s water supply woes: A review of policies and provisioning,10.1201/9781003771937-102,https://doi.org/10.1201/9781003771937-102,https://www.scopus.com/pages/publications/105039036228?origin=resultslist,status wrong_file_retrieved,R174328BEEE2D__<short title>.pdf
9,never assessed: no full text could be retrieved; full-text screening closed by researcher decision 2026-09-28,,R1DFA2BA2F467,2026,Mwesongo C.S.,"Scale mismatches and the value of social networks in access to sanitation facilities in Mwanza City, Tanzania: A Socio-Ecological Network analysis",10.1016/j.landusepol.2025.107814,https://doi.org/10.1016/j.landusepol.2025.107814,https://www.scopus.com/pages/publications/105019092992?origin=resultslist,status not_retrievable,R1DFA2BA2F467__<short title>.pdf
9,never assessed: no full text could be retrieved; full-text screening closed by researcher decision 2026-09-28,,R1F93B54A2F6C,2026,"Rogers, Mickey M; Ota, William M; Burola, Nathaniel; Piquado, Tepring","The Infrastructure Equation: Water, Energy, and Community Policy for Georgia's Data Center Boom",,,https://www.proquest.com/docview/3303275020?accountid=13598&bdid=165485&_bd=NignHlFJIxpQGJFfclBTDRZ4JWY%3D,status not_retrievable,R1F93B54A2F6C__<short title>.pdf
9,never assessed: no full text could be retrieved; full-text screening closed by researcher decision 2026-09-28,,R1FC034307127,2026,Nayak S.; Singh P.K.,"Willingness to pay for demand for improvement in drinking water, sanitation, and micro-environmental facilities: case study from Lucknow slums in India",10.1007/s10668-025-07081-8,https://doi.org/10.1007/s10668-025-07081-8,https://www.scopus.com/pages/publications/105030382851?origin=resultslist,status not_retrievable,R1FC034307127__<short title>.pdf
9,never assessed: no full text could be retrieved; full-text screening closed by researcher decision 2026-09-28,,R24E6C749E5D4,2026,Hernando-Arrese M.; Ibarra M.I.; Bolados P.,"Reimagining water governance through feminist perspectives: Women’s everyday experiences in the Toltén Hydrosocial Territory, Southern Chile",10.1016/j.envsci.2026.104408,https://doi.org/10.1016/j.envsci.2026.104408,https://www.scopus.com/pages/publications/105039993548?origin=resultslist,status not_retrievable,R24E6C749E5D4__<short title>.pdf
9,never assessed: no full text could be retrieved; full-text screening closed by researcher decision 2026-09-28,,R3076E09A98B6,2026,Kumar S.; Mishra S.; Kumar A.,Deciphering the Water Accessibility in Urban Neighbourhoods: A Case of Water Supply in Delhi,10.1007/978-981-95-0736-8_59,https://doi.org/10.1007/978-981-95-0736-8_59,https://www.scopus.com/pages/publications/105033563899?origin=resultslist,status not_retrievable,R3076E09A98B6__<short title>.pdf
9,never assessed: no full text could be retrieved; full-text screening closed by researcher decision 2026-09-28,,R3E3041A3D444,2026,Munyayi R.; Swatuk L.A.; Mazvimavi D.; Chiramba T.; Mapani B.,Household Water Insecurity Severity Across Urban Areas with Varying Aridity Levels in Sub-Saharan Africa: Examples from Namibia,10.1016/j.wasec.2026.100200,https://doi.org/10.1016/j.wasec.2026.100200,https://www.scopus.com/pages/publications/105034764603?origin=resultslist,status not_retrievable,R3E3041A3D444__<short title>.pdf
9,never assessed: no full text could be retrieved; full-text screening closed by researcher decision 2026-09-28,,R44CE27DC9727,2026,Sarkar A.; Basak S.; Jana S.; Halder O.; Bhowal A.,"Gendered Dimensions of Water Security and Food Supply: Examining Women’s Health and Leadership in Gangani Census Mouza, West Bengal",10.1007/978-3-032-10887-6_4,https://doi.org/10.1007/978-3-032-10887-6_4,https://www.scopus.com/pages/publications/105048505025?origin=resultslist,status not_retrievable,R44CE27DC9727__<short title>.pdf
9,never assessed: no full text could be retrieved; full-text screening closed by researcher decision 2026-09-28,,R44F4D16ABBEA,2026,"Morales, Laura Joaquina","Beyond the Tap: Water, Citizenship, and the Reimagining of American Democracy",,,https://www.proquest.com/docview/3339782375?accountid=13598&bdid=165485&_bd=YL3vpZuo%2FYFZgNluFeLNCenIP2U%3D,status not_retrievable,R44F4D16ABBEA__<short title>.pdf
9,never assessed: no full text could be retrieved; full-text screening closed by researcher decision 2026-09-28,,R4747D449F29A,2026,Gamage D.; Ranasinghe P.; Nagabhatla N.; Chandrasena N.; Jayasena C.,"Toward SDG 6 in the Deduru Oya Basin, Sri Lanka: Assessing Localized Progress in Rural and Urban Settings",10.1007/978-981-95-0736-8_2,https://doi.org/10.1007/978-981-95-0736-8_2,https://www.scopus.com/pages/publications/105033608812?origin=resultslist,status not_retrievable,R4747D449F29A__<short title>.pdf
9,never assessed: no full text could be retrieved; full-text screening closed by researcher decision 2026-09-28,,R4A7F8709BEDE,2026,"dos Santos, GAC; Bastos, VK; Razzolini, MTP",WASH Policy responses for homeless populations during the COVID-19 pandemic: a global review with emphasis on Brazil,10.2166/washdev.2026.262,https://doi.org/10.2166/washdev.2026.262,https://www.webofscience.com/wos/woscc/full-record/WOS:001864652800001,status not_retrievable,R4A7F8709BEDE__<short title>.pdf
9,never assessed: no full text could be retrieved; full-text screening closed by researcher decision 2026-09-28,,R4D38A1953C24,2026,Dhanusk K.; Devkota N.; Khanal G.; Byanjankar R.; Danuwar R.K.,Decade-long waits for drinking water in Nepal’s capital city: urban household’s willingness to pay for improved water services,10.1080/1573062X.2026.2618690,https://doi.org/10.1080/1573062X.2026.2618690,https://www.scopus.com/pages/publications/105028443310?origin=resultslist,status not_retrievable,R4D38A1953C24__<short title>.pdf
9,never assessed: no full text could be retrieved; full-text screening closed by researcher decision 2026-09-28,,R4E4ABB0DA4F5,2026,"Yuan, Liansheng; Ibrahim, Ridwan Lanre; Alomair, Abdulrahman","Why Can't Africa's Resource Wealth Secure Water, Energy, and Food? The Critical Role of Inequality in the WEF Nexus",10.1111/1467-8268.70056,https://doi.org/10.1111/1467-8268.70056,https://www.proquest.com/docview/3355335895?accountid=13598&bdid=165485&_bd=yOw4q9v5AztuBLRBD0k4XizuBaI%3D,status not_retrievable,R4E4ABB0DA4F5__<short title>.pdf
9,never assessed: no full text could be retrieved; full-text screening closed by researcher decision 2026-09-28,,R524A6753EA93,2026,Herath O.; Wijesinghe M.; Thathsara R.,HARNESSING SOCIO-CULTURAL PRACTICES OF SHANTY DWELLERS FOR INCLUSIVE URBAN DEVELOPMENT IN SRI LANKA: EVIDENCE FROM WATTALA,10.31705/WCS.2026.65,https://doi.org/10.31705/WCS.2026.65,https://www.scopus.com/pages/publications/105046347907?origin=resultslist,status wrong_file_retrieved,R524A6753EA93__<short title>.pdf
9,never assessed: no full text could be retrieved; full-text screening closed by researcher decision 2026-09-28,,R53B11A53DAE2,2026,Dwiyanti L.; Agustawijaya D.S.,Sanitation Management Strategy In East Lombok Using SSK Instruments,10.1063/5.0340077,https://doi.org/10.1063/5.0340077,https://www.scopus.com/pages/publications/105040370817?origin=resultslist,status not_retrievable,R53B11A53DAE2__<short title>.pdf
9,never assessed: no full text could be retrieved; full-text screening closed by researcher decision 2026-09-28,,R565FCA6BF637,2026,Oladimeji J.S.,"Efforts and Disparities in Self-help Infrastructure Provisioning and Maintenance in Unplanned Neighborhoods of Zaria Urban Area, Nigeria",10.1007/978-3-032-08992-2_43,https://doi.org/10.1007/978-3-032-08992-2_43,https://www.scopus.com/pages/publications/105036381594?origin=resultslist,status not_retrievable,R565FCA6BF637__<short title>.pdf
9,never assessed: no full text could be retrieved; full-text screening closed by researcher decision 2026-09-28,,R567DAF227DB7,2026,Andhi D.D.; Yulfiah Y.,Strategy formulation for accelerating safe sanitation improvement in Lamongan,10.22515/y379nm75,https://doi.org/10.22515/y379nm75,https://www.scopus.com/pages/publications/105042076726?origin=resultslist,status wrong_file_retrieved,R567DAF227DB7__<short title>.pdf
9,never assessed: no full text could be retrieved; full-text screening closed by researcher decision 2026-09-28,,R588334F09232,2026,"Mahato, B; Chen, X; McKnight, S; Naher, N; Zhang, XD; Aistrup, J; Fisk, JM; Morris, JC",Regional Disparities and Risk Factors in US Drinking Water Violations: Analyzing Trends From 2006 to 2020,10.1111/ssqu.70156,https://doi.org/10.1111/ssqu.70156,https://www.webofscience.com/wos/woscc/full-record/WOS:001772937300016,status not_retrievable,R588334F09232__<short title>.pdf
9,never assessed: no full text could be retrieved; full-text screening closed by researcher decision 2026-09-28,,R5DD9B13CFEF7,2026,Turkman N.; Ibrahim M.S.; Ayyad D.; Alfarra M.; Qurie M.,"Water, Sanitation, and Hygiene (WASH) crisis in Gaza: a case study of public health collapse and governance failure",10.2166/wh.2026.271,https://doi.org/10.2166/wh.2026.271,https://www.scopus.com/pages/publications/105046859096?origin=resultslist,status not_retrievable,R5DD9B13CFEF7__<short title>.pdf
9,never assessed: no full text could be retrieved; full-text screening closed by researcher decision 2026-09-28,,R6A466BAF0B8D,2026,Nassar N.; Zabadi H.A.; Chabaane Z.L.,"Wastewater, air quality, and environmental justice in the Southern West Bank: an integrated analysis using remote sensing, geospatial analysis, and terrain modeling (2019–2024)",10.1007/s41207-026-01143-7,https://doi.org/10.1007/s41207-026-01143-7,https://www.scopus.com/pages/publications/105039008900?origin=resultslist,status not_retrievable,R6A466BAF0B8D__<short title>.pdf
9,never assessed: no full text could be retrieved; full-text screening closed by researcher decision 2026-09-28,,R6ED6084F5486,2026,Breen M.; Marks D.,Corruption and SDG 6: Clean Water and Sanitation for All,10.4324/9781003570912-7,https://doi.org/10.4324/9781003570912-7,https://www.scopus.com/pages/publications/105039408625?origin=resultslist,status wrong_file_retrieved,R6ED6084F5486__<short title>.pdf
9,never assessed: no full text could be retrieved; full-text screening closed by researcher decision 2026-09-28,,R6F6D47EB744B,2026,Hernando-Arrese M.; Muñoz H.; Goujon D.,"R-existing in a saturated water body: hydrofeminist textile approach to Mallolafken, Chile",10.1108/JOE-11-2025-0151,https://doi.org/10.1108/JOE-11-2025-0151,https://www.scopus.com/pages/publications/105046684761?origin=resultslist,status not_retrievable,R6F6D47EB744B__<short title>.pdf
9,never assessed: no full text could be retrieved; full-text screening closed by researcher decision 2026-09-28,,R713CB9789BDD,2026,Izah S.C.; Jacob D.E.; Alum E.U.; Fayiah M.,Water Safety in Sub-Saharan Africa,10.1007/978-3-032-10602-5_9,https://doi.org/10.1007/978-3-032-10602-5_9,https://www.scopus.com/pages/publications/105027014218?origin=resultslist,status not_retrievable,R713CB9789BDD__<short title>.pdf
9,never assessed: no full text could be retrieved; full-text screening closed by researcher decision 2026-09-28,,R736F132F3B41,2026,Pierce G.; Downs K.; El-Khattabi A.R.; Levine L.,Water utility residential customer disconnections and sociodemographic effects from across pandemic-era policy shifts: Evidence from New Jersey,10.1016/j.jup.2026.102263,https://doi.org/10.1016/j.jup.2026.102263,https://www.scopus.com/pages/publications/105042611704?origin=resultslist,status not_retrievable,R736F132F3B41__<short title>.pdf
9,never assessed: no full text could be retrieved; full-text screening closed by researcher decision 2026-09-28,,R76155657D06D,2026,Bandala E.R.; Ayoko G.A.; Goonetilleke A.,Disparities in Drinking Water Security: Implications for Achieving SDG 6 in Native American Nations in the United States,10.1177/19394071251414501,https://doi.org/10.1177/19394071251414501,https://www.scopus.com/pages/publications/105046983067?origin=resultslist,status not_retrievable,R76155657D06D__<short title>.pdf
9,never assessed: no full text could be retrieved; full-text screening closed by researcher decision 2026-09-28,,R77483E43FDD3,2026,"Williams, J","THE VIOLENCE OF FULL COST RECOVERY: Financing Water Infrastructure, and the History and Future of Perpetual Crisis in Mombasa",10.1111/1468-2427.70094,https://doi.org/10.1111/1468-2427.70094,https://www.webofscience.com/wos/woscc/full-record/WOS:001762143800001,status not_retrievable,R77483E43FDD3__<short title>.pdf
9,never assessed: no full text could be retrieved; full-text screening closed by researcher decision 2026-09-28,,R7897046FE31C,2026,Gupta S.; Das S.; Chaudhuri R.,Evaluating Policies for Restoration of a Forest Catchment: An Institutional Analysis,10.1505/146554825840449614,https://doi.org/10.1505/146554825840449614,https://www.scopus.com/pages/publications/105038423821?origin=resultslist,status not_retrievable,R7897046FE31C__<short title>.pdf
9,never assessed: no full text could be retrieved; full-text screening closed by researcher decision 2026-09-28,,R7E7395199865,2026,Williams H.; Upendram S.; Mingie J.; Cho S.-H.,Assessing the Targeting Efficiency of Clean Water Subsidies Under Uncertainty,10.1007/s00267-026-02581-3,https://doi.org/10.1007/s00267-026-02581-3,https://www.scopus.com/pages/publications/105047556857?origin=resultslist,status not_retrievable,R7E7395199865__<short title>.pdf
9,never assessed: no full text could be retrieved; full-text screening closed by researcher decision 2026-09-28,,R819F9D5C3821,2026,Preña E.M.; Labayo C.P.; Lorenzana E.A.; Poja J.G.; Montas M.M.P.,Household Perspectives on Urban Water Service Delivery: Implications for Policy and Practice in the Philippines,10.1177/1087724X261439281,https://doi.org/10.1177/1087724X261439281,https://www.scopus.com/pages/publications/105034418725?origin=resultslist,status not_retrievable,R819F9D5C3821__<short title>.pdf
9,never assessed: no full text could be retrieved; full-text screening closed by researcher decision 2026-09-28,,R83E2D75E6112,2026,Pirzada Z.A.; Shafaat N.; Mahar S.A.,"Decentralization on paper, centralization in practice: exploring the structural barriers to effective urban governance in Pakistan’s decentralized systems",10.1080/12294659.2026.2623585,https://doi.org/10.1080/12294659.2026.2623585,https://www.scopus.com/pages/publications/105029424231?origin=resultslist,status not_retrievable,R83E2D75E6112__<short title>.pdf
9,never assessed: no full text could be retrieved; full-text screening closed by researcher decision 2026-09-28,,R85534933BB87,2026,Donkor P.; Siabi E.K.; Mensah S.K.; Frimpong K.,"Green dreams and toxic realities: Exploring the environmental health risks and coping strategies of women in mining settlements in Obuasi, Ghana",10.1016/j.resourpol.2026.105957,https://doi.org/10.1016/j.resourpol.2026.105957,https://www.scopus.com/pages/publications/105039867405?origin=resultslist,status not_retrievable,R85534933BB87__<short title>.pdf
9,never assessed: no full text could be retrieved; full-text screening closed by researcher decision 2026-09-28,,R86C2630C985B,2026,de Biase C.; Napolitano A.; Redouane Z.; Menna D.,Urban and Valuation Aspects of an Illegal Neighborhood: The Case of Campo Sorbo in Ancient Capua,10.1007/978-3-031-97660-5_30,https://doi.org/10.1007/978-3-031-97660-5_30,https://www.scopus.com/pages/publications/105010824346?origin=resultslist,status not_retrievable,R86C2630C985B__<short title>.pdf
9,never assessed: no full text could be retrieved; full-text screening closed by researcher decision 2026-09-28,,R8CEA97553141,2026,Somvanshi J.; Patil-Nikam A.M.; Singh N.; Bhattacharjee M.; Kumar R.; Dutta N.; Dash S.S.,Legal Frameworks for Equitable Water Governance: Strengthening Policy Mechanisms for Sustainable Water Access and Rights,,,https://www.scopus.com/pages/publications/105043578069?origin=resultslist,status not_retrievable,R8CEA97553141__<short title>.pdf
9,never assessed: no full text could be retrieved; full-text screening closed by researcher decision 2026-09-28,,R90F5277E2A8C,2026,Belmeziti A.; M’hammedi Bouzina A.; De Gouvello B.,Household resilience under intermittent water supply in Algeria social housing,10.1080/17535069.2026.2682476,https://doi.org/10.1080/17535069.2026.2682476,https://www.scopus.com/pages/publications/105040984066?origin=resultslist,status not_retrievable,R90F5277E2A8C__<short title>.pdf
9,never assessed: no full text could be retrieved; full-text screening closed by researcher decision 2026-09-28,,R915D81484D57,2026,Jabagi E.; Portal Carús M.,Beyond additionality: why every WASH investment must be climate-resilient,10.1039/d6ew00349d,https://doi.org/10.1039/d6ew00349d,https://www.scopus.com/pages/publications/105048677037?origin=resultslist,status not_retrievable,R915D81484D57__<short title>.pdf
9,never assessed: no full text could be retrieved; full-text screening closed by researcher decision 2026-09-28,,R92D659F20300,2026,"Thelemaque, N; Kumpel, E; Butler, C; Weston, B; Williar, C; Fuente, D",Water and Sanitationin Rural Alaska: A Scoping Review,10.1021/acsestwater.6c00343,https://doi.org/10.1021/acsestwater.6c00343,https://www.webofscience.com/wos/woscc/full-record/WOS:001857107200001,status not_retrievable,R92D659F20300__<short title>.pdf
9,never assessed: no full text could be retrieved; full-text screening closed by researcher decision 2026-09-28,,R96730AA0B95E,2026,Ranjan A.; Mallick S.; Mandal K.K.,Political Ecology and Social Production of Drinking Water Scarcity in India's Contaminated Landscapes,10.1111/geoj.70087,https://doi.org/10.1111/geoj.70087,https://www.scopus.com/pages/publications/105038927372?origin=resultslist,status not_retrievable,R96730AA0B95E__<short title>.pdf
9,never assessed: no full text could be retrieved; full-text screening closed by researcher decision 2026-09-28,,R977803570ABE,2026,Hasnat M.; Khan A.S.,"The Effect of Water Access on Female Health, Nutrition and Economic Empowerment—A Case Study of Kaudihar Block, Prayagraj, India",10.1007/978-981-95-3775-4_14,https://doi.org/10.1007/978-981-95-3775-4_14,https://www.scopus.com/pages/publications/105034974881?origin=resultslist,status not_retrievable,R977803570ABE__<short title>.pdf
9,never assessed: no full text could be retrieved; full-text screening closed by researcher decision 2026-09-28,,R9A203CB00C16,2026,"Zheng, WL; Qui, XH; Tang, LH; Gong, ZH",THE IMPACT OF A PUBLIC HEALTH POLICY ON FARMERS' PRO-ENVIRONMENTAL BEHAVIOUR: A STUDY OF CHINA'S TOILET REVOLUTION,10.15666/aeer/2404_70197041,https://doi.org/10.15666/aeer/2404_70197041,https://www.webofscience.com/wos/woscc/full-record/WOS:001814976800001,status not_retrievable,R9A203CB00C16__<short title>.pdf
9,never assessed: no full text could be retrieved; full-text screening closed by researcher decision 2026-09-28,,R9A2EAB3D043C,2026,Khan S.; Khan F.,Integrated Framework for Assessing Urban Water Security in Megacities under Hydrological Extremes,10.1007/978-3-032-08411-8_6,https://doi.org/10.1007/978-3-032-08411-8_6,https://www.scopus.com/pages/publications/105027551028?origin=resultslist,status not_retrievable,R9A2EAB3D043C__<short title>.pdf
9,never assessed: no full text could be retrieved; full-text screening closed by researcher decision 2026-09-28,,RA05D3AF00122,2026,Rahimi M.; Ghorbani M.,Tehran’s Water Scarcity Dilemma: Insights from a 150-Year Adaptive Cycle Assessment,10.1007/s41101-026-00541-w,https://doi.org/10.1007/s41101-026-00541-w,https://www.scopus.com/pages/publications/105043063288?origin=resultslist,status not_retrievable,RA05D3AF00122__<short title>.pdf
9,never assessed: no full text could be retrieved; full-text screening closed by researcher decision 2026-09-28,,RA169CD8CFAD7,2026,"Ayodele, TO; Olatunde, OO; Olaleye, A","Private sector participation in water infrastructure provision: investigating users' preference in Lagos, Nigeria",10.1108/IJBPA-07-2025-0164,https://doi.org/10.1108/IJBPA-07-2025-0164,https://www.webofscience.com/wos/woscc/full-record/WOS:001760919100001,status not_retrievable,RA169CD8CFAD7__<short title>.pdf
9,never assessed: no full text could be retrieved; full-text screening closed by researcher decision 2026-09-28,,RA21FC16F1DBD,2026,Alemu A.M.; Addisu T.; Tolosa D.; Abduro S.; Fetene S.; Bekele B.,"Reliability, functionality, and governance of community-managed rural water points in Ginir district, Ethiopia",10.1016/j.jup.2026.102205,https://doi.org/10.1016/j.jup.2026.102205,https://www.scopus.com/pages/publications/105035522763?origin=resultslist,status not_retrievable,RA21FC16F1DBD__<short title>.pdf
9,never assessed: no full text could be retrieved; full-text screening closed by researcher decision 2026-09-28,,RA68C586C9114,2026,Pant R.R.; Gautam S.K.; Basnet N.; Awasthi M.P.; Joshi K.R.; Bishwakarma K.,"Water Governance and Sustainable Development Goal 6: Strategies and Insights from Central Himalaya, Nepal",,,https://www.scopus.com/pages/publications/105038150014?origin=resultslist,status not_retrievable,RA68C586C9114__<short title>.pdf
9,never assessed: no full text could be retrieved; full-text screening closed by researcher decision 2026-09-28,,RAD0160D7783C,2026,Jandoc K.R.L.; Abrigo M.R.M.,Water policy reform’s effect on child health,10.1007/s42495-025-00164-4,https://doi.org/10.1007/s42495-025-00164-4,https://www.scopus.com/pages/publications/105022415582?origin=resultslist,status not_retrievable,RAD0160D7783C__<short title>.pdf
9,never assessed: no full text could be retrieved; full-text screening closed by researcher decision 2026-09-28,,RAD10C62A249B,2026,Ahmed Mohamed O.M.; Osman A.I.,The Role of Local Governments in Addressing Rural-Urban Migration through Service Provision in Somalia,10.31920/2056-5682/2026/v13n1a1,https://doi.org/10.31920/2056-5682/2026/v13n1a1,https://www.scopus.com/pages/publications/105041373328?origin=resultslist,status not_retrievable,RAD10C62A249B__<short title>.pdf
9,never assessed: no full text could be retrieved; full-text screening closed by researcher decision 2026-09-28,,RB5CE0736968C,2026,Nartey M.; Poleacovschi C.; Hill C.G.,Indigenous Water Infrastructure: Lessons from Alaska Native Communities,,,https://www.scopus.com/pages/publications/105036925234?origin=resultslist,status not_retrievable,RB5CE0736968C__<short title>.pdf
9,never assessed: no full text could be retrieved; full-text screening closed by researcher decision 2026-09-28,,RB6F4EC4588CC,2026,Contreras P.; Castillo M.; Cuevas C.; González P.,"Water Scarcity, Gender, and Community Organization in Coquimbo, Chile",10.1177/0094582X261419440,https://doi.org/10.1177/0094582X261419440,https://www.scopus.com/pages/publications/105029253033?origin=resultslist,status not_retrievable,RB6F4EC4588CC__<short title>.pdf
9,never assessed: no full text could be retrieved; full-text screening closed by researcher decision 2026-09-28,,RBA105FD5A504,2026,Paz P.A.,Narratives of water scarcity and community resilience: advancing strategic communication for sustainability,10.1007/s42108-026-00529-1,https://doi.org/10.1007/s42108-026-00529-1,https://www.scopus.com/pages/publications/105048213347?origin=resultslist,status not_retrievable,RBA105FD5A504__<short title>.pdf
9,never assessed: no full text could be retrieved; full-text screening closed by researcher decision 2026-09-28,,RC037F198C191,2026,Ezenwaka U.; Okeke C.; Ojiakor I.; Nwankwo J.; Nzeadibe C.; Onwujekwe O.,"Effectiveness and implementation contexts of water, sanitation, and hygiene (WASH) interventions in Anglophone sub-Saharan Africa: a scoping review",10.1080/09603123.2026.2645408,https://doi.org/10.1080/09603123.2026.2645408,https://www.scopus.com/pages/publications/105033116154?origin=resultslist,status not_retrievable,RC037F198C191__<short title>.pdf
9,never assessed: no full text could be retrieved; full-text screening closed by researcher decision 2026-09-28,,RC78DCEC4F3E0,2026,"Sauri, D; Yoon, H; Romero-Gomez, G",Lived experiences of water poverty in Barcelona,10.1177/09697764251380166,https://doi.org/10.1177/09697764251380166,https://www.webofscience.com/wos/woscc/full-record/WOS:001601757500001,status not_retrievable,RC78DCEC4F3E0__<short title>.pdf
9,never assessed: no full text could be retrieved; full-text screening closed by researcher decision 2026-09-28,,RC8B07ED6AB66,2026,Shi S.; Rao X.,Technological transformation and spatial restructuring of hydraulic infrastructure in modern Guangzhou (1859–1938),10.1080/02665433.2026.2637688,https://doi.org/10.1080/02665433.2026.2637688,https://www.scopus.com/pages/publications/105034887532?origin=resultslist,status not_retrievable,RC8B07ED6AB66__<short title>.pdf
9,never assessed: no full text could be retrieved; full-text screening closed by researcher decision 2026-09-28,,RC9C82B800ADD,2026,Hamza N.H.T.,Focal Box 3: Water. Flows of Power and Networks of Solidarity,10.1007/978-3-031-98103-6_9,https://doi.org/10.1007/978-3-031-98103-6_9,https://www.scopus.com/pages/publications/105042702084?origin=resultslist,status not_retrievable,RC9C82B800ADD__<short title>.pdf
9,never assessed: no full text could be retrieved; full-text screening closed by researcher decision 2026-09-28,,RCBAA87F83EE7,2026,Oteng-Ababio M.; Grant R.; Stacey P.; Rasmussen J.; Torm N.,"Hybrid sanitation infrastructure in Tema, Ghana",10.1080/07352166.2026.2655740,https://doi.org/10.1080/07352166.2026.2655740,https://www.scopus.com/pages/publications/105037526346?origin=resultslist,status not_retrievable,RCBAA87F83EE7__<short title>.pdf
9,never assessed: no full text could be retrieved; full-text screening closed by researcher decision 2026-09-28,,RCF3B987D4EF8,2026,"Sutherland, C; Mazeka, B; Odili, A; Magwaza, F; Leck, H; Lawhon, M",Who Should Pay for Water Services and Why? A Typology of Justifications for Non-Payment in eThekwini Municipal Area,,,https://www.webofscience.com/wos/woscc/full-record/WOS:001684808200004,status not_retrievable,RCF3B987D4EF8__<short title>.pdf
9,never assessed: no full text could be retrieved; full-text screening closed by researcher decision 2026-09-28,,RD5F4C87F3A7F,2026,Sharma Bhattarai S.; Kisi K.; Dhakal R.; Kim H.,Water Supply Megaproject in a Developing Nation: Lessons in Stakeholder Dynamics and Postcompletion Resilience from Prolonged Delays,10.1061/JLADAH.LADR-1362,https://doi.org/10.1061/JLADAH.LADR-1362,https://www.scopus.com/pages/publications/105018459067?origin=resultslist,status not_retrievable,RD5F4C87F3A7F__<short title>.pdf
9,never assessed: no full text could be retrieved; full-text screening closed by researcher decision 2026-09-28,,RDAD1AD310708,2026,Singhania D.; Roy Chowdhury S.,Women as teammates: Gender composition of village councils and policy outcomes in India,10.1080/03003930.2026.2690384,https://doi.org/10.1080/03003930.2026.2690384,https://www.scopus.com/pages/publications/105042404538?origin=resultslist,status not_retrievable,RDAD1AD310708__<short title>.pdf
9,never assessed: no full text could be retrieved; full-text screening closed by researcher decision 2026-09-28,,RDE881F47243D,2026,"Anciano, F; Dube, M; Mdee, A; Ofori, AD",The moral economy of sanitation provision in informal settlements in Cape Town and Nairobi,10.62191/ROAPE-2026-0008,https://doi.org/10.62191/ROAPE-2026-0008,https://www.webofscience.com/wos/woscc/full-record/WOS:001819315900006,status not_retrievable,RDE881F47243D__<short title>.pdf
9,never assessed: no full text could be retrieved; full-text screening closed by researcher decision 2026-09-28,,RE060C1C30D90,2026,Blake S.E.,Incorporating growth machines into rural-urban hydrosocial territories: a comparative-historical analysis of watershed power dynamics,10.1080/23251042.2025.2491992,https://doi.org/10.1080/23251042.2025.2491992,https://www.scopus.com/pages/publications/105003271515?origin=resultslist,status not_retrievable,RE060C1C30D90__<short title>.pdf
9,never assessed: no full text could be retrieved; full-text screening closed by researcher decision 2026-09-28,,RF68C0E230BC1,2026,Blaai S.; Kuhlengisa I.R.; Zindi B.,Barriers to Successful Implementation of Coproduction in Potable Water Service Delivery in the Mncwasa Water Scheme,10.46469/mq.2026.66.4.14,https://doi.org/10.46469/mq.2026.66.4.14,https://www.scopus.com/pages/publications/105048428765?origin=resultslist,status not_retrievable,RF68C0E230BC1__<short title>.pdf
9,never assessed: no full text could be retrieved; full-text screening closed by researcher decision 2026-09-28,,RFDF7EA5FF09E,2026,"Motta Nunes, Carlos",Public-Private Partnerships as a Policy Option for Water Supply and Sanitation Service Provision: The Case of Brazil,,,https://www.proquest.com/docview/3345866444?accountid=13598&bdid=165485&_bd=eB7S4WtjBJCN5HBkV5%2B0d9qoEhw%3D,status not_retrievable,RFDF7EA5FF09E__<short title>.pdf
9,never assessed: no full text could be retrieved; full-text screening closed by researcher decision 2026-09-28,,RFF914C913EB0,2026,Brum M.; Pathiraja V.; Haddadi M.; Saraswath L.; Kurmi O.; Rathnayake N.; Eleje G.U.; Mbwele B.; Ikwuka D.C.; Mitra P.K.,"Brazil's national menstrual health program–Progress, gaps, and pathways to equity: A concept note (PLATO WP1)",10.1002/ijgo.71231,https://doi.org/10.1002/ijgo.71231,https://www.scopus.com/pages/publications/105047507098?origin=resultslist,status not_retrievable,RFF914C913EB0__<short title>.pdf
