record_id,exclusion_reason,year,authors,title,doi,url,abstract,ai_rationale
R26FAF7E62714,E04,2026,Apsari S.L.; Kartikaningsih H.; Koentjoro M.P.,MULTI-CRITERIA PRIORITIZATION OF DOMESTIC WASTEWATER MITIGATION STRATEGIES IN URBAN RIVER SYSTEMS: AN AHP-BASED ENVIRONMENTAL SANITATION ASSESSMENT,10.20473/jkl.v18i3.2026.187-198,https://www.scopus.com/pages/publications/105045945573?origin=resultslist,"Introduction: Urban riverbanks in developing countries are being converted into densely populated settlements with minimal sanitation. Limited safe sanitation infrastructure accelerates the decline in water quality. Health risks increase for communities that use river water. Methods: Analytic Hierarchy Process (AHP) combined with field-based environmental sanitation assessment was used to determine priority strategies. A household survey was conducted with 200 respondents. Observations were made at five observation point. Focus Group Discussions (FGD) with various parties were conducted to support decision-making. Three main criteria consisting of environmental sustainability, cost efficiency, and social support were used for assessment. Individual septic tanks, expansion of communal wastewater treatment plant coverage, implementation of constructed wetlands, and strengthening of community education were the alternative strategies used. Results and Discussion: Cost-effectiveness was the most influential criterion (0.437), followed by sustainability (0.369) and social support (0.195) in the AHP analysis. Public education ranks highest as a mitigation strategy because it plays an important role in encouraging behavioral change, improving sanitation facility maintenance, strengthening institutional involvement, and requiring minimal costs. Integrating the AHP results with field sanitation conditions reveals several major problems, such as poor septic tank maintenance, limitations on communal IPAL, and high rates of direct discharge into rivers. Conclusion: Structured and sustainable public education is a key strategy in domestic wastewater management in urban river areas. Increased public awareness and behavior, supported by technical and institutional interventions, are essential foundations for formulating effective, efficient, and sustainable sanitation policies at the local level. ©2026 Jurnal Kesehatan Lingkungan all right reserved.","AHP prioritization of wastewater mitigation strategies; outcome is strategy ranking, not access/connection/affordability."
R200BDD5BF36E,E06,2026,Gupta N.; Das A.K.; Patra S.; Granados C.,"An innovative hesitant fuzzy and traditional-ecological approach to water quality assessment and sustainable management of the Gomati River (the largest river in Tripura, India)",10.1007/s11356-026-37464-x,https://www.scopus.com/pages/publications/105029176060?origin=resultslist,"This study presents a new index, namely the hesitant fuzzy water quality index (HFWQI), to assess water quality (WQA) in the Gomati River, Tripura (North East India), and its impacts on aquatic ecosystems. River water quality evaluation is considered in terms of diverse parameters and the inherent uncertainty introduced in the multi-criteria decision-making (ϺϹDϺ) process. A robust metric, the HFWQI score, is proposed that may reliably rate pollution in the river. The Gomati River, the largest river in Tripura, which is used for drinking water, agriculture, and fisheries, is contaminated by a variety of sources, including household wastewater and agricultural runoff. Ten key water quality parameters (WQPs) such as pH, total dissolved solids, electrical conductivity, total hardness, chlorides, total alkalinity, total coliform, biochemical oxygen demand, dissolved oxygen, and total suspended solids were assessed across six strategically selected sites. River water samples were collected from March to December 2024 across multiple seasons. The HFWQIscores revealed consistently “poor” water quality (ranging from 0.734 to 0.866), degrading downstream due to untreated wastewater and agricultural runoff. To contextualize the scientific findings, traditional ecological knowledge (TEK) was collected from four dependent tribal communities in 2025. The documentation covered local water sources, community perceptions of long-term water degradation, and their traditional conservation practices. Critically, community observations of contaminated water and health issues strongly aligned with the model’s identification of severe organic and bacterial pollution. Comparative analysis demonstrated that the HFWQI outperformed conventional models in precision and reliability. This study demonstrates the severe impact of water pollution on both aquatic ecosystems and human health. This study bridges the gap between modern fuzzy tools and TEK. Its findings call for urgent action, improved sanitation, sustainable farming practices, and local conservation efforts informed by both science and culture. © The Author(s), under exclusive licence to Springer-Verlag GmbH Germany, part of Springer Nature 2026.",Fuzzy water-quality index development for a river; no access/governance component.
R387A5E6F2C60,E07,2026,Alphonso R.; Arumugam T.D.; Cheela V.R.S.,Integrated environmental and economic trade-offs in rice cultivation in emerging economies using a life cycle approach,10.1007/s44274-026-00546-1,https://www.scopus.com/pages/publications/105029163492?origin=resultslist,"Rice cultivation, a staple for over 70% of India’s population and a major global export, significantly contributes to anthropogenic greenhouse gas emissions, alongside exacerbating water stress and facing climate-induced yield declines. This research uniquely integrates Life Cycle Assessment (LCA) with Life Cycle Cost Analysis (LCCA) to comprehensively evaluate environmental and economic trade-offs in conventional rice production across four diverse Indian agro-climatic regions–Assam, Haryana, Maharashtra, and Kerala. This comparative analysis identifies critical hotspots: increased logistical burdens from transport, elevated ecotoxicity from synthetic zinc sulphate, and the high cost of “safer” imported inputs. We also highlight a notable trade-off between decarbonization via reduced mechanization and increased labour intensity, which, while boosting rural employment, impacted production costs. These findings underscore the urgent need for evidence-based policies to achieve Sustainable Development goals on Climate Action, Zero Hunger, Clean Water and Sanitation, Decent Work and Economic Growth, and Life on Land. Effective interventions must focus on decentralized access to sustainable inputs, balanced subsidy reforms, stringent chemical regulation, and regionally tailored strategies to ensure sustainable and equitable rice production. © The Author(s) 2026.","Life-cycle assessment of rice cultivation trade-offs; agricultural, not household/community water/sanitation access."
R7494452524AE,E01,2026,Liu J.; Zhuang M.; Wang C.; Feng M.; Zha D.; Li H.; Hu X.; Ren Y.; Pang M.; Wang Q.; Zhang L.,Mitigating China’s food-related water scarcity and spatial inequality via integrated basin–city management,10.1073/pnas.2610855123,https://www.scopus.com/pages/publications/105047056634?origin=resultslist,"Food production is constrained by water availability at the basin scale, whereas the governance of food trade primarily operates at the city scale. This spatial mismatch hinders the sustainable development of both food and water systems. To bridge this gap, we develop an integrated framework that combines hydrological (basin) and administrative (city) scales and apply it to China to quantify how virtual water flows embedded in food trade affect inequality in water allocation across and within basins. Our results show that 38% of scarce water is traded across basins, exacerbating interbasin inequality by 6%. In contrast, approximately 30% of scarce water is embodied in intrabasin trade, which alleviates intrabasin inequality. Single-scale interventions, whether through production or consumption adjustments, involve trade-offs among interbasin equality, intrabasin equality, and total water savings. By contrast, an integrated basin–city management strategy at a 50% intervention intensity reduces interbasin inequality by 7% and achieves water savings equivalent to more than four-fifths (80%) of total water use in the Yangtze River basin. It also outperforms existing province-city vertical management models across scales. These findings provide valuable insights for developing global virtual water management strategies that integrate both hydrological and administrative perspectives. Copyright © 2026 the Author(s).","Basin-city virtual water allocation and food trade study, not household/community water/sanitation access."
RCC88F16C5AB9,E01,2026,Ma Y.; Wang L.; Zheng Z.; Li W.; Ma Z.; Zhao J.; Zheng Y.; Duan Y.; Gao X.,Spatiotemporal Variations in Terrestrial Water Storage and Water Scarcity Assessment Across China Based on TWSA_BTCH,10.3390/rs18142324,https://www.scopus.com/pages/publications/105045855374?origin=resultslist,"Clarifying the spatiotemporal variations of terrestrial water storage anomaly (TWSA) and the water scarcity is crucial for maintaining water resources, ecosystem and food security. This study adopts the Bayesian triple collocation method (BTCH) method to fuse three GRACE Mascon product datasets to generate the TWSA_BTCH, covering the period from April 2002 to December 2023. The reliability of TWSA_BTCH is further verified using the water balance approach. The spatiotemporal variations of TWSA and the water scarcity index based on terrestrial water storage (WSTWS_based) at the national and primary water resource regional level are then analyzed. The results indicate that: (1) The spatially averaged uncertainty of the TWSA_BTCH over China is 8.13 mm, which is lower than those of TWSA_average (12.51 mm), TWSA_CSR (23.43 mm), TWSA_GSFC (29.79 mm), and TWSA_JPL (31.76 mm). (2) From 2003 to 2023, the TWSA exhibited an overall significant declining trend with an annual depletion rate of 1.65 mm. The national average value of the WSTWS_based index decreased from 0.32 during 2003–2012 to 0.28 over 2013–2023, which indicates that the pressure of nationwide water scarcity has been alleviated to a certain extent, while the whole country still faces a moderate water shortage status. Meanwhile, the mean annual TWSA across China during 2003–2023 was −10.28 mm, indicating a nationwide terrestrial water storage deficit. (3) Regional water resource risks require joint characterization from the dual perspectives of hydrological fluxes and storage. Northern arid and semi-arid regions feature inherent imbalances between water supply and demand. The latent risks of terrestrial water storage depletion within the SWRB cannot be ignored. In addition, insufficient water regulation capacity in the SRB deserves adequate attention. © 2026 by the authors.",Satellite-based hydrological analysis of terrestrial water storage and scarcity across China; no governance or access analysis.
R20B0D8763558,E01,2026,Shanker N.; Reckling S.; Snyder N.L.; Enright D.; Guidry V.T.; Christensen A.,Addressing gaps in surveillance: Use of emergency department accessibility and social vulnerability to identify potential wastewater surveillance sites in North Carolina,10.1371/journal.pone.0346668,https://www.scopus.com/pages/publications/105047645135?origin=resultslist,"Background: The North Carolina Division of Public Health relies on multiple complementary surveillance systems, including emergency department (ED) and wastewater surveillance, to track disease trends across the state. Despite having comprehensive statewide ED coverage, several areas have limited access to ED facilities and concurrent higher social vulnerability. In this analysis, we demonstrate complementarity between North Carolina ED and wastewater surveillance and assess geographic gaps in coverage to identify potential new wastewater monitoring sites in low-coverage, high social vulnerability areas. Methods: Weekly wastewater SARS-CoV-2 viral concentrations and percentage of COVID-like Illness (CLI) ED visits across current wastewater sites geographically overlapping with hospitals, were compared using a Spearman’s rank-order correlation analysis for the period of November 2021 to August 2024. A drive-time analysis was conducted for 133 hospitals to identify areas within a 20–60-minute commute time to any ED facility. Out of a statewide sewershed polygon dataset, sewersheds serving a population greater than 1200 (n = 220) were selected for further investigation. ED service areas were then examined for overlap with sewersheds, and Social Vulnerability Index (SVI) rankings were compared for sites with a majority geographic overlap (>=50%). Results: Of the 28 overlapping hospitals, 26 show a moderate to strong correlation (rho = 0.303–0.718) with their respective sewersheds, demonstrating complementarity between the two systems. Of the 220 potential sewersheds examined, 40 overlapped with the 20–60-minute drive times to EDs. Of these, 26 wastewater sites had an overall SVI greater than 0.5 and were identified as priority additions to North Carolina’s wastewater surveillance network, including 13 with an overall SVI greater than 0.75. Conclusion: We used a novel geospatial approach to identify 26 priority wastewater sites with moderate to high social vulnerability and low ED accessibility. Additionally, this work further supports complementarity between ED and wastewater surveillance systems. © 2026, Shanker et al. This is an open access article distributed under the terms of the Creative Commons Attribution License https://creativecommons.org/licenses/by/4.0/, which permits unrestricted use, distribution, and reproduction in any medium, provided the original author and source are credited.","Geospatial analysis identifying wastewater disease-surveillance sites based on emergency department accessibility, unrelated to water/sanitation service access."
RC866173A6496,E06,2026,Buvana M.; Vandana V.M.R.; Meera V.; Subhashini P.; Muthumayil K.; Chakkaravarthy G.V.,Big Data Analytics for Optimizing Sustainable Water Resource Management in Disease-Endemic Regions: A Narrative Review,,https://www.scopus.com/pages/publications/105048994927?origin=resultslist,"In cholera-, typhoid fever-, and schistosomiasis-endemic regions, unsafe and irregularly monitored water supplies remain a major driver of waterborne and water-related disease. As of 2024, an estimated 2.1 billion people worldwide still lacked access to safely managed drinking water (WHO/UNICEF Joint Monitoring Programme, 2025). Conventional water-quality surveillance, based on scheduled grab-sampling and laboratory analysis, is often too slow to support timely public health action. This narrative review synthesizes recent literature on the application of big data analytics — Internet of Things (IoT) sensor networks, satellite remote sensing, and machine learning — to water resource management in disease-endemic settings. The reviewed literature indicates that machine learning models — particularly ensemble methods such as random forest and XGBoost — have reported high accuracy for forecasting cholera outbreaks and predicting water-quality parameters, while low-cost IoT sensors and satellite-derived climate variables are increasingly used to fill monitoring gaps in resource-limited settings. Recurrent limitations include a predominance of geographically narrow studies, limited integration of real-time multi-sensor data with clinical surveillance, and persistent infrastructure, connectivity, and data-governance barriers in the lowest-resource settings that carry the greatest disease burden. We conclude that big data analytics holds considerable promise for shifting water-related disease management from reactive to anticipatory, but that this promise remains only partially realized and depends on sustained investment in local infrastructure and data governance. © 2026, Visagaa Publishing House. All rights reserved.","Narrative review of big data/IoT/ML analytics for water quality surveillance in disease-endemic regions; technology review, not access/governance."
R3F1897061018,E06,2026,Trigueros Cervantes G.A.; Yataco Pastor L.A.; Romani Arbieto D.S.; Castillo Alvarez Y.; Jiménez Borges R.; Carrera L.A.I.; Zamora-Antuñano M.A.; Rodríguez-Reséndiz J.,"Time-Varying Hydraulic Transport and Demographic Trends: Calibrated Modeling of Inflow to a Metropolitan Wastewater Treatment Plant by 2040 (La Chira, Lima, Peru)",10.3390/w18161964,https://www.scopus.com/pages/publications/105048784513?origin=resultslist,"Long-term influent flow projection governs the sizing of wastewater treatment plants (WWTPs), yet conventional practice estimates future flows using per capita generation rates and coefficients assumed to remain constant over time, neglecting the fact that, in urbanizing catchments, the fraction of generated wastewater that reaches the treatment plant increases as the sewer network expands and densifies. This study develops and validates an explicit-structure model that separates demographic wastewater generation from hydraulic conveyance, disaggregates the service area into fully contributing and partially contributing sectors, and introduces a time-dependent transport coefficient, (Formula presented.). Applied to the La Chira WWTP (Lima, Peru; approximately 2.6 million inhabitants), the model was evaluated through leave-one-year-out cross-validation against both a static transport model and an aggregated formulation. The proposed formulation consistently outperformed the alternatives in out-of-sample prediction (Nash–Sutcliffe efficiency of 0.965 and mean absolute percentage error of 1.88%, compared with 0.825 and 0.799 for the benchmark models), providing falsifiable evidence of the value of spatial disaggregation and time-varying transport representation. The transport coefficient increases from 0.491 in 2017 to 0.813 in 2040 under the linear reference specification, with a logistic alternative—statistically indistinguishable in calibration—bounding the projection from below; a formal Shapley decomposition attributes 44% of the projected flow increase to this coefficient. The observed flow rate in 2025 (7.341 m3 s−1) provides an external validation point, predicted with a relative error of 0.7%. Mean influent flow is projected to reach 10.12 m3 s−1 by 2040 (95% CI: 8.55–11.69), representing a 61% increase above the design average flow and approaching the design peak capacity (11.3 m3 s−1), with an exceedance probability of the annual mean of approximately 5%. These results indicate a progressive approach to hydraulic saturation within the planning horizon. The proposed framework is robust to alternative per capita generation assumptions, mechanistically grounded, interpretable, and transferable to sanitation systems characterized by evolving coverage and network connectivity. © 2026 by the authors.","Hydraulic/demographic modeling of wastewater treatment plant inflow projections for Lima, Peru; engineering capacity-planning study."
R48F19BADDEA4,E05,2026,Irfan M.,Remote Sensing and Artificial Intelligence Driving Liquid Intelligence for Water Sustainability Financing,10.4018/979-8-3373-5886-4.ch008,https://www.scopus.com/pages/publications/105039042136?origin=resultslist,"Financing sustainable water andsanitation remains a criticalchallenge in achieving global development goals. Despite progress, billions still lack access to safe drinking water and adequate sanitation due to funding gaps, weak governance, and rising climate pressures. This paper, Liquid Intelligence Financing Water Sustainability throughRemote Sensing andArtificialIntelligence, explores how innovative financing models, including blendedfinance, microcredit, andpublic–private partnerships, can be strengthenedthroughtechnologicalintegration. Remote sensing provides accurate data on water resources, quality, and scarcity, while artificial intelligence enables predictive analytics, smart infrastructure management, and optimized investment decisions. Together, these tools enhance transparency, efficiency, and resilience in financing frameworks. The study argues that combining financial innovation with data-driven intelligence not only advances SDG 6 but also fosters equity, health, and long-term economic sustainability. Copyright © 2026, IGI Global Scientific Publishing. Copying or distributing in print or electronic forms without written permission of IGI Global Scientific Publishing is prohibited.",Conceptual chapter on remote sensing/AI-driven financing models for water sustainability; no empirical study design.
RD1838C5FB598,E01,2025,Temple J.; Boltz T.P.; Blythe J.M.; Ashwell C.M.; Shen C.,Food Safety Practices Among Small-Scale Produce Growers Exempt from Federal Regulations: A Systematic Literature Review,10.1016/j.jfp.2025.100648,https://www.scopus.com/pages/publications/105020469467?origin=resultslist,"Small-scale produce growers exempt from the Food Safety Modernization Act (FSMA) Produce Safety Rule (PSR) are not required to follow federal food safety standards, yet their practices have direct implications for public health. The extent to which knowledge, attitudes, and behaviors (KAB) influence voluntary adoption of PSR-aligned practices in this group remains unclear. This systematic literature review aimed to examine self-reported food safety behaviors and willingness to adopt practices among FSMA-exempt small-scale growers. Following the Preferred Reporting Items for Systematic Reviews and Meta-Analyses (PRISMA) guidelines, six databases (ScienceDirect, Web of Science, Scopus, AGRIS, AGRICOLA, and ProQuest) were searched for studies published from 2013 to 2025. Eligible studies included cross-sectional surveys reporting on food safety behaviors and KAB across three high-risk domains: agricultural water (AW), cleaning and sanitation (CS), and storage and transport (ST). Out of 133 records screened, seven studies met the inclusion criteria. Six reported findings on AW, five on CS, and five on ST. Use of tested well water ranged from 28.9% to 39.4%; 71–74% of respondents reported managing sanitation or packing produce in designated facilities; and 64% reported managing transport sanitation. Despite widespread awareness of food safety importance, the adoption of specific practices was inconsistent. Findings underscore a gap between intention and implementation, reinforcing the need for targeted outreach and affordable infrastructure solutions to support voluntary compliance among FSMA-exempt growers. © 2025 The Author(s)","Systematic review of food safety practices among small-scale produce growers exempt from federal regulations; agricultural water testing, not household water/sanitation access."
R54E9399D8BC7,E01,2025,Chan E.M.G.; Zulli A.; Boehm A.B.,Wastewater concentrations of rotavirus RNA are associated with infection and vaccination metrics in the USA,10.1038/s44298-025-00157-2,https://www.scopus.com/pages/publications/105022306454?origin=resultslist,"Surveillance of rotavirus infections remains critical because vaccines are underutilized in the USA. Using wastewater solids measurements of rotavirus RNA collected over one year from 185 wastewater treatment plants (WWTPs) in the USA, we inferred spatiotemporal occurrence patterns of rotavirus infections and compared occurrence patterns to clinical metrics of infections and markers of vaccination coverage. We also estimated infection prevalence from wastewater measurements using available data on rotavirus RNA shedding in feces. Nationally, wastewater measurements of rotavirus RNA were correlated with clinical metrics of infection and exhibited elevated winter–spring concentrations beginning in the South. WWTP service areas characterized by markers of high vaccination coverage generally experienced a shorter duration of elevated rotavirus concentrations compared to areas characterized by markers of low vaccination coverage. Rotavirus infection prevalence estimates were highly uncertain and sensitive to shedding parameters. Wastewater monitoring of vaccine-preventable diseases is valuable for informing where vaccination campaigns should be targeted. © The Author(s) 2025.","Wastewater-based surveillance study correlating rotavirus RNA with infection/vaccination metrics in the USA; disease surveillance, not water/sanitation access."
RDA2FA0AF9A8A,E06,2025,Ameer S.; Muhammad N.; Jadoon K.Z.; Sheikh N.; Rahman K.U.,"A systematic literature review on potential of ablution greywater reuse: current insights, challenges, and future prospects",10.1007/s13201-025-02488-0,https://www.scopus.com/pages/publications/105008971795?origin=resultslist,"An astounding 3.6 million mosques worldwide utilize 22.5 million m3 of water for ablution. Treating and recycling ablution greywater (AGW) conserves significant water crucial for water-scarce regions. AGW recycling is extensively studied in the Muslim world but a comprehensive systematic literature review (SLR) synthesizing their outcomes is lacking. This study provides overviews and discussion on the actual status, challenges, and prospects of AGW reuse. This study presents an SLR on AGW reuse, analysing 1085 papers from 2000 to 2024, with 34 articles meeting inclusion criteria. Examined for quantity, quality, AGW characteristics, and recycling methods. AGW recycling has risen in the past decade due to water scarcity. Despite fewer pollutants, AGW still requires specific, less intensive treatment. AGW meets various countries’ guidelines, with pH, TDS, BOD, COD, E.C, E. coli, and faecal coliforms levels at 7.35, 525.8 mg/litre, 78.87 mg/litre, 122.4 mg/litre, 909.57 μS cm-1, 110 CFU/100 ml, and 670.96 MPN/100 ml, respectively. Further research is necessary to address technology, finance, regulations, and community acceptance for the versatile application of greywater recycling. This research highlights a gap in determining cost-effective AGW recycling, focussing on treatment methods, cost efficiency, social acceptance, and environmental concerns, offering researchers an opportunity to explore optimal solutions. © The Author(s) 2025.","Systematic review of greywater treatment technology performance, not service access or governance."
R2D43AFD48F3D,E04,2025,Daba C.; Berhanu L.; Desye B.; Berihun G.; Geto A.K.,Bacteriological quality of drinking water and its associated factors in Ethiopia: A systematic review and meta-analysis,10.1371/journal.pone.0310731,https://www.scopus.com/pages/publications/85214101225?origin=resultslist,"Introduction Drinking contaminated water is a significant cause of mortality and morbidity in Sub-Saharan Africa, where access to safe drinking water is limited. Although numerous studies have investigated the bacteriological quality of drinking water in Ethiopia, their findings have been inconsistent and varied, hindering the implementation of effective water quality monitoring. Moreover, there is a lack of nationwide assessment of the bacteriological quality of drinking water in Ethiopia. Therefore, this systematic review and meta-analysis aimed to determine the bacteriological quality of drinking water and its associated factors in Ethiopia. Methods An international electronic database, including PubMed, Science Direct, Global Health, CINAHL, African Journals Online, HINARI, and Google Scholar was employed to retrieve the relevant articles. The study adhered to the Preferred Reporting Items for Systematic Reviews and Meta-Analyses Protocols (PRISMA) guidelines. A random-effects model was used to estimate the pooled effect size, and the Egger regression model was employed using STATA 14 software to assess potential publication bias. Results A total of 26 studies involving 7,962 water samples met the eligibility criteria for meta-analysis. The pooled prevalence of at least one bacteriological contamination of drinking water was 52.26% (95%CI: 39.09-65.43), with extreme heterogeneity (I2 = 99.7%; p-value < 0.001). The pooled prevalence of total and fecal coliform in drinking water was 49.55% (95% CI: 34.88-64.23) and 44.27% (95%CI: 34.36-54.19), respectively. 14.13% of the water source was at a very high sanitary risk level (unfit for drinking), with significant heterogeneity (I2 = 94.1%, p< 0.001). The absence of household-level water treatment (OR = 3.3; 95%CI: 1.28-5.32) and drawing water using dipping methods (OR = 4.52; 95%CI: 1.71-7.34) were determinant factors for bacteriological contamination of drinking water. Conclusion We found that the bacteriological quality of drinking water did not comply with the World Health Organization and Ethiopia’s standard guidelines for drinking water, which call for urgent intervention. One out of seven water sources was at a high sanitary risk level, which could increase the risk of infectious disease in the country. The absence of household-level water treatment and drawing water using dipping was a significant factor in the bacteriological quality of drinking water. Based on these findings, the water supply and sewerage authority should prioritize regular monitoring of the bacteriological quality of drinking water. © 2025 Daba et al. This is an open access article distributed under the terms of the Creative Commons Attribution License, which permits unrestricted use, distribution, and reproduction in any medium, provided the original author and source are credited.","Systematic review/meta-analysis of drinking-water bacteriological quality; outcome is contamination, not access."
R6096A7A4150C,E01,2025,Haque M.M.; Mahmud M.N.,Potential Role of Aquaculture in Advancing Sustainable Development Goals (SDGs) in Bangladesh,10.1155/are/6035730,https://www.scopus.com/pages/publications/105009137532?origin=resultslist,"Sustainable Development Goals (SDGs) provide a global framework for achieving economic, social, and environmental sustainability by 2030. Despite Bangladesh being one of the leading aquaculture-producing countries, no comprehensive study has examined the contributions of aquaculture to achieving the SDGs. This comprehensive review-based study demonstrates that aquaculture in Bangladesh contributes to nearly all SDGs through direct, indirect, related, and associated pathways. In 2022–2023, Bangladesh produced 4.9 million MT of fish, with aquaculture accounting for 58.03% of total production. Aquaculture production strengthens food security (SDG 2) and health (SDG 3) by providing nutrient-rich fish, particularly small indigenous species (SIS), which supply essential micronutrients. Through income generated from aquaculture farming in rural areas, farmers significantly improved infrastructure for drinking water and sanitation facilities (SDG 6) and reduced dependance on polluted water sources. The sector also fosters decent work and economic growth (SDG 8) by creating employment opportunities across production, processing and trade, reducing poverty (SDG 1), and economic inequality (SDG 10). Environmentally, aquaculture contributes to climate action (SDG 13) by adopting low-carbon farming techniques, such as pond fish-vegetable, integrated rice-fish, and rice-fish-vegetable farming. It protects life below water (SDG 14) by reducing overfishing and conserving marine biodiversity, while promoting responsible consumption and production (SDG 12) through sustainable feed innovations and waste management. Additionally, aquaculture enhances sustainable cities and communities (SDG 11) by ensuring a stable fish supply for urban populations and supporting rooftop and peri-urban aquaponics. It also strengthens peace and partnerships (SDG 16 and 17) to an extent by fostering collaboration among government bodies, private enterprises, and research institutions. Future research should prioritize climate-resilient fish farming, cost-effective aquaculture, and AI monitoring while strengthening value chains, export access, governance, public–private partnerships, and renewable energy to ensure sustainable aquaculture growth and broader SDG achievement. Copyright © 2025 Mohammad Mahfujul Haque and Md. Naim Mahmud. Aquaculture Research published by John Wiley & Sons Ltd.",Reviews aquaculture's contributions to SDGs broadly in Bangladesh; water/sanitation improvement is one indirect incidental benefit.
R9160FAF3C250,E02,2025,Mukupa M.; Zyambo C.; Phiri M.M.; Zulu R.; Matenga T.F.L.; Mabanti K.; Hainze A.; Ogwell A.; DeJong W.; Menda D.M.; Rizzo A.; Goma F.; Achoki T.,Hygiene and sanitation public health risks in illicit alcohol production and retail in Zambia,10.3389/fepid.2025.1461874,https://www.scopus.com/pages/publications/105005081470?origin=resultslist,"Introduction: Illicit alcohol, existing outside legal frameworks, lacks safety standards and may contain harmful substances. In Africa, the illicit alcohol market is pervasive, contributing to significant public health challenges. The state in Zambia may not be so different where abuse of alcohol was associated to unintended injuries, suicidal ideation and physical fights that in some cases lead to death. This mirrors these challenges; according to the Zambia Stepwise Survey for Non-Communicable Diseases (NCDs) Risk Factors (2017), 21.7% of adults consume alcohol, with urban areas experiencing higher rates of illicit production. Aim: The study aimed to assess the public health risk implications associated with the production and retail of illicit alcohol based on the hygiene and sanitation of these premises. A quantitative approach was employed in Livingstone, Lusaka, and Ndola. Methods: We employed a quantitative approach was conducted in Livingstone, Lusaka, and Ndola. A hygiene and sanitation observation tool obtained from the Lusaka City Council was adapted and utilized to evaluate the conditions of these premises. Results: The study found that Livingstone exhibited the highest rate of unavailability of water supply at illicit alcohol production sites, with 18% lacking access to water, while Lusaka had 13% without water supply of the zones selected, all sites in Ndola had water supply. Conclusion: Given the growing trend of consuming illicit alcohol in such unsanitary environments, urgent interventions are warranted. The study recommends the implementation of enforcement of regulations, including regular inspections and enhanced enforcement mechanisms, to ensure hygienic and sanitary production practices. 2025 Mukupa, Zyambo, Phiri, Zulu, Matenga, Mabanti, Hainze, Ogwell, DeJong, Menda, Rizzo, Goma and Achoki.","Assesses hygiene/water supply at illicit alcohol production sites; population is production premises, not households."
RE130FE1FC8A6,E01,2025,Cox A.H.; Amador J.A.,"Development and implementation of an applied, interdisciplinary problem-based learning course in environmental science",10.1002/nse2.70036,https://www.scopus.com/pages/publications/105024323239?origin=resultslist,"Widespread access to clean water and sanitation supports the dual goals of improving public health and protecting environmental health globally. Onsite wastewater treatment systems (OWTS, i.e., septic systems) are an integral part of the water infrastructure that contributes to these goals in the United States and around the world. There is increasing demand for environmental scientists and engineers that are well versed in these systems, but college-level courses on the subject are lacking. To address this gap, we developed and taught a senior-level course that covers the siting, design, troubleshooting, and regulatory aspects of OWTS. We use a problem-based learning approach in which students work in permanent groups to solve a sequence of problems, in the process of which they engage with the course content. Students’ understanding of the material is assessed at the group and individual levels through presentations, annotated slides, personal reflections, and science communication exercises. Formal and informal feedback from students has been overwhelmingly favorable, especially with regard to the use of problem-based learning and the use of specifications grading, which allows students to revise their work until they achieve the level of mastery they desire. Overall, our course succeeded in providing students with an opportunity to grapple with the practical aspects of OWTS design and regulation, to develop their research and communication skills, and to work in groups effectively. © 2025 The Author(s). Natural Sciences Education published by Wiley Periodicals LLC on behalf of American Society of Agronomy.","Describes a problem-based learning course on septic system design/regulation; a pedagogy study, not an access outcome study."
RB5CF7177D6EE,E04,2025,Tang Y.; He J.; Guo X.,Coupling and coordination mechanism and sustainable path of water resources-ecological environment-socio-economic system in Zhengzhou urban agglomeration,10.1038/s41598-025-21667-2,https://www.scopus.com/pages/publications/105020165358?origin=resultslist,"This study focuses on the Zhengzhou city cluster, establishing a comprehensive evaluation system for the water resources-ecological environment-socioeconomic (WES) system. Through multi-model analysis of the system’s characteristics from 2012 to 2021, the findings reveal: (1) The system’s overall development level has significantly improved, with Zhengzhou’s comprehensive development index rising from 0.42 to 0.78, narrowing regional disparities while maintaining “core-periphery” differentiation; (2) Coupling coordination rose from “barely coordinated” (0.4–0.5) to “excellent coordination” (reaching 0.86 in Zhengzhou in 2021), highlighting strong policy-driven effects and the central city’s leading role; (3) Water resources remain the primary constraint (initial obstacle coefficient for water consumption per 10,000 yuan GDP at 0.26), though socioeconomic constraints have intensified while ecological limitations have diminished in recent years; (4) The improved LSTM model demonstrates enhanced prediction reliability (RMSE reduced by 20%-25%), with scenario simulations showing that differentiated regulation could boost coordination growth to 4%-5%. Based on the findings, the study proposes the following recommendations: (1) Implement differentiated strategies: Core cities should advance “ecological-economic coupling”, resource-based cities should focus on “dual improvement of water resources and economy”, and ecologically sensitive cities should strengthen “dual guarantees of water resources and ecology”; (2) Enhance resource and environmental governance: Promote water-saving technologies, improve water resource management, reduce industrial wastewater discharge, and increase the proportion of ecological water use; (3) Optimize policy and model support: Advance the implementation of regional planning, refine dynamic calibration of LSTM models, and establish a collaborative monitoring platform. This research provides theoretical and practical references for sustainable development in the Zhengzhou city cluster and similar regions. © The Author(s) 2025.","Models coupling coordination of water resources, ecology and economy in a Chinese city cluster; outcome is a coordination index, not household access."
R3DEAF145E983,E06,2025,Kim M.; Kim S.H.; Kim J.,Supercritical CO2-assisted regulation of FeOOH hydrophilicity for FeIV=O deployment in aqueous waste disintegration,10.1016/j.seppur.2025.134563,https://www.scopus.com/pages/publications/105012293612?origin=resultslist,"FeOCl and FeOOH are iso-structural and impart defective [Fe3+(O2–)4(Cl–)2]7– and [Fe3+(O2–)4(OH–)2]7- sub-units on their surfaces, respectively, where Feδ+ and Fe3+ defects can evolve •OH/FeIV=O and •OOH/O2•–/1O2 in H2O2-containing aqueous media, respectively. FeOCl surface can incur marked Feδ+/3+ leaching or rigid coordination to aqueous organics, thereby limiting its use as a reactive oxygen species (ROS) evolver and/or reservoir in aqueous phases. Conversely, FeOOH surface can avoid Feδ+/3+ leaching by eliminating OH– ligands or their protonated analogs (H2O/H3O+) from Feδ+/3+ in defective [Fe3+(O2–)4(OH–)2]7– sub-units. This was enabled by extensive exposure of FeOOH to supercritical CO2, producing hydrophobic FeOOH-CO2 that offered bunched merits over hydrophilic FeOOH. The number of Feδ+ defects and their electron affinity were greater and lower, respectively, in FeOOH-CO2 than in FeOOH, resulting in higher •OH productivity for the former and higher 1O2 productivity for the latter, alongside with FeIV=O evolution for FeOOH-CO2. Moreover, FeOOH and FeOOH-CO2 exploited •OH/1O2 and FeIV=O as their primary ROS for disintegrating aqueous organics, respectively, whose inclusion of e--donating groups made FeIV=O particularly effective in initiating or propagating the destabilization of hard-to-dissociate organics via electron transfer. Furthermore, despite minimized Feδ+/3+ leaching across FeOOH/FeOOH-CO2 surfaces, FeOOH-CO2 outcompeted FeOOH in providing higher H2O2/•OOH/O2•- accessibility to Feδ+/3+ defects and in avoiding their coordination to fragmented organics in H2O2- and organic-containing aqueous media. Consequently, FeOOH-CO2 was more active in, selective to, and reusable for degrading e--donating group-bearing contaminant or mineralizing textile wastewater than FeOOH, Fe2O3/Fe3O4, and FeOCl. © 2025 Elsevier B.V.",Materials chemistry study on FeOOH surface engineering for wastewater degradation.
R1E4318A968D7,E01,2025,Malick S.K.; Chavan V.; Ravan S.,Geospatial for Good: Empowering Citizens for Sustainable Urban and Rural Futures,10.5194/isprs-annals-X-5-W2-2025-375-2025,https://www.scopus.com/pages/publications/105036386839?origin=resultslist,"Geospatial technologies are rapidly emerging as pivotal tools for advancing sustainable urban and rural development through citizen empowerment in India and worldwide. This study systematically reviews peer-reviewed and grey literature to examine their integration with global frameworks, such as the SDGs, Paris Agreement, and Sendai Framework, while aligning with Indian initiatives like NAPCC, Smart Cities, Digital India, SVAMITVA, AMRUT, and the National Geospatial Policy 2022, with emphasis on the citizen as a crucial feedback factor. Employing thematic mapping and comparative analysis between the Global North and South, we evaluate applications in urban planning, mobility, energy, resilience, and health, highlighting platforms like PPGIS, VGI, Bhuvan, and 'Know Your DIGIPIN' for participatory data collection and decision-making. Our analysis reveals regional disparities in India, with the southern zone leading in innovation (35% adoption) and the eastern region focussing on disaster management (15%), along with global successes in disaster relief, welfare targeting, and immunisation tracking. Quantitative impacts include India's geospatial market growth to ₹63,000 crores by 2025 and AMRUT 2.0's rapid water and sewerage coverage expansion in many major cities. However, persistent challenges include technical knowledge gaps in academia, insufficient institutional support for geospatial startups, and barriers like low digital literacy and language limitations that restrict broader participation. We recommend enhanced geospatial education, open data policies, vernacular interfaces, and inclusive citizen science frameworks to bridge these gaps, foster equitable participation, and realise geospatial intelligence's full potential for resilient, data-driven sustainability. © Author(s) 2025.",Broad review of geospatial technology applications across many sectors in India.
RE98FCB7C1E1F,E05,2025,Gautam S.; Joshi S.K.; Ambade B.,"Blue Sky, Blue Water: Advances in Air Pollution, Climate Resilience, and Water Governance for Sustainable Futures",10.1201/9781003613183,https://www.scopus.com/pages/publications/105024636134?origin=resultslist,"Blue Sky, Blue Water is a timely and comprehensive resource that explores the dynamic intersection of air pollution, climate resilience, and water governance in the 21st century. This scholarly book brings together cutting-edge research, case studies, and innovative strategies aimed at promoting environmental sustainability and public health. Spanning 18 chapters, it offers both conceptual and real-world perspectives across diverse regions and scientific disciplines. Key themes covered in this volume include an in-depth analysis of air pollution’s health effects, microplastic risks, climate extremes, and advanced wastewater treatment techniques such as nanotechnology and blockchain-based governance. This book also highlights the value of traditional knowledge and community-based water conservation, bridging science with practice. Readers will benefit from multidisciplinary insights and practical recommendations for sustainable policy-making and environmental stewardship. This book is an essential resource for researchers, environmental scientists, policymakers, urban planners, and students of environmental studies and public health. Its broad thematic coverage and global relevance make it suitable for academic institutions, government agencies, and non-governmental organizations focused on creating a sustainable and equitable future. © 2026 selection and editorial matter, Sneha Gautam, Suneel Kumar Joshi, and Balram Ambade; individual chapters, the contributors.","General multi-topic book on air pollution, climate and water governance, no single identifiable study."
R27288ABBAD50,E01,2025,Tijare A.; Joshi A.; Shete D.; Kosurkar K.; Hariyani J.; Vyas H.,Smart Vision Guided Table Sanitization System With Iot Integration for High-Traffic Dining Environments,10.1109/PuneCon67554.2025.11378649,https://www.scopus.com/pages/publications/105034657227?origin=resultslist,"The procedures of table cleaning in high-traffic communal dining environments, such as temples, cafeterias, and institutional canteens, remain labour-intensive and inefficient, particularly during peak hours. While some automated or robotic cleaning systems have been explored, they often lack real-time contamination detection, and they are not tailored for the stringent hygiene requirements of such facilities. To address these limitations, this research presents an IoT-enabled table cleaning system that integrates real-time image processing with precise motor control for autonomous operation. The proposed architecture features a dual-controller setup, where the ESP32 microcontroller performs continuous image acquisition, contamination detection, manages BLE and Wi-Fi communication, and controls the cleaning mechanism and fluid dispensing mechanism. The system uses an ESP32-CAM module for capturing both pre- and post-cleaning images, enabling autonomous assessment of table cleanliness and re-cleaning if necessary. To detect objects and human presence, the ESP32-CAM is utilized. This ensures that cleaning only occurs when tables are unoccupied and free of obstructions. A fluid-level sensor in the spray reservoir and an under-table waste bin enhance both safety and operational reliability. Data on cleaning status and environmental conditions can be shared in real-time on cloud servers, supporting centralised monitoring and maintenance. Experimental evaluation demonstrates the system's high detection accuracy, cleaning efficiency with various debris types, and reliable communication across multiple tables. By enabling automated, verifiable, and remotely monitored table sanitation, the proposed system reduces manual labour, improves hygiene standards, and offers a scalable, sustainable solution for modern large-scale dining facilities. © 2025 IEEE.","IoT table sanitization system for dining facilities, unrelated to water/sanitation access."
R9CD9BE4939D0,E01,2024,Attah-Otu B.; Sengupta A.; McAleavy T.,"There and back again: dynamics of temporary labor migration, insights from rural India",10.3389/fsoc.2024.1422602,https://www.scopus.com/pages/publications/85201563913?origin=resultslist,"Temporary labor migration is a household phenomenon among rural communities in India. This study seeks to understand the subjective experiences influencing the temporariness of labor migration among internal migrants in India by examining various factors such as migration conditions, motivation, migration arrangements, coping and adaptation strategies, and determinants of stay. To achieve this objective, the current qualitative study utilized 14 in-depth interviews and 2 focus group discussions to investigate the temporary nature of labor migration among internal migrants in India. Our findings reveal that migration decisions are rational choices made collectively at the household level, considering socio-economic outcomes. We also find that social networks and contractors facilitate migration arrangements and job connections, and migrants employ various strategies to reduce costs and cope with expenses in urban areas. However, migration destinations often fail to meet migrants’ expectations, exposing them to low-wage employment and precarious working and living conditions, which are detrimental to their health. Limited housing and sanitation facilities further contribute to the challenges faced by migrants. Work conditions, including poor wages and high job demands, also affect their well-being. These findings highlight the need for improved support systems that address accommodation challenges, work conditions, and the overall welfare of labor migrants. Copyright © 2024 Attah-Otu, Sengupta and McAleavy.",Qualitative study of temporary labor migration; sanitation is one minor challenge mentioned.
R6A4652897177,E04,2024,Shkaredo V.A.; Epstain A.D.; Sambursky G.A.; Cherepova D.A.; Maximova A.S.; Epiphanova M.A.,Treatment and Disposal of Sewage Sludge: Assessment of Effectiveness and Efficiency for the Purposes of Tariff Regulation of Wastewater Disposal companies; [ОБРАБОТКАИУТИЛИЗАЦИЯОСАДКОВСТОЧНЫХВОД: ОЦЕНКА РЕЗУЛЬТАТИВНОСТИИЭФФЕКТИВНОСТИ ВЦЕЛЯХ ТАРИФНОГОРЕГУЛИРОВАНИЯОРГАНИЗАЦИЙ ВОДООТВЕДЕНИЯ],10.18412/1816-0395-2024-2-60-65,https://www.scopus.com/pages/publications/85188210572?origin=resultslist,The possibilities of economic justification for activities related to the treatment and disposal of sewage sludge are considered by assessing their effectiveness and efficiency. Two assessment methods are proposed: based on integral target indicators and based on a risk-based approach. A combined assessment of the effectiveness and efficiency of production and investment program activities is recommended. It is based on the main regulatory documents regulating the field of wastewater disposal. It is noted that the use of this approach will provide regulatory and regulated institutions with an effective mechanism for economic argumentation of the process costs related to the treatment of sewage sludge. © 2024 Izdatel'stvo Kalvis. All rights reserved.,Methodology paper on tariff-regulation assessment for sewage sludge treatment; outcome is regulatory methodology.
RE4FFD35E03CB,E06,2024,Elsherif S.M.; Taha A.F.; Abokifa A.A.,Disinfectant control in drinking water networks: Integrating advection–dispersion–reaction models and byproduct constraints,10.1016/j.watres.2024.122441,https://www.scopus.com/pages/publications/85204079627?origin=resultslist,"Effective disinfection is essential for maintaining water quality standards in distribution networks. Chlorination, as the most used technique, ensures safe water by maintaining sufficient chlorine residuals but also leads to the formation of disinfection byproducts (DBPs). These DBPs pose health risks, highlighting the need for chlorine injection control (CIC) by booster stations to balance safety and DBPs formation. Prior studies have followed various approaches to address this research problem. However, most of these studies overlook the changing flow conditions and their influence on the evolution of the chlorine and DBPs concentrations by integrating simplified transport-reaction models into CIC. In contrast, this paper proposes a novel CIC method that: (i) integrates multi-species dynamics, (ii) allows for a more accurate representation of the reaction dynamics of chlorine, other substances, and the resulting DBPs formation, and (iii) optimizes for the regulation of chlorine concentrations subject to EPA mandates thereby mitigating network-wide DBPs formation. The novelty of this study lies in its incorporation of time-dependent controllability analysis that captures the control coverage of each booster station. The effectiveness of the proposed CIC method is demonstrated through its application and validation via numerical case studies on different water networks with varying scales, initial conditions, and parameters. © 2024 The Authors",Engineering control-system model for disinfectant dosing in drinking water networks.
R0BF9DBA1CB22,E01,2024,Das S.; Shit P.K.,"Assessing ecosystem services in wetlands through importance–performance analysis: evidence from lower Gangetic plain region, India",10.1007/s42532-024-00189-7,https://www.scopus.com/pages/publications/85195415196?origin=resultslist,"The wetland ecosystem plays a crucial role in both ecological potentiality and human wellbeing by providing essential ecosystem services. To truly understand the socio-economic complexities of local communities within wetland landscapes, it is essential to delve into the realm of their satisfaction availing these services. In this context, the perceptions of the local people regarding the importance and performance of ecosystem services become pivotal determinants for effective ecosystem service management. Therefore, the current study aims to identify and assess ecosystem services in six wetlands located in the Murshidabad district, which is part of the lower Gangetic plain region in India. This will be achieved by employing the Rapid Assessment of Wetland Ecosystem Services and Importance-Performance Analysis methods. This study involves comprehensive surveys, semi-structured interviews, and participatory exercises conducted with a total of 205 households in six wetlands surrounding villages from 2021 to 2023. The importance and performance of ecosystem services are categorized into four quadrants: Quadrant I (high perceived importance and performance), Quadrant II (low perceived importance and high perceived performance), Quadrant III (low perceived importance and performance), and Quadrant IV (high perceived importance and low perceived performance).The results indicate that Balagachi Damus and Bangsabati Beel exhibit more than 80% of ecosystem services in Quadrant I, signifying both high perceived importance and performance. In contrast, Chaltiya Beel, Ahiran Lake, and Bishnupur are three wetlands where over 24% of the ecosystem services fall into Quadrant IV, indicating high importance but low perceived performance. Notably, Chaltiya Beel is the sole wetland with nearly 18% of ecosystem services falling into Quadrant III. The study further establishes four prioritization levels (high, medium, low, and very low) for ecosystem services. Waste disposal, Jute retting, water supply (drinking and bathing), and maintenance of hydrological regimes emerge as highly prioritized, while microclimate regulation, carbon sequestration, and nutrient cycling are deemed low priority. The validation of the results emphasizes that Bishnupur and Chaltiya Beel, lacking riverine connections suffer from significant water pollution and act as a barrier to the flow of ecosystem services. It also reveals that where as the average improvement index is low for Balagachi Damus (0.15), it is high for Ahiran Lake (0.66). Consequently, wetland priority based on the average improvement index is ranked as follows: Ahiran (very high), Chhatiani Beel, Bishnupur Beel, Bangsabati Beel, Chaltiya Beel, and Balagachi Damus (very low). These findings serve as valuable guidance for policymakers for prioritizing the protection of wetlands and wetland-based ecosystem services. © The Author(s), under exclusive licence to Springer Nature Singapore Pte Ltd. 2024.",Importance-performance analysis of wetland ecosystem services broadly; water supply one minor service.
RB96E379019AD,E01,2024,Nti E.K.; Kranjac-Berisavljevic G.; Doke D.A.,Assessing the impact of artisanal gold mining on the environmental sustainability of groundwater resource for water security in southwestern Ghana,10.1016/j.envc.2023.100804,https://www.scopus.com/pages/publications/85179780039?origin=resultslist,"The increase in illegal gold mining (galamsey) activities that harm the environment by polluting water sources necessitates the need to take meaningful steps towards protecting the environment.The Jacobu water system in the Amansie Central district was selected as a case study. The purpose of the work is to assess the environmental sustainability of groundwater resource and whether surface water pollution has seeped into the water table to pollute groundwater resource. Methodologically, the study employed groundwater sustainability assessment framework, involving both linear and non-linear sustainability index functions, as well as analytical hierarchy process (AHP). Four groundwater sustainability aspects of quantity, quality, ecosystem and management were assessed. Also, thirteen groundwater sustainability indicators were created for the study. Using the linear sustainability index function, the environmental sustainability index was 0.845, which indicates an excellent level. For the assessment to properly reflect the reality in the study area, the combined linear and non-linear sustainability index function revealed a good level, 0.765, showing an environmentally good overview of Jacobu groundwater resource. This, therefore, suggests the need to ensure continuous protection of groundwater resource. Generally, the study area has not yet experience hydromorphic dispersion of polluted surface water into groundwater resources. For a sustainable groundwater in the future, strict control measures by enforcing environmental laws and regulations to prevent possible pollution of groundwater resource due to ‘‘galamsey’’ activities is critical to protect the invisible resource. This can be done through community engagement, and innovative approaches to monitoring and controlling illegal mining activities. This is to help sustain future generation's security of the ‘invisible’ groundwater resource in Ghana and contributes to Goal 6 (Ensuring Access to Clean Water and Sanitation) of the Sustainable Development Goals set by the United Nations. © 2023 The Author(s)","Groundwater environmental sustainability index study around artisanal mining, not a household access outcome study."
R91A0992199D0,E07,2024,Hirsch Z.M.; Zeff H.B.; Gupta R.S.; Vernon C.R.; Reed P.M.; Characklis G.W.,Two-Way Option Contracts That Facilitate Adaptive Water Reallocation in the Western United States,10.1029/2024EF004434,https://www.scopus.com/pages/publications/85208582971?origin=resultslist,"Many water markets in the western United States (U.S.) have the ability to reallocate water temporarily during drought, often as short-term water rights leases from lower value irrigated activities to higher value urban uses. Regulatory approval of water transfers, however, typically takes time and involves high transaction costs that arise from technical and legal analyses, discouraging short-term leasing. This leads municipalities to protect against drought-related shortfalls by purchasing large volumes of infrequently used permanent water rights. High transaction costs also result in municipal water rights rarely being leased back to irrigators in wet or normal years, reducing agricultural productivity. This research explores the development of a multi-year two-way option (TWO) contract that facilitates leasing from agricultural-to-urban users during drought and leasing from urban-to agricultural users during wet periods. The modeling framework developed to assess performance of the TWO contracts includes consideration of the hydrologic, engineered, and institutional systems governing the South Platte River Basin in Colorado where there is growing competition for water between municipalities (e.g., the city of Boulder) and irrigators. The modeling framework is built around StateMod, a network-based water allocation model used by state regulators to evaluate water rights allocations and potential rights transfers. Results suggest that the TWO contracts could allow municipalities to maintain supply reliability with significantly reduced rights holdings at lower cost, while increasing agricultural productivity in wet and normal years. Additionally, the TWO contracts provide irrigators with additional revenues via net payments of option fees from municipalities. © 2024. The Author(s).","Models water-rights option contracts for agricultural-urban water markets, not household service access."
REC9E4A8C6F4D,E07,2024,Jibat E.; Senbeta F.; Zeleke T.; Hagos F.,"Understanding Water Governance in the Central Rift Valley of Ethiopia: Governance Framework, Coherence and Practices",10.1007/s00267-024-01966-6,https://www.scopus.com/pages/publications/85190665126?origin=resultslist,"Water governance demands multi-sector participation beyond the state; and, appropriate laws, policies, regulations, and institutions need to be developed and put in place for sustainable use of water resources. A good water policy, a critical and integral instrument of water governance, guides water use schemes and ensures equitable water distribution among users. The Ethiopian Central Rift Valley (CRV) is rich in water resources, but these water resources are currently under severe strain owing to an imbalance in human-water interactions. This study examined the state of water resources governance framework, policy coherence, actors’ engagement and transparency, accountability, and participation in irrigation water supply in the CRV of Ethiopia. Key informant interviews (KII), focused group discussions, and document reviews were used to gather data for the study. The NVivo 11 program was used to organize, code, and analyze the data. The results revealed that water resources governance practices such as water allocation and apportionment, water resources protection, and conservation activities were inappropriately exercised. Water resources management policy mechanisms were not fully put in place. Lack of coherence in water policy implementation, absence of clear roles and responsibilities of stakeholders, absence of transparency and accountability in irrigation water service delivery, and lack of meaningful participation of key actors in water governance decision-making were observed. As a result, over-abstraction, deterioration of buffer zone areas, and chemical erosion from surrounding farming are attributed to the reduction in water volume and quality in the CRV. These challenges have influenced aquatic ecosystem services and threaten the livelihoods of the surrounding communities. Hence, reforms relating to policy coherence and enforcement, stakeholder engagement, water distribution strategies, and the implementation of water governance principles must be given adequate emphasis. © The Author(s), under exclusive licence to Springer Science+Business Media, LLC, part of Springer Nature 2024.","Qualitative governance study focused on irrigation water supply and resource allocation, not household/community service access."
RCD58D08AE128,E06,2024,Bian S.; Bako T.; Zhao R.; Abebe B.,Muti-Agency Collaboration in Mitigating SSO Risk in Buried Stream Crossing,,https://www.scopus.com/pages/publications/85204338880?origin=resultslist,"The Foundry Branch, traversing Glover Park in northwest Washington, DC, has historically been a picturesque creek, but recent climate change-induced record rainfall has transformed it into a volatile waterway, exacerbating the risk of Sanitary Sewer Overflows (SSOs) at a crucial crossing. This crossing, where an encased sanitary sewer on shallow piers discharges into a 27-in. interceptor, has experienced significant SSO events, prompting DC Water to initiate a Capital Improvement Project (CIP) aimed at a comprehensive overhaul. The project encompasses not only the replacement of the existing sewer crossing but also enhancements to the receiving sanitary trunk sewer, marking a significant undertaking within a wetland area with complex permitting processes involving the National Park Service (NPS), the District Department of Energy & Environment (DOEE), and the US Army Corps of Engineers (USACE). Estimated to span 4-5 years from design inception to construction completion, this initiative underscores the challenges posed by environmental regulations and climate change alike. In response to two SSO incidents within an 8-month span in 2022 and 2023, DC Water conducted a geo-structural evaluation of the creek crossing and engaged Spiniello Companies for a site assessment, uncovering significant upstream infiltration. Through collaborative discussions with NPS, DOEE, and USACE, DC Water devised an emergency work plan, earning the requisite approvals for immediate intervention. This plan included the removal of obstructive vegetation, the creation of an access route within the dense woodland, and the demolition of the existing crossing to make way for an innovative solution. The implemented design features a 12-in. PVC sewer line, supported by helical anchors and set at a 2% slope, encased to ensure durability. This new crossing, adorned with a stepping stone surface per NPS request, serves dual functions as both a sewer conduit and a pedestrian pathway. Further, the design integrates flowable fill encasement for the sewer segment and a concrete headwall on piles at the creek crossing, significantly bolstering the embankment erosion resistance. In presenting this resilient infrastructure solution, DC Water aims to showcase how engineering innovation can effectively mitigate the impacts of climate change on urban water management systems. The project not only addresses immediate SSO concerns but also sets a precedent for future-proofing critical infrastructure in environmentally sensitive areas. By employing an oversized sewer crossing on erosion-resistant piles and installing an upstream monolithic manhole with a watertight frame and cover, DC Water demonstrates a commitment to safeguarding the community and the environment against the challenges of the coming decades.  © ASCE.",Engineering case study of a sewer-crossing infrastructure project and its permitting/construction process.
RF20EBE204675,E05,2024,Acevedo-Guerrero T.; Bossenbroek L.; Leonardelli I.; Zwarteveen M.; Kulkarni S.,Routledge handbook of gender and water governance,10.4324/9781003100379,https://www.scopus.com/pages/publications/85201137257?origin=resultslist,"This handbook provides a comprehensive overview of the field of gender and water governance, exploring how the use, management and knowledge of water resources, services and the water environment are deeply gendered. In water there is a recognized gender gap between water responsibilities and water rights and bridging this gap is likely to help achieve not just goals of equity but also those of sustainability. Building on a rich legacy of feminist water scholarship, the Routledge Handbook of Gender and Water Governance is a collection of reflections and studies that can be used as a prismatic lens into a thriving and ever proliferating array of feminist water studies. It provides a clear testimony of how hydrofeminism has evolved from rather instrumental gender and water studies to scholarship that uses feminist tools to pry open, critically reflect on and formulate alternatives to water development-as-usual. The book also shows how the community of feminists interested in studying water has diversified and expanded, from often white female scholars studying projects and gender relations in the so-called Global South, to a varied mix of scholars and activists theorizing from diverse geographical and political locations -prominently including the body. It is organized into five interconnected parts: •Part I: Positionality and embodied waters •Part II: Revisiting water debates: diplomacy, security, justice and heritage •Part III: Sanitation stories •Part IV: Precarious livelihoods •Part V: New feminist futures Each of these parts brings out the gendered nature of water, shedding light on the often neglected care and unpaid labour of women and its relationship with extractivism and socioeconomic inequalities. The overall aim of the handbook is to apply social science insights to water governance challenges, creating synergies and linkages between different disciplines and scientific domains. The Routledge Handbook of Gender and Water Governance is essential reading for students, scholars and professionals interested in water governance, water security, health and sanitation, gender studies and sustainable development more broadly. © 2025 selection and editorial matter, Tatiana Acevedo-Guerrero, Lisa Bossenbroek, Irene Leonardelli, Margreet Zwarteveen, and Seema Kulkarni. All rights reserved.","Description of an edited handbook collection on gender and water governance, not itself an empirical study."
RD09157E5D939,E01,2024,Kim J.-H.; Tack B.; Fiorino F.; Pettini E.; Marchello C.; Jacobs J.; Crump J.; Marks F.,Examining geospatial and temporal distribution of invasive non-typhoidal Salmonella disease occurrence in sub-Saharan Africa: A systematic review and modelling study,10.1136/bmjopen-2023-080501,https://www.scopus.com/pages/publications/85187839728?origin=resultslist,"Background Invasive non-typhoidal Salmonella (iNTS) disease is a significant health concern in sub-Saharan Africa. While our knowledge of a larger-scale variation is growing, understanding of the subnational variation in iNTS disease occurrence is lacking, yet crucial for targeted intervention. Method We performed a systematic review of reported occurrences of iNTS disease in sub-Saharan Africa, consulting literature from PubMed, Embase and Web of Science published since 2000. Eligibility for inclusion was not limited by study type but required that studies reported original data on human iNTS diseases based on the culture of a normally sterile site, specifying subnational locations and the year, and were available as full-text articles. We excluded studies that diagnosed iNTS disease based on clinical indications, cultures from non-sterile sites or serological testing. We estimated the probability of occurrence of iNTS disease for sub-Saharan Africa on 20 km × 20 km grids by exploring the association with geospatial covariates such as malaria, HIV, childhood growth failure, access to improved water, and sanitation using a boosted regression tree. Results We identified 130 unique references reporting human iNTS disease in 21 countries published from 2000 through 2020. The estimated probability of iNTS occurrence grids showed significant spatial heterogeneity at all levels (20 km × 20 km grids, subnational, country and subregional levels) and temporal heterogeneity by year. For 2020, the probability of occurrence was higher in Middle Africa (0.34, 95% CI: 0.25 to 0.46), followed by Western Africa (0.33, 95% CI: 0.23 to 0.44), Eastern Africa (0.24, 95% CI: 0.17 to 0.33) and Southern Africa (0.08, 95% CI: 0.03 to 0.11). Temporal heterogeneity indicated that the probability of occurrence increased between 2000 and 2020 in countries such as the Republic of the Congo (0.05 to 0.59) and Democratic Republic of the Congo (0.10 to 0.48) whereas it decreased in countries such as Uganda (0.65 to 0.23) or Zimbabwe (0.61 to 0.37). Conclusion The iNTS disease occurrence varied greatly across sub-Saharan Africa, with certain regions being disproportionately affected. Exploring regions at high risk for iNTS disease, despite the limitations in our data, may inform focused resource allocation. This targeted approach may enhance efforts to combat iNTS disease in more affected areas.  © Author(s) (or their employer(s)) 2024. Re-use permitted under CC BY. Published by BMJ.",Systematic review/modelling of invasive Salmonella disease geospatial distribution; water/sanitation access used only as a covariate.
RA2963C9FF331,E01,2024,Bianucci P.; Sordo-Ward A.; Lama-Pedrosa B.; Garrote L.,How do environmental flows impact on water availability under climate change scenarios in European basins?,10.1016/j.scitotenv.2023.168566,https://www.scopus.com/pages/publications/85178020007?origin=resultslist,"Environmental flows (Qeco) facilitate a good ecological status of fluvial ecosystems, but they usually represent a constraint for water uses. Qeco flow regime should not only be based on the minimum flows, but it should also account their variability. It is expected that climate change impact on some hydrological systems diminishing the natural water resources and stressing the river ecosystems. In this context, the balance between ecosystems conservation and human water needs becomes even more difficult to manage. We performed a comprehensive analysis over European territory to assess the behaviour of basins regarding different criteria for environmental flow determination under climate change scenarios. We used a water allocation model, WAAPA, to estimate the water availability (WA). In this study, WA represents the maximum demand that can be supplied at a certain point of the river network with a given reliability criteria, considering drinking and irrigation water supply. We considered two methods for calculating Qeco, Qeco1 based on mean monthly flow (MMF) and Qeco2 based on mean annual runoff (MAF). We analyzed the current scenario (historical from 1960 to 2000) and 40 future projections, which combine short and long term (from 2020 to 2059, and from 2060 to 2099, respectively), four emission scenarios (RCP2.6 to RCP8.5) and five climate models. Expected changes on MAF due to climate change are not uniform through Europe and also vary regarding the specific climate scenario. >70 % of basins show a trend to reduce their MAF under severe emission scenarios. Conservative values of Qeco represent a heavy constraint for WA and stress the water systems similarly than climate change impacts. The study also highlights that regulation capacity helps on buffering the effects of both climate change and environmental requirements. This study provides a good insight for understanding basin response in terms of WA, regarding environmental criteria and climate change effects. © 2023 The Authors",Hydrological modeling of environmental flow impacts on water availability under climate change across European basins.
R8204739B1BB5,E01,2023,Singh S.,Water pollution in rural areas: Primary sources and associated health issues,10.1016/B978-0-443-18778-0.00011-8,https://www.scopus.com/pages/publications/85176823924?origin=resultslist,"Water pollution is a serious issue in urban as well as rural areas. Many sources in the rural sector, such as agriculture, small-scale industrial activities, domestic sewage, poor waste management, village dry toilets, livestock farms, etc. have been documented to contribute to the menace of water pollution, agriculture being the chief source. The agricultural non-point source (NPS) inorganic and organic pollutants are primarily due to the fertilization of farmland, ill-defined dumping of day-to-day bio-wastes (livestock excreta, crop straws, rural domestic refuse, and sewage, etc.), excessive livestock and poultry breeding in rural areas. The levels of rural NPS pollution further escalate more significantly due to the backwardness of the agricultural economy as well as the low level of environmental awareness amongst peasants. There is a close connection between water pollution and health effects, as contamination of water renders the water unsafe for consumption, and so is a major public health problem. The consumption of contaminated drinking water has been associated with varied complications like birth defects in newborns, methemoglobinemia, typhoid, dysentery cholera, and infective hepatitis, to name a few. The contamination of water raises the threat of contact with varied infectious and parasitic diseases and multiplies the number of industrial effluents, heavy metals, and algal toxins. The attainability of pure water and satisfactory sanitation facilities are the key measures for checking different waterborne illnesses. Therefore, awareness and education of the public with respect to sanitation and hygiene together with the preservation of the various water sources, are promptly warranted to safeguard the people in rural areas. Additionally, due to the dearth of knowledge about water pollution control and management, together with lacunae in water quality standard systems and laws and regulations, agricultural NPS pollution will become the greatest threat to sustainable development and society at large. A multidisciplinary approach is needed to manage the agricultural NPS pollution comprising different governmental departments, institutions, and the public. The problem of rural water pollution can be addressed efficiently by utilizing agricultural wastes and converting them into resources like by way of biogas generation, crop straw gasification, the establishment of biogas septic tanks in rural areas, and utilizing the domestic sewage and livestock breeding wastewater, etc. © 2024 Elsevier Inc. All rights reserved.",Descriptive review of rural water pollution sources and health effects; not a water/sanitation access study.
R8AFDB506C3A4,E01,2023,Manji K.; Perera S.; Hanefeld J.; Vearey J.; Olivier J.; Gilson L.; Walls H.,An analysis of migration and implications for health in government policy of South Africa,10.1186/s12939-023-01862-1,https://www.scopus.com/pages/publications/85158073550?origin=resultslist,"For over a decade, the global health community has advanced policy engagement with migration and health, as reflected in multiple global-led initiatives. These initiatives have called on governments to provide universal health coverage to all people, regardless of their migratory and/or legal status. South Africa is a middle-income country that experiences high levels of cross-border and internal migration, with the right to health enshrined in its Constitution. A National Health Insurance Bill also commits the South African public health system to universal health coverage, including for migrant and mobile groups. We conducted a study of government policy documents (from the health sector and other sectors) that in our view should be relevant to issues of migration and health, at national and subnational levels in South Africa. We did so to explore how migration is framed by key government decision makers, and to understand whether positions present in the documents support a migrant-aware and migrant-inclusive approach, in line with South Africa’s policy commitments. This study was conducted between 2019 and 2021, and included analysis of 227 documents, from 2002–2019. Fewer than half the documents identified (101) engaged directly with migration as an issue, indicating a lack of prioritisation in the policy discourse. Across these documents, we found that the language or discourse across government levels and sectors focused mainly on the potential negative aspects of migration, including in policies that explicitly refer to health. The discourse often emphasised the prevalence of cross-border migration and diseases, the relationship between immigration and security risks, and the burden of migration on health systems and other government resources. These positions attribute blame to migrant groups, potentially fuelling nationalist and anti-migrant sentiment and largely obscuring the issue of internal mobility, all of which could also undermine the constructive engagement necessary to support effective responses to migration and health. We provide suggestions on how to advance engagement with issues of migration and health in order for South Africa and countries of a similar context in regard to migration to meet the goal of inclusion and equity for migrant and mobile groups. © 2023, The Author(s).",Policy-document analysis of migration and health framing in South Africa; unrelated to water/sanitation access.
R8D770FEEF19A,E01,2023,Salena I.Y.; Febrianti D.; Ridho M.; Rahman A.; Amin M.A.R.,Fire safety studies in the U2A integrated building Teuku Umar University,10.1063/5.0129031,https://www.scopus.com/pages/publications/85176785767?origin=resultslist,"Every building encounters the danger and risk of fire, especially building with more complete functions, which is the more diverse the activities, the higher the security demands, so the more complete the fire protection system needed, for the safety of users, managers, and the building itself. Each building must fulfill administrative and technical requirements comprise building layout and building reliability requirements, including the integrated building U2A Teuku Umar University which is the center of teaching and learning activities for students and the academic community. This building consists of 4 (four) floors and has 74 classrooms. Fire safety system identification and assessment results in the U2A building based on guidelines for building safety inspection Pd-T-11-2005-C already completed and shows Building Safety System Reliability Value (NKSKB) is 42.97% and in the deficient category (K), which underlies the purpose of this study, that is recommendation and design for two fire safety components namely site completeness (water supply and access) and Means of Egress. The method used in this research is layout design and recommendation for the two fire safety components in the Integrated U2A UTU building refers to Ministerial Regulation No. 26/PRT/M/2008, SNI 03-1735-2000, SNI 03-1746-2000, and NFPA 1 (National Fire Protection Association). The results show that in site completeness, water supply must provide new water source, reservoir, fire hydrant protection as well as Indoor Hydrant Box and all pump installation needed. In the access road, 2 (two) marking points for fire engines with the addition of 4 (four) private hydrants must be provided and function optimally. The design of Means of Egress in the form of marking of exit facilities for each floor and the evacuation route plan will be placed in all levels of the building. The implementation of a fire safety system in the U2A integrated building must meet fire safety system standards to prevent and minimize the impact of fires.  © 2023 Author(s).",Fire-safety engineering assessment of a university building including fire-hydrant water supply; unrelated to household water/sanitation access.
R2493403A64ED,E01,2022,Rodin R.,Islamic college libraries facing the covid-19 pandemic: Study at IAIN Curup’s Library; [Perpustakaan perguruan tinggi islam menghadapi pandemi Covid-19: Studi Pada Perpustakaan IAIN Curup],10.20473/rlj.V8-I1.2022.171-184,https://www.scopus.com/pages/publications/85179330025?origin=resultslist,"Background of the study: The library has been running normally. But it changed 360 degrees when the COVID-19 pandemic outbreak hit. Purpose: The purpose of this study was to analyze how Islamic university libraries in Indonesia faced the COVID-19 pandemic, especially the IAIN Curup Library. Method: The design of this research is descriptive qualitative, the informants in this study are the head of the library and management staff / librarian, and the data collection technique uses surveys, interviews and documentation. While the data analysis using qualitative descriptive techniques. Findings: The results of the study show that there are several creativity and innovations that have been carried out by the IAIN Curup Library in dealing with the current epidemic of the Covid-19 pandemic, including 1) Making online membership cards; 2) SKBP services online; 3) Access books online; 4) Join to telegram; and 5) Auto WhatsApp as an alternative to library services. Then there are several things that the IAIN Curup library has done in the face of the covid 19 pandemic, namely 1) strengthening e-resources at IAIN Curup such as e-repository, IAIN Curup e-library, e-theses, and open educational resources, where all these resources will support lectures and other academic activities. 2) Implementation of health protocols when entering the library, for example wearing masks, maintaining distance, limiting the number of visitors, and providing good sanitation facilities. Conclusion: The Covid 19 pandemic that is currently engulfing the library has closed all doors for visitors so that the library has no visitors at all (in this case a physical visit) to the library, therefore facing this issue, the Islamic CollegeLibrary in this case must do the following: creativity and innovation. © 2022, Airlangga University Faculty of Vocational Studies. All rights reserved.",Qualitative study of an Islamic university library's COVID-19 response; sanitation facilities mentioned only as one health protocol measure.
R898543A2BB2C,E04,2022,Anthonj C.; Setty K.E.; A. Yaya A.-M.; Mingoti Poague K.I.H.; Marsh A.J.; Ferrero G.; Augustijn E.-W.,Do health risk perceptions motivate water - and health-related behaviour? A systematic literature review,10.1016/j.scitotenv.2021.152902,https://www.scopus.com/pages/publications/85123725771?origin=resultslist,"Health-related risk perceptions are important determinants of health behaviours and components of behaviour change theories. What someone thinks or feels will motivate or hinder their intention or hesitancy to implement a certain behaviour. Thus, a perceived potential risk to our health and well-being can influence our health-promoting and/or health-seeking behaviour. We aimed to review and synthesize available peer-reviewed literature to better understand the links between water and health-related risk perceptions and behaviours. We conducted the first systematic review of peer-reviewed literature on risk perceptions and behaviours in the context of water and health, published between 2000 and 2021. A total of 187 publications met the inclusion criteria. We extracted data relating to study characteristics and categorized our results according to the major themes emerging from the literature, namely drinking water, sanitation, hygiene and wasterelated topics, health risk factors, diseases and mental health implications, and preventative measures. Our review shows that the literature has grown over the past twenty years, reporting information from different countries belonging to different income groups around the globe, conducted in various settings and contexts, among different target populations, from various disciplinary angles, using different methods, theories and approaches. Our review provides evidence of health risk perceptions determining behaviour particularly related to drinking water sources and water safety. Evidence on disease prevention, health seeking, variations and changes in perception and behaviour over space, geography, socioeconomic differences and time, and the relevance of cultural context is provided. Our review shows that risk perception studies are vital for WASH governance in terms of policy, raising awareness, education and behaviour change. In order to make risk perception and behaviour studies even more relevant to effective public health planning and health messaging, future research needs to increasingly focus on early culturally sensitive interventions and changes in perceptions and behaviours over time. © 2022 The Authors","Systematic review of health risk perceptions and water/sanitation-related behaviors; outcome is behavior/perception, not access."
R46E6D7A0C7B6,E04,2022,El Khanji S.,Donors’ Interest in Water and Sanitation Subsectors,10.1057/s41287-021-00367-3,https://www.scopus.com/pages/publications/85102534625?origin=resultslist,"International efforts have taken place to alleviate poverty by adopting several obligations within the international society; one of these obligations is the provision of safe access to water and sanitation. The MDGs helped people around the world to gain improved water sources and better sanitation. Although the sectoral aid increased from 20% between 1990 and 1992 (only 4.9% distributed for water supply and sanitation (W&S)) to 35% between 2002 and 2004 (only 3.9% allocated for W&S), facts showed that the allocated aid was biased to social aims rather than infrastructural targets. In this study, I am focusing on the donors’ commitment for W&S, whether their ODA for these two sub-sectors is aligned with the intentions of the SDGs. I find that donors allocated W&S aid by focusing on governments in general with higher governance indicators, and that poorer countries received a higher allocation of aid. © 2021, European Association of Development Research and Training Institutes (EADI).","Quantitative analysis of donor aid allocation to water/sanitation sectors by governance indicators; outcome is aid flow, not access."
RBF0F6CF21AB7,E07,2022,Vera-Puerto I.; Valdés H.; Bueno M.; Correa C.; Olave J.; Carrasco-Benavides M.; Schiappacasse F.; Arias C.A.,Reclamation of Treated Wastewater for Irrigation in Chile: Perspectives of the Current State and Challenges,10.3390/w14040627,https://www.scopus.com/pages/publications/85125358697?origin=resultslist,"Reclamation of treated wastewater is considered a viable option for reducing the agricultural and national water deficit, especially in Mediterranean-type and arid climatic conditions. Given that Chile is a country around 40% of whose territory is classified as semi-arid and desert and 20% as Mediterranean, with serious water scarcity problems, and which uses a great deal of the resource in agricultural irrigation, the present paper offers perspectives on the current state of treated wastewater reuse and considers challenges to improving the development of water reclamation for irrigation in Chile as a case study. The methods followed included a systematic literature review to answer two important questions: (a) What is the state of reclamation of treated wastewater for irrigation in Chile? and (b) What criteria/parameters determine the feasibility of reclaiming treated wastewater for irrigation in Chile? The results showed that Chile has been affected by climate change in a short time: a megadrought has occurred over the last ten years, increasing the necessity for the country to secure alternative water sources for irrigation. The country has advanced greatly in wastewater treatment coverage, achieving almost 100% in urban areas, with technologies that can produce quality water as a new water source for irrigation. However, the lack of regulations and limited frameworks could explain the low direct reuse at present—below 1% of total flow. Regarding challenges, the necessity of updates to Chile’s institutional and legal frameworks, besides the inclusion of rural communities and the study of emerging contaminants, will be discussed. By these means, it will be possible to more efficiently utilize recycled wastewater as a new source for irrigation in this country. © 2022 by the authors. Licensee MDPI, Basel, Switzerland.",Literature review of treated wastewater reclamation for agricultural irrigation in Chile; not household water/sanitation access.
RB01DD4D7B7F2,E07,2022,Klauer B.; Küblböck K.; Omann I.; Karutz R.; Klassert C.; Zhu Y.; Zozmann H.; Smilovic M.; Talozi S.; Figueroa A.J.; Grohs H.; Heilemann J.; Gorelick S.,"Stakeholder Workshops Informing System Modeling—Analyzing the Urban Food–Water–Energy Nexus in Amman, Jordan",10.3390/su141911984,https://www.scopus.com/pages/publications/85139921258?origin=resultslist,"Large cities worldwide are increasingly suffering from a nexus of food, water, and energy supply challenges. This complex nexus can be analyzed with modern physico-economic system models. Only when practical knowledge from those affected, experts, and decision makers is incorporated alongside various other data sources, however, are the analyses suitable for policy advice. Here, we present a concept for “Sustainability Nexus Workshops” suitable for extracting and preparing relevant practical knowledge for nexus modeling and apply it to the case of Amman, Jordan. The experiences of the workshop participants show that, although water scarcity is the predominant resource problem in Jordan, there is a close connection between food, water, and energy as well as between resource supply and urbanization. To prevent the foreseeable significant degradation of water supply security, actions are needed across all nexus dimensions. The stakeholders demonstrate an awareness of this and suggest a variety of technical measures, policy solutions, and individual behavioral changes—often in combination. Improving the supply of food, water, and energy requires political and institutional reforms. In developing these, it must be borne in mind that the prevalent informal structures and illegal activities are both strategies for coping with nexus challenges and causes of them. © 2022 by the authors.","Stakeholder workshop study for food-water-energy nexus system modeling in Amman; broad resource nexus, not household water/sanitation access."
R84407E8635C7,E03,2022,Maas L.W.D.; Lara de Assis L.M.; Carolina Tomás M.; Braga Carvalho P.F.; Oliveira Vilaça T.; Elise de Lira A.,Poverty in Maranhão: an analysis based on a multidimensional perspective; [A pobreza no Maranhão: uma análise com base na perspectiva multidimensional],10.1590/s0102-6992-202237020002,https://www.scopus.com/pages/publications/85137376035?origin=resultslist,"This article aims to measure and characterize the phenomenon of multidimensional poverty in the state of Maranhão. Considering that the state is the poorest in Brazil in monetary terms, the Multidimensional Poverty Index (MPI) and its comparison with the poverty lines are used to discuss the potential of a multidimensional approach to poverty. To calculate the MPI, data from the sample component of the 2010 Census were used. The MPI was constructed with four dimensions (Education, Health, Work and Living Standard) and 13 indicators. The results allow us to identify a very small incidence of multidimensional poverty compared to monetary poverty, which implies a focus on situations of acute poverty, associated with simultaneous and difficult to overcome deprivations, which are not necessarily associated with income deprivation. By decomposing the index, the need to combat poverty through public policies and social projects aimed at infrastructure is pointed out, particularly access to drinking water, sanitation, and domestic waste treatment, and at the formalization of work and improvement of education of the adult population. © 2022, Universidade de Brasilia. All rights reserved.",Multidimensional poverty index study in Brazil; water/sanitation access is one minor indicator with no governance exposure examined.
R6423FB86EF29,E07,2021,Sasman M.; Dolan C.B.; Villegas D.; Eyob E.; Barrett C.,The influence of marginalization on cultural attitudes and trash disposal practices in esfuerzo de paraíso of the dominican republic: A qualitative interview study,10.3390/ijerph18062872,https://www.scopus.com/pages/publications/85102191830?origin=resultslist,"The inadequate management of municipal solid waste (MSW) in fast-developing nations is a major public health problem. Trash collection is often inconsistent, leaving residents to use unsafe disposal methods such as incineration or unregulated dumping. The issue is especially pronounced in marginalized communities, where public service provision is scarce. Past research has identified factors that perpetuate harmful disposal practices. The current study expanded on previous work by exploring how individuals’ perceptions of political, spatial, and economic marginalization affected their agency with regards to waste management. Researchers focused on a marginalized community in the Dominican Republic known as Esfuerzo de Paraíso. There, they conducted semi-structured interviews to explore residents’ perceptions of marginalization at the individual, interpersonal, community, and institutional levels, and its effects on their agency. A qualitative coding process revealed that most community members were discontent with their trash disposal practices, but that long-standing marginalization left them feeling ill equipped to generate change at the individual level. Interviewees believed that change should be initiated at the community level and implemented with the support of institutional-level actors, namely the municipal government. Residents did not identify any non-governmental organizations as possible sources of help, which may suggest a limited view of institutional support networks. © 2021 by the authors. Licensee MDPI, Basel, Switzerland.","Qualitative interview study of marginalization and household trash/solid-waste disposal practices in the Dominican Republic; solid waste, not water/sanitation service."
R7174EAE7F865,E01,2021,Mohanty P.C.; Sharma K.,Households’ responses on medical pluralism: Dynamics and determinants of access to traditional medicines in India,10.1016/j.cegh.2021.100880,https://www.scopus.com/pages/publications/85118175196?origin=resultslist,"The Indian healthcare practice is pluralistic and unique since it is poised with many challenges. High out of pocket (OOPE) expenditure, scanty institutional facilities, and expensive private healthcare, etc. have strong bearing on adoption of traditional health care practices besides socio-cultural and other gradients. The paper addresses the dynamics and determinants of the access to traditional medicines in India using the representative dataset of the national sample survey (71st and 75th round) conducted in 2014 and 2017–2018. The analysis includes descriptive statistics, conditional Logit regression with marginal effects and Tobit regressions models. Results confirm increased access to traditional medicines even in case of major ailments which has reduced the OOPE on healthcare. The Covid19 pandemic has synergised the use of AYUSH owing to its immunity-boosting measures. The paper also incorporates some of the recent policy initiatives taken over recently in India to facilitate the Ayurveda, Yoga and Naturopathy, Unani, Sowa Rigpa, Siddha and Homoeopathy (AYUSH). © 2021",Survey study of access to traditional medicine in India; not water/sanitation.
RE0BE7A0F9B75,E07,2021,Ritter W.,State regulations and guidelines for wastewater reuse for irrigation in the U.S.,10.3390/w13202818,https://www.scopus.com/pages/publications/85117472092?origin=resultslist,"The objective of this paper is to present an overview of state regulations and guidelines for wastewater reuse for irrigation. Land application of wastewater in the U.S. began in the 19th century when it was considered the safest and best method for wastewater disposal. According to the Environmental Protection Agency (EPA), 27 states have regulations for wastewater reuse and 11 states have guidelines for reuse. Some states have no regulations or guidelines for wastewater reuse. For urban wastewater reuse for irrigation where public access is not restricted and for irrigation of food crops, many of the states require additional levels of treatment beyond secondary treatment, which may include oxidation, coagulation, and filtration and high levels of disinfection. California, Arizona, Texas, and Florida were the earliest states to establish water reuse programs and account for the majority of wastewater reuse for irrigation in the U.S. Several of the challenges to increase wastewater reuse are water rights in the western states and a lack of funding for new projects. © 2021 by the author. Licensee MDPI, Basel, Switzerland.",Review of US state regulations for wastewater reuse in agricultural irrigation; not household service.
R2A0BB81023EF,E01,2021,Banda G.T.; Deribe K.; Davey G.,"How can we better integrate the prevention, treatment, control and elimination of neglected tropical diseases with other health interventions? A systematic review",10.1136/bmjgh-2021-006968,https://www.scopus.com/pages/publications/85117687403?origin=resultslist,"Background Globally, about 1.7 billion people living in poverty are affected by one or more of a group of disabling, disfiguring and poverty-promoting conditions known as neglected tropical diseases (NTDs). Major global health actors, like the WHO, have endorsed a shift from vertical to integrated NTD management. Objective This systematic review aimed to evaluate how integration is being conducted and how we can improve it. Methods PubMed, Medline, Cochrane library, Web of Science, Trip, Embase, Global Health and Google Scholar were searched from 1 April to 22 July 2020.We included peer-reviewed articles published between 1 January 2000 and 22 July 2020 in English. Results Database searches produced 24 565 studies, of which 35 articles met the inclusion criteria. Twenty of these articles were conducted in sub-Saharan Africa. Twenty articles were also published between 2015 and 2020. Literature revealed that NTDs have been integrated- A mong themselves; with water, sanitation and hygiene programmes; with vector control; with primary healthcare; with immunisation programmes; and with malaria management. Integrated mass drug administration for multiple NTDs was the most common method of integration. The three complex, yet common characteristics of successful integration were good governance, adequate financing and total community engagement. Conclusion The dataset identified integrated management of NTDs to be cost effective and potentially to increase treatment coverage. However, the identified modes of integration are not exclusive and are limited by the available literature. Nonetheless, integration should urgently be implemented, while considering the programmatic and sociopolitical context. © 2021 Author(s). Published by BMJ.","Systematic review of neglected tropical disease programme integration; WASH is one integration partner, not the outcome studied."
R668AF0288F1E,E01,2019,Riebe O.; Rheinbaben F.V.; Werner S.,Germ release of electronic components and computers and their decontamination by UV-C irradiation; [Keimfreisetzung elektronischer Bauteile und Computer und deren Dekontamination mit Hilfe von UV-C Bestrahlung],,https://www.scopus.com/pages/publications/85075396665?origin=resultslist,"Introduction: While medical instruments can usually be processed safely, the decontamination of electronic devices is in no way satisfying. Not even the release of dust particles and germs during their operation has been the subject of more detailed studies but also the decontamination of electronic components, especially the interior of personal computers (PC) or similar devices, represents a virtually unsolved problem. In our study, we therefore examined to what extent particularly sensitive electronic devices such as computers (PCs) can release dust particles and germs into the environment during their operation. In addition, the efficiency of a decontamination process for the interior of PCs using UV-C light was tested. Methods: Impingers and a particle measuring device were used to measure particle and germ release. The release and reliability of re-isolation methods from PCs using germ contaminated talcum powder was also investigated. In addition, the efficiency of a decontamination process for the interior of PCs was tested using UV-C light. Results: The results show that devices that have been used for a longer time period can cause continuous particle release during their use and all kind of germs found in the air released by the ventilators of an electronic device is obviously originated from the environment in which a computer is placed and operated. In devices from the medical environment nosocomial pathogens could therefore be found. Their persistence is expected to be determined by their tenacity, especially their dry stability. For example, in PCs from medical institutions, facultative pathogenic agents such as Burkholderia cepacia, Sphingomonas paucimobilis and Ralstonia spec. could be detected. The sanitation of electronic device was carried out in two steps. First, the device was cleaned from dust particles and then decontaminated with UV-C light. This turned out to be a suitable procedure even when the PCs interior was previously artificially contaminated with Staphylococcus aureus and Enterococcus hirae. The direct exposure to UV-C light for 1.5 min proved to be highly effective even if the exposure to the UV light occurred at an angle much lesser than 45° and therefore in less accessible parts inside the PCs. In all cases, the measurable germ reduction was at least 4 lg steps, in accordance with the European standard for safe surface decontamination in the institutional area and partly even in the medical area. In contrast, the test germ Enterococcus hirae was particularly more resistant to UV light. After artificial contamination and an UV-C exposition of 1.5 min small residual amounts of this bacterium could still be found. For the investigation of UV-C decontamination procedures it is recommended to use Enterococcus hirae as an obligate test germ. Discussion: In view of the effectiveness of UV-C light in decontaminating sensitive electronic parts, treatment with UV-C light therefore appears to be possible in principle. The decision whether electronic components need to be decontaminated at all and, if so, on what occasions and with what measures, is left to the person responsible for hygiene. © 2019 mhp-Verlag GmbH. All rights reserved.",Germ-release/decontamination study of electronic equipment; unrelated to water/sanitation service access.
RACBE121B640A,E09,2019,,ACM International Conference Proceeding Series,,https://www.scopus.com/pages/publications/85123040664?origin=resultslist,"The proceedings contain 81 papers. The topics discussed include: tackling identity management, service delivery, and social security challenges: technology trends and partnership models; role of technology in success of rural sanitation revolution in India; towards a taxonomy of government webportals; evaluation of the public value of e-government services in Ethiopia: case of court case management system; study of e-governance and online donors for achieving financial resilience post natural disasters; e-toll laut: blockchain port as the key for realizing Indonesia’s maritime fulcrum; bringing transparency and trust to elections: using blockchains for the transmission and tabulation of results; how to master the ‘e’: tools for competence identification, provision and preservation in a digitalized public sector; deep learning powered question-answering framework for organizations digital transformation; and mediating open data consumption - identifying story patterns for linked open statistical data.",Conference proceedings listing of 81 papers on e-government/technology; insufficient detail on any single sanitation study.
R644675DAEC0B,E05,2019,Bertoncini M.E.S.N.; Cavassin M.V.,A REGULATION ON SANITATION SECTOR BASIC AND THE PRINCIPLE OF HUMAN DIGNITY; [A REGULAÇÃO NO SETOR DE SANEAMENTO BÁSICO E O PRINCÍPIO DA DIGNIDADE HUMANA],10.21902/Revrima.v1i25.3877,https://www.scopus.com/pages/publications/85131635088?origin=resultslist,"This article analyzes the role of regulation of water and sewage services in the realization of the constitutional principle of human dignity, revealing the regulatory framework of basic sanitation that has created conditions for the progressive improvement of the services. The research focuses the analysis of water scarcity and water crisis that have affected large urban centers in Brazil and abroad, as well as the externalities arising from access to water and sewage services, health, environment and human development. It is demonstrated that regulation is preponderant to guarantee the fulfillment of public policies. © 2019, Centro Universitario Curitiba - UNICURITIBA. All rights reserved.","Doctrinal analysis of sanitation regulation and human dignity, Brazil; no empirical design."
R83128BDCAE7D,E06,2018,Jana B.B.; Mandal R.N.; Jayasankar P.,Wastewater management through aquaculture,10.1007/978-981-10-7248-2,https://www.scopus.com/pages/publications/85046153172?origin=resultslist,"This volume provides state-of-the-art information on soil-water interactions in wastewater systems, characterization of wastewater, modes of treatment, safety of wastewater use, water conservation technologies involved in recycling of sewage in fish culture, biogeochemical cycling bacteria and nutrient dynamics, ecosystem resilient driven wastewater reclamation, bioremediation, aquaponics, ecological integrity, culture practices of fish farming, microbial food web phenomena, fish diseases, environmental economics of wastewater, environmental risk assessment, environmental law and regulations. Given its breadth of coverage, the book will be useful to researchers, teachers, students, administrators, planners, farmers and entrepreneurs interested in the profitable use of wastewater in the wastes-into-wealth framework of for the benefit of humanity, and in achieving the targets for sanitation and safe wastewater reuse by 2030, specified in the United Nations' Sustainable Development Goals. Concerns are growing about the quality and quantity of fresh water, as severe crises are expected in the near future. Climate change has further worsened the strain on inland water resources, with its major impacts on ecosystems and human life. It is most urgent to protect and conserve inland water resources to maintain vital ecosystem functions. Despite the immense nutrient potentials of wastewater in terms of phosphorus, nitrogen and potassium and increasingly high rates of urbanization-based wastewater generation, wastewater has traditionally been overlooked as a resource. This produces a threefold loss - environmental degradation, monetary losses from fertilizers, and water. As a result, municipal wastewater offers a win-win strategy for water conservation and environmental protection, while also turning waste into wealth in the form of fish biomass and allied cash crops. Wastewater-fed aquaculture refers to a unique, integrated biosystem in which the wastes generated by the first system are used by the next subsystem. In wastewater-fed aquaculture biosystems, the organic wastes are recycled into fish biomass mediated through a complex microbial/autotrophic/heterotrophic food web mechanism. © Springer Nature Singapore Pte Ltd. 2018. All Rights Reserved.","Wastewater management through aquaculture technical book, engineering-focused."
RD6201E231F39,E06,2018,Amin A.; Iqbal J.; Asghar A.; Ribbe L.,Analysis of current and futurewater demands in the Upper Indus Basin under IPCC climate and socio-economic scenarios using a hydro-economic WEAP Model,10.3390/w10050537,https://www.scopus.com/pages/publications/85046687731?origin=resultslist,"Pakistan is currently facing physical and economic water scarcity issues that are further complicated by the rapid increase in its population and by climate change. Many studies have focused on the physical water scarcity using hydrological modeling and the measurement of the impact of climate change on water resources in the Upper Indus Basin (UIB). However, few studies have concentrated on the importance of the economic water scarcity, that is, the water management issue under the looming impacts of climate change and the population explosion of Pakistan. The purpose of this study is to develop a management strategy which helps to achieve water security and sustainability in the Upper Indus Basin (UIB) with the help of different socio-economic and climate change scenarios using WEAP (Water Evaluation and Planning) modeling. The streamflow data of five sub-basins (Gilgit, Hunza, Shigar, Shyok, and Astore) and the entire Upper Indus Basin (UIB) were calibrated (2006-2010) and validated (2011-2014) in the WEAP model. The coefficient of determination and Nash Sutcliffe values for the calibration period ranged from 0.81-0.96. The coefficient of determination and the Nash Sutcliffe values for the validation period ranged from 0.85-0.94. After the development of the WEAP model, the analysis of the unmet water demand and percent coverage of the water demand for the period of 2006-2050 was computed. Different scenarios were generated for external driving factors (population growth, urbanization, and living standards) and the impact of climate change to evaluate their effect on the current water supply system. The results indicated that the future unmet water demand is likely to reach 134 million cubic meters (mcm) by the year 2050 and that the external driving factors are putting more pressure on the supply service. This study further explores the importance of proposed dams (likely to be built until 2025) by WAPDA (Water and Power Development Authority). These dams will decrease the unmet water demand by 60% in the catchment. The water demands under four scenarios (the reference, moderate future-1, moderate future-2, and management scenarios) were compared. The management scenario analysis revealed that 80% of the water demand coverage could be achieved by the year 2023, which could help in developing sustainable water governance for the catchment. © 2018 by the authors.","Hydro-economic WEAP model of Upper Indus Basin demands, engineering/hydrology study."
R2F0440080C50,E01,2018,Rachidi H.; Latrache H.,Update on microbiological quality assurance meat and meat products in Morocco; [Mise au point sur l'assurance de la qualité microbiologique des viandes et des produits à base de viande au Maroc],10.1016/j.respe.2017.11.010,https://www.scopus.com/pages/publications/85043455477?origin=resultslist,"Background: Food safety has become an absolute necessity in all countries. As a result, Morocco has taken several measures and actions to develop food safety and food-borne disease control. Objective: This study aimed to highlight the level of improvement in the quality assurance of meat and meat products in Morocco. Method: It is based on a non-exhaustive review of the regulatory texts governing food safety in the country, as well as a statistical study on establishments of meat and meat products adopting a self-checking system and approved by the National Office of Sanitary Safety of Food. Results: Morocco has introduced several laws and regulations requiring sanitary control of food products. Also, the number of establishments of meat and meat products adopting a system of self-control and approved by the National Office of Sanitary Safety of Food has improved significantly. It has increased from 58 in 2007 to 273 in 2016. Conclusion: The adoption of self-monitoring systems allows better access to international markets, improved quality of food products and a considerable reduction in microbial contamination. © 2018 Elsevier Masson SAS","Meat food safety regulation study, Morocco; unrelated to water/sanitation access."
RBC07237FF36F,E06,2018,Jin C.; Archer G.; Parker W.,Current status of sludge processing and biosolids disposition in Ontario,10.1016/j.resconrec.2018.05.024,https://www.scopus.com/pages/publications/85047614389?origin=resultslist,"Sludge processing and biosolids management represent significant ongoing activities for the wastewater treatment industry. Historically, a substantial inventory of sludge processing technologies and operating practices have been developed within regions to manage sludges and produce products that meet disposition requirements. However, access to system-wide information on sludge handling practices that would be of interest to a variety of wastewater industry stakeholders is often not available. As an example, there is little system-wide information available on the types of sludge processing technologies employed and the quantity and quality of biosolids produced at wastewater treatment plants in Ontario. In the present study quantitative data on sludge handling over the period 2014–2016 was gathered for Wastewater treatment plants (WWTPs) with a hydraulic capacity greater than 1000 m3/day. The types of technologies employed were sorted by the design hydraulic capacity (DHC) of the WWTPs. Data on key biosolids properties (i.e. solids content, pathogen indicators, metals, nitrogen and phosphate) were sorted by WWTP DHC and related regulations. Drivers that are expected to impact biosolids handling practices in Ontario in the future are proposed and discussed in context of the current practices. © 2018 Elsevier B.V.","Sludge processing/biosolids technical data compilation, Ontario; engineering-focused."
R1DCB5B4B24DD,E05,2018,Howe C.W.; Smith M.G.; Bennett L.; Brendecke C.M.; Ernest Flack J.; Hamm R.M.; Mann R.; Rozaklis L.; Wunderlich K.,The value of water supply reliability in urban water systems,,https://www.scopus.com/pages/publications/85076648557?origin=resultslist,"Government officials frequently confront decisions that require a trade-off between cost and risk. These decisions extend from investments which increasepower and water supply capacity to traffic and air safety, regulations on new drugs, seat belts and working conditions. In such cases, the increased cost of theinvestment or regulation usually is known, while the risk preferences of theaffected consumers or workers are not. Thus, monetary benefits of risk reductionare difficult to quantify, making it difficult to determine the optimal level of riskreduction. © Richard T. Carson 2007.","General cost-risk decision theory discussion, no specific empirical study."
R0466E26B7B8D,E01,2018,Mathieu E.; Escribano-Vazquez U.; Descamps D.; Cherbuy C.; Langella P.; Riffault S.; Remot A.; Thomas M.,"Paradigms of lung microbiota functions in health and disease, particularly, in asthma",10.3389/fphys.2018.01168,https://www.scopus.com/pages/publications/85052117371?origin=resultslist,"Improvements in our knowledge of the gut microbiota have broadened our vision of the microbes associated with the intestine. These microbes are essential actors and protectors of digestive and extra-digestive health and, by extension, crucial for human physiology. Similar reconsiderations are currently underway concerning the endogenous microbes of the lungs, with a shift in focus away from their involvement in infections toward a role in physiology. The discovery of the lung microbiota was delayed by the long-held view that the lungs of healthy individuals were sterile and by sampling difficulties. The lung microbiota has a low density, and the maintenance of small numbers of bacteria seems to be a critical determinant of good health. This review aims to highlight how knowledge about the lung microbiota can change our conception of lung physiology and respiratory health. We provide support for this point of view with knowledge acquired about the gut microbiota and intestinal physiology. We describe the main characteristics of the lung microbiota and its functional impact on lung physiology, particularly in healthy individuals, after birth, but also in asthma. We describe some of the physiological features of the respiratory tract potentially favoring the installation of a dysbiotic microbiota. The gut microbiota feeds and matures the intestinal epithelium and is involved in immunity, when the principal role of the lung microbiota seems to be the orientation and balance of aspects of immune and epithelial responsiveness. This implies that the local and remote effects of bacterial communities are likely to be determinant in many respiratory diseases caused by viruses, allergens or genetic deficiency. Finally, we discuss the reciprocal connections between the gut and lungs that render these two compartments inseparable. © 2018 Mathieu, Escribano-Vazquez, Descamps, Cherbuy, Langella, Riffault, Remot and Thomas.","Lung microbiota and asthma physiology review, unrelated topic."
R0A72992034DF,E01,2018,Carron M.; Chang Y.-M.; Momanyi K.; Akoko J.; Kiiru J.; Bettridge J.; Chaloner G.; Rushton J.; O’Brien S.; Williams N.; Fèvre E.M.; Häsler B.,"Campylobacter, a zoonotic pathogen of global importance: Prevalence and risk factors in the fast-evolving chicken meat system of Nairobi, Kenya",10.1371/journal.pntd.0006658,https://www.scopus.com/pages/publications/85054780926?origin=resultslist,"Campylobacteriosis is a leading foodborne zoonosis worldwide, and is frequently associated with handling and consumption of poultry meat. Various studies indicate that Campylobacter causes a substantial human disease burden in low to middle-income countries, but data regarding the organism’s epidemiology in countries like Kenya are scarce. In sub-Saharan Africa, 3.8 million deaths of children under-5 years of age are reported annually. Of those, 25% are caused by diarrheal diseases, and Campylobacter is one of the most frequently isolated bacteria from diarrheic children. With the growth of urban conglomerates, such as Kenya’s capital, Nairobi, changes in diets, food production systems, and retailing dynamics, it is likely that exposure and susceptibility to this pathogen will change. Therefore, the importance of Campylobacter disease burden in Kenya may increase further. The objectives of this study were: 1) to determine the prevalence of Campylobacter spp. in Nairobi’s small-scale chicken farms and meat retailers, and 2) to identify potential risk factors associated with its presence in those sites. The prevalence data provides the first detailed baseline for this pathogen in the urban Kenyan context. The risk factors provide context-specific insights for disease managers. A cross-sectional study of broiler, indigenous chicken farms, and chicken meat retailers, was conducted in a peri-urban, low to middle-income area (Dagoretti), and a very-low income informal settlement (Kibera) of Nairobi. Chicken faeces were collected using one pair of boot socks per farm, and 3 raw chicken meat samples were purchased per retailer. Samples were cultured for viable Campylobacter spp. using mCCDA, followed by blood agar plates in aerobic/microaerobic conditions for prevalence calculations. A questionnaire-based survey on sanitary, sourcing and selling practices was conducted at each site for risk factor identification using logistic regression analyses. A total of 171 farm premises and 53 retailers were sampled and interviewed. The prevalence results for Campylobacter spp. were between 33 to 44% for broiler and indigenous chicken farms, 60% and 64% for retailers, in Dagoretti and Kibera, respectively. Univariable logistic regression showed an association between Campylobacter spp. presence and the easiness of cleaning the display material used by the retailer. Restricting access to the flock was also associated with the pathogen’s presence. Multivariable logistic regression identified the selling of defrosted meat as a retailer risk factor (OR: 4.69; 95% CI: 1.31–19.97), calling for more investigation of the reported repetitive freezing-thawing processes and cold chain improvement options. At the farm-level, having a pen floor of material not easy to clean was found to increase the risk (OR: 2.31; 95%CI: 1.06–5.37). The relatively high prevalence of Campylobacter spp. across different areas and value chain nodes indicates a clear human exposure risk. The open nature of both small-scale broiler and indigenous chicken production practices with low biosecurity, hygiene and informal transactions, likely plays a role in this. While gradual improvement of farm biosecurity is recommended, risk factors identified suggest that consumer education and enforcement of basic food safety principles at the retailer end of the food continuum represent key targets for risk reduction in informal settings. © 2018 Carron et al. http://creativecommons.org/licenses/by/4.0/.","Campylobacter poultry meat food safety study, unrelated topic."
R7E6B9962A24C,E07,2017,Molle F.; Closas A.; Al-Zubari W.,Governing groundwater in the middle east and North Africa Region,10.1201/9781315210025,https://www.scopus.com/pages/publications/85053296759?origin=resultslist,"Groundwater is a key resource in the Middle East and Northern Africa region for both water supply and agriculture. While farmers in irrigated areas have tapped aquifers as a response to dwindling and uncertain surface water supply, investors have drilled wells and expanded agriculture into arid or desert areas. Most countries in the region have adopted standard water regulations, with emphasis on zoning (of stressed areas), licensing, metering and sometimes pricing, but enforcement has been problematic, and results on the ground modest to non-existent. This reflects a lack of material and financial means to handle tens and sometimes hundreds of thousands of dispersed wells but also a lack of political will. This can be explained by the state’s lack of appetite for curtailing access to a resource that substantially contributes to the rural economy, a drop in state authority after the Arab Spring, inter-sectoral policy contradictions, the interest of politically well-connected investors, and sometimes the complexity of tribal politics. While state-centred governance has been largely ineffective, attempts at co-management or instilling a degree of participation from users have also been limited and unconvincing, reflecting wider governance systems in the region. The worrying depletion of many vital aquifers in the region is increasing the cost of abstraction, heightening social differentiation as smaller farmers are pumped out, and foreshadows a gradual collapse of the groundwater economy. © 2018 Taylor & Francis Group, London, UK.","Groundwater governance for agriculture, MENA region; not household service access."
R8C1F533F6022,E06,2017,Rusiniak P.; Wątor K.; Kmiecik E.; Postawa A.,The influence of selected factors on the concentration of heavy metals in drinking water,10.5593/sgem2017/12/S02.117,https://www.scopus.com/pages/publications/85032504492?origin=resultslist,"According to the requirements of Council Directive 98/83/EC of 3 November 1998 on the quality of water intended for human consumption and Regulation of the Minister of Health of 13 November 2015 on the quality of water intended for human consumption, drinking water should be characterized by the appropriate concentration of selected parameters, i.e. heavy metals. The specified parametric values should not be exceeded not only in water treatment plant, but also on the particular parts of the production cycle and water distribution, especially in taps of end-users (consumers). To fulfil these requirements it is necessary to conduct the analysis of water quality in appropriate way. The process of water quality monitoring should take into account all parts of analytical procedure – sampling, transport to the laboratory, chemical analysis and the results processing. All this steps of analytical procedure can affect on the quality and reliability of final result because the errors can be made. The analysis of the concentrations of selected metals (Cadmium, Manganese, Copper, Nickel, Lead and Zinc) in drinking water was conducted in the Hydrogeochemical Laboratory of the Department of Hydrogeology and Engineering Geology, Faculty of Geology, Geophysics and Environmental Protection of the AGH University of Science and Technology in Kraków. The influence of bottles used for water samples, place and time of samples collecting was correlated with the concentration of selected elements in analysed water sample. The results indicated that there are significance difference between metals amount in water, dependent on the number of persons living in the household and the day and moment within a day of sampling. © SGEM2017. All Rights Reserved.",Laboratory analysis of heavy metals in drinking water; pure water-quality engineering study.
R1FC9E3CC74E1,E01,2017,Lal K.,Investigating ICT infrastructure to develop an information society in India,10.1007/s10209-016-0472-1,https://www.scopus.com/pages/publications/84969920339?origin=resultslist,"The information society (IS) can be defined as a society that will witness creation, storage, processing, and distribution of information as major source of economic and cultural activity. IS has also been defined in social, economic, technological, and cultural domains. This study peruses the technological parameter into consideration to look into the role information and communication technology (ICT) infrastructure can play to build and promote IS in India. India’s progress on millennium development goals (MDGs) is scrutinized to benchmark with average rates of various economies around the world. Extensive literature survey has been conducted to contextualize IS in India. In three of the important parameters of MDGs, India struggles in the bottom of the benchmarked nations in terms of internet users and telephone lines. However, its performance in mobile density has surpassed low-income, South Asian, and sub-Saharan African countries. India must invest in these technologies to perform better, as UN considers these three parameters on a par with literacy, water, sanitation, etc. A large portion of the population in the country, specially in rural areas, is not able to access ICT infrastructure that if often characterized as poor in quality. There is consistent need from the government to dedicate a larger sum of ICT expenditure on its mega project ‘National e-Governance Plan’ (NeGP). However, just like an oasis in the desert, India remains one of the most affordable nations to offer prices for fixed lines, mobile telephones, and the internet. In terms of ICT usage, India also attains the distinction of highest uses of mobile telephone (minutes/user per month). These strengths can definitely uplift the sagging morale of the Indian economy to get on the path of contemporary IS. © 2016, Springer-Verlag Berlin Heidelberg.",Reviews ICT infrastructure for India's information society; water/sanitation mentioned only as benchmark.
RB5D752FB4619,E01,2016,Belore R.C.; Faksness L.-G.; Dunnebier D.; Brandvik P.J.; Daling P.,Meso-scale flume testing of dispersant effectiveness in Frazil Ice,,https://www.scopus.com/pages/publications/85011966078?origin=resultslist,"A meso-scale laboratory study was conducted to provide information on the weathering and dispersibility of two crude oils in frazil ice conditions. The tests were commissioned by the Bureau of Safety and Environmental Enforcement (BSEE) of the US Department of the Interior. Alaska North Slope crude oil was tested in Ottawa, Canada, by SL Ross Environmental Research (SL Ross) and Troll Blend crude oil was tested in Trondheim, Norway, by SINTEF Materials and Chemistry (SINTEF). Weathering tests were conducted in frazil ice in recirculating flumes over 96-hour periods. Oil properties were measured at regular intervals during the weathering, and compared to simulations of oil-in-ice scenarios from the SINTEF Oil Weathering Model. The frazil ice thickness did not have a significant impact on the evaporative process in these tests, compared to an ice-free scenario, and evaporative losses in frazil ice were similar to open water losses predicted by the model. In contrast, changes in oil viscosity and emulsification (i.e., water uptake) measured in the weathering experiments compared more favourably with simulations using high broken-ice coverage. Dispersant effectiveness tests in frazil ice were subsequently conducted in the recirculating flumes. ANS crude oil weathered for 96 hours in frazil ice, with evaporative losses estimated at 25% to 30% by mass, was difficult to disperse, with efficiencies measured between 1.6% and 6.2% in high energy waves, and between 1.6% and 12.5% with propeller wash. Fresh ANS in frazil ice dispersed between 9% and 49% in high energy waves, and from 25% to 59% with propeller wash. Evaporated ANS (17.4% by mass) dispersed between 0% and 19% in high energy waves, and from 8 to 20% with propeller wash. Fresh Troll Blend in frazil ice dispersed between 40% and 83% in high energy waves, and from 67% to 86% with propeller wash. Evaporated Troll Blend (22.0 % by mass) dispersed between 45% and 53% in high energy waves, and between 47% and 61% with propeller wash. Ice layer thickness influenced the effectiveness of dispersants on the oils as it generally dampened the energy available to disperse the oil. Weathered oil was not as readily dispersed as fresh oil and resulted in larger oil drop sizes, as would be expected. Oil layer thickness over the range tested did not affect the dispersion process appreciably.",Lab testing of oil dispersants in frazil ice; unrelated to water/sanitation access.
RAC1B5EB1AE6A,E06,2016,Kurtanjek Z.F.,Systems analysis of ensemble of decision trees for modeling and process control,,https://www.scopus.com/pages/publications/85019066254?origin=resultslist,"Considered are methodologies for systems analysis of processes based on ensemble (forest) of decision tree models. The ensembles are derived from multivariate variables records of numerical and categorical data from plant monitoring systems and can be considered as an application of production plant big data analysis. The ensembles are optimized by the gradient boosting algorithm. Structure and dimensions of individual trees is minimized by the regularization of the objective function defined by minimization of the model prediction error with penalty function for number of trees, tree complexity and crispness of classification. Dimension of the ensembles are minimized by cross validation on training sets and validated on independent training set. Systems properties are evaluated on systemic random search of process variables by the numerical procedure for global Fourier Amplitude Sensitivity Test (FAST) simulation. Derived are the variable importance ranks, confidence intervals of the variables for the ensemble models, global sensitivity and inference of process variable synergism. The methods are demonstrated on a set of data from a communal waste water treatment plant (WWTP). Monitored are 37 chemical, biological and physical variables continuously during the period of two years. In view of process control evaluated are accuracies for prediction of output control variables depending on the length of prediction horizon and inclusion the decision trees into model predictive control (MPC) structure.",Decision-tree modeling methodology for wastewater plant process control; engineering/CS study.
R0BE3583968C1,E06,2016,Grayman W.M.; Murray R.; Savic D.A.; Farmani R.,Redesign of water distribution systems for passive containment of contamination,10.5942/jawwa.2016.108.0105,https://www.scopus.com/pages/publications/84976570334?origin=resultslist,"Most water distribution systems in the United States are designed as looped systems in order to allow multiple pathways for delivery of water to customers. However, these designs also have the negative consequence that, if the system is contaminated, the contamination may travel widely through the system and have widespread impacts. In this article, an alternative design concept is suggested based on the creation of distribution blocks that subdivide and isolate the system so as to limit contaminant movement. A model-based case study involving a large distribution system was used to evaluate the effectiveness of the distribution block concept. A comparison of the original looped system and the redesigned system also included the following other performance indicators: water age, reliability, and fire flow performance. The analysis showed that for this system, there was a very significant decrease in the water security vulnerability impacts with minimal effects on the other performance indicators. 2016 © American Water Works Association.",Engineering redesign study of water distribution systems for contamination containment.
R693C378B71A4,E01,2016,Jung S.; Doh Y.-A.; Bizuneh D.B.; Beyene H.; Seong J.; Kwon H.; Kim Y.; Habteyes G.N.; Tefera Y.; Cha S.,"The effects of improved sanitation on diarrheal prevalence, incidence, and duration in children under five in the SNNPR State, Ethiopia: Study protocol for a randomized controlled trial",10.1186/s13063-016-1319-z,https://www.scopus.com/pages/publications/84963517222?origin=resultslist,"Background: Diarrhea is one of the leading causes of death, killing 1.3 million in 2013 across the globe, of whom, 0.59 million were children under 5 years of age. Globally, about 1 billion people practice open defecation, and an estimated 2.4 billion people were living without improved sanitation facilities in 2015. Much of the previous research investigating the effect of improved sanitation has been based on observational studies. Recent studies have executed a cluster-randomized controlled trial to investigate the effect of improved sanitation. However, none of these recent studies achieved a sufficient level of latrine coverage. Without universal or at least a sufficient level of latrine coverage, a determination of the effect of improved latrines on the prevention of diarrheal disease is difficult. This cluster-randomized trial aims to explore the net effect of improved latrines on diarrheal prevalence and incidence in children under five and to investigate the effect on the diarrheal duration. Method/design: A phase-in and factorial design will be used for the study. The intervention for improving latrines will be implemented in an intervention arm during the first phase, and the comparable intervention will be performed in the control arm during the second phase. During the second phase, a water pipe will be connected to the gotts (villages) in the intervention arm. After the second phase is completed, the control group will undergo the intervention of receiving a water pipe connection. For diarrheal prevalence, five rounds of surveying will be conducted at the household level. The first four rounds will be carried out in the first phase to explore the effect of improved latrines, and the last one, in the second phase to examine the combined effects of improved water and sanitation. For documentation of diarrheal incidence and duration, the mother or caregiver will record the diarrheal episodes of her youngest child on the ""Sanitation Calendar"" every day. Of 212 gotts in the project area, 48 gotts were selected for the trial, and 1200 households with a child under 5 will be registered for the intervention or control arm. Informed consent from 1200 households will be obtained from the mother or caregiver in written form. Discussion: To our knowledge, this is the second study to assess the effects of improved latrines on child diarrheal reduction through the application of Community-Led Total Sanitation. Trial registration: Current Controlled Trials, ISRCTN82492848. © 2016 Jung et al.",RCT protocol testing latrines/water pipes on child diarrhoea; no legal/governance factor examined.
RC6225F6C3D90,E06,2017,Jaigwang P.; Fuangsawat W.; Thupmongkhon D.; Bamrungphon W.; Saengtaiyarak N.; Wongpat N.,"Geographic information system for water quality work: ""water quality on your click"" by MWA, Thailand",10.2495/WS170141,https://www.scopus.com/pages/publications/85029850121?origin=resultslist,"Metropolitan Waterworks Authority (MWA), Thailand, is a state enterprise formally established to provide proper quality water supply throughout the service area covering Bangkok, Nonthaburi and Samutprakarn. In addition to meeting customer demand, the organization aims to serve quality products and service. In 2014, the MWA Water Quality Integrated Centre was founded to serve as a controlling centre of quality data presented in water quality map with real-Time online reports. With 24-hour access, customers can access water quality information including residual chlorine, turbidity, pH and conductivity transmitted from 50 online stations. In 2016, MWA consequently integrates the water quality system with Geographic Information System (GIS) as an application officially called ""Water Quality on Your Click"" in order to improve data presentation with more channels and added locations. The application includes a real-Time database from 50 online stations and laboratory databases from more than 10,000 samples per year. With easy access and user friendly options, 5 sets of nearby location data will appear after dropping a pin on the desire location and can be switched into a residual chlorine contour map covering the service area. Water Quality on Your Click is not only a channel for water quality information but also a key that drives accountability starting with customers themselves and elevates customer satisfaction according to MWA 2017 vision to provide quality water for quality life. © 2017 WIT Press.",Describes a GIS-based water-quality monitoring application for a Thai utility; technical system description.
R470359D7790C,E01,2016,Leone C.M.; Jaykus L.-A.; Cates S.M.; Fraser A.M.,A review of state licensing regulations to determine alignment with best practices to prevent human norovirus infections in child-care centers,10.1177/003335491613100311,https://www.scopus.com/pages/publications/84964711805?origin=resultslist,"Objectives. Close, frequent contact between children and care providers in child-care centers presents many opportunities to spread human noroviruses. We compared state licensing regulations for child-care centers with national guidelines written to prevent human noroviruses. Methods. We reviewed child-care licensing regulations for all 50 U.S. states and the District of Columbia in effect in June 2015 to determine if these regulations fully, partially, or did not address 14 prevention practices in four topic areas: (1) hand hygiene, (2) exclusion of ill people, (3) environmental sanitation, and (4) diapering. Results. Approximately two-thirds (8.9) of the 14 practices across all state regulations were partially or fully addressed, with few (2.6) fully addressed. Practices related to exclusion of ill people and diapering were fully addressed most often, while practices related to hand hygiene and environmental sanitation were fully addressed least often. Conclusion. Regulations based on guidelines for best practices are one way to prevent the spread of human noroviruses in child-care facilities, if the regulations are enforced. Our findings show that, in mid-2015, many state child-care regulations did not fully address these guidelines, suggesting the need to review these regulations to be sure they are based on best practices. © 2016, Association of Schools of Public Health. All rights reserved.",Reviews child-care licensing regulations for norovirus prevention; unrelated to water/sanitation access.
R1C9696E7BE6B,E07,2016,Olen B.; Wu J.; Langpap C.,Irrigation Decisions for Major West Coast Crops: Water Scarcity and Climatic Determinants,10.1093/ajae/aav036,https://www.scopus.com/pages/publications/84954325734?origin=resultslist,"This article uses the 2007 Farm and Ranch Irrigation Survey database developed by the U.S. Department of Agriculture to assess the impact of water scarcity and climate on irrigation decisions for producers of specialty crops, wheat, and forage crops. We estimate an irrigation management model for major crops in the West Coast (California, Oregon, and Washington), which includes a farm-level equation of irrigated share and crop-specific equations of technology adoption and water application rate (orchard/vineyard, vegetable, wheat, alfalfa, hay, and pasture). We find that economic and physical water scarcity, climate, and extreme weather, such as frost, extreme heat, and drought, significantly impact producers' irrigation decisions. Producers use sprinkler technologies or additional water applications to mitigate risk of crop damage from extreme weather. Water application rates are least responsive to surface water cost or groundwater well depth for producers of orchard/vineyard. Water supply institutions influence producers' irrigation decisions. Producers who receive water from federal agencies use higher water application rates and are less likely to adopt water-saving irrigation technologies for some crops. Institutional arrangements, including access to distinct water sources (surface or ground) and whether surface water cost is fee based, also affect the responsiveness of water application rates to changes in surface water cost. The analysis provides valuable information about how producers in irrigated agricultural production systems would respond and adapt to water pricing policies and climate change. © 2015 The Author.","Models irrigation decisions for West Coast crops under water scarcity; agricultural, not household access."
R8DC051F0D3F7,E01,2015,Zhou S.; Du A.; Bai M.,"Application of the environmental Gini coefficient in allocating water governance responsibilities: A case study in Taihu Lake Basin, China",10.2166/wst.2015.069,https://www.scopus.com/pages/publications/84928592302?origin=resultslist,"The equitable allocation of water governance responsibilities is very important yet difficult to achieve, particularly for a basin which involves many stakeholders and policymakers. In this study, the environmental Gini coefficient model was applied to evaluate the inequality of water governance responsibility allocation, and an environmental Gini coefficient optimisation model was built to achieve an optimal adjustment. To illustrate the application of the environmental Gini coefficient, the heavily polluted transboundary Taihu Lake Basin in China, was chosen as a case study. The results show that the original environmental Gini coefficient of the chemical oxygen demand (COD) was greater than 0.2, indicating that the allocation of water governance responsibilities in Taihu Lake Basin was unequal. Of seven decision-making units, three were found to be inequality factors and were adjusted to reduce the water pollutant emissions and to increase the water governance inputs. After the adjustment, the environmental Gini coefficient of the COD was less than 0.2 and the reduction rate was 27.63%. The adjustment process provides clear guidance for policymakers to develop appropriate policies and improve the equality of water governance responsibility allocation. © IWA Publishing 2015.","Gini coefficient model for water governance responsibility allocation re: pollution, not household access."
R11D19663955A,E01,2014,Pinansky T.; Park K.T.; Kim A.; Choi J.H.,Republic of Korea,10.1002/9783527680795.ch7,https://www.scopus.com/pages/publications/84926399697?origin=resultslist,"This chapter provides an overview of how food safety is regulated in Korea. In order to give a comprehensive overview and provide an accurate context for Korean food safety laws, the chapter starts with a broad examination of the Korean legal system, including a section on the division of powers and sources of food law and continues onto the specific food laws and regulations that exist in Korea. The chapter explains that although there is no single framework act that regulates all food-related issues in Korea, the enforcement powers and authority are divided into separate but interrelated ministries and offices, which together regulate agricultural products, livestock products, fisheries products, processed food, food generally, water, salt, grain, dietary supplements, and respective processed forms of food. The food regulations and laws in Korea provide a comprehensive coverage of food items in all stages - from food traceability, business approvals, food labeling, food inspection, regulation of food additives and special types of food groups, import/export regulation, and so on. The chapter examines each coverage area and ends with the current hot topics in Korea related to food (Japanese nuclear disaster and benzopyrene) and how such issues are being treated under the Korean law. © 2014 Wiley-VCH Verlag GmbH & Co. KGaA. All rights reserved.","Overview of Korean food safety law, not water/sanitation access."
RA1EE9FA9976B,E01,2015,Stelmach R.D.; Clasen T.,Household water quantity and health: A systematic review,10.3390/ijerph120605954,https://www.scopus.com/pages/publications/84930657763?origin=resultslist,"While the quantity of water used in the home is thought to be an important determinant of health, much of the evidence relies on using water access as a proxy for quantity. This review examines the health effects of household water quantity using studies that directly measured water quantity. We searched MEDLINE, EMBASE, the Cochrane Library, Web of Science, and article reference lists. Eligible studies included experimental and observational studies that measured a difference in water quantity and quantified an association between water quantity and health outcomes. 21 studies, divided into six of the many possible water-quantity associated outcomes, met the eligibility criteria. Due to heterogeneity in designs, settings, methods, and outcomes, a meta-analysis was inappropriate. Overall results showed a positive association between water quantity and health outcomes, but the effect depended on how the water was used. Increased water usage for personal hygiene was generally associated with improved trachoma outcomes, while increased water consumption was generally associated with reduced gastrointestinal infection and diarrheal disease and improved growth outcomes. In high-income countries, increased water consumption was associated with higher rates of renal cell carcinoma and bladder cancer but not associated with type II diabetes, cardiac-related mortality, or all-cause mortality. © 2015 by the authors; licensee MDPI, Basel, Switzerland.","Household water quantity and health systematic review, no legal/governance factor examined."
R9F759521B359,E07,2014,Rakotondrabe M.; Aubert S.; Razafiarijaona J.; Ramananarivo S.; Ramananarivo R.; Antona M.,Payment for environmental services as a means of controlling slash-and-burn cultivation in Madagascar's forests; [Les paiements pour services environnementaux : Un moyen de contenir les cultures sur brûlis forestier à Madagascar ?],10.19182/bft2014.322.a31236,https://www.scopus.com/pages/publications/84951291756?origin=resultslist,"Large-scale deforestation in north-eastern Madagascar, especially around Andapa, which is the main rice-growing area in the SAVA region comprising the districts of Sambava, Andapa, Vohémar and Antalaha, is causing erosion in catchment basins and silting up the floodplain where the rice is grown. Upstream from the Sahamazava catchment basin, slash-andburn cultivation is a means of survival for the most impoverished farming households, but it is disrupting drinking water supplies to the Andapa Urban Community. A system of Payments for Environmental Services (PES) has been considered to encourage a change of practice among slash-and-burn farmers. The scheme encourages them to abandon slash-andburn cultivation (tavy) in favour of perennial crops upstream from the catchment basin, but questions have arisen over its conditions of implementation and sustainability. This study emphasises the importance of assessing local needs when a PES is to be implemented in a developing country. Using three different scenarios, it follows farming developments before and after the ban on slashing and burning was introduced in the forests of the Sahamazava catchment basin, at a time when compensation for access restrictions was not yet in place. Potential remedies specifying the allocation of expected compensations are finally proposed.","Payments for environmental services to curb deforestation, water supply is a secondary effect."
R346187094291,E01,2015,Tambunan M.M.; Isnaidi I.; Sera'ie F.,Sensing quality of life in Manggar city using GIS and multicriteria decision making,,https://www.scopus.com/pages/publications/84964037841?origin=resultslist,"This research aims to sense QOL in Manggar city. We assume that to sense the quality of life in Manggar city is influenced by several factors. The factors are transportation, spatial planning, water supply, and communication. Good transportations are maximum travel time of 30 minutes, footpaths and bicycle tracks in each direction on all collector streets, and private transportation within 400 meters of all residences in areas with density of 75 people per hectare. Spatial planning is called good if 95% of residences could easily access to public markets, parks, primary schools, and recreational areas within 400 meters walking distance. Many people in the area around 1 kilometers can readily access to water supply not only from governance water company but also from raw water resources. For a good communication, every household receives electricity supply, mobile phone connection throughout the city for everyday. The data sets are processed by using an analytical hierarchy process (AHP), the level of interest of the input data is arranged by AHP suitability. Input data are processed with geospatial analyses. The results were weighted to determine the level of importance of each criterion. Resulted weight was analyzed by multicriteria evaluation (MCE) for multicriteria decision making. Resulted model is analyzed by using socioeconomic and driving force factors. Based on a final model, some recommendations are made to improve and to support the better QOL. The recommendations are improving transportation by organizing mass transportation facilities and road access support, making pedestrian and bicycle tracks, environmental friendly spatial planning, improving the quantity and quality of water supply, strengthening capacity of electricity, and also expanding network coverage area.",Urban quality-of-life GIS study; water supply is a minor indicator among many.
RE86DD33CE6E3,E07,2014,Alcon F.; Tapsuwan S.; Brouwer R.; de Miguel M.D.,Adoption of irrigation water policies to guarantee water supply: A choice experiment,10.1016/j.envsci.2014.08.012,https://www.scopus.com/pages/publications/84910026877?origin=resultslist,"More efficient and sustainable use of water is increasingly becoming an urgency in drought prone parts of the world. In particular, in water scarce regions such as the Mediterranean, water supply is expected to become more uncertain because of climate change. Consequently, pro-active policy initiatives are proposed to increase supply reliability. Local context is important when the effectiveness of policies is assessed. The aim of this paper is to evaluate farmers' acceptance of policy strategies to increase water supply reliability in the Segura, a water scarce river basin in the south-east of Spain. Results from a choice experiment suggest that farmers are willing to pay twice as much as their current irrigation water price to ensure water supply reliability through government supply guaranteed programs. However, they are averse to any institutional changes that might assist the government to achieve increased water supply. © 2014 Elsevier Ltd.","Choice experiment on irrigation water policy in Spain, agricultural not domestic."
RAA9CBE5A00C5,E06,2014,Meador K.J.,Alternative identification methodology maximizes flexibility in selecting preferred alternative for the Arkansas valley conduit,10.1061/9780784413692.178,https://www.scopus.com/pages/publications/84907363176?origin=resultslist,"The proposed Arkansas Valley Conduit (AVC) is a congressionally authorized feature of the Fryingpan-Arkansas (Fry-Ark) Project located in southeastern Colorado. The AVC would be a bulk water supply pipeline designed to supplement or replace existing poor quality water and meet existing and future municipal and industrial water demand in the Lower Arkansas River Basin. Physical features of the AVC would include approximately 370 km (230 mi) of buried pipeline, a water treatment plant, water storage tanks, pump stations, and other related facilities. Forty water providers would participate in the AVC. In 2010, an environmental impact statement (EIS) study was initiated to disclose the potential environmental consequences associated with constructing and operating the AVC. Alternative pipeline routes had to be identified as a part of the EIS process. A structured alternative development and screening process identified a wide range of technical and conceptual options and formulated them into a set of alternatives that address key issues. The purpose of this paper is to describe the four-step process used for the AVC to develop and evaluate alternatives. Because the service area for the AVC is large and involves so many water providers, each with unique connection requirements, the challenge during the alternative analysis stage was to identify alternative corridors that addressed the purpose and need of the project, but did not require an extensive area to analyze for the EIS. Too narrow of a corridor for an alignment would limit the ability to make minor alignment changes based on the results of the EIS process. A corridor too wide could create excessive EIS studies and unnecessary costs and delay the process. An innovative methodology was developed to establish a range of reasonable alternatives meeting the purpose and need of the project. This methodology provided maximum flexibility for identifying and addressing the key needs of the project while minimizing the area needed for the EIS evaluation. This approach proved especially valuable because the final preferred alternative selected ended up being a «hybrid» of various alignment routes and components evaluated during the EIS process. This paper outlines the background, strategies, and process to identify, screen, and evaluate alternatives for the EIS. The paper offers suggestions to facilitate the alternative evaluation process for others who may have similar challenges in the future. © 2014 American Society of Civil Engineers.",Pipeline route selection engineering/EIS process study.
R6DA0D49E7255,E01,2014,Dearing J.A.; Wang R.; Zhang K.; Dyke J.G.; Haberl H.; Hossain M.S.; Langdon P.G.; Lenton T.M.; Raworth K.; Brown S.; Carstensen J.; Cole M.J.; Cornell S.E.; Dawson T.P.; Doncaster C.P.; Eigenbrod F.; Flörke M.; Jeffers E.; Mackay A.W.; Nykvist B.; Poppy G.M.,Safe and just operating spaces for regional social-ecological systems,10.1016/j.gloenvcha.2014.06.012,https://www.scopus.com/pages/publications/84910642430?origin=resultslist,"Humanity faces a major global challenge in achieving wellbeing for all, while simultaneously ensuring that the biophysical processes and ecosystem services that underpin wellbeing are exploited within scientifically informed boundaries of sustainability. We propose a framework for defining the safe and just operating space for humanity that integrates social wellbeing into the original planetary boundaries concept (Rockström et al., 2009a,b) for application at regional scales. We argue that such a framework can: (1) increase the policy impact of the boundaries concept as most governance takes place at the regional rather than planetary scale (2) contribute to the understanding and dissemination of complexity thinking throughout governance and policy-making; (3) act as a powerful metaphor and communication tool for regional equity and sustainability. We demonstrate the approach in two rural Chinese localities where we define the safe and just operating space that lies between an environmental ceiling and a social foundation from analysis of time series drawn from monitored and palaeoecological data, and from social survey statistics respectively. Agricultural intensification has led to poverty reduction, though not eradicated it, but at the expense of environmental degradation. Currently, the environmental ceiling is exceeded for degraded water quality at both localities even though the least well-met social standards are for available piped water and sanitation. The conjunction of these social needs and environmental constraints around the issue of water access and quality illustrates the broader value of the safe and just operating space approach for sustainable development. © 2014 The Authors.",Broad sustainability framework study; piped water/sanitation is a minor social indicator.
RD0031B17D727,E07,2012,Reddy V.R.,Hydrological externalities and livelihoods impacts: Informed communities for better resource management,10.1016/j.jhydrol.2010.10.044,https://www.scopus.com/pages/publications/84155184335?origin=resultslist,"Hydrological knowledge or information has mostly remained in the domain of scientific community. The communities that interact with the hydrological aspects such as groundwater and surface water on a day to day basis are hardly aware of the information that could critically influence their livelihoods. From the perspective of the communities' information pertaining to groundwater aquifer characters, potential to provide the water resource, surface groundwater interactions in varying geo-hydrological conditions are important. The 'public good' nature of the resources and their linkages with ecological systems gives rise to externalities that could be pervasive. In a number of countries, especially the developing countries, groundwater is the single largest source of drinking as well as irrigation water. In the absence of scientific information with the communities, extraction of groundwater resources for productive purposes has become a risky venture leading to adverse impacts on livelihoods. The externalities associated with over exploitation of groundwater resources and the resulting widespread well failure is identified as one of the main reasons for pushing farmers into debt trap and one of the reasons for farmer suicides in India. The negative externalities are increasingly becoming severe in the context of climate variability.This paper attempts to highlight the importance of hydrological information to the user communities from a socioeconomic perspective using a newly developed framework 'REDUCE' based on theories of effective communication. It shows, based on the evidence, how farming communities are getting affected in the absence of the basic hydrological information across socioeconomic groups. It is argued, using relevant information that the negative externalities could be mitigated to a large extent with proper dissemination of information among the communities and capacitating them to measure and use the information on their own. In order to make the hydrological information relevant and useful for the communities at the macro level, there are six key areas to be addressed viz., Resource (water), Estimation or Evaluation, Distribution, Users, Communication and Execution. Ground water extraction and use is associated with mostly negative externalities. Estimation methods and scale are not commensurate with the users' needs. The natural distribution pattern of the groundwater accentuates the inequalities in its access and use. These inequalities could be corrected through proper policy interventions that pave the way for treating the resources as a common pool resource instead of allowing it to be exploited like a private resource. That is, the hydrological resources ought to be brought under the management regime with the help of policy and governance structures. Users neither have the wherewithal to obtain the right kind of information nor the ability to manage the resource judiciously without institutional support. In this context the communication part of the process of groundwater management becomes important. The external agencies like the NGOs, scientists and policy makers and implementers have to interact and provide the right kind of information packaged to suit the needs of the users. Innovative execution of policies through evolution of institutional mechanisms and user involvement is key to the success of groundwater management. © 2010 Elsevier B.V.","Groundwater information and livelihoods study focused on irrigation/agriculture, not domestic access."
R807CCDBFB746,E01,2013,Zhang Z.; Wan C.; Zheng Z.; Hu L.; Feng K.; Chang J.; Xie P.,Plant community characteristics and their responses to environmental factors in the water level fluctuation zone of the three gorges reservoir in China,10.1007/s11356-013-1702-1,https://www.scopus.com/pages/publications/84884700210?origin=resultslist,"The annual water level regulating of the Three Gorges Reservoir prolonged the submerged duration (from 2 to 8 months) and resulted in the reversal of natural flood rhythms (winter submerged). These changes might alter plant community characteristics in the water level fluctuation zone (WLFZ). The aim of this study was to determine the plant community characteristics in the WLFZ and their responses to the environmental factors (i.e., annual hydrological regulation, topographic characteristics, soil physical properties and soil nutrients). The height, coverage, frequency and biomass of each plant species and the soil properties at each elevation zone (150, 155, 160, 165 and 170 m) were measured from March to September in 2010. Univariate two-factor analysis and redundancy analysis (RDA) were used to analyze the spatial and temporal variations of the community characteristics and identify the key environmental factors influencing vegetation. We found that 93.2 % of the species analysed were terrestrial vascular plants. Annual herbs made up the highest percentage of life forms at each altitude. The differences in the species number per square metre, the Shannon-Wiener diversity index and the biomass of vegetation demonstrated statistical significance with respect to sampling time but not elevation. The most dominant species at altitudes of 150, 155, 160, 165 and 170 m were Cynodon dactylon, Cyperus rotundus, Digitaria sanguinalis, Setaria viridis and Daucus carota, respectively. The concentrations of soil nutrients appeared to be the lowest at an altitude of 150 m, although the differences with respect to elevation were not significant. The results of the RDA indicated that the key factors that influenced the species composition of vegetation were elevation, slope, pH and the concentration of soil available phosphorus. © 2013 Springer-Verlag Berlin Heidelberg.","Plant ecology study of vegetation in the Three Gorges Reservoir fluctuation zone, unrelated to water/sanitation access."
R2369D178F3DD,E02,2012,Reed L.K.,"Capacity Building as A Policy Instrument in Water Conservation: A Case Study on Commercial, Industrial, and Institutional Consumers",10.1007/s11269-012-0105-2,https://www.scopus.com/pages/publications/84866092839?origin=resultslist,"Efforts by municipal water agencies to improve demand end water use efficiency have focused largely on incentive programs and regulatory interventions. However, another important approach to achieving conservation targets is capacity-building, which may be particularly effective when target populations are motivated to improve their consumption efficiency but are lacking information or technology to do so. This case study considers a program by the Santa Clara Valley Water District (CA, USA) which aims to enable conservation among a group of consumers by providing information about current use and potential savings as well as optional access to water saving devices. The impact of this capacity building approach on consumption patterns was quantified by comparing water histories of program participants to a control group of similar sites within the District. Participating sites showed a net savings of 18.22% when compared to the control group. The study demonstrates that capacity building approaches can effectively compliment other interventions such as conservation incentives to improve demand end water use efficiency. © 2012 Springer Science+Business Media B.V.","Water-conservation capacity-building program study targeting commercial/industrial/institutional consumers, not household service access."
R741E54EDE540,E01,2012,Sarkar A.; Aronson K.J.; Patil S.; Hugar L.B.; vanLoon G.W.,Emerging health risks associated with modern agriculture practices: A comprehensive study in India,10.1016/j.envres.2012.03.005,https://www.scopus.com/pages/publications/84860331230?origin=resultslist,"In order to enhance food production, India has adopted modern agriculture practices and achieved noteworthy success. This achievement was essentially the result of a paradigm shift in agriculture that included high inputs of agrochemicals, water, and widespread practice of monoculture, as well as bureaucratic changes that promoted these changes. There are very few comprehensive analyses of potential adverse health outcomes that may be related to these changes. The objective of this study is to identify health risks associated with modern agricultural practices in the southern Indian state of Karnataka. This study aims to compare high-input and low-input agricultural practices and the consequences for health of people in these communities. The fieldwork was conducted from May to August, 2009 and included a survey carried out in six villages. Data were collected by in-depth personal interviews among 240 households and key informants, field observations, laboratory analyses, and data from secondary sources.The study identified four major visible impacts: occupational hazards, vector borne diseases, changing nutritional status, and inequity in development. In the high-input area, mechanization has resulted in more occurrences of serious accidents and injuries. Ecological changes due to rice cultivation in this area have further augmented mosquito breeding, and there has been a surge in the incidence of Japanese encephalitis and malaria. The traditional coarse cereals (complex carbohydrates, high protein) have been replaced by mill-polished rice (simple carbohydrate, low protein). The prevalence of overweight (BMI>25) has emerged as a new public health challenge, and this is most evident in large-landholding households, especially in the high-input agriculture areas. In all agro-ecological areas, it was observed that women faced a greater risk of both extremes of under-nutrition and being overweight. Output-driven and market-oriented modern agricultural practices have changed the ecology and disease pattern in this area in India, and our survey indicated significant health effects associated with these changes. There is a need for more extensive epidemiological studies in order to know the full impact on diseases and to understand the complex causal relationships. © 2012 Elsevier Inc.","Study of health risks from modern agricultural practices in India, unrelated to household water/sanitation access."
RE4BC1586F69F,E05,2013,Kumar L.V.,Business and urban water utility operations in India,,https://www.scopus.com/pages/publications/84884397812?origin=resultslist,"Recent recognition by Government of increased focus on Drinking water and Sanitation brings urban and rural water supply systems, in a priority domain. Water services in rural areas are oriented to bringing potable supplies within the access and reach, of village households. In urban cities, the services have so far veered around to providing safe drinking water to economically backward and to effluent sections of urban household and residents. This is done being done by meeting priority for supply of minimum, equity based access of safe water (acceptable quality with water treatment) to weaker sections of society. The effluent city neighbourhood are being provided with water borne sewerage system and more liberal per capita supplies. At the same time, current orientation is to integrate the process of r city planning (transportation, roads and streets, drainage) as part of urban needs. The water and waste water infrastructure, including water for various uses (Industrial, institutional, pumping, domestic, recreational etc.) are addressed as a basic service. The waste waters which represent water used as return flows and storm water are also an intrinsic part of this planning. The investments must be recovered from water users, surplus generated for raising public funds, operations awarded to service agencies for efficient supplies, keeping asset management under investors control. The Jawahar Lal Nehru Urban Renewable Mission (JnNURM) Programme of GoI categories the cities of India in tiers, based on population. The storm water and effluents evacuation and disposal systems, and solid waste management are no longer a low priority sectots. The states are carving out new, urban oriented departments in urban water supply and sewerage boards, which independent of state Public Health Departments, now entrusted with rural water supplies GNCT is experimenting with 24x7 water supplies in select neighbourhoods, metering and related hydraulic studies for turning urban supply systems financially remunerative. The criteria of water supply in urban areas, for domestic uses of 135 litres/capita/day availability in the dwellings (with 1% extra for fire protection needs). In new minimum figure for provision of water-borne sewerage system in a city and the provision of this system is charged as a percentage of water supply charges. The paper attempts to understand the reliability, sustainability and efficiency concepts in the system, requirement of Total Quality Management, and explores potential for a turnabout on obtaining financial returns on investment by a water utility. In this exercise, methods and techniques to be adopted to understand, plan, build and operate the system within an effective cost, can interest the readers.","Narrative overview of Indian urban/rural water utility business and policy context, no identifiable empirical study design."
R071152AAE92B,E04,2010,Fullerton Jr. T.M.; Molina Jr. A.L.,Municipal water consumption forecast accuracy,10.1029/2009WR008450,https://www.scopus.com/pages/publications/77954408732?origin=resultslist,"Municipal water consumption planning is an active area of research because of infrastructure construction and maintenance costs, supply constraints, and water quality assurance. In spite of that, relatively few water forecast accuracy assessments have been completed to date, although some internal documentation may exist as part of the proprietary ""grey literature."" This study utilizes a data set of previously published municipal consumption forecasts to partially fill that gap in the empirical water economics literature. Previously published municipal water econometric forecasts for three public utilities are examined for predictive accuracy against two random walk benchmarks commonly used in regional analyses. Descriptive metrics used to quantify forecast accuracy include root-mean-square error and Theil inequality statistics. Formal statistical assessments are completed using four-pronged error differential regression F tests. Similar to studies for other metropolitan econometric forecasts in areas with similar demographic and labor market characteristics, model predictive performances for the municipal water aggregates in this effort are mixed for each of the municipalities included in the sample. Given the competitiveness of the benchmarks, analysts should employ care when utilizing econometric forecasts of municipal water consumption for planning purposes, comparing them to recent historical observations and trends to insure reliability. Comparative results using data from other markets, including regions facing differing labor and demographic conditions, would also be helpful. Copyright © 2010 by the American Geophysical Union.","Econometric evaluation of municipal water consumption forecast accuracy; outcome is forecasting performance, not access."
R79C72ED5D16A,E01,2010,Guerrero-Legarreta I.; Hui Y.H.; Alarcón-Rojo A.D.; Alvarado C.; Bawa A.S.; Guerrero-Avendaño F.; Lundén J.; McKee L.H.; Mine Y.; Owens C.M.; Pérez-Alvarez J.A.; Regenstein J.M.; Rosmini M.R.; Soriano-Santos J.; Eddie Wu J.-Y.,Handbook of poultry science and technology: Volume 2: Secondary Processing,10.1002/9780470504475,https://www.scopus.com/pages/publications/105010551745?origin=resultslist,"A comprehensive reference for the poultry industry-Volume 2 describes poultry processing from raw meat to final retail products With an unparalleled level of coverage, the Handbook of Poultry Science and Technology provides an up-to-date and comprehensive reference on poultry processing. Volume 2: Secondary Processing covers processing poultry from raw meat to uncooked, cooked or semi-cooked retail products. It includes the scientific, technical, and engineering principles of poultry processing, methods and product categories, product manufacturing and attributes, and sanitation and safety. Volume 2: Secondary Processing is divided into seven parts: • Secondary processing of poultry products-an overview • Methods in processing poultry products-includes emulsions and gelations; breading and battering; mechanical deboning; marination, cooking, and curing; and non-meat ingredients • Product manufacturing-includes canned poultry meat, turkey bacon and sausage, breaded product (nuggets), paste product (pâté), poultry ham, luncheon meat, processed functional egg products, and special dietary products for the elderly, the ill, children, and infants • Product quality and sensory attributes-includes texture and tenderness, protein and poultry meat quality, flavors, color, handling refrigerated poultry, and more • Engineering principles, operations, and equipment-includes processing equipment, thermal processing, packaging, and more • Contaminants, pathogens, analysis, and quality assurance-includes microbial ecology and spoilage in poultry and poultry products; campylobacter; microbiology of ready-to-eat poultry products; and chemical and microbial analysis • Safety systems in the United States-includes U.S. sanitation requirements, HACCP, U.S. enforcement tools and mechanisms. © 2010 by John Wiley & Sons, Inc. All rights reserved.","Poultry processing handbook; 'sanitation' refers to food-safety hygiene, unrelated to water/sanitation service access."
RC4332A900DE7,E01,2011,Roos E.; Wackenhut G.; Lammert R.; Schuler X.,Probabilistic safety assessment of components,10.1016/j.ijpvp.2010.11.005,https://www.scopus.com/pages/publications/78751581686?origin=resultslist,"Obviously, precautions against damage of components by operational and exceptional loads have to be taken. This is performed according to the procedures and standards of the nuclear regulations, e.g. by using the strength and fracture mechanical parameters (warranty parameters) of the involved materials. Within this integrity proof by calculation, however, the effects of the uncertainties in the input parameters cannot be evaluated quantitatively. By considering the possible parameter scatter in the geometrical dimensions and loads while performing the integrity proof, the failure probabilities, and hence the caused uncertainties, become quantifiable. In addition, postulated flaw sizes can be considered and the effects of operational measures can be evaluated. This requires, on one hand, exact knowledge about the scatter of the decisive parameters, and on the other hand knowledge about their effects on the employed methods, and hence on the result of the calculation.In this paper the applied reliability theory is described. Furthermore, the failure probabilities, especially of the weld joints of a feed water line, were calculated and the available partial safety factors were analysed. © 2010 Elsevier Ltd.",Bulk raw-water tariff/cost-chain modeling for a catchment utility; not household access focus.
R2416D927477E,E01,2009,Labonté R.; Schrecker T.; Packer C.; Runnels V.,"Globalization and health: Pathways, evidence and policy",10.4324/9780203881026,https://www.scopus.com/pages/publications/84917031514?origin=resultslist,"Contemporary globalization has had tremendous impact on health equity across the globe. However, no volume has systematically analyzed the relationship between globalization and global trends in health outcomes. This book consolidates and updates the findings of a global research project undertaken by the Globalisation Knowledge Network (GKN) of the World Health Organization's Commission on Social Determinants of Health. Chapters examine such questions as: How has trade liberalisation affected the social determinants of health? How has globalization affected food security, nutrition and equitable access to water and sanitation? How well do present global governance structures take account of the health equity effects associated with the social determinants of health? This landmark volume will be a necessary addition for researchers and scholars studying the field of globalization, health and social policy, and public health across the social sciences. © 2009 Taylor & Francis. All rights reserved.",Green building construction industry overview; unrelated to water/sanitation access.
RBA323E48872F,E01,2011,Moglia M.; Sharma A.; Alexander K.; Mankad A.,Perceived performance of decentralised water systems: A survey approach,10.2166/ws.2011.081,https://www.scopus.com/pages/publications/84863393359?origin=resultslist,"Decentralised water systems are considered to be effective, beneficial and are useful in a number of urban and peri-urban settings, and have been implemented to varying degrees across much of Australia. The use of decentralised water systems has introduced a change in the style of water service delivery and often there are new actors responsible and involved in the maintenance and operation of these systems. This raises questions about how to best implement and govern the use of decentralised water systems. To understand the issues and problem mitigation approaches required for decentralised systems, collection of data on the effectiveness, difficulties, functional aspects and ongoing problems in providing water services is required. Understanding the issues involved is not necessarily straightforward, as performance can be viewed from many different perspectives and may be difficult to measure. One key perspective to consider is that of householders, in their role as end-users of decentralised water systems. This paper suggests that dedicated household surveys can provide important information on the performance of decentralised water systems based on personal understanding and experience of these systems. This is stated on the basis of householder survey trials which indeed seem to provide useful information, both in terms of feedback from the individual and in generating a coherent data set from which to statistically model the adequacy of various implementation styles and governance structures. An exploration of data sets from survey trials have contributed to collective learning, necessary in firmly establishing decentralised systems as viable options for the provision of urban water services now and into the future. © 2011 IWA Publishing.","Hong Kong planning-condition enforcement study; water supply is one of many condition categories, not the focus."
R24593135266F,E01,2005,Bateman J.S.; Sohail M.; Njiru C.,Socially sensitive regulation for water services,10.1680/wama.2005.158.4.177,https://www.scopus.com/pages/publications/33244475093?origin=resultslist,"The provision of essential services such as water and sanitation may be considered a first step towards social inclusion. The overall sustainability of water and sanitation services also depends on social considerations. This paper explores the relationship between the regulator and the utility in the context of service provision for low-income users. It presents a general background to regulation in the water sector, along with some of the challenges faced by governments and regulators when implementing private sector involvement. Drawing upon the authors' experience of water services management including regulation and private sector participation (PSP) in the water sector, the paper is based on a review of the literature, discussion with relevant professionals and an examination of a number of projects. The authors detail the role of the regulator and identify recurring themes relating to regulation and the poor. The shortcomings of specific projects are highlighted not as criticisms, but in the interest of sharing of knowledge and improving services to the poor in the long run. The paper includes suggestions on how regulation of water services could be undertaken in a low-income environment. The authors conclude that if water utilities are to perform in a socially sensitive manner, appropriate regulatory regimes are necessary.",Regional landscape-ecology/hydrology planning methodology study; not water/sanitation service access.
R71D8C2CD4951,E05,2008,Kipping M.,Challenges for German development cooperation in the water sector,10.1007/978-3-540-76707-7_15,https://www.scopus.com/pages/publications/84891416216?origin=resultslist,"Water is key to poverty reduction and to achieving the Millennium Development Goals (MDGs), in particular those related to health and environmental sustainability. However, 1.1 billion people continue to lack access to safe drinking water, 2.6 billion remain without access to sanitation facilities. Germany is the third biggest bilateral donors in the water sector with regional foci in the Middle East and Africa. The German Federal Ministry for Economic Cooperation and Development (BMZ) and its implementing agencies are tackling six main challenges to further improve their water sector activities: (1) mainstreaming the concept of Integrated Water Resources Management (IWRM); (2) addressing water management in agriculture; (3) taking seriously questions of water governance and water politics; (4) prioritizing waste water management, sanitation and hygiene; (5) ensuring the sustainability of large-scale hydro-infrastructure; as well as (6) increasing funds for development cooperation in the water sector through innovative funding mechanisms. The probable re-organisation of BMZ's implementing agencies would significantly contribute to these efforts. © Springer-Verlag Berlin Heidelberg 2008.","Descriptive overview of donor agency's water-sector challenges, no empirical access evidence or outcome data."
R72D71D29A63C,E06,2008,Kroll D.; Homeland H.,An analysis of security monitoring data for detection of operational problems,,https://www.scopus.com/pages/publications/84871571554?origin=resultslist,"In the past, monitoring of operational parameters in the distribution system has been done in a piecemeal and haphazard manner. The distribution system represents the last analytical frontier in the water quality industry. The monitoring of source water and treatment plant processes has progressed to a level at which we can be confident that we are providing good quality water. Once the water reaches our aging distribution systems, our knowledge as to its continued integrity is limited by the quality and amount of available data. Most monitoring in the distribution system is relegated to the occasional snapshot provided by grab sampling for a few limited parameters or the infrequent regulatory testing required by mandates such as the Total Coliform Rule. The development of water security monitoring in the years since 9/11 has the potential to change this paradigm. Since 9/11 numerous communities have installed multi-parameter monitoring stations in various locations through out the distribution system as early warning systems based on potential water security threats. These continuous on-line systems have recorded large streams of data (some sites for a number of years) relevant to water quality in the distribution systems in which they have been deployed. In this study data streams from a number of communities (both small and large) are analyzed for pertinent information as to the health and operation of the distribution system. Changes in water quality are correlated with known causes attributable to day-to-day operational changes (source water switching, chlorine shocking, pumps turning on and off, pressure surges) and also anomalous events (pipe bursts, accidental back flows, cross connections, chemical over feeds, treatment plant problems, nitrification events, etc.). Information concerning what if any action was taken to ameliorate the problem will also be linked to the data for the identified events. The data streams also show the diversity in what could be termed ""normal"" operating conditions both within and between different classes and types of systems. This sort of information is critical in understanding and improving the operation of our distribution systems and can also be valuable as we consider regulations that effect that operation. The current effort to update the Total Coliform Rule as well as any future efforts to regulate the distribution system will need to consider databases such as this before we determine the best course of action to ensure our public water supplies meet acceptable levels of quality and safety from source to tap. © 2008 American Water Works Association.","Engineering analysis of distribution-system security monitoring data, no access/governance outcome."
RD521C4BFCE0D,E01,2004,Blankinship S.,Pilot project will demo micro hydropower,,https://www.scopus.com/pages/publications/2342539040?origin=resultslist,"Aquarian Water Company and alternative energy company Rentricity, Inc., are launching a pilot program to tap excess force inside water pipes using technology designed by New York-based Rentricity. The water provider will install Rentricity's Flow-to-Wire systems on pressure reduction valves (PRV), which are used to relieve excess water pressure delivered to customers at elevations lower than the water source. The power can be delivered to consumers through connection with the electric utility grid, or it can be used to offset existing demand by the water utility. The nine-month pilot program will involve the installation of Flow-to-Wire systems at several locations in southwest Connecticut.","Pilot micro-hydropower project using excess pressure in water pipes; energy generation, not access."
R39A3BFB6D19C,E03,2003,Idris A.B.; Mamun A.A.; Mohd.Soom M.A.; Azmin W.N.W.,Review of water quality standards and practices in Malaysia,,https://www.scopus.com/pages/publications/0141785588?origin=resultslist,"This paper reviews the existing standards, procedures, guidelines and laws related to protection of the inland surface water in Malaysia. Water is polluted from point and non-point sources. The existing guidelines are not comprehensive and mainly focused on point pollution sources. It was also observed that there exists inconsistency between the procedures to calculate Water Quality Index (WQI) and the effluent standards of the Environmental Quality Act (EQA). For instance, Ammonical Nitrogen (NH3-N) is identified as one of the main pollutants to render many of the rivers polluted but it is not considered as a monitoring parameter in the effluent discharge standards, whereas it plays a significant role in determining the Class of water. Although pH is considered in the WQI equations, generally, it is not reported as a water quality problem in Malaysia. As such, the WQI equations need to be upgraded considering inclusion of other pollutants, which are frequently found in the river waters at concentrations higher than the allowable limits. The water environment is a dynamic system, occasional review of monitoring requirements, effluent and water quality standards for the management of sustainable water resources is deemed essential in the context of point and non-point pollution sources.","Reviews water quality standards/laws for surface water pollution control in Malaysia; a quality-standards study, not access."
R843843DF2822,E06,2004,Schuchardt L.; Steinmetz H.; Ehret J.; Ebert A.; Schmitt T.G.,Scalable mobile information system to support the treatment process and the workflow of wastewater facilities,10.2166/wst.2004.0688,https://www.scopus.com/pages/publications/12344330777?origin=resultslist,"In order to support the operation of wastewater systems and the workflow of sewage systems an application for demonstration has been developed to show exemplarily how a mobile information system can be transferred into practice and used by the staff. The paper presents a scalable information visualisation system, which can be used with mobile devices. The regarded information data does not only include process data, but also general information about buildings and units, work directions, occupational safety regulations as well as instructions of first aid in case of a work accident. This is particularly appropriate for the use in remote facilities. The implementation is based on but not limited to SQL, JSP and HTML. © IWA Publishing 2004.",Describes a mobile information system supporting wastewater facility operations/workflow; a technical/software engineering topic.
R3D20695C0444,E01,2003,Mock G.A.; Vanasselt W.G.; Petkova E.I.,Rights and reality: Monitoring the public's right to participate,10.1179/oeh.2003.9.1.4,https://www.scopus.com/pages/publications/0037277552?origin=resultslist,"Exercising the right to a sustainable and healthy environment requires the ability to participate in government and business decisions that affect the environment. A global coalition of public interest groups and research organizations measured the public's ability to participate in such decisions in nine countries representing a range of income levels and development paths. The investigation assessed the three elements of public participation as defined at the Rio Earth Summit in 1992: access to information, access to the decision-making process, and access to redress. The results show that, despite considerable progress in these areas, serious gaps remain in the public's ability to participate in important environmental decisions. These gaps occur in both developed and developing nations, and reflect limited articulation of participation rights in national law and institutional practice. The results also suggest that the public is often unfamiliar with and unaccustomed to exercising the rights they already have.",Cross-country assessment of public participation rights in environmental decision-making generally; not specific to water/sanitation service access.
RD40CF0F1807A,E03,2004,Kao C.-M.; Huang S.-S.; Wu F.-C.; Chen K.-F.; Lin T.-F.; Chang E.E.; Chiang P.-C.,Development of Kaoping River Basin Management Strategies Based on Calculated Carrying Capacity,,https://www.scopus.com/pages/publications/1642318849?origin=resultslist,"The Kaoping River basin is the largest and the most intensively used river basin in Taiwan. It is 171-km long, drains a catchment of more than 3,250 km2. Based on the current water quality analysis, the Kaoping River is heavily polluted. Concern about the deteriorating condition of the river led the Government of Taiwan to amend the relevance legislations and strengthen the enforcement of the discharge regulations to effectively manage the river and control the pollution. Investigation results demonstrate that both point and non-point source (NPS) pollutants are now the causes of biochemical oxygen demand (BOD), nutrients, and pathogens in the river. The main water pollution sources are livestock wastewater from hog farms, municipal wastewater, industrial wastewater, NPS pollutants from agricultural areas, and leachate from riverbank landfills. The current daily BOD, NH3-N, and TP loadings to Kaoping River are 74,700, 39,400, and 5,100 kg, respectively. The calculated daily Escherichia Coliform (E. Coli) loadings to Kaoping River are 1.18×1016 colony forming unit (CFU). However, the calculated BOD, NH3-N, and TP carrying capacities are only 27,700, 4,200, and 600 kg per day. The calculated E. Coli carrying capacity is only 4.81×1015 CFU per day. Thus, the current BOD, NH3-N, TP, and E. Coli loadings are almost 2.7, 9.4, 8.5, and 7.3 times higher than the calculated carrying capacities, respectively. To protect public health and improve the river water quality, the comprehensive management and construction strategies are proposed. The proposed strategies include the following measures to meet the calculated river carrying capacity. (1) hog ban in the entire Kaoping River basin, (2) sewer system construction to achieve 30% of connection in the basin within 10 years, (3) removal of 10 riverbank landfills, and (4) enforcement of the industrial wastewater discharge standards. After the implementation of the proposed measures, the water quality should be significantly improved and the BOD and nutrient loadings can be significantly reduced.","Develops river basin management strategies based on water quality/carrying-capacity analysis for a Taiwanese river; quality focus, not access."
RF3BC9E752549,E01,2006,Hoffbuhr J.; Osterholm M.T.; Downing J.; Laskey F.; Iwan G.; St.Martin M.; Good B.; Gertig K.; Henderson B.,Utilities prepare for potential pandemic,,https://www.scopus.com/pages/publications/33745756501?origin=resultslist,"American Water Works Association (AWWA) organized a pandemic round table discussion of a select group of public health and utility professionals to discuss the preparedness for a potential pandemic. The strategies discussed included establishing and procuring emergency kits and storing those at critical pump stations and treatment facilities. They have also developed a plan for cross-training the critical water treatment and pipeline personnel that includes the supply, treatment, and distribution functions. AWWA acts as a coordinator between key entities such as law enforcement, emergency responders, water systems, and health directors for information and clinical materials such as vaccines. United States Environmental Protection Agency (USEPA) is also assisting states and utilities to prepare for a pandemic by supporting business continuity efforts in a variety of ways and nominate water systems staff for priority access to vaccines and antiviral drugs.",Reports on a utility industry roundtable discussion of pandemic preparedness planning; not an access/governance outcome study.
R4D55AAD88360,E05,1992,Salvato J.A.,Environmental engineering and sanitation. 4th edition,,https://www.scopus.com/pages/publications/85040897558?origin=resultslist,"In this latest edition of a standard textbook, public health and engineering principles are applied to environmental, water-supply-, and waste-disposal-related topics. The broad subject coverage includes disease control, water supply, wastewater disposal, solid waste disposal, air pollution, noise control, radioactive substances, food protection, pest control, and administrative and institutional aspects of public health. The approach is oriented to US practice. There are extensive bibiographies. -D.W.Taylor","Standard textbook covering environmental engineering and sanitation topics broadly; a doctrinal/technical reference, not an empirical study."
R7766BA34C89C,E03,2002,Müller E.,The revised drinking water ordinance - Current state of discussion and questions from the legal point ov view; [Die neue Trinkwasserverordnung - Sachstand und offene Fragen aus rechtlicher Sicht],,https://www.scopus.com/pages/publications/0036128881?origin=resultslist,"The EC-directive relating to the quality of water intended for human consumption was brought into force by the German Drinking Water Regulation by 21.05.2001. This amendment has various positive aspects for the water supply companies. However, the regulations concerning the indicator parameters are still contradictory. Regarding the problem of reporting to the public health department according to 16 (1) the consequences of delaying a report must be taken into account. As for the drawing up of emergency plans it may be justified to exceed the given minimum legal standards for practical reasons. On the other hand, to perform the requirements of monitoring the drinking water, sampling points that are not the companies responsibility have to be rejected. The proof of a causal connection between the contamination of the supply network and possible cross-connections between drinking-water installations and those of water of poor quality (e.g.rain water) should be furnished according to the principle of first appearance.","Legal analysis of Germany's revised drinking water quality ordinance and reporting requirements; a quality-standard regulatory topic, not an access outcome."
R432244319152,E04,1999,Cohn P.; Savrin J.; Fagliano J.,Mapping of volatile organic chemicals in New Jersey water systems,10.1038/sj.jea.7500017,https://www.scopus.com/pages/publications/0032776180?origin=resultslist,"To characterize volatile organic chemical (VOC) contamination in public water in New Jersey from 1978 through 1990, detailed GIS maps were developed, along with descriptive text and an associated contaminant database, broken into half-year periods. All water providers that served more than 500 service connections were mapped, Contamination status for nine VOCs, including total trihalomethanes (THMs), was estimated for about 90% of the state's population. Many water systems were partitioned into smaller subsystems in order to map service areas that were more homogeneous with regard to water quality in order to minimize exposure misclassification. Data used for this work included test results taken by the New Jersey Department of Environmental Protection or the water utilities (raw, plant, and distribution system samples), an analysis of probable water use and water flow (based on pumpage, population, system architecture, and advice from the water systems), and information on service area extensions during the period. Using GIS applications, these maps and databases were used to estimate the size of the population exposed to contaminants over time, demonstrating a dramatic decrease in exposed population after the New Jersey Safe Drinking Water Act was signed in 1984.",VOC contamination exposure mapping tied to SDWA; outcome is contamination not access.
RB931BD2BBE10,E01,1993,Delaney Richard; Meyers Jennie,"Boston harbor management: issues, structure, and directions",,https://www.scopus.com/pages/publications/0027150175?origin=resultslist,"Alarming reports of massive pollution, highly publicized legal challenges and even Presidential political campaign accusations, all helped earn Boston Harbor a world wide reputation during the 1980's as one of the most polluted harbors in the United States. While the complexity of siting, design and construction of the $5 billion worth of secondary sewerage treatment facilities initially dominated the response to this situation, the scientific, political and institutional context for the overall restoration of Boston Harbor is equally instructive. This paper will examine selected elements of the overall strategy for pollution abatement focusing on factors which have especially influenced or controlled the goals setting process and the characteristics of the resulting management structure. It will identify current motivating issues that are expected to be significant and which could possibly alter the abatement process as it is implemented during the 1990's. Lastly, the paper will offer a brief overview of other competing uses in the harbor in order to provide a more comprehensive understanding of the institutional arrangements that have evolved to manage this complex set of land-use, access, aesthetic and economic issues.","Harbor pollution abatement/institutional management, not household water/sanitation access."
RE9C8373138C9,E01,1996,Ash M.; Ash I.,Handbook of water treatment chemicals,,https://www.scopus.com/pages/publications/19244367410?origin=resultslist,"Water treatment chemicals comprise 20% of the global 30 billion dollar water treatment industry. The industry consists of three market segments; water supply (ground water, surface water, potable and bottled water); internal process water (chemicals for cooling and boiler water applications found in heavy and light industry); and wastewater (sewage, industrial effluent, landfill leachate, and contaminated ground water applications). Current issues include the imposition of increasingly stringent environmental regulations, adoption of new technologies and chemicals, and wastewater recycling. This reference provides up to date information on available trade name products and chemicals, and is designed to facilitate the decision-making process. Information on over 2500 trade name products and 500 generic chemicals has been gathered from more than 500 worldwide manufacturers and distributors, and the data has been supplemented with an extensive research programme. As well as bringing comprehensive international information together in a single source, material selection is also aided by the inclusion of cross references by trade name products, chemical composition, function, and CAS and EINECS numbers.","Trade handbook of water treatment chemicals, no access focus."
RB93E3D3E1C0E,E01,1986,Honma K.-I.; Honma S.; Hirai T.; Katsuno Y.; Hiroshige T.,Food ingestion is more important to plasma corticosterone dynamics than water intake in rats under restricted daily feeding,10.1016/0031-9384(86)90186-1,https://www.scopus.com/pages/publications/0022466821?origin=resultslist,"The roles of food and/or water ingestion in the regulation of plasma corticosterone level were examined in rats under restricted daily feeding. When the time of food-pellets and water supply was restricted to 2 hours in the early light period (meal feeding) for 2 weeks, the corticosterone level increased prior to meal (prefeeding peak). A similar prefeeding hormone peak was observed when supply of food-pellets was restricted to 2 hours with free-access to water (food restriction). In contrast, when water supply was restricted to 2 hours with free-access to food-pellets (water restriction), the hormone level before water supply did not increase as much as that under meal feeding or food restriction. Shortening of an available time for water under water restriction or prolongation of the restriction schedule failed to elevate the hormone level furthermore. On the other hand, the high prefeeding corticosterone level before meal decreased subsequently to meal feeding (prandial fall), which was not observed when rats were kept fasting during the meal time. This prandial fall of the hormone level was not observed by water intake alone, and closely related to food-pellets ingestion. It is concluded that food ingestion is more important than water intake to the formation of the prefeeding corticosterone peak and to the prandial fall of the hormone level under restricted daily feeding. © 1986.","Animal physiology study of food/water intake in rats, unrelated."
R2909D05E6D43,E01,1974,Petzelt K.,Alterations of drinking water quality due to bacterial recontamination; [GUTEVERANDERUNGEN DES TRINKWASSERS DURCH WIEDERVERKEIMUNG],,https://www.scopus.com/pages/publications/0016291266?origin=resultslist,"From the example of a recontamination of the drinking water supply in Hanover the causes and consequences are discussed. Recontamination is defined as an endogenous system-dependent emergence of predominantly autochthonous microorganisms, in the case in question caused by appearances of corrosion and deposition of calcium carbonate, ferrous sulphide and in particular manganous oxide in connection with organic substances (humin substances). The emergence was considerably enhanced by hydraulic processes. Pseudomonadaceae without Pseudomonas aeruginosa were predominantly demonstrated, but there were no fecal microorganisms. The number of microorganisms was on average 500/ml, individually up to 20,000/ml. Contamination from sewage was ruled out. Unusual changes in the quality, such as fiber formation, poor taste and smell or risks to health, were not observed, apart from an indirect lowering of quality by occasional increased chlorination up to 0.6 mg/l with corresponding complaints regarding taste. Microbial differentiation is indispensible and testing for resistance to chlorine is desirable. Improvement of the processing and purification of transport and distribution network, irrigation, intermittently increased chlorination, partly with mobile installations, resulted in sanitization. Future legislative regulations of a relevant nature should anticipate flexible standard values for the microbial content of drinking water.","Bacterial recontamination of drinking water, a water-quality microbiology study."
R769F9D3731D7,E09,2001,,Purified water at the touch of a button,,https://www.scopus.com/pages/publications/0035191719?origin=resultslist,[No abstract available],No abstract available; insufficient information to assess.
