record_id,database,title,authors,year,doi,url,duplicate,title_abstract_decision,full_text_decision,exclusion_reason,reviewer_1,reviewer_2,conflict,final_decision
R0001,WebSearch(general),Barriers to sewer connection in urban Dhaka: Individual and organisational challenges,,,,https://iwaponline.com/washdev/article/15/4/287/107505/Barriers-to-sewer-connection-in-urban-Dhaka,false,,,,,,,
R0002,WebSearch(general),Is household water insecurity a link between water governance and well-being? A multi-site analysis,,,,https://iwaponline.com/washdev/article/10/2/320/73830/Is-household-water-insecurity-a-link-between-water,false,,,,,,,
R0003,WebSearch(general),Navigating rights and responsibilities: Water and sanitation access for informal vendors in Brazil,,,,https://www.sciencedirect.com/science/article/abs/pii/S0957178725001663,false,,,,,,,
R0004,WebSearch(general),"Water insecurity, housing tenure, and the role of informal water services in Nairobi's slum settlements",,,,https://www.sciencedirect.com/science/article/abs/pii/S0305750X22003552,false,,,,,,,
R0005,WebSearch(general),Land tenure and upgrading informal settlements in Colombo Sri Lanka,,,,https://www.tandfonline.com/doi/full/10.1080/19463138.2012.734826,false,,,,,,,
R0006,WebSearch(general),The Matrix of Land Tenure Property Right for Water Settlement Area,,,,https://www.academia.edu/79780680/The_Matrix_of_Land_Tenure_Property_Right_for_Water_Settlement_Area,false,,,,,,,
R0007,WebSearch(general),Communities of water practice in an informal settlement in Agra India,,,,https://www.tandfonline.com/doi/full/10.1080/29966876.2026.2644302,false,,,,,,,
R0008,WebSearch(general),Socio-Economic Inequalities in Access to Drinking Water among Inhabitants of Informal Settlements in South Africa,,,,https://www.ncbi.nlm.nih.gov/pmc/articles/PMC8507892/,false,,,,,,,
R0009,WebSearch(general),Transitional Infrastructures Extending Access to Safe Water in Informal Settlements: A Cross-Sectional Study in Nairobi Kenya,,,,https://www.ncbi.nlm.nih.gov/pmc/articles/PMC11720795/,false,,,,,,,
R0010,WebSearch(general),Informal Land Rights and Infrastructure Retrofit: A Typology of Land Rights in Informal Settlements,,,,https://www.mdpi.com/2073-445X/10/3/273,false,,,,,,,
R0011,WebSearch(general),SANEAMENTO BASICO EM AREAS IRREGULARES: PESQUISA APONTA,,,,https://tratabrasil.org.br/wp-content/uploads/2022/09/Release-SANEAMENTO-NAS-AREAS-IRREGULARES-DO-ESTADO-DE-SP.pdf,false,,,,,,,
R0012,WebSearch(general),Analise ambiental do saneamento basico no contexto da REURB: O caso de Sapucaia (Para Brasil),,,,https://periodicos.ufpa.br/index.php/reumam/article/view/14678,false,,,,,,,
R0013,WebSearch(general),Regularizacao fundiaria em projetos de saneamento: por que ela impacta a viabilidade das obras,,,,https://visaogeo.com.br/regularizacao-fundiaria-em-projetos-de-saneamento-por-que-ela-impacta-a-viabilidade-das-obras/,false,,,,,,,
R0014,WebSearch(general),SANEAMENTO BASICO ADEQUADO: UMA REALIDADE DISTANTE,,,,https://sistemas.rj.def.br/publico/sarova.ashx/Portal/sarova/imagem-dpge/public/arquivos/7._Agenda_2030_-_Saneamento_REVISADO_ANA_final.pdf,false,,,,,,,
R0015,WebSearch(general),Saneamento em Areas Irregulares: Desafios para Universalizacao,,,,https://ee.insper.edu.br/cursos/cidades/saneamento-em-areas-irregulares-desafios-para-universalizacao/,false,,,,,,,
R0016,WebSearch(general),O CASO DA OCUPACAO BELA VISTA - PASSO FUNDO,,,,https://www.sisgeenco.com.br/anais/endhas/2021/arquivos/PC21652568875-01.pdf,false,,,,,,,
R0017,WebSearch(general),National Assessment of First Nations Water and Wastewater Systems - Ontario Regional Roll-Up Report,,,,https://www.sac-isc.gc.ca/eng/1314634863253/1533823219185,false,,,,,,,
R0018,WebSearch(general),Proximate causes of unsafe drinking water access in Ontario Canada: First Nations versus non-First Nations communities,,,,https://www.tandfonline.com/doi/full/10.1080/02508060.2026.2684883,false,,,,,,,
R0019,WebSearch(general),Improving First Nations water security through governance,Alcantara,2020,,https://onlinelibrary.wiley.com/doi/abs/10.1111/capa.12363,false,,,,,,,
R0020,WebSearch(general),Water Insecurity in Ontario First Nations: An Exploratory Study on Past Interventions and the Need for Indigenous Water Governance,,,,https://www.mdpi.com/2073-4441/13/5/717,false,,,,,,,
R0021,WebSearch(general),No Taps No Toilets: First Nations and the Constitutional Right to Water in Canada,,,,https://lawjournal.mcgill.ca/article/no-taps-no-toilets-first-nations-and-the-constitutional-right-to-water-in-canada/,false,,,,,,,
R0022,WebSearch(general),The provision of drinking water in First Nations communities and Ontario municipalities: Insight into the emergence of water sharing arrangements,,,,https://www.sciencedirect.com/science/article/pii/S0921800921002056,false,,,,,,,
R0023,WebSearch(general),Costs of Urban Utility Water Connections: Excessive Burden to the Poor,,,,https://www.sciencedirect.com/science/article/abs/pii/S0957178707000550,false,,,,,,,
R0024,WebSearch(general),The Role of Metrics in Water and Wastewater Affordability Programs in the United States,,,,https://pacinst.org/the-role-of-metrics-in-water-and-wastewater-affordability-programs-in-the-united-states/,false,,,,,,,
R0025,WebSearch(general),Low-Income Water Customer Assistance Program Assessment,,,,https://www.nacwa.org/docs/default-source/resources---public/liwcap--final-report---formatted.pdf?sfvrsn=84cc161_2,false,,,,,,,
R0026,WebSearch(general),Legal Status and Deprivation in Urban Slums over Two Decades,,,,https://pubmed.ncbi.nlm.nih.gov/29910486/,false,,,,,,,
R0027,WebSearch(general),Review of drivers and barriers of water and sanitation policies for urban informal settlements in low-income and middle-income countries,,,,https://www.ncbi.nlm.nih.gov/pmc/articles/PMC7067261/,false,,,,,,,
R0028,WebSearch(general),Informal mechanisms to regularize informal settlements: Water services in Sao Paulo's favelas,,,,https://www.sciencedirect.com/science/article/abs/pii/S019739751830239X,false,,,,,,,
R0029,WebSearch(general),Turning Off the Tap: Urban Water Service Delivery and the Social Construction of Global Administrative Law,,,,https://academic.oup.com/ejil/article/17/1/215/410963,false,,,,,,,
R0030,WebSearch(general),Lien In: Challenging Municipalities' Discriminatory Water Practices,,,,https://journals.law.harvard.edu/crcl/wp-content/uploads/sites/80/2020/09/Montag.pdf,false,,,,,,,
R0031,WebSearch(general),Turning Participation Into Power: A Water Justice Case Study,,,,https://lawreview.gmu.edu/print__issues/turning-participation-into-power-a-water-justice-case-study/,false,,,,,,,
R0032,WebSearch(general),Bureaucratic Hurdles Political Resistance and Public Service Access: Evidence from a Field Experiment in India,,,,https://www.researchgate.net/publication/349255506_Bureaucratic_Hurdles_Political_Resistance_and_Public_Service_Access_Evidence_from_a_Field_Experiment_in_India,false,,,,,,,
R0033,WebSearch(general),Pesquisa Saneamento Basico em Areas Irregulares - Relatorio Brasil,,,,https://tratabrasil.org.br/wp-content/uploads/2022/09/relatorio-completo-areas-irregulares.pdf,false,,,,,,,
R0034,WebSearch(general),Desafios do saneamento em SP e alternativas a privatizacao: por uma agenda de governanca ambiental,,,,https://www.iea.usp.br/pesquisa/projetos-institucionais/usp-cidades-globais/artigos-digitais/desafios-do-saneamento-em-sp-e-alternativas-a-privatizacao-por-uma-agenda-de-governanca-ambiental-frente-as-mudancas-climaticas,false,,,,,,,
R0035,EXEMPLAR_SOURCES,Divided infrastructure: legal exclusion and water inequality in an urban slum in Mumbai India,"Lubeck-Schricker, Patil-Deshmukh, Murthy, Chaubey, Boomkar, Shaikh, Shitole, Eliasziw, Subbaraman",2023,10.1177/09562478221121737,https://journals.sagepub.com/doi/10.1177/09562478221121737,false,,,,,,,
R0036,EXEMPLAR_SOURCES,Getting on the grid: A field experiment on bottom-up political pressure and access to essential public services,"Gaikwad, Thomas",2026,10.1111/ajps.70068,https://onlinelibrary.wiley.com/doi/10.1111/ajps.70068,false,,,,,,,
R0037,EXEMPLAR_SOURCES,A Meta-Analysis of Water Institutions and Their Performance: Implications for Water Resource Management,"Apio, Thiam, Dinar",2025,10.1007/s11269-024-04000-w,https://link.springer.com/article/10.1007/s11269-024-04000-w,false,,,,,,,
R0038,Scopus,Delineating spatiotemporal variations of coastal ecosystem service value from the ‘past-current-future’ perspective,Yao Y.; Zhou J.; Jia C.; Su P.; Song Y.,2026,10.1007/s44218-026-00124-1,https://www.scopus.com/pages/publications/105028956632?origin=resultslist,false,,,,,,,
R0039,Scopus,Water Utilities Capacity and Governance: Insights into Sustainable Service Improvement,Asfaw T.D.; Dejen Z.A.; Mekonen S.; Kassegn M.; Melaku A.; Gezahegn K.; Abera Z.,2026,10.1007/s41101-025-00462-0,https://www.scopus.com/pages/publications/105027523038?origin=resultslist,false,,,,,,,
R0040,Scopus,Development of an Efficient Corona Discharge Generator Based on Resonant for Water Disinfection Applications,Tappeh M.M.B.; Vahedi A.,2026,10.1063/5.0339282,https://www.scopus.com/pages/publications/105042998046?origin=resultslist,false,,,,,,,
R0041,Scopus,Decentralized Blockchain-Enabled Smart Contracts for Transparent Water Distribution and Sanitation Service Auditing in Rural Communities,Sathiskumar S.; Priyanka E.B.; Thangavel S.; Anand A.J.; Bhuvarasudhan T.; Aakash A.,2026,10.1201/9781003714774-8,https://www.scopus.com/pages/publications/105039405587?origin=resultslist,false,,,,,,,
R0042,Scopus,Circular economy and nature-based solutions for WASH resilience in Bangladesh’s Hill tracts,Tabassum S.; Rahman M.M.,2026,10.1007/s43621-026-03656-1,https://www.scopus.com/pages/publications/105047049116?origin=resultslist,false,,,,,,,
R0043,Scopus,Machine intelligent expedition with supervised Bayesian adaptive neural networks for stochastic cholera epidemic model in a periodic environment,Anwar N.; Shahzadi K.; Raja M.A.Z.; Ahmad I.; Shoaib M.; Kiani A.K.,2026,10.1007/s11071-025-12006-1,https://www.scopus.com/pages/publications/105028294820?origin=resultslist,false,,,,,,,
R0044,Scopus,The Thirst for Governance: Challenges in Water and Sanitation Reforms,Gowtham H.; Gopal J.N.; Swapna S.; Raveendran L.S.; Krishnan S.; Anand A.J.,2026,10.1201/9781003714774-2,https://www.scopus.com/pages/publications/105039405342?origin=resultslist,false,,,,,,,
R0045,Scopus,"Fecal sludge management system approach for establishing policy framework in urban areas of Vientiane Capital, Lao PDR",Sidlakone S.; Ichiki A.,2026,10.2166/washdev.2026.251,https://www.scopus.com/pages/publications/105043937417?origin=resultslist,false,,,,,,,
R0046,Scopus,"Tracking viral variants by wastewater surveillance, from laboratory diagnosis towards on-site monitoring: lessons learned from the SARS-CoV-2 pandemic",Zhang Q.; Gao C.; Ge X.; Sun Y.; Liu P.; Zhang X.-X.,2026,10.1016/j.jenvman.2026.129353,https://www.scopus.com/pages/publications/105032922469?origin=resultslist,false,,,,,,,
R0047,Scopus,Application of Co-Kriging method to estimate water hardness with secondary variable PH in West Surabaya,Saifudin T.; Lu'Lu'A N.; Putra M.R.A.; Wardhani V.N.P.; Galena M.V.; Yuniar M.A.D.P.,2026,10.1063/5.0308887,https://www.scopus.com/pages/publications/105034281302?origin=resultslist,false,,,,,,,
R0048,Scopus,Bridging the Gap in Urban Water Accessibility: Exploring the Barriers to Equity in Water Access in Ghana,Fobi Kontor M.; Núñez Collado J.R.; Brown A.,2026,10.1007/978-3-032-20649-7_4,https://www.scopus.com/pages/publications/105040166221?origin=resultslist,false,,,,,,,
R0049,Scopus,Watershed Water Supply Security Reliability Assessment and Risk Node Identification in Mountain Piedmont Transition Zones Under Extreme Drought Stress: A Case Study from the Feng River Basin,Lv J.; Zhang Y.; Wang Y.; Wang Z.; Sun D.; Ma H.; Zhang X.,2026,10.3390/w18101121,https://www.scopus.com/pages/publications/105040066616?origin=resultslist,false,,,,,,,
R0050,Scopus,Barriers to accessing newer antibiotics in countries with high burden of bacterial antimicrobial resistant infections—a qualitative study,Singh S.R.; Blanco-Arévalo A.; Gupta A.; Chee J.Y.; Aligui A.A.A.F.; Hor S.W.; Shou Y.; Saravanan R.; Leong J.; Charani E.; Mo Y.,2026,10.1016/j.lanwpc.2026.101917,https://www.scopus.com/pages/publications/105044721021?origin=resultslist,false,,,,,,,
R0051,Scopus,Corruption and SDG 6: Clean Water and Sanitation for All,Breen M.; Marks D.,2026,10.4324/9781003570912-7,https://www.scopus.com/pages/publications/105039408625?origin=resultslist,false,,,,,,,
R0052,Scopus,Barriers and facilitators to the utilisation of point-of-use water treatment systems during and immediately following flood-related disasters: a scoping review protocol,"Johnson R.; Shank S.E.; Aaltonen P.M.; Blatchley E.R., III; Payne L.; Simpson V.; Bhadelia A.",2026,10.1136/bmjopen-2025-115870,https://www.scopus.com/pages/publications/105041173500?origin=resultslist,false,,,,,,,
R0053,Scopus,Governing antibiotic resistance through One Health: Insights from the political and legal landscape in Senegal,Sow M.M.; Delpy L.; Ciss M.; Fall A.G.; Diouf N.D.; Caffin J.-H.; Dia N.M.; Bordier M.,2026,10.1371/journal.pgph.0005889,https://www.scopus.com/pages/publications/105032881704?origin=resultslist,false,,,,,,,
R0054,Scopus,Industrial Symbiosis as a Carbon-Centered Operational Strategy: Evidence from Thailand’s Eastern Economic Corridor,Kokanutaporn S.; Rachuratchata L.; Aung E.D.; Sasaki N.,2026,10.3390/su18115547,https://www.scopus.com/pages/publications/105041435899?origin=resultslist,false,,,,,,,
R0055,Scopus,Ensemble LSTM models for short-term early warning of nitrous oxide emissions: A case study of a full-scale wastewater treatment plant in Copenhagen,Guo Y.; Wei A.; Shi H.; Wang Z.; Yue S.; Chang X.; Tang K.; Zou J.; Li N.,2026,10.1016/j.jwpe.2026.110153,https://www.scopus.com/pages/publications/105037029117?origin=resultslist,false,,,,,,,
R0056,Scopus,Changes in access to basic needs among people experiencing unsheltered homelessness in Los Angeles County during and after the COVID-19 pandemic: a large-scale repeated cross-sectional survey,Yan S.; Irvine A.; Akunwafo C.U.; Pickering T.A.; Feldman C.T.; Kogan A.C.,2026,10.1186/s12889-026-27652-2,https://www.scopus.com/pages/publications/105044460449?origin=resultslist,false,,,,,,,
R0057,Scopus,The felt experience of energy insecurity: Revealing an affective continuum based on sentiment analysis among New York City residents,Si Y.; Li Q.; Khan F.; Hernández D.,2026,10.1016/j.erss.2026.104844,https://www.scopus.com/pages/publications/105045294788?origin=resultslist,false,,,,,,,
R0058,Scopus,Leveraging Artificial Intelligence for Comprehensive Analysis of Community and Rural Aqueduct Systems,Salazar-Gámez L.; Ojeda-Ocaña R.; Rosero-Lombana P.; Calpa-Villarreal J.; Chañag-Checa S.; Insuasty-Enríquez J.; Cerón-Rosales A.; Garzón T.,2026,10.28991/CEJ-2026-012-03-03,https://www.scopus.com/pages/publications/105034086530?origin=resultslist,false,,,,,,,
R0059,Scopus,Predicting the shear strength of rubber-incorporated granular waste mixtures with a machine learning approach,Hunt H.; Indraratna B.; Malisetty R.S.; Qi Y.; Rujikiatkamjorn C.,2026,10.1007/s11440-025-02890-7,https://www.scopus.com/pages/publications/105025906785?origin=resultslist,false,,,,,,,
R0060,Scopus,Governing a Wildlife-Based Regional Economy: A Prospective Policy Analysis of Swiftlet’s Nest Trade in Indonesia Supporting SDGs 6 and 9,Fajarwati B.; Fahmid I.M.; Ali M.S.S.,2026,10.3390/su18062997,https://www.scopus.com/pages/publications/105033872666?origin=resultslist,false,,,,,,,
R0061,Scopus,Techno-Economic Household-Scale Solar Power Plants in Support of The Policy of Presidential Regulation Number 112 of 2022 Concerning the Acceleration of Renewable Energy Development,Ramdani F.T.; Roestamy M.; Rahmawati R.; Ilyanawati R.Y.A.; Sudarsa A.S.,2026,10.17509/ijost.v11i2.89708,https://www.scopus.com/pages/publications/105015532657?origin=resultslist,false,,,,,,,
R0062,Scopus,"Flows against the current: governance and politics of wastewater reuse in Valle Alto, Bolivia",Saldías C.; Echeverría I.; Vargas V.; Saavedra O.,2026,10.1080/07900627.2026.2677000,https://www.scopus.com/pages/publications/105040961806?origin=resultslist,false,,,,,,,
R0063,Scopus,Sampling techniques for extended soil microbiological studies: a review and a proposal for unified guidelines,Sciurba L.; Settanni L.; Scalenghe R.,2026,10.1016/j.apsoil.2026.106928,https://www.scopus.com/pages/publications/105033002744?origin=resultslist,false,,,,,,,
R0064,Scopus,Optimal Operation Strategy for Island Multi-Energy Microgrids Considering the Water-Energy Nexus of Wastewater Treatment and Desalination,Pan W.; Zhang W.; Han D.,2026,10.3390/su18073297,https://www.scopus.com/pages/publications/105035491324?origin=resultslist,false,,,,,,,
R0065,Scopus,Legal Frameworks for Equitable Water Governance: Strengthening Policy Mechanisms for Sustainable Water Access and Rights,Somvanshi J.; Patil-Nikam A.M.; Singh N.; Bhattacharjee M.; Kumar R.; Dutta N.; Dash S.S.,2026,,https://www.scopus.com/pages/publications/105043578069?origin=resultslist,false,,,,,,,
R0066,Scopus,Evaluation of the quality of Paguyaman river as a source of raw water and as a source of community drinking water from water supply company (PDAM) Wonosari Unit,Mahmud M.; Potale A.F.H.; Husnan R.,2026,10.1063/5.0296110,https://www.scopus.com/pages/publications/105042104494?origin=resultslist,false,,,,,,,
R0067,Scopus,Sustainable Membrane Technologies for Enhancing Urban Climate Resilience,Rhazzali A.L.; Lakatos E.S.; Portik-Szabó R.; Hossu E.C.; Cioca L.-I.; Moldovan A.,2026,10.3390/membranes16020070,https://www.scopus.com/pages/publications/105031215069?origin=resultslist,false,,,,,,,
R0068,Scopus,Financial insecurity among sanitation workers and its impacts on safe service reliability: a case study of the Arusha depot manual emptying group,Kimwaga R.; Magambo H.; Ndezi T.,2026,10.2166/washdev.2026.007,https://www.scopus.com/pages/publications/105046847110?origin=resultslist,false,,,,,,,
R0069,Scopus,Adoption of food safety measures in smallholder dairy farms in Kenya: Implications for milk safety and public health,Nyokabi N.; Muunda E.; Moore H.; Korir L.; Ndambi A.; Omanga C.; Korir L.; Phelan L.,2026,10.1016/j.onehlt.2026.101342,https://www.scopus.com/pages/publications/105028899854?origin=resultslist,false,,,,,,,
R0070,Scopus,"Groundwater-based water services as complex socio-hydrogeological systems: insights from Vietnam’s Mekong Delta; [作为复杂社会—水文地质系统的地下水型供水服务：来自越南湄公河三角洲的启示]; [Services d’eau fondés sur les eaux souterraines en tant que systèmes socio-hydrologiques complexes: enseignements tirés du delta du Mékong au Vietnam]; [Serviços de água baseados em águas subterrâneas como sistemas socio-hidrogeológicos complexos: Percepções do Delta do Mekong, no Vietnã]; [Servicios de agua basados en aguas subterráneas como sistemas socio-hidrogeológicos complejos: perspectivas del delta del Mekong en Vietnam]; [Các dịch vụ cấp nước dựa vào nước ngầm như những hệ thống địa chất thủy văn - xã hội phức tạp: Góc nhìn từ Đồng bằng sông Cửu Long, Việt Nam]",Carrard N.; Gonzalez D.; MacArthur J.; Anh Minh N.; Giang Nam N.D.; Rodgers D.; Foster T.,2026,10.1007/s10040-026-03100-8,https://www.scopus.com/pages/publications/105041652596?origin=resultslist,false,,,,,,,
R0071,Scopus,Assessing the Targeting Efficiency of Clean Water Subsidies Under Uncertainty,Williams H.; Upendram S.; Mingie J.; Cho S.-H.,2026,10.1007/s00267-026-02581-3,https://www.scopus.com/pages/publications/105047556857?origin=resultslist,false,,,,,,,
R0072,Scopus,Political Ecology and Social Production of Drinking Water Scarcity in India's Contaminated Landscapes,Ranjan A.; Mallick S.; Mandal K.K.,2026,10.1111/geoj.70087,https://www.scopus.com/pages/publications/105038927372?origin=resultslist,false,,,,,,,
R0073,Scopus,Expert group decision-making on ESG strategies for water public sanitation utilities under fiscal and budgetary constraints in Brazil,de Lima M.D.S.; Silva W.D.O.; Neto M.M.; Fontana M.E.; Silva A.E.A.,2026,10.1016/j.jup.2026.102252,https://www.scopus.com/pages/publications/105040972926?origin=resultslist,false,,,,,,,
R0074,Scopus,Surface engineering of stainless-steel mesh with superwettability toward efficient water treatment through electroflotation,Ma J.; Fu L.; Chen Y.; Zhu S.; Fan Y.; Wang W.,2026,10.1039/d6ta01017b,https://www.scopus.com/pages/publications/105035249312?origin=resultslist,false,,,,,,,
R0075,Scopus,Achieving Transboundary Water Security Through Water Innovations: A Framework and Cases,Feldman D.,2026,10.1002/wwp2.70044,https://www.scopus.com/pages/publications/105025593292?origin=resultslist,false,,,,,,,
R0076,Scopus,Barriers to health care access for sanitation workers in five municipalities of Bangladesh: an evaluation of Shasthya Nirapotta Scheme using multinomial logistic regression approach,Tasnim F.; Oeishik M.Z.; Sarkar N.U.; Islam M.T.; Adib H.I.; Mamshad M.M.; Jahan H.,2026,10.1186/s12939-025-02739-1,https://www.scopus.com/pages/publications/105028483005?origin=resultslist,false,,,,,,,
R0077,Scopus,Corporate Sustainability Metrics and Environmental Human Rights: Developing Rights-Based Indicators for Science-Based SDGs'Targets in India and China,Dhar S.; Imran M.,2026,10.1051/bioconf/202622507004,https://www.scopus.com/pages/publications/105033709243?origin=resultslist,false,,,,,,,
R0078,Scopus,"Assessing urban water security in Awash River Basin, Addis Ababa, and its surrounding towns using Integrated Urban Water S ecurity Index",Legass A.M.; Alamirew T.; Gebrehiwot S.G.; Haro-Monteagudo D.; Tsegaye L.; Begashaw G.B.,2026,10.1007/s43621-025-02575-x,https://www.scopus.com/pages/publications/105031933820?origin=resultslist,false,,,,,,,
R0079,Scopus,"Management of water, sanitation and hygiene facilities in basic schools within the Mfantseman Municipality, Ghana",Annan K.K.; Mariwah S.; Annan A.; Chirisa I.,2026,10.1007/s43621-025-02504-y,https://www.scopus.com/pages/publications/105028956745?origin=resultslist,false,,,,,,,
R0080,Scopus,Gender equity and menstrual justice: a psychosocial review on stigma and discrimination in access to reproductive health,Selva C.; Butragueño M.N.; de Miquel C.,2026,10.1186/s12978-025-02255-z,https://www.scopus.com/pages/publications/105029053585?origin=resultslist,false,,,,,,,
R0081,Scopus,Moroccan Dam level dataset: A high resolution satellite-based monitoring dataset for Moroccan Dams,Ouargani Y.; Khattabi E.; Amine F.-E.M.,2026,10.1063/12.0044636,https://www.scopus.com/pages/publications/105046770956?origin=resultslist,false,,,,,,,
R0082,Scopus,Climate-Driven Water Scarcity and Its Public Health Implications: A Multi-Regional Assessment Across Vulnerable Socio-Ecological Systems,John C.K.; Pu J.H.,2026,10.3390/w18060699,https://www.scopus.com/pages/publications/105034273803?origin=resultslist,false,,,,,,,
R0083,Scopus,A driver-pressure-state-impact-response and system dynamics framework for climate change adaptation in vulnerable wetlands,Afshari E.; Bavani A.R.M.; Mahabadi S.A.; Malekmohammadi B.; Mamaqani Y.A.A.; Gohari A.,2026,10.1016/j.scitotenv.2026.181858,https://www.scopus.com/pages/publications/105038185437?origin=resultslist,false,,,,,,,
R0084,Scopus,Household Water Insecurity Severity Across Urban Areas with Varying Aridity Levels in Sub-Saharan Africa: Examples from Namibia,Munyayi R.; Swatuk L.A.; Mazvimavi D.; Chiramba T.; Mapani B.,2026,10.1016/j.wasec.2026.100200,https://www.scopus.com/pages/publications/105034764603?origin=resultslist,false,,,,,,,
R0085,Scopus,"Improving payment for essential services – A field experiment in Nairobi, Kenya",Fuente D.; Mwaura M.; Gitu J.; Mulwa R.; Cook J.,2026,10.1016/j.jup.2026.102240,https://www.scopus.com/pages/publications/105039705978?origin=resultslist,false,,,,,,,
R0086,Scopus,Refolding-assisted purification of native full-length TDP-43 compatible with BSL-2 safety regulations,Dehury S.; Tiwari S.; Los Rios P.D.,2026,10.1016/j.ymeth.2026.02.009,https://www.scopus.com/pages/publications/105031633780?origin=resultslist,false,,,,,,,
R0087,Scopus,MULTI-CRITERIA PRIORITIZATION OF DOMESTIC WASTEWATER MITIGATION STRATEGIES IN URBAN RIVER SYSTEMS: AN AHP-BASED ENVIRONMENTAL SANITATION ASSESSMENT,Apsari S.L.; Kartikaningsih H.; Koentjoro M.P.,2026,10.20473/jkl.v18i3.2026.187-198,https://www.scopus.com/pages/publications/105045945573?origin=resultslist,false,,,,,,,
R0088,Scopus,Tehran’s Water Scarcity Dilemma: Insights from a 150-Year Adaptive Cycle Assessment,Rahimi M.; Ghorbani M.,2026,10.1007/s41101-026-00541-w,https://www.scopus.com/pages/publications/105043063288?origin=resultslist,false,,,,,,,
R0089,Scopus,"Issues of Bounded Geographies and Participatory Governance in Accessing Water in Informal Settlements: A Case of Khulna City, Bangladesh",Salauddin M.; Piracha A.,2026,10.1002/wwp2.70088,https://www.scopus.com/pages/publications/105038970091?origin=resultslist,false,,,,,,,
R0090,Scopus,Health Inequalities Between Afro-descendants and Non-Afro-descendants in Peru: Evidence from the Demographic and Family Health Survey,Hernández-Vásquez A.; Vargas-Fernández R.,2026,10.1007/s40615-024-02265-w,https://www.scopus.com/pages/publications/85213995095?origin=resultslist,false,,,,,,,
R0091,Scopus,Public Satisfaction Towards Smart City Facilities in Coimbatore City,Akshaya N.; Kumar V.M.,2026,10.51983/ijiss-2026.16.1.68,https://www.scopus.com/pages/publications/105030976811?origin=resultslist,false,,,,,,,
R0092,Scopus,"Predictors of community empowerment against dengue in Córdoba, Colombia",Jiménez N.N.V.; Montes J.E.O.; Álvarez C.V.,2026,10.1186/s41043-025-01156-y,https://www.scopus.com/pages/publications/105027287410?origin=resultslist,false,,,,,,,
R0093,Scopus,"Relationship between freshwater scarcity, rural livelihoods and coping strategies in Jirapa Municipality, Ghana",Boasu B.Y.; Aduko J.; Saakuu F.,2026,10.1007/s44274-026-00817-x,https://www.scopus.com/pages/publications/105041400761?origin=resultslist,false,,,,,,,
R0094,Scopus,Spatiotemporal synergy of rooftop rainwater harvesting: Dual benefits in flood mitigation and multi-purpose supply under climate change,Wu J.; Ma L.; Liang D.; Zhang L.; Varga L.,2026,10.1016/j.scs.2026.107784,https://www.scopus.com/pages/publications/105046883432?origin=resultslist,false,,,,,,,
R0095,Scopus,"Global Water Scarcity: Understanding Challenges, Causes, and Mitigation Measures",Singh A.K.; Mishra S.; Singh A.K.; Polavarapu M.P.; Singh A.K.; Madhav S.; Singh A.; Kumar M.; Shukla S.K.,2026,10.1007/s41101-026-00540-x,https://www.scopus.com/pages/publications/105043689943?origin=resultslist,false,,,,,,,
R0096,Scopus,Mapping policies and evidence addressing childhood malnutrition in India: A global scoping review of systematic reviews and India policy gap map,Vigurs C.; Oliver S.; Roy S.; Reddy H.; Parikh P.; Lall M.-C.; Lakhanpaul M.; Dasgupta R.; Lall M.; Sharma S.; Khanna R.; Manikam L.; Cupp M.; Santwani N.; Chaturverdi H.; Dang P.; Kumar Vijay V.; Prakash S.; Benton L.,2026,10.1136/bmjpo-2025-004147,https://www.scopus.com/pages/publications/105029061073?origin=resultslist,false,,,,,,,
R0097,Scopus,Effectiveness and Spatial Distribution of Wastewater Land Application Technical Approval in East Java,Hakasmanti E.; Semedi B.; Hardjoko A.T.; Koentjoro M.P.; Supriyadi,2026,10.14710/presipitasi.v23i1.158-174,https://www.scopus.com/pages/publications/105034783224?origin=resultslist,false,,,,,,,
R0098,Scopus,"Empowering Water and Sanitation Rights Through Digital Justice, Legal Reform, and Inclusive Governance",Abass S.; Abbas U.; Abbass M.; Akhai S.,2026,10.4018/979-8-3693-3920-6.ch008,https://www.scopus.com/pages/publications/105032386784?origin=resultslist,false,,,,,,,
R0099,Scopus,Drinking Water and Sewerage Provision at the Municipal Level in a Context of Regional Heterogeneity (2008-2019); [La provisión de agua potable y alcantarillado a nivel municipal en un contexto de heterogeneidad regional (2008-2019)],Rivera Á.M.R.,2026,10.19053/UPTC.01203053.V45.N81.2026.18769,https://www.scopus.com/pages/publications/105038949064?origin=resultslist,false,,,,,,,
R0100,Scopus,"Co-Creating an Intersectional Water Justice Toolkit and Documentary in Cape Town, South Africa",Puvaneyshwaran D.; Logie C.H.; Van Borek S.; Abrams A.; Grootboom L.; MacKenzie F.; Taing L.; Perez-Brumer A.; Gittings L.,2026,10.1177/15248399261421596,https://www.scopus.com/pages/publications/105030064583?origin=resultslist,false,,,,,,,
R0101,Scopus,Strengthening the Structure of Public Health: Suggesting the Incorporation of ‘People’ Component as the ‘Seventh Block’,Francis D.L.; Reddy S.S.P.,2026,10.5334/aogh.5012,https://www.scopus.com/pages/publications/105034278691?origin=resultslist,false,,,,,,,
R0102,Scopus,Effectiveness of emergency WASH strategies in disaster-prone areas of Africa: a systematic review,Chirwa E.; Mwalwanda A.; Soko M.; Mbakaya B.C.,2026,10.2166/washdev.2026.166,https://www.scopus.com/pages/publications/105046841709?origin=resultslist,false,,,,,,,
R0103,Scopus,REVITALIZATION STRATEGIES FOR THE TRADITIONAL FISH PROCESSING INDUSTRY IN PUGER: A VALUE CHAIN APPROACH TO STRENGTHENING COASTAL ECONOMIC RESILIENCE,Hendarto T.; Wahyuni E.S.; Dharmawan Y.S.; Bomdzele E.J.,2026,10.18697/ajfand.151.26560,https://www.scopus.com/pages/publications/105041010132?origin=resultslist,false,,,,,,,
R0104,Scopus,"Barriers to Effective Water Resource Management in Foumbot, Cameroon: Infrastructure, Policy, and Community Engagement",Atem N.V.; Lee J.-Y.; Akom E.B.; Chia R.W.; Bello F.A.,2026,10.9720/kseg.2026.1.015,https://www.scopus.com/pages/publications/105035240448?origin=resultslist,false,,,,,,,
R0105,Scopus,Influence of customer satisfaction and perceived water service quality on urban water supply management: A systematic review,Ogata R.; Matsumoto S.; Otsuka T.; Hattori Y.; Kitawaki H.,2026,10.1016/j.clrc.2026.100389,https://www.scopus.com/pages/publications/105027029389?origin=resultslist,false,,,,,,,
R0106,Scopus,Reconciling heritage and modern water infrastructures: design challenges from the Indian Himalayan Region,Dhaundiyal S.,2026,10.1080/25741292.2025.2552003,https://www.scopus.com/pages/publications/105015168732?origin=resultslist,false,,,,,,,
R0107,Scopus,Urban Green Space and Social Inclusion: Focused on Public Park’s Contribution to Elderly Population,Shorkar M.A.N.; Rahman K.M.A.; Alam M.B.; Uddin B.,2026,10.1177/21582440251412792,https://www.scopus.com/pages/publications/105030970166?origin=resultslist,false,,,,,,,
R0108,Scopus,Water governance matters: Self-supplied versus collective irrigation services and their impact on technical efficiency and production in olive oil farming,Russo S.; Mirra L.; Caracciolo F.; Giannoccaro G.,2026,10.1016/j.agwat.2026.110148,https://www.scopus.com/pages/publications/105027539532?origin=resultslist,false,,,,,,,
R0109,Scopus,Process engineering and techno-economic evaluation of integrated hybrid treatment systems for mining wastewater reuse in arid and semi-arid regions,Jansz J.; Roupcová P.; Slaný J.; Roy D.K.; Callaghan S.; Ghosh A.; Wu Z.; Dong L.,2026,10.1016/j.jwpe.2026.110641,https://www.scopus.com/pages/publications/105046328258?origin=resultslist,false,,,,,,,
R0110,Scopus,Sustainability beyond the bean: A social life cycle perspective on a green coffee production facility in Colombia,Osorio M.; Cobo M.; Ruiz-Pardo R.Y.; Wullner B.; Cano J.; Sanchez N.,2026,10.1016/j.spc.2026.05.013,https://www.scopus.com/pages/publications/105041832016?origin=resultslist,false,,,,,,,
R0111,Scopus,"Advanced Adsorbent for Sustainable Wastewater Treatment: A Review of Nanomaterials, Metal–Organic Frameworks, Zeolites, and Biochar Systems",Tangadpalliwar S.A.; Gupta T.B.,2026,10.1007/s41742-026-01077-6,https://www.scopus.com/pages/publications/105036218160?origin=resultslist,false,,,,,,,
R0112,Scopus,Postharvest processing efficiency and value addition in arabica coffee production in West Java Indonesia,Nuraisyah A.; Wulandari E.; Indrawan D.; Othman Z.,2026,10.1007/s43621-026-03495-0,https://www.scopus.com/pages/publications/105045603967?origin=resultslist,false,,,,,,,
R0113,Scopus,"Greenhouse gas emissions, regulatory quality, and health outcomes in West Africa",Kouadio M.,2026,10.1080/19376812.2026.2697179,https://www.scopus.com/pages/publications/105044059352?origin=resultslist,false,,,,,,,
R0114,Scopus,"Local power dynamics of rural water supply in Bambili, Northwest Cameroon",Tantoh H.B.; McKay T.J.M.; Leonard L.,2026,10.1080/13549839.2026.2644481,https://www.scopus.com/pages/publications/105033058695?origin=resultslist,false,,,,,,,
R0115,Scopus,Responsible leadership and sustainability performance of health and sanitation projects: the mediating role of resilience,Kyambade M.; Mwesigwa R.; Alinda K.; Tumwine S.; Lwanga F.,2026,10.3389/frsus.2026.1838166,https://www.scopus.com/pages/publications/105044543819?origin=resultslist,false,,,,,,,
R0116,Scopus,The effect of post-success handwashing on insight problem solving,Zhao Y.; Wang Y.,2026,10.1016/j.actpsy.2026.107323,https://www.scopus.com/pages/publications/105042681735?origin=resultslist,false,,,,,,,
R0117,Scopus,Disparities in Drinking Water Security: Implications for Achieving SDG 6 in Native American Nations in the United States,Bandala E.R.; Ayoko G.A.; Goonetilleke A.,2026,10.1177/19394071251414501,https://www.scopus.com/pages/publications/105046983067?origin=resultslist,false,,,,,,,
R0118,Scopus,"Environmental stress, water inequality, and environmental justice in Palestinian urban areas: a GIS-based assessment of sanitation and infrastructure disparities in the southern West Bank",Nassar N.; Al Zabadi H.; Chabaane Z.,2026,10.1186/s12940-026-01286-8,https://www.scopus.com/pages/publications/105036655158?origin=resultslist,false,,,,,,,
R0119,Scopus,Exploring the Interplay Between Water Source Choices and Perceptions of Hydrological Disaster Risks: Insights from Semarang’s Coastal Communities,Rezagama A.; Hartono D.M.; Soesilo T.E.B.; Hasibuan H.S.,2026,10.1007/s41742-025-01021-0,https://www.scopus.com/pages/publications/105027575903?origin=resultslist,false,,,,,,,
R0120,Scopus,Water for All: A Strategic Assessment of Drinking Water Management at Cox's Bazar of Bangladesh in the Light of SDGs,Molla M.H.; Chowdhury M.A.T.; Muhibbullah M.,2026,10.1002/sd.70770,https://www.scopus.com/pages/publications/105029533073?origin=resultslist,false,,,,,,,
R0121,Scopus,"Characteristics of Settlement on Water in Tobati Village, Papua: Challenges and Sustainability Strategies",Nurmaningtyas A.R.; Hamzah B.; Aprianti E.,2026,,https://www.scopus.com/pages/publications/105037845612?origin=resultslist,false,,,,,,,
R0122,Scopus,Water Supply Megaproject in a Developing Nation: Lessons in Stakeholder Dynamics and Postcompletion Resilience from Prolonged Delays,Sharma Bhattarai S.; Kisi K.; Dhakal R.; Kim H.,2026,10.1061/JLADAH.LADR-1362,https://www.scopus.com/pages/publications/105018459067?origin=resultslist,false,,,,,,,
R0123,Scopus,Women as teammates: Gender composition of village councils and policy outcomes in India,Singhania D.; Roy Chowdhury S.,2026,10.1080/03003930.2026.2690384,https://www.scopus.com/pages/publications/105042404538?origin=resultslist,false,,,,,,,
R0124,Scopus,Review of methodologies to assess and evaluate the climate resilience of rural community-managed drinking-water supply systems in low-income contexts,Pezzato M.; Giardina D.; Valsangiacomo C.; Sorlini S.,2026,10.1039/d6ew00063k,https://www.scopus.com/pages/publications/105042851891?origin=resultslist,false,,,,,,,
R0125,Scopus,"Evaluation of Sustainable Water, Sanitation and Hygiene Systems in Primary Schools in the eThekwini District of South Africa",Mazingisa A.V.; Wiysonge C.S.; Kgware M.,2026,10.3390/su18115333,https://www.scopus.com/pages/publications/105041558573?origin=resultslist,false,,,,,,,
R0126,Scopus,Wastewater treatment technologies and digital integration: A review of pathways toward circularity and sustainability,Dbouk H.M.; Attieh L.; Dbouk N.; Ezzeddine M.,2026,10.1016/j.jece.2026.121718,https://www.scopus.com/pages/publications/105030921167?origin=resultslist,false,,,,,,,
R0127,Scopus,Wetland socio-ecological systems: Diversifying livelihoods and building capacity to learn increases resilience in India,Singh R.K.; Kumar S.; Jew E.K.K.; Singh A.; Sheoran P.; Kumar S.; Singh D.; Gautam U.S.,2026,10.1016/j.sftr.2026.102003,https://www.scopus.com/pages/publications/105043780648?origin=resultslist,false,,,,,,,
R0128,Scopus,Predictors of healthcare seeking for tuberculosis symptoms in the private healthcare facilities: findings from a cross-sectional population-based survey in Tamil Nadu,Giridharan P.; Arangba S.; Nagarajan K.; Frederick A.; Thiruvengadam K.; Selvaraju S.,2026,10.1136/bmjopen-2025-098806,https://www.scopus.com/pages/publications/105027619309?origin=resultslist,false,,,,,,,
R0129,Scopus,Household Perspectives on Urban Water Service Delivery: Implications for Policy and Practice in the Philippines,Preña E.M.; Labayo C.P.; Lorenzana E.A.; Poja J.G.; Montas M.M.P.,2026,10.1177/1087724X261439281,https://www.scopus.com/pages/publications/105034418725?origin=resultslist,false,,,,,,,
R0130,Scopus,"Water supply and infrastructure challenges in rural low-Income arid and semi-arid lands (ASALs): A case study of Turkana, Kenya",Abungu V.; Firouzjaei M.D.; Terry L.G.; Elliott M.A.,2026,10.1371/journal.pwat.0000509,https://www.scopus.com/pages/publications/105032129478?origin=resultslist,false,,,,,,,
R0131,Scopus,Assessing water security and governance complexity in the Owabi river catchment in Ghana,Agyeman N.K.; Tantoh H.B.; Kamika I.,2026,10.1007/s43621-026-03268-9,https://www.scopus.com/pages/publications/105042554884?origin=resultslist,false,,,,,,,
R0132,Scopus,"From Rural Periphery to Peripheral Centralities: Rural Gentrification and Second Homes in San José de Quichinche, Ecuador; [Da periferia rural às centralidades periféricas: gentrificação rural e segundas residências em San José de Quichinche – Equador]; [De periferia rural a centralidades periféricas: gentrificación rural y segundas residencias en San José de Quichinche, Ecuador]",Barragán-Ochoa F.; Morales-Granda M.,2026,10.5354/0718-8358.2026.78394,https://www.scopus.com/pages/publications/105047612756?origin=resultslist,false,,,,,,,
R0133,Scopus,"Green dreams and toxic realities: Exploring the environmental health risks and coping strategies of women in mining settlements in Obuasi, Ghana",Donkor P.; Siabi E.K.; Mensah S.K.; Frimpong K.,2026,10.1016/j.resourpol.2026.105957,https://www.scopus.com/pages/publications/105039867405?origin=resultslist,false,,,,,,,
R0134,Scopus,Developing a management model for the implementation of underground dams using the Strauss and Corbin approach; [تدوین الگوی مدیریت اجرای سدهای زیرزمی ن ی با استفاده از رویکرد اشتراوس و کوربین],Payravand V.; Salajegheh A.; Sayadi M.,2026,10.22092/ijwmse.2026.371150.2136,https://www.scopus.com/pages/publications/105046466243?origin=resultslist,false,,,,,,,
R0135,Scopus,Exploring the role of institutional governance in enhancing sustainability performance of health and sanitation projects in Uganda: a qualitative inquiry,Kyambade M.; Mwesigwa R.; Alinda K.; Tumwine S.; Lwanga F.,2026,10.1108/SRJ-11-2025-1179,https://www.scopus.com/pages/publications/105040955670?origin=resultslist,false,,,,,,,
R0136,Scopus,"Identification of groundwater potential zones in Agago district, northern Uganda using GIS-based multicriteria decision analysis",Kakala J.; Gidudu A.; Makabayi B.; Semyalo R.,2026,10.2166/ws.2026.173,https://www.scopus.com/pages/publications/105046823260?origin=resultslist,false,,,,,,,
R0137,Scopus,"An innovative hesitant fuzzy and traditional-ecological approach to water quality assessment and sustainable management of the Gomati River (the largest river in Tripura, India)",Gupta N.; Das A.K.; Patra S.; Granados C.,2026,10.1007/s11356-026-37464-x,https://www.scopus.com/pages/publications/105029176060?origin=resultslist,false,,,,,,,
R0138,Scopus,"Sustainable rehabilitation of post-mining land through community-driven ecological practices in Bangka Belitung, Indonesia",Herdiyanti H.; Suyanto B.; Mas'Udah S.,2026,10.1088/1755-1315/1580/1/012040,https://www.scopus.com/pages/publications/105028193182?origin=resultslist,false,,,,,,,
R0139,Scopus,"Towards Safe and Equitable Water Access in Karst Landscapes: Lessons from a Community Water System in Bantimurung Bulusaraung National Park, Indonesia",Isnan W.; Achmad A.; Nugroho H.Y.S.H.; Demmalino E.B.,2026,10.13189/eer.2026.140408,https://www.scopus.com/pages/publications/105046905839?origin=resultslist,false,,,,,,,
R0140,Scopus,"Priority Strategy for Managing Water Settlement Using Eco-Settlement: SWOT-AHP Approach in Tobati Village, Jayapura, Indonesia",Nurmaningtyas A.R.; Hamzah B.; Aprianti E.,2026,10.14445/23488352/IJCE-V13I6P121,https://www.scopus.com/pages/publications/105043801831?origin=resultslist,false,,,,,,,
R0141,Scopus,"Displacement, infrastructure deficits and public health risks in post-conflict Marawi during the COVID-19 pandemic",Opdyke A.; Latiph A.A.; Shrief M.C.; Yape E.,2026,10.1108/IJDRBE-06-2025-0069,https://www.scopus.com/pages/publications/105035419113?origin=resultslist,false,,,,,,,
R0142,Scopus,Challenges faced by older adults in Namibia and strategies to improve their health and well-being,Mwetulundila P.; Lewis E.; Indongo N.,2026,10.1016/j.ssaho.2026.102957,https://www.scopus.com/pages/publications/105041213395?origin=resultslist,false,,,,,,,
R0143,Scopus,Enhancing Agricultural Water System Resilience Under Climate Change: A Socio-Ecological Framework and Future Pathways,Zhang W.; Yao J.; Berbel J.; Yao W.; Shen Z.; Hu H.; Li S.; Xiao P.,2026,10.3390/agronomy16121141,https://www.scopus.com/pages/publications/105042862191?origin=resultslist,false,,,,,,,
R0144,Scopus,Multi-Source Joint Water Allocation and Route Interconnection Under Low-Flow Conditions: An IMWA-IRRS Framework for the Yellow River Water Supply Region Within Water Network Layout,Yang M.; Li X.; Song K.; Ma R.; Wang D.; He J.; Jing H.; Zhang X.; Wang L.,2026,10.3390/su18031541,https://www.scopus.com/pages/publications/105030110185?origin=resultslist,false,,,,,,,
R0145,Scopus,Cost Optimization Using Several Transportation Model Solution Methods for Water Distribution in the PDAM Wae Manurung Bone Regency,Margini N.F.; Jbs I.D.B.; Tatika B.A.D.; Wahyu I.N.; Teguh N.A.,2026,10.18517/ijaseit.16.1.21205,https://www.scopus.com/pages/publications/105030193652?origin=resultslist,false,,,,,,,
R0146,Scopus,"Assessment of residential solid waste management practices along Lake Volta, Ghana",Andoh C.N.; Ackerson N.O.B.; Antwi M.; Agbeko E.; Adu-Boahen K.; Attiogbe F.K.,2026,10.1007/s10452-025-10250-6,https://www.scopus.com/pages/publications/105025365283?origin=resultslist,false,,,,,,,
R0147,Scopus,Training under planetary risk: planetary health ethics in clinical education and governance,Ghimire A.; Neupane M.S.,2026,10.1186/s12909-026-09424-z,https://www.scopus.com/pages/publications/105047458185?origin=resultslist,false,,,,,,,
R0148,Scopus,Effect of salt modification on the performance of layer-by-layer NF membranes for pharmaceuticals removal,Oussadou S.E.; Shanableh A.; Backer S.N.; Parambath J.B.M.; Almanassra I.W.; Mousa M.; Bhattacharjee S.; Atieh M.A.,2026,10.1016/j.jece.2026.122668,https://www.scopus.com/pages/publications/105035631990?origin=resultslist,false,,,,,,,
R0149,Scopus,A Fuzzy-Set Qualitative Comparative Analysis of Potable Water Reuse Implementation Pathways,Sardana P.; Javernick-Will A.; Cook S.M.,2026,10.1021/acs.est.5c18300,https://www.scopus.com/pages/publications/105035704010?origin=resultslist,false,,,,,,,
R0150,Scopus,"Assessing the current access to water and sanitation in informal settlements: a case study of Lerato Park, Northern Cape Province, South Africa",Mndzebele M.G.; Onatu G.,2026,10.3389/fhumd.2026.1746745,https://www.scopus.com/pages/publications/105032435842?origin=resultslist,false,,,,,,,
R0151,Scopus,Resilience and risk perception in water scarcity: an analysis from Bourdieu's theory,Soler-Vargas C.A.; De-Luque-Villa M.A.; Gómez-Rendón C.P.,2026,10.3389/frwa.2026.1707226,https://www.scopus.com/pages/publications/105041512350?origin=resultslist,false,,,,,,,
R0152,Scopus,Strategy formulation for accelerating safe sanitation improvement in Lamongan,Andhi D.D.; Yulfiah Y.,2026,10.22515/y379nm75,https://www.scopus.com/pages/publications/105042076726?origin=resultslist,false,,,,,,,
R0153,Scopus,"Reimagining water governance through feminist perspectives: Women’s everyday experiences in the Toltén Hydrosocial Territory, Southern Chile",Hernando-Arrese M.; Ibarra M.I.; Bolados P.,2026,10.1016/j.envsci.2026.104408,https://www.scopus.com/pages/publications/105039993548?origin=resultslist,false,,,,,,,
R0154,Scopus,"Water, pipes and the cholera pathogen: The colonial politics of germs and water infrastructures in the Philippines",Yanquiling R.S.; Dressler W.H.; Smith W.,2026,10.1111/sjtg.70081,https://www.scopus.com/pages/publications/105047229906?origin=resultslist,false,,,,,,,
R0155,Scopus,Toxic waters and broken promises: The struggle for health equity in informal settlements,Kadiri Y.,2026,10.1177/00420980261470590,https://www.scopus.com/pages/publications/105047815075?origin=resultslist,false,,,,,,,
R0156,Scopus,"Stakeholder priorities for sustaining operations and maintenance of school sanitation facilities in Kampala City, Uganda",Byansi J.Z.; Semiyaga S.; Katukiza A.Y.; Bateganya N.L.; Nakaye A.M.; Kansiime F.; Kulabako R.N.,2026,10.1186/s12982-026-02148-x,https://www.scopus.com/pages/publications/105040542431?origin=resultslist,false,,,,,,,
R0157,Scopus,Access to safe sanitation services and factors associated with personal protective equipment utilisation among sanitation workers in Ethiopia: a mixed-methods study,Hailu Tesfaye A.; Kabito G.G.; Gelaye K.A.; Eyachew D.; Dessie A.; Hussein N.; Abere G.; Mekonnen T.H.,2026,10.1136/bmjopen-2026-116558,https://www.scopus.com/pages/publications/105046724938?origin=resultslist,false,,,,,,,
R0158,Scopus,Simulation of oxytactic microbes in hybrid nanofluid with activation energy and LTNE effects using Bayesian regularization neural network technique,Abbas M.; Alam M.M.; Ben Hamida M.B.; Hassani M.K.,2026,10.1186/s11671-026-04600-y,https://www.scopus.com/pages/publications/105045280660?origin=resultslist,false,,,,,,,
R0159,Scopus,"From the Paramos to the City: Environmental History, Water Sources, and More-Than-Human Governance for the City of Quito, Ecuador; [Dos páramos à cidade: história ambiental, fontes de água e governança mais que humana para a cidade de Quito, Equador]; [De los páramos a la urbe: historia ambiental, fuentes de agua y gobernanza más que humana para la ciudad de Quito, Ecuador]",Villagómez-Reséndiz R.,2026,10.7440/histcrit99.2026.04,https://www.scopus.com/pages/publications/105032780064?origin=resultslist,false,,,,,,,
R0160,Scopus,"Reframing Climate Justice in South Africa: Addressing the Socio-Political, Economic, Land and Soil Dimensions of Environmental Inequality",Malongweni S.O.,2026,10.3390/su18126169,https://www.scopus.com/pages/publications/105043106382?origin=resultslist,false,,,,,,,
R0161,Scopus,"Construction and optimization of machine learning models based on remote sensing inversion of NH3-N and TP pollution in the Qiantang River Basin, China",Sichen X.; Mingmin X.; Hongyi X.; Rongrong Z.; Shuke T.,2026,10.1016/j.envres.2026.124481,https://www.scopus.com/pages/publications/105035539432?origin=resultslist,false,,,,,,,
R0162,Scopus,"Receipt of Incidental Take Permit Application and Proposed Habitat Conservation Plan for Los Angeles County Sanitation Districts Joint Outfall J Unit 1E Trunk Sewer Rehabilitation Project, City of Rancho Palos Verdes, CA; Categorical Exclusion",Snyder J.,2026,,https://www.scopus.com/pages/publications/105045325095?origin=resultslist,false,,,,,,,
R0163,Scopus,"Health Insecurity and Occupational Risk Factors Among Urban Waste Collectors in Dhaka City, Bangladesh: A Cross-Sectional Study",Koli K.; Begum S.; Efat M.D.A.G.,2026,10.1002/hsr2.72281,https://www.scopus.com/pages/publications/105034781573?origin=resultslist,false,,,,,,,
R0164,Scopus,Spatiotemporal patterns and drivers of carbon emissions from on-site wastewater treatment: Evidence from a city-wide long-term network,Wang Z.; Zhang Y.; Li N.; Zhang J.,2026,10.1016/j.envres.2026.123948,https://www.scopus.com/pages/publications/105030192501?origin=resultslist,false,,,,,,,
R0165,Scopus,"Bridging policy and space: A GIS-AHP framework for sustainable industrial land-use governance in secondary cities—evidence from Adama, Ethiopia",Bulti D.T.; Eshete A.L.,2026,10.1016/j.landusepol.2026.108066,https://www.scopus.com/pages/publications/105036059625?origin=resultslist,false,,,,,,,
R0166,Scopus,"EMBEDDING CREATIVE COMMUNITIES IN URBAN TOURISM PLANNING: TOWARD A SMART CULTURE ECOSYSTEM FOR SUSTAINABLE CITY DEVELOPMENT IN SURAKARTA, INDONESIA",Aliyah I.; Sugiarti R.; Werdinityas R.; Taukida A.; Firzatullah F.E.; Amrulloh R.,2026,10.7454/jessd.v9i1.1477,https://www.scopus.com/pages/publications/105047073740?origin=resultslist,false,,,,,,,
R0167,Scopus,Pore engineering and charge attenuation for covalent organic framework membranes: A new approach to high-performance molecular–ion separation,Liu Q.; Xu N.; Li K.; Wang Q.; Fan L.; Wan Y.; Hu X.; Huang Z.,2026,10.1016/j.watres.2026.125738,https://www.scopus.com/pages/publications/105032514097?origin=resultslist,false,,,,,,,
R0168,Scopus,Advances in Electrofusion Welding Technology for Polymeric Pipelines: From Process Optimization to Mechanism-Driven Control,Hong B.; Sun Z.; Wu Z.; Meng Y.; Chen Z.; Chen X.; Wang W.; Liu D.,2026,10.3390/polym18111402,https://www.scopus.com/pages/publications/105041384388?origin=resultslist,false,,,,,,,
R0169,Scopus,"Sustainable Development in the Printing Industry of Bangladesh: A Qualitative Assessment of Gender Equality, Decent Work, and Hygiene Standards",Joy N.S.; Rahman M.M.,2026,10.1177/0169796X251371355,https://www.scopus.com/pages/publications/105016624431?origin=resultslist,false,,,,,,,
R0170,Scopus,The State of SDG 6 in Nigeria (2016-2024): A Critical Review of Progress and Future Strategies,Ogunbode T.O.,2026,10.1177/11786302261417003,https://www.scopus.com/pages/publications/105040151111?origin=resultslist,false,,,,,,,
R0171,Scopus,Circular economy from wastewater resource recovery: A review of recent advances and global disparities,Wada O.Z.; Ige A.O.; Egbewole B.I.; Olawade D.B.,2026,10.1016/j.scowo.2026.100187,https://www.scopus.com/pages/publications/105028040239?origin=resultslist,false,,,,,,,
R0172,Scopus,Integrating local perceptions and Bayesian belief networks into model ecosystem services multifunctionality in the Colombian Andes,Rojas C.; Riascos-Ochoa J.; Clerici N.; Longo-Sánchez M.C.,2026,10.1007/s40808-026-02735-6,https://www.scopus.com/pages/publications/105035617005?origin=resultslist,false,,,,,,,
R0173,Scopus,Constructing tea polyphenol-trimesoyl chloride-induced 3D phenolic ester cross-linked networks into MXene membranes for superior cation separation,Tang L.; Li Y.; Dong M.; Li J.; Ji W.; Zhang S.; Nian P.; Wei Y.,2026,10.1016/j.memsci.2026.125738,https://www.scopus.com/pages/publications/105040592260?origin=resultslist,false,,,,,,,
R0174,Scopus,Urban India’s water supply woes: A review of policies and provisioning,Lenka A.K.; Chanchal R.; Sheemar V.,2026,10.1201/9781003771937-102,https://www.scopus.com/pages/publications/105039036228?origin=resultslist,false,,,,,,,
R0175,Scopus,"Scabies Outbreak in Pediatric Populations of Bangladesh: A Perspective on Therapeutic Management, Risk Factors, and Public Health Implications",Hossain H.; Muktadir M.A.; Binte Sayeed S.S.; Ahmed S.; Ali M.H.; Brishty K.A.; Chowdhury M.S.R.; Rahman M.M.,2026,10.1002/hsr2.72450,https://www.scopus.com/pages/publications/105037402712?origin=resultslist,false,,,,,,,
R0176,Scopus,Bacteriophage cocktails and bacterial coevolution: a systematic review of resistance prevention strategies against multidrug-resistant pathogens in sewage water,Badakshi F.; Zahid K.,2026,10.18502/ijm.v18i4.22189,https://www.scopus.com/pages/publications/105046885437?origin=resultslist,false,,,,,,,
R0177,Scopus,Access to sustainable water supply: Community insights and economic valuation for the conservation of Viray watershed in the Philippines,Alejo K.G.; Villanueva-Peyraube J.D.; Faustino-Eslava D.V.; Cui L.E.,2026,10.1016/j.clwat.2026.100246,https://www.scopus.com/pages/publications/105033669504?origin=resultslist,false,,,,,,,
R0178,Scopus,A Comprehensive Review of Water Quality Analysis,Nayak B.; Panda P.K.,2026,10.1142/S0219467826500336,https://www.scopus.com/pages/publications/85209078416?origin=resultslist,false,,,,,,,
R0179,Scopus,Clay-Based Technologies for Produced Water Treatment: A Bibliometric Analysis of Global Trends and SDG Contributions (1996–2025),Ahmed S.; Al-Meer S.; Ben Ali A.; Nasser M.S.; Hussein I.A.,2026,10.1021/acsomega.5c10571,https://www.scopus.com/pages/publications/105043514007?origin=resultslist,false,,,,,,,
R0180,Scopus,A compliance assessment tool for household pit latrines and cesspits against RS ISO 24521: evidence from Kigali City,Murebwayire M.L.; Nilsson E.; Wali U.G.; Nhapi I.,2026,10.3389/fpubh.2026.1795680,https://www.scopus.com/pages/publications/105042358174?origin=resultslist,false,,,,,,,
R0181,Scopus,A Juxtaposed Analysis of the Challenges and Prospects of Attaining Universal Human Rights in African Polities,Simuziya N.J.,2026,10.1163/15718115-bja10204,https://www.scopus.com/pages/publications/85216254220?origin=resultslist,false,,,,,,,
R0182,Scopus,"Reclaimed Water ASR in a Sand-and-Gravel Aquifer: Destin Water Users System (Florida, USA) †",Maliva R.; Wallis M.; Law L.,2026,10.3390/w18060722,https://www.scopus.com/pages/publications/105035055049?origin=resultslist,false,,,,,,,
R0183,Scopus,Electrode–microbe–catalyst triple coupling for efficient nitrogen conversion and recovery in wastewater,Wang R.; Zhao Y.; Zhu G.,2026,10.1016/j.jece.2026.121091,https://www.scopus.com/pages/publications/105027404754?origin=resultslist,false,,,,,,,
R0184,Scopus,A systems thinking approach to operationalizing integrated water resources management in Ethiopia through leverage points and feedback loops,Dinsa H.T.; Nurhusein M.M.,2026,10.1007/s43621-026-03103-1,https://www.scopus.com/pages/publications/105039421668?origin=resultslist,false,,,,,,,
R0185,Scopus,"Beyond “Potty Parity”: Public Toilets, Gendered Time Costs, and Institutional Accountability in Everyday Mobility",Glavanits J.; Fényes Z.,2026,10.3390/laws15030055,https://www.scopus.com/pages/publications/105042872695?origin=resultslist,false,,,,,,,
R0186,Scopus,Health system strategies and responses to the effects of Climate Change in Sub-Saharan Africa: A scoping review,Chimatiro C.S.; Mianda S.; Hajison P.; Lembani M.,2026,10.1371/journal.pone.0349448,https://www.scopus.com/pages/publications/105042352876?origin=resultslist,false,,,,,,,
R0187,Scopus,Effectiveness and equity of local climate adaptation: Evidence from a comparative LAPA case study in rural Nepal,Pandey S.; Acharya S.; Bhandari S.; Running K.,2026,10.1007/s10113-026-02624-9,https://www.scopus.com/pages/publications/105042686026?origin=resultslist,false,,,,,,,
R0188,Scopus,Urban and Valuation Aspects of an Illegal Neighborhood: The Case of Campo Sorbo in Ancient Capua,de Biase C.; Napolitano A.; Redouane Z.; Menna D.,2026,10.1007/978-3-031-97660-5_30,https://www.scopus.com/pages/publications/105010824346?origin=resultslist,false,,,,,,,
R0189,Scopus,Clinical guidelines for the management of cytostatic extravasation in children,Sosnowska-Sienkiewicz P.; Łohynowicz A.; Januszkiewicz-Lewandowska D.,2026,10.5114/wo.2026.163773,https://www.scopus.com/pages/publications/105047767129?origin=resultslist,false,,,,,,,
R0190,Scopus,Wastewater-based epidemiology for early detection of viral outbreaks: Global evidence and insights from the Philippines,Paclauna Y.M.; Mancilla G.B.; Jara O.B.E.; Ganding J.A.; Ng N.C.-S.; Chan S.W.S.,2026,10.36922/AJWEP025460351,https://www.scopus.com/pages/publications/105044127077?origin=resultslist,false,,,,,,,
R0191,Scopus,Dynamising One Health Through a Structured Global Networking Model,Laaser U.; Karabasil N.; Wenzel H.; Bjegović Mikanović V.,2026,10.3390/vetsci13070720,https://www.scopus.com/pages/publications/105045944875?origin=resultslist,false,,,,,,,
R0192,Scopus,Sustainable development goal 11.1 in the Caribbean: assessing informal settlement upgrading in Trinidad and Tobago,Jacob J.H.; Kotzebue J.R.,2026,10.3389/frsc.2026.1731817,https://www.scopus.com/pages/publications/105032563970?origin=resultslist,false,,,,,,,
R0193,Scopus,Persistent lead neurotoxicity as a consequence of global regulatory failure and trade-driven exposure inequities,Rajasekaran N.K.; Ashok C.; Jeyabalan S.; Veeraraghavan G.; Subramaniyan V.; S D.D.P.; Wong L.S.; Sekar M.; Jaganathan R.,2026,10.1186/s12982-026-02436-6,https://www.scopus.com/pages/publications/105045052083?origin=resultslist,false,,,,,,,
R0194,Scopus,Enhancing Efficiency in Urban Water Services: Applying the Balanced Scorecard to the Portuguese Municipal Company AEP,Leite J.; Carmo C.; Correia G.,2026,10.5171/2026.765158,https://www.scopus.com/pages/publications/105045895145?origin=resultslist,false,,,,,,,
R0195,Scopus,A Structured Analytical Framework to Facilitate EU Food Exports to the USA: A Case Study Analyzing Barriers and Support Strategies,Gori A.; Garretto V.; Vannucci P.; Liuzzo G.; Munaò G.; Tinacci L.; Nuvoloni R.; Armani A.,2026,10.3390/foods15040761,https://www.scopus.com/pages/publications/105031261354?origin=resultslist,false,,,,,,,
R0196,Scopus,Baseline assessment of waste management practices and opportunities for smart waste technologies in traditional markets in Indonesia,Gusti A.; Djafri D.,2026,10.3389/fpubh.2026.1829762,https://www.scopus.com/pages/publications/105042939801?origin=resultslist,false,,,,,,,
R0197,Scopus,"Exploring demand and supply-side barriers to safe water, sanitation, and hygiene services in urban slums in southeast Nigeria",Ezenwaka U.; Ojiakor I.; Okeke C.; Nwankwo J.; Onwujekwe O.,2026,10.1186/s12982-026-01725-4,https://www.scopus.com/pages/publications/105033487263?origin=resultslist,false,,,,,,,
R0198,Scopus,Heterogeneous sanitation infrastructure and the governance of trade-offs in Cape Town: A critical institutionalist perspective,Dipura R.,2026,10.1016/j.jum.2026.01.006,https://www.scopus.com/pages/publications/105029052639?origin=resultslist,false,,,,,,,
R0199,Scopus,The burden of waterborne diseases: a review of cholera and giardiasis associated with contaminated groundwater in developing countries,Shayo G.M.; Ligate F.J.,2026,10.1016/j.hazadv.2026.101290,https://www.scopus.com/pages/publications/105041991137?origin=resultslist,false,,,,,,,
R0200,Scopus,Intelligent Water Infrastructure and Policy Programs for Sustainability,Sharma L.; Singh S.; Anand A.; Thakur P.,2026,10.1201/9781003742227-12,https://www.scopus.com/pages/publications/105046460906?origin=resultslist,false,,,,,,,
R0201,Scopus,"The Agency, Resources, and Institutional Structures for Sanitation-related Empowerment (ARISE) scales: Psychometric evaluation across eight cities in Asia and Africa",Sinharoy S.S.; Xia D.; Patrick M.; McManus S.; Chipungu J.; Reddy Y.M.; Ahmed T.; Mink T.; Pan Y.; Bhan T.; Conrad A.; Caruso B.A.,2026,10.1371/journal.pwat.0000555,https://www.scopus.com/pages/publications/105041050739?origin=resultslist,false,,,,,,,
R0202,Scopus,"Water Security Management in Malaysia: Challenges, Technological Innovations, and Strategic Lessons from Global Practice",Khalid R.B.; Buhari J.; Rosli M.I.; Idris M.I.; Abdullah S.R.S.,2026,10.1007/s11270-026-09201-0,https://www.scopus.com/pages/publications/105029470302?origin=resultslist,false,,,,,,,
R0203,Scopus,Reclaiming Blue: Confronting the Global Freshwater Crisis Through Collective Action,Dwivedi A.K.; De K.,2026,10.1007/s40009-026-02132-8,https://www.scopus.com/pages/publications/105035343933?origin=resultslist,false,,,,,,,
R0204,Scopus,Does cooperation pay off over time? Evidence from water and wastewater services,Ribeiro F.W.; de Aquino Cabral A.C.; dos Santos S.M.; Guimarães D.B.,2026,10.1016/j.jup.2026.102306,https://www.scopus.com/pages/publications/105047658175?origin=resultslist,false,,,,,,,
R0205,Scopus,Firms’ willingness to pay for an integrated desalination-based high-purity industrial water service under a centralized supply system: Evidence from South Korea,Moon H.; Oh M.; Kang H.; Choi H.,2026,10.1016/j.jup.2026.102285,https://www.scopus.com/pages/publications/105045268869?origin=resultslist,false,,,,,,,
R0206,Scopus,Assessing existing infection prevention and control measures used by nurses in water-scarce healthcare in a global setting: A scoping review,Ralehike M.M.; Mulaudzi F.M.; Sepeng N.V.; Nyandeni S.,2026,10.4102/phcfm.v18i1.5429,https://www.scopus.com/pages/publications/105044353920?origin=resultslist,false,,,,,,,
R0207,Scopus,Community-based to centralized provision: the transformation of aflaj beyond Oman’s national drinking water strategy,Lindt K.,2026,10.1080/07900627.2026.2649586,https://www.scopus.com/pages/publications/105035597773?origin=resultslist,false,,,,,,,
R0208,Scopus,Does Economic Growth Drive Equitable Water and Sanitation Access? Assessing Inequality Reduction Across 64 Nations,García-López M.; López-Ruiz S.; Cuadrado-Quesada G.,2026,10.1002/sd.70894,https://www.scopus.com/pages/publications/105032480418?origin=resultslist,false,,,,,,,
R0209,Scopus,"Brazil's national menstrual health program–Progress, gaps, and pathways to equity: A concept note (PLATO WP1)",Brum M.; Pathiraja V.; Haddadi M.; Saraswath L.; Kurmi O.; Rathnayake N.; Eleje G.U.; Mbwele B.; Ikwuka D.C.; Mitra P.K.; Nguyen N.T.; Wijamuni N.; Benetti-Pinto C.; Tweneboah-Koduah F.; Martyn-Dickens C.; Mintah-Afful N.; Kemp H.F.; Shi J.Q.; Elneil S.; Phiri P.; Delanerolle G.,2026,10.1002/ijgo.71231,https://www.scopus.com/pages/publications/105047507098?origin=resultslist,false,,,,,,,
R0210,Scopus,Accelerating Safe Water and Sanitation Access in Urban Periphery and Low-Income Areas: The Case of Kenya,Koros J.K.; Juuti P.S.; Juuti R.P.; Mutie J.,2026,10.1177/1087724X251356460,https://www.scopus.com/pages/publications/105013366069?origin=resultslist,false,,,,,,,
R0211,Scopus,Enablers and Obstacles in Integrated Water Resources Management (IWRM) Implementation and Their Contributions to Sustainable Territorial Development,Gallegos A.; Grigg N.S.; Llano W.,2026,10.3390/land15020270,https://www.scopus.com/pages/publications/105031510634?origin=resultslist,false,,,,,,,
R0212,Scopus,Water utility residential customer disconnections and sociodemographic effects from across pandemic-era policy shifts: Evidence from New Jersey,Pierce G.; Downs K.; El-Khattabi A.R.; Levine L.,2026,10.1016/j.jup.2026.102263,https://www.scopus.com/pages/publications/105042611704?origin=resultslist,false,,,,,,,
R0213,Scopus,"EVALUATION OF THE PERFORMANCE OF LASSO, GROUP LASSO, AND SPARSE GROUP LASSO IN IDENTIFYING FACTORS THAT HAVE A SIGNIFICANT INFLUENCE ON DENGUE HEMORRHAGIC FEVER IN INDONESIA",Wirdiastuti C.; Sulistiowati D.; Mutya F.K.; Amalina R.N.; Yahputri N.,2026,10.28919/cmbn/9724,https://www.scopus.com/pages/publications/105037409561?origin=resultslist,false,,,,,,,
R0214,Scopus,Climate Migration and Urban Vulnerability: Livelihood and Health Implications in Dhaka's Slum Settlements,Chowdhury S.A.,2026,10.1111/grow.70137,https://www.scopus.com/pages/publications/105038677844?origin=resultslist,false,,,,,,,
R0215,Scopus,"Hybrid sanitation infrastructure in Tema, Ghana",Oteng-Ababio M.; Grant R.; Stacey P.; Rasmussen J.; Torm N.,2026,10.1080/07352166.2026.2655740,https://www.scopus.com/pages/publications/105037526346?origin=resultslist,false,,,,,,,
R0216,Scopus,Water Security in Fragile States: Mapping Governance and Water Access in Libya,Ellinport B.; Galaitsi S.E.; Pavur G.; Baher A.; Marcellin M.C.; Lambert J.H.; Trump B.D.; Linkov I.,2026,10.1111/risa.70255,https://www.scopus.com/pages/publications/105038164644?origin=resultslist,false,,,,,,,
R0217,Scopus,Near-threshold environmental and health risks of untreated wastewater irrigation under informal water supply networks in the Zabol Plain,Shojaei S.,2026,10.1016/j.envc.2026.101540,https://www.scopus.com/pages/publications/105041118147?origin=resultslist,false,,,,,,,
R0218,Scopus,(Re)producing uneven waterscapes in South China: the materiality and spatiality of the Dongshen inter-basin water supply project,Wang R.Y.,2026,10.1111/1745-5871.12684,https://www.scopus.com/pages/publications/85210084808?origin=resultslist,false,,,,,,,
R0219,Scopus,"Wastewater, air quality, and environmental justice in the Southern West Bank: an integrated analysis using remote sensing, geospatial analysis, and terrain modeling (2019–2024)",Nassar N.; Zabadi H.A.; Chabaane Z.L.,2026,10.1007/s41207-026-01143-7,https://www.scopus.com/pages/publications/105039008900?origin=resultslist,false,,,,,,,
R0220,Scopus,Decentralized greywater treatment and reuse for non-potable purposes in Southeast Asian Nations: Toward sustainable water management,Ta A.T.; Dao Ho N.A.; Tran V.-N.,2026,10.1016/j.jenvman.2026.129387,https://www.scopus.com/pages/publications/105033437942?origin=resultslist,false,,,,,,,
R0221,Scopus,Water-Energy Status Under Economic Collapse: A Statistical Perspective From Lebanon,ElMerehbi H.; Sabat M.; Romanos J.; Sabat M.,2026,10.1177/11786221261437582,https://www.scopus.com/pages/publications/105034902323?origin=resultslist,false,,,,,,,
R0222,Scopus,"Accounting, actor-networks and water supply: a city corporation in the 1880s",Bertz J.; Quinn M.; Feeney O.,2026,10.1080/21552851.2026.2639144,https://www.scopus.com/pages/publications/105037491557?origin=resultslist,false,,,,,,,
R0223,Scopus,Climate justice as a public health imperative: a perspective from Sierra Leone considering the 2025 International Court of Justice opinion,Kamara I.F.; Tengbe S.M.; Vandi M.; Ashubwe J.; Hailu B.; Fofanah B.D.; Anissette B.; Osborne A.; Tolhurst R.; Minssen T.,2026,10.1186/s40249-026-01460-7,https://www.scopus.com/pages/publications/105039908174?origin=resultslist,false,,,,,,,
R0224,Scopus,From descriptive digital twins to closed-loop intelligent agents: Adaptive biogeochemical management in river-reservoir systems,Guo H.; Yuan R.; Wang T.; Li R.; Li Y.; Su Y.; Zhang H.; Huang T.,2026,10.1016/j.watres.2026.126501,https://www.scopus.com/pages/publications/105046304202?origin=resultslist,false,,,,,,,
R0225,Scopus,"The pressure of waste: technopolitical crisis, ecological imaginaries and toilet redesign in South Africa",Redfield P.; Robins S.,2026,10.1080/01436597.2025.2504959,https://www.scopus.com/pages/publications/105007297129?origin=resultslist,false,,,,,,,
R0226,Scopus,Ensemble Boosting Methods for Surface Water Quality Modeling: A Review,Zounemat-Kermani M.; Kheimi M.,2026,10.1007/s11831-025-10422-5,https://www.scopus.com/pages/publications/105017887192?origin=resultslist,false,,,,,,,
R0227,Scopus,"Optimizing Water and Energy Efficiency in Jordan: Challenges, Opportunities, and Sustainable Solutions for the Future",Alwidyan M.I.; Jaradat A.I.; Ahmad O.A.; Al Assaf A.,2026,10.59038/jjmie/200109,https://www.scopus.com/pages/publications/105047652644?origin=resultslist,false,,,,,,,
R0228,Scopus,Trade-offs between root water uptake and xylem-leaf water-use traits underpin contrasting plant adaptation strategies in limestone and dolomite habitats,Liu W.; Nie Y.; Behzad H.M.; Luo Z.; Huang L.; Wang Z.; Huang Y.; Chen H.,2026,10.1093/treephys/tpag013,https://www.scopus.com/pages/publications/105033855312?origin=resultslist,false,,,,,,,
R0229,Scopus,Implementation and adaptation of WASH FIT in healthcare facilities: A systematic scoping review,Kpodzro S.; Cronk R.; Lineberger H.; Lansing L.; Anderson D.M.,2026,10.1016/j.wds.2026.100291,https://www.scopus.com/pages/publications/105034806359?origin=resultslist,false,,,,,,,
R0230,Scopus,Localizing global ESG frameworks and sustainable development goals in multinational breweries in Tanzania,Mazigo A.F.,2026,10.1007/s43621-025-02531-9,https://www.scopus.com/pages/publications/105029863215?origin=resultslist,false,,,,,,,
R0231,Scopus,Stratified tripartite framework for assessing national pandemic performance: Process-oriented evaluation and policy-relevant insights of COVID-19,Salehi A.; Rafiee M.; Fatahi Valilai O.,2026,10.1016/j.hlpt.2026.101182,https://www.scopus.com/pages/publications/105031458573?origin=resultslist,false,,,,,,,
R0232,Scopus,"Historical legacies and contemporary mismanagement aggravated the 2015-2020 drought impacts in Qwaqwa, South Africa",Terzi S.; Delves J.L.; Clark V.R.; Belle J.; Otomo P.V.; Schneiderbauer S.,2026,10.1016/j.ijdrr.2026.106311,https://www.scopus.com/pages/publications/105047628484?origin=resultslist,false,,,,,,,
R0233,Scopus,The Role of Emotions in Water-Related Decision-Making Processes: A Systematic Scoping Review,Loodin N.; Singh V.P.; Eckstein G.; Sanchez R.; Gatson S.N.,2026,10.1007/s00267-026-02425-0,https://www.scopus.com/pages/publications/105034704444?origin=resultslist,false,,,,,,,
R0234,Scopus,Economic implications of synergies and trade-offs in nutrient and water circular systems. A review in water-stressed agricultural contexts,Escobar Jaramillo D.; Coderoni S.; Sckokai P.,2026,10.1016/j.cosust.2026.101660,https://www.scopus.com/pages/publications/105040362698?origin=resultslist,false,,,,,,,
R0235,Scopus,Technological transformation and spatial restructuring of hydraulic infrastructure in modern Guangzhou (1859–1938),Shi S.; Rao X.,2026,10.1080/02665433.2026.2637688,https://www.scopus.com/pages/publications/105034887532?origin=resultslist,false,,,,,,,
R0236,Scopus,"Infectious Diseases and Antimicrobial Resistance in the Gaza Strip: Epidemiological Drivers, Health System Disruptions, and Global Implications: A Narrative Review",Farhadi N.; Yarahmadi A.; Afkhami H.,2026,10.1002/hsr2.72074,https://www.scopus.com/pages/publications/105039166748?origin=resultslist,false,,,,,,,
R0237,Scopus,Water stress evolution and redistribution pathways under global inequality in consumption,Qu J.; Qin C.; Wang H.; Zhao Y.; He F.; Guan Z.; Chang H.; Shi L.,2026,10.1016/j.watres.2025.125112,https://www.scopus.com/pages/publications/105024754963?origin=resultslist,false,,,,,,,
R0238,Scopus,‘Bad water just means bad health’: identifying barriers and promoters of safe drinking water in rural Eastern North Carolina,Savelli L.B.; Koonce D.; Viera K.E.; Thapa S.; Woods C.G.,2026,10.1088/2752-5309/ae4f17,https://www.scopus.com/pages/publications/105033915661?origin=resultslist,false,,,,,,,
R0239,Scopus,Research on the Modeling Method of Multi-Point Hydraulic Control for Irrigation Open Canals; [灌溉明渠多点水力控制建模方法研究],Zhu Z.-L.; Wu Y.-Y.; Wang L.; Guan G.-H.,2026,10.12396/znsd.2500586,https://www.scopus.com/pages/publications/105033750675?origin=resultslist,false,,,,,,,
R0240,Scopus,Integrated environmental and economic trade-offs in rice cultivation in emerging economies using a life cycle approach,Alphonso R.; Arumugam T.D.; Cheela V.R.S.,2026,10.1007/s44274-026-00546-1,https://www.scopus.com/pages/publications/105029163492?origin=resultslist,false,,,,,,,
R0241,Scopus,Values at the tap: how organizational culture shapes water unaffordability and Environmental justice in U.S. Cities,Ward K.; Srinivasan J.; Alvord D.; Senier L.; Davis M.; Harlan S.L.; Manela R.; Krista S.; Deodhar A.,2026,10.1080/23251042.2026.2666400,https://www.scopus.com/pages/publications/105037622416?origin=resultslist,false,,,,,,,
R0242,Scopus,"“Everywhere you see, C-sections are happening”: examining trends and reasons for a rise in cesarean-section deliveries among women in urban informal settlements, Mumbai Metropolitan Region, using a mixed methods approach",Spencer J.; Rajan S.; Sawant R.; Patil S.; Pantvaidya S.; D’Souza V.; Das S.,2026,10.1186/s12884-026-09160-8,https://www.scopus.com/pages/publications/105042410241?origin=resultslist,false,,,,,,,
R0243,Scopus,Beyond Legacy PFAS: Dominant Role of Ultrashort-Chain and Emerging PFAS in the Elbe River−Sea Continuum,Röhrig A.; Grasse N.; Krauss M.; Bücher D.; Brack W.; Kamjunke N.; Matousu A.; Sanders T.; Bussmann I.; Achterberg E.P.; Reemtsma T.; Fu Q.,2026,10.1021/acsenvironau.5c00219,https://www.scopus.com/pages/publications/105039277031?origin=resultslist,false,,,,,,,
R0244,Scopus,The Role of Local Governments in Addressing Rural-Urban Migration through Service Provision in Somalia,Ahmed Mohamed O.M.; Osman A.I.,2026,10.31920/2056-5682/2026/v13n1a1,https://www.scopus.com/pages/publications/105041373328?origin=resultslist,false,,,,,,,
R0245,Scopus,"REVISITING: Off-grid, the New Water Supply Solution",Gaudry A.; Colon M.; Baron C.,2026,10.4324/9781003745532-20,https://www.scopus.com/pages/publications/105045835192?origin=resultslist,false,,,,,,,
R0246,Scopus,Drinking Water Quality Regulations: A Contrast Between Germany and Latin America,Vogelmann E.S.; Prevedello J.; Tiruneh G.A.,2026,10.1002/tqem.70278,https://www.scopus.com/pages/publications/105027110667?origin=resultslist,false,,,,,,,
R0247,Scopus,Modeling for rural poverty reduction by utilizing village funds in maluku province of Indonesia,Soegijono S.P.; Ratumurun S.; Paulus N.; Lameky V.Y.,2026,10.31893/multiscience.2026046,https://www.scopus.com/pages/publications/105014883619?origin=resultslist,false,,,,,,,
R0248,Scopus,"Water Governance and Sustainable Development Goal 6: Strategies and Insights from Central Himalaya, Nepal",Pant R.R.; Gautam S.K.; Basnet N.; Awasthi M.P.; Joshi K.R.; Bishwakarma K.,2026,,https://www.scopus.com/pages/publications/105038150014?origin=resultslist,false,,,,,,,
R0249,Scopus,"Institutional trust as a critical determinant of households’ willingness to pay for improved water services in Leku Town, Ethiopia",Dumo W.M.,2026,10.1007/s43621-026-03655-2,https://www.scopus.com/pages/publications/105046965376?origin=resultslist,false,,,,,,,
R0250,Scopus,Integrating remote sensing and multi-criteria decision analysis for groundwater zoning in the Eastern Desert of Egypt,Ezz H.,2026,10.1038/s41598-026-55824-y,https://www.scopus.com/pages/publications/105041602710?origin=resultslist,false,,,,,,,
R0251,Scopus,"Water, Sanitation and Health: The World Bank's Financing of Sustainable Development Goal 6",Martínez-Gómez C.; Gallego-Valero L.; Moral-Pajares E.,2026,10.1002/sd.71348,https://www.scopus.com/pages/publications/105042092217?origin=resultslist,false,,,,,,,
R0252,Scopus,"SPATIAL DISPARITIES IN HOUSEHOLD WATER ACCESS AND THEIR IMPLICATIONS FOR WATER MANAGEMENT IN OYO STATE, NIGERIA",Oyelami A.A.; Ogunbode T.O.; Owoeye O.M.,2026,10.26480/wcm.01.2026.201.209,https://www.scopus.com/pages/publications/105038653675?origin=resultslist,false,,,,,,,
R0253,Scopus,From Source to Sea: The Role of River Basins in Marine Pollution Under Development and Climate Change Variability in SADC,Mabica A.P.; Chilaule S.M.; Tamele I.J.,2026,10.3390/pollutants6020028,https://www.scopus.com/pages/publications/105043106365?origin=resultslist,false,,,,,,,
R0254,Scopus,"Public awareness, trust, and readiness to adopt AI-driven WASH policies",Pawar D.; Biswas R.,2026,10.2166/wp.2026.207,https://www.scopus.com/pages/publications/105038776095?origin=resultslist,false,,,,,,,
R0255,Scopus,Linking Hydrological Connectivity to Wetland Vegetation Carbon Storage: Insights From the Largest Freshwater Lake in China,Tan Z.; Lin Y.; Gong L.; Yao J.; Li Y.; Wang X.; Li X.; Cai Y.,2026,10.1029/2024WR039631,https://www.scopus.com/pages/publications/105028269002?origin=resultslist,false,,,,,,,
R0256,Scopus,Global drivers of water conflicts: A systematic literature review and territorial analysis,Ainzúa J.; Donoso G.,2026,10.1007/s13280-025-02254-1,https://www.scopus.com/pages/publications/105019542677?origin=resultslist,false,,,,,,,
R0257,Scopus,An Overview of the Presence of Cephalosporin Antibiotics in Aquatic Environments,Ciausu R.-A.; Nicoara M.N.; Chelaru I.-A.; Andronic G.A.; Ciobica A.S.; Ureche D.,2026,10.3390/ph19040650,https://www.scopus.com/pages/publications/105037222263?origin=resultslist,false,,,,,,,
R0258,Scopus,Waste as economic resource: unlocking the opportunities for sustainable development in Ghana,Ahenkan A.; Boon E.;  Nordjo E.; Otchere-Ankrah B.,2026,10.1007/s10163-026-02564-w,https://www.scopus.com/pages/publications/105035898773?origin=resultslist,false,,,,,,,
R0259,Scopus,When penalties are framed as protections: Street-level bureaucrats and the expansion of homeless governance in the US,Herbert C.W.; Weaver L.J.; Podrabsky D.J.; Singleton E.,2026,10.1177/00420980251387814,https://www.scopus.com/pages/publications/105022131076?origin=resultslist,false,,,,,,,
R0260,Scopus,Exploring Kenya’s Small-Scale Water Services for a More Sustainable Future,Koros J.K.; Juuti P.S.; Juuti R.P.; Asokan S.M.,2026,10.1177/1087724X261447370,https://www.scopus.com/pages/publications/105037048680?origin=resultslist,false,,,,,,,
R0261,Scopus,"The Roles of Structural Features, Micro-Entrepreneurial Behavior, and Visitor Experience on Vendor Performance in Bangkok Night Markets",Tian J.; Watcharajit S.; Rattanapun S.,2026,10.70917/ijcisim-2026-2627,https://www.scopus.com/pages/publications/105044981846?origin=resultslist,false,,,,,,,
R0262,Scopus,Accountability to “the other”: conceptualising NGO accountability through differentiated governmentality,Yasmin S.; Ghafran C.,2026,10.1108/AAAJ-06-2024-7127,https://www.scopus.com/pages/publications/105042395474?origin=resultslist,false,,,,,,,
R0263,Scopus,Advancing Water Quality and Safety in the Global South Through International Partnerships and Sustainable Development Goals,Ogwu M.C.; Ulimboka R.; Izah S.C.,2026,10.1007/978-3-032-10602-5_14,https://www.scopus.com/pages/publications/105028199210?origin=resultslist,false,,,,,,,
R0264,Scopus,Performance of graphene oxide-based membranes modified with PDA/PEI/SiO2 nanoparticles in crossflow nanofiltration for efficient dye removal from aqueous solutions,Ginting E.M.E.; Naibaho M.; Anawati A.; Ginting M.; Rianjanu A.; Gultom N.S.; Hung W.-S.; Widakdo J.,2026,10.1016/j.molliq.2026.129779,https://www.scopus.com/pages/publications/105046573707?origin=resultslist,false,,,,,,,
R0265,Scopus,Asymmetries in water and sanitation services and how they are shaping urban drainage and stormwater management in Brazil,Mendes A.T.; Alves C.D.M.A.,2026,10.1016/j.jup.2025.102114,https://www.scopus.com/pages/publications/105022876386?origin=resultslist,false,,,,,,,
R0266,Scopus,Disparities in drinking water services: Private well dependence and public supply inequities in Western Sweden,Gärtner N.; Lindhe A.,2026,10.1016/j.envadv.2026.100692,https://www.scopus.com/pages/publications/105034309970?origin=resultslist,false,,,,,,,
R0267,Scopus,Water management practices under climate and infrastructure stress in Zaatari Refugee Camp: A gendered qualitative study,Hessami N.; Al-Hammadi A.; Rawashdeh M.; Al-Harahsheh M.; Abu Samra R.; Iriqat R.; Makahleh S.; Al-Delaimy W.K.,2026,10.1016/j.ijheh.2026.114860,https://www.scopus.com/pages/publications/105043542807?origin=resultslist,false,,,,,,,
R0268,Scopus,Enhancing Service Delivery Efficiency Through Inter-Local Collaboration: A Network Analysis in Water Service Context,Shen R.; Guo H.D.; Alam S.Y.U.,2026,10.1177/02750740251384215,https://www.scopus.com/pages/publications/105019369709?origin=resultslist,false,,,,,,,
R0269,Scopus,Antimicrobial resistance in India: Integrating the response into health systems for universal health coverage,Chandrashekar S.; Prasad S.N.; Masthi N R R.; Walia S.; Trikha A.; Sadanandan R.,2026,10.1016/j.jgar.2025.12.001,https://www.scopus.com/pages/publications/105027143230?origin=resultslist,false,,,,,,,
R0270,Scopus,"Knowledge, economic, and WASH challenges affecting menstrual health and hygiene among nursing students in Bangladesh using a mixed-methods approach",Zaman M.N.U.; Sai A.; Yamauchi T.,2026,10.1038/s41598-026-41531-1,https://www.scopus.com/pages/publications/105036328591?origin=resultslist,false,,,,,,,
R0271,Scopus,Assessing Circularity Readiness in Data-Scarce Contexts: A Regional Framework for Environmental Resource Sectors in Vietnam,Bui X.-N.; Khandelwal M.; Nguyen N.; Vu D.A.; Nguyen A.H.; Le T.M.H.,2026,10.3390/su18105116,https://www.scopus.com/pages/publications/105040203531?origin=resultslist,false,,,,,,,
R0272,Scopus,A review of global aquaculture wastewater treatment and management: Sustainable pathways through technological innovations and policy coordination,Li Z.; Deng Y.; Zheng M.; Yang L.; He C.; Yang C.; Li C.; Wang J.; Zhang X.; Zhao Y.; Liu B.,2026,10.1016/j.jhazmat.2026.141235,https://www.scopus.com/pages/publications/105028553868?origin=resultslist,false,,,,,,,
R0273,Scopus,"Groundwater vulnerability assessment of the Djibouti aquifer system (East Africa Rift System): A comparative study of DRASTIC, Hybrid-DRASTICs, and DRASTIC-based multi-objective evolutionary algorithm",Awaleh M.O.; Omar G.M.; Adan A.-B.I.; Najafzadeh M.; Marlin C.; Al-Aghbary M.; Robleh M.A.; Iltireh A.D.; Al-Jawad J.; Waberi M.M.; Ragueh R.R.; Ragueh B.E.; Dabar O.A.; Ahmed M.M.; Chirdon M.A.; Adaneh A.E.; Ibrahim N.H.; Egueh N.M.; Guireh I.A.; Elmi O.I.,2026,10.1016/j.gsd.2025.101564,https://www.scopus.com/pages/publications/105024705213?origin=resultslist,false,,,,,,,
R0274,Scopus,'Ooru Alert'- A Crowdsourced Urban Issue Reporting System for Bengaluru,Anandhi R.J.; Sasikala T.; Pillai D.R.; Gadi P.; Aradya S.V.; Prasathkannan A.,2026,10.1109/IDCIoT67589.2026.11455709,https://www.scopus.com/pages/publications/105036994712?origin=resultslist,false,,,,,,,
R0275,Scopus,Engendering the policy debate on valuing water,Geagea D.; Pharr K.; Valin N.; Hinton R.; Bijlsma I.; de la Rosa S.; Koehler J.,2026,10.1016/j.envsci.2026.104378,https://www.scopus.com/pages/publications/105035484901?origin=resultslist,false,,,,,,,
R0276,Scopus,Rural Drinking-Water Service Continuity under Flood and Landslide Hazards: A GIS Analysis of PAMSIMAS Pipeline Networks,Petrizal; Syah N.; Heldi; Barlian E.; Dewata I.; Septiningsih E.; Syarief A.; Putra A.,2026,10.13189/cea.2026.140328,https://www.scopus.com/pages/publications/105038011299?origin=resultslist,false,,,,,,,
R0277,Scopus,Municipalities as spaces for social innovation: A public relations and participation perspective,Motloutsi E.,2026,10.4324/9781003609513-8,https://www.scopus.com/pages/publications/105046601901?origin=resultslist,false,,,,,,,
R0278,Scopus,"Unequal Beginnings: Inequality of Opportunity in Children’s Access to Education, Health, and Basic Services in India",Menon S.; Madheswaran S.,2026,10.1007/s41027-026-00626-z,https://www.scopus.com/pages/publications/105045611708?origin=resultslist,false,,,,,,,
R0279,Scopus,Electronic Strategies for Tailored Exercise to Prevent Falls: Evaluating Implementation in Primary Care,Reisler J.; Dykes P.; Latham N.K.; Digbeu B.; Polychronopoulou E.; Sainlaire M.; Thai T.; Kiesman M.; Hommel E.,2026,10.1055/a-2896-8054,https://www.scopus.com/pages/publications/105045920493?origin=resultslist,false,,,,,,,
R0280,Scopus,Water Quality and Footprint in the European Union Driven by Free Movement of People and Tourism,Simion T.V.; Țâbuleac R.-M.; Gavrilescu M.,2026,10.3390/w18091048,https://www.scopus.com/pages/publications/105038443592?origin=resultslist,false,,,,,,,
R0281,Scopus,"Assessment of accessibility to safe water and sanitation in Bẹẹrẹ community, Ibadan, Oyo state, Nigeria",Odekunle F.; Fadeyi A.; Orelaja O.; Akindele-Sotunbo D.; Jinadu O.; Oyewole O.,2026,10.31893/multirev.2026112,https://www.scopus.com/pages/publications/105016493119?origin=resultslist,false,,,,,,,
R0282,Scopus,"The impacts of large-scale farming, refugees and resettlement on land use land cover changes and ecosystems services values in Abobo Woreda, Gambella Regional State, Ethiopia",Andualem Z.A.; Tarkegn T.G.; Ayalew A.K.,2026,10.1007/s44274-026-00881-3,https://www.scopus.com/pages/publications/105045245560?origin=resultslist,false,,,,,,,
R0283,Scopus,"Hydro-citizenship revisited: water, belonging, and the politics of adaptation in rough neighbourhoods in the Global South",Bhanye J.,2026,10.1007/s10113-026-02609-8,https://www.scopus.com/pages/publications/105039894021?origin=resultslist,false,,,,,,,
R0284,Scopus,"‘No Human Entry’ on Paper: Outsourcing Labour, Implementation Gaps, and Everyday Illegality of Manual Scavenging in India",Raj N.; Tiwari M.,2026,10.1163/24714607-bja10200,https://www.scopus.com/pages/publications/105030237586?origin=resultslist,false,,,,,,,
R0285,Scopus,"All-weather solar-driven interfacial desalination: Overcoming solar intermittency through thermal energy storage, photothermal-electrothermal coupling, and mass-transport engineering",Chen W.; Su Q.; Liu M.; Yuan X.; Zhang J.; Liu W.; Li J.,2026,10.1016/j.desal.2026.120599,https://www.scopus.com/pages/publications/105046478876?origin=resultslist,false,,,,,,,
R0286,Scopus,Prevalence of stunting and its determinants among children under five in 35 Sub-Saharan African countries (2011–2024): Insights from recent demographic health survey data using a generalized linear mixed-effects model with robust poisson regression,Moloro A.H.; Sabo K.G.; Mare K.U.; Wengoro B.F.; Endrias E.E.; Ibrahim R.M.; Dubie T.; Ebrahim O.A.; Lahole B.K.,2026,10.1371/journal.pone.0344358,https://www.scopus.com/pages/publications/105032913228?origin=resultslist,false,,,,,,,
R0287,Scopus,Deciphering the Water Accessibility in Urban Neighbourhoods: A Case of Water Supply in Delhi,Kumar S.; Mishra S.; Kumar A.,2026,10.1007/978-981-95-0736-8_59,https://www.scopus.com/pages/publications/105033563899?origin=resultslist,false,,,,,,,
R0288,Scopus,Spatial modelling of shallow groundwater quality in coastal areas with Kriging interpolation,Arbi Y.; Syah N.; Umar I.; Dewata I.; Gusman M.; Sandra N.,2026,10.24036/teknomekanik.v9i1.47272,https://www.scopus.com/pages/publications/105031681505?origin=resultslist,false,,,,,,,
R0289,Scopus,Public attitudes toward wastewater reuse in Haiti from a circular economy and sustainable development perspective,François M.; Vaincoeur P.E.; Petit-Homme M.A.; Perrier F.,2026,10.2166/aqua.2026.103,https://www.scopus.com/pages/publications/105038691814?origin=resultslist,false,,,,,,,
R0290,Scopus,Renewable biomethane production from sustainable agricultural waste co-digestion,Bano A.S.; Almomani F.; Rasool K.; Omar A.,2026,10.1016/j.jics.2026.102954,https://www.scopus.com/pages/publications/105047618316?origin=resultslist,false,,,,,,,
R0291,Scopus,"The urban burden of disease in India: modeling infrastructure, environmental and dietary risk factors associated with provisioning systems across forty cities (2022)",Ramaswami A.; Nagpure A.,2026,10.1007/s44498-026-00008-0,https://www.scopus.com/pages/publications/105033291257?origin=resultslist,false,,,,,,,
R0292,Scopus,Carboxylated Adsorbent from Confiscated Cigarette Tobacco for Methylene Blue Removal,Saad S.A.; Md Isa K.; Gopinath S.C.B.; Kasim F.H.; Ibrahim N.; Abd Aziz M.A.,2026,10.30880/ijie.2026.18.03.014,https://www.scopus.com/pages/publications/105041546963?origin=resultslist,false,,,,,,,
R0293,Scopus,Optimal water tariffs and trade-offs: a multi-objective analysis of municipalities in Pernambuco; [Tarifas ótimas de água e compensações: uma análise multiobjetivo dos municípios de Pernambuco],De Lima e Silva A.; De Lima e Silva Y.C.; Alcoforado de Moraes M.M.G.,2026,10.1590/2318-0331.312620250186,https://www.scopus.com/pages/publications/105045389486?origin=resultslist,false,,,,,,,
R0294,Scopus,Achieving sustainable resettlement governance in urban water supply systems: Policy optimization of China's hydropower resettlement framework,Cai D.; Ji L.; Li Q.; Ge X.; Xu Y.; Gao Y.,2026,10.1016/j.pce.2026.104524,https://www.scopus.com/pages/publications/105041681572?origin=resultslist,false,,,,,,,
R0295,Scopus,Water policy reform’s effect on child health,Jandoc K.R.L.; Abrigo M.R.M.,2026,10.1007/s42495-025-00164-4,https://www.scopus.com/pages/publications/105022415582?origin=resultslist,false,,,,,,,
R0296,Scopus,Mining legacies and urban dynamics: socio-environmental injustice in Baia Mare,Iosif A.,2026,10.1080/13549839.2026.2687418,https://www.scopus.com/pages/publications/105041787603?origin=resultslist,false,,,,,,,
R0297,Scopus,Synergizing CRISPR diagnostics and interpretive biosensing into smart urban health systems for pandemic-resilient cities,Liberty J.T.,2026,10.1016/j.scs.2026.107332,https://www.scopus.com/pages/publications/105034146017?origin=resultslist,false,,,,,,,
R0298,Scopus,Constructed wetlands as a nature-based solution for sustainable use of non-conventional water in arid and semi-arid regions: A scoping review,Albalawneh A.; Haddad N.,2026,10.1016/j.nxsust.2026.100348,https://www.scopus.com/pages/publications/105040654538?origin=resultslist,false,,,,,,,
R0299,Scopus,Tracking Mpox through wastewater: Advances in environmental surveillance and analytical methodologies,Wannigama D.L.; Amarasiri M.; Sano D.; Hamamoto H.,2026,10.1016/bs.mim.2026.02.001,https://www.scopus.com/pages/publications/105033279485?origin=resultslist,false,,,,,,,
R0300,Scopus,Correlation Mapping of Sanitation Access and Public Health Outcomes in Tamil Nadu,Rajendran D.; Surya M.; Annie Darling Kanmani A.; Dharun R.; Isac Reegan G.; Danish Sugarstan S.,2026,10.1109/MPCON69668.2026.11508588,https://www.scopus.com/pages/publications/105041453646?origin=resultslist,false,,,,,,,
R0301,Scopus,Machine learning reveals eutrophication mechanisms and governing thresholds in an engineered throughflow lake,Xiang S.; Yang Q.; Pang Y.; Yu X.,2026,10.1016/j.ecoinf.2026.103755,https://www.scopus.com/pages/publications/105035012049?origin=resultslist,false,,,,,,,
R0302,Scopus,"Evaluation of Water Safety Plan outcomes and impacts in Bushenyi-Ishaka Municipality, Uganda",Kanyesigye C.; Ferrero G.; Marks S.J.; Niwagaba C.B.; Kulabako R.N.; Kansiime F.,2026,10.1016/j.jup.2025.102106,https://www.scopus.com/pages/publications/105022606098?origin=resultslist,false,,,,,,,
R0303,Scopus,From Promise to Precarity: A Critical Review of SC/ST Scholarship Schemes in India,Alha A.; Ram K.,2026,10.1177/09731849261461376,https://www.scopus.com/pages/publications/105047012514?origin=resultslist,false,,,,,,,
R0304,Scopus,A Multi-Criteria Decision Framework for Sustainable Sewer Technology Selection Under Environmental Constraints: An Application in Uruguay,Pérez Rocamora E.; González A.E.,2026,10.3390/su18147316,https://www.scopus.com/pages/publications/105045861656?origin=resultslist,false,,,,,,,
R0305,Scopus,"Household practices associated with reported household Lassa fever occurrence in hyperendemic communities of Edo state, Nigeria",Igbokwe J.O.; Isere E.E.; Adeyemi O.; Adebayo A.; Asogun D.; Olayemi A.,2026,10.1186/s12982-026-02539-0,https://www.scopus.com/pages/publications/105045392781?origin=resultslist,false,,,,,,,
R0306,Scopus,Blockchain-Enabled Dual-Layer Authentication Framework for Securing Water Supply Chains,Peddibhotla U.S.; Sobin C.C.; Kumar R.,2026,10.1021/acsestwater.6c00285,https://www.scopus.com/pages/publications/105038285939?origin=resultslist,false,,,,,,,
R0307,Scopus,"Social dimensions analysis of infrastructure crisis management in environmentally vulnerable regions: focus on the power outage incident in Khuzestan province, Iran",Pasandideh A.S.; Ezaan G.,2026,10.1016/j.egycc.2026.100265,https://www.scopus.com/pages/publications/105045932962?origin=resultslist,false,,,,,,,
R0308,Scopus,Reconceptualising water insecurity as a slow-onset disaster: A systems-based analysis of risk accumulation in South Africa,Lefutso D.,2026,10.1016/j.pdisas.2026.100638,https://www.scopus.com/pages/publications/105043586352?origin=resultslist,false,,,,,,,
R0309,Scopus,Enhancing agricultural water resource management: Colour coding system for water distribution systems,Fulgar D.; Muller T.; Lott S.,2026,10.1016/j.clwas.2026.100535,https://www.scopus.com/pages/publications/105039941406?origin=resultslist,false,,,,,,,
R0310,Scopus,Water Security System Assessment in a Philippine Rural Area,Paran R.C.; Ocampo C.O.V.; Aparente M.E.A.; Calibo-Senit D.I.; Ybañez A.P.,2026,10.13189/eer.2026.140106,https://www.scopus.com/pages/publications/105032794871?origin=resultslist,false,,,,,,,
R0311,Scopus,Contextualising household waste segregation in India’s small cities: a multi-stakeholder qualitative study,Trushna T.; Yadav M.; Sahoo K.C.; Singh S.; Parashar V.; Pandey A.K.; Sabde Y.D.; Pati S.; Tiwari R.R.; Diwan V.,2026,10.3389/frsc.2026.1716184,https://www.scopus.com/pages/publications/105033579653?origin=resultslist,false,,,,,,,
R0312,Scopus,"Community engagement and capacity building as determinants of rural water supply functionality: a case of traditional authority Mankhambira in Nkhata Bay District, Malawi",Chimphero L.M.; Tembo M.; Gadama R.,2026,10.2166/washdev.2025.149,https://www.scopus.com/pages/publications/105029394513?origin=resultslist,false,,,,,,,
R0313,Scopus,"The Effect of Water Access on Female Health, Nutrition and Economic Empowerment—A Case Study of Kaudihar Block, Prayagraj, India",Hasnat M.; Khan A.S.,2026,10.1007/978-981-95-3775-4_14,https://www.scopus.com/pages/publications/105034974881?origin=resultslist,false,,,,,,,
R0314,Scopus,From global north to south: governing contaminants of emerging concern in water systems,Hlongwa N.; Parry V.; Makhahlela B.; Kibirige D.; Carden K.,2026,10.1088/1748-9326/ae3782,https://www.scopus.com/pages/publications/105033693440?origin=resultslist,false,,,,,,,
R0315,Scopus,Breaking Barriers: Assessing the Educational and Reproductive Health Implications of Period Poverty Among Secondary School Girls,Alawode-Atoki R.A.; Esan D.T.,2026,10.1016/j.jpag.2026.06.014,https://www.scopus.com/pages/publications/105047804836?origin=resultslist,false,,,,,,,
R0316,Scopus,Managing Cybersecurity in the Water Sector: When the Human Factor Does Matter,Arantegui L.; Kemp S.; Rodriguez-Roda I.,2026,10.1061/JWRMD5.WRENG-7075,https://www.scopus.com/pages/publications/105032999430?origin=resultslist,false,,,,,,,
R0317,Scopus,Status of occupational health and safety of waste workers in Chattogram city and the associated challenges,Rahman M.A.; Zuthi M.F.R.; Fakhrul T.B.; Alam M.J.,2026,10.1186/s12982-026-01356-9,https://www.scopus.com/pages/publications/105028247490?origin=resultslist,false,,,,,,,
R0318,Scopus,Nitrogen removal mechanisms in duckweed-based stabilization tanks with and without aerobic zones and intermediate feeding stream,Cortés Páez L.E.; Caicedo Bejarano J.R.; Sarria Carabalí M.M.,2026,10.1016/j.jenvman.2026.130194,https://www.scopus.com/pages/publications/105043166945?origin=resultslist,false,,,,,,,
R0319,Scopus,Beyond 'Community': Social Differentiation and Lived Experiences of Heavy Mineral Sands Mining in Southern Mozambique,Wijnhoud L.; Miedema E.A.J.,2026,10.1016/j.exis.2026.102024,https://www.scopus.com/pages/publications/105046544543?origin=resultslist,false,,,,,,,
R0320,Scopus,Towards a unified principal indicator system for global water quality assessment,Chen L.; Wang C.; Shuai C.; Chen X.; Ye X.; Xu Z.; Zhao B.; Qu S.; Chai H.; Xu M.,2026,10.1016/j.watres.2026.126364,https://www.scopus.com/pages/publications/105042861853?origin=resultslist,false,,,,,,,
R0321,Scopus,"Infrastructural violence, water insecurity, and gender in northern Peru",Kothadia A.; Salmon-Mulanovich G.; Ingham S.; Rusyidi B.; Cole S.; Tallman P.,2026,10.1016/j.socscimed.2026.119452,https://www.scopus.com/pages/publications/105043909604?origin=resultslist,false,,,,,,,
R0322,Scopus,Rethinking Urbanicity: Conceptualizing Neighborhood Effects on Women’s Mental Health in Kampala’s Urban Slums,Swahn M.H.; Kalulu P.; Sseviiri H.; Namuyiga J.; Palmier J.; Twinomuhangi R.,2026,10.3390/ijerph23010041,https://www.scopus.com/pages/publications/105028555295?origin=resultslist,false,,,,,,,
R0323,Scopus,Assessing the water infrastructure in Small and Rural Indigenous (SRI) communities: a risk assessment framework,Mian H.R.; Avila J.; De Coste M.; Saleem S.; Mohseni M.; Hewage K.; Sadiq R.,2026,10.2166/wh.2026.151,https://www.scopus.com/pages/publications/105041133648?origin=resultslist,false,,,,,,,
R0324,Scopus,"Urban Water Insecurity and Public Health in Kathmandu Valley, Nepal: A Systematic Review of Contamination Sources, Health Risks, and Governance Gaps",Basnet G.B.; Sherchan S.,2026,10.3390/w18121514,https://www.scopus.com/pages/publications/105043012352?origin=resultslist,false,,,,,,,
R0325,Scopus,"Strengthening climate resilience in water, sanitation and hygiene: Evaluating women-led enterprises in rural Ethiopia",Berhanu E.G.,2026,10.4102/aej.v14i2.867,https://www.scopus.com/pages/publications/105037206252?origin=resultslist,false,,,,,,,
R0326,Scopus,From Scarcity to Security Multidimensional Perspectives on Water in a Changing World: From Scarcity to Security,Saroughi M.; Achite M.; Çelik M.A.; Pandey K.,2026,10.4018/979-8-3373-6274-8.ch001,https://www.scopus.com/pages/publications/105033427598?origin=resultslist,false,,,,,,,
R0327,Scopus,Characterizing water-health pathways among diverse system actors in rural Guatemala: a qualitative study,Garcia-Barrios J.; Laird B.; Kocsis E.; Wyngaarden S.; Roblero M.; Aguilar R.; Brubacher L.J.; Little M.; Neufeld H.; Dodd W.,2026,10.1088/2752-5309/ae405a,https://www.scopus.com/pages/publications/105031120044?origin=resultslist,false,,,,,,,
R0328,Scopus,Pots to Pipelines: Ethnographic Narratives of Women's Engagements With Water in Jorhat District of Assam,Saikia B.B.; Dutta M.; Dutta S.B.,2026,10.1002/wwp2.70092,https://www.scopus.com/pages/publications/105043178859?origin=resultslist,false,,,,,,,
R0329,Scopus,"Effectiveness of poliovirus environmental surveillance in Ghana: an indicator-based performance evaluation across seven regions, 2018–2022",Obodai E.; Asante Ntim N.A.; Duker E.O.; Gberbi E.; Antwi C.N.; Mensah J.Y.; Odame D.; Boakye J.D.; Bimpong S.A.; Agbotse G.D.; Odoom N.; Adams P.L.; Acquah N.K.; Dickson A.E.; Odoom C.; Achempem K.K.; Baffoe-Nyarko I.; Egbi G.; Laryea D.; Asiedu-Bekoe F.; Odoom J.K.,2026,10.1136/bmjopen-2025-109733,https://www.scopus.com/pages/publications/105027705511?origin=resultslist,false,,,,,,,
R0330,Scopus,Household vulnerability to climate impacts on WASH and risk mitigation in informal settlements of Eastern Uganda,Isunju J.B.; Magala J.; Wafula S.T.; Tamas P.; Namanya D.; Mukasa C.H.; Mugambe R.K.; Yimam D.A.; Akello T.; Galiwango J.; Nakalembe D.; Mubiru S.; Ndyanabo R.; Naamala M.; Ogwok R.; Nalugya A.; Tamale B.N.; Geofrey A.; Mukasa M.M.; Mukama T.; Ssekamatte D.; Ssekamatte T.,2026,10.1038/s41598-026-50977-2,https://www.scopus.com/pages/publications/105044009831?origin=resultslist,false,,,,,,,
R0331,Scopus,"Sustainable development, climate resilience and the technologies of water apartheid",Karunananthan M.,2026,10.1016/j.geoforum.2026.104607,https://www.scopus.com/pages/publications/105034064182?origin=resultslist,false,,,,,,,
R0332,Scopus,"Impact of air pollution on life expectancy: the role of digitalization, urbanization and institutional quality in BRICS economies",Zhang H.; Qiao H.; Gu X.; Uddin I.; Li X.; He Z.; Zhang X.,2026,10.3389/fpubh.2026.1681381,https://www.scopus.com/pages/publications/105038503707?origin=resultslist,false,,,,,,,
R0333,Scopus,The (de)valuation of solid waste in developing countries: The Brazilian case (2012–2022) after the national solid waste policy,Souza-Dal Bó G.C.D.; Bernardin A.M.,2026,10.1016/j.clwas.2025.100457,https://www.scopus.com/pages/publications/105024343124?origin=resultslist,false,,,,,,,
R0334,Scopus,Waste disposal and management practices in fruit and vegetable processing plants in Gujarat,Chirumamilla V.,2026,10.1007/s43621-026-02964-w,https://www.scopus.com/pages/publications/105038039007?origin=resultslist,false,,,,,,,
R0335,Scopus,Institutional conflicts of interest in regional water management: a case study of the water supply in the Taipei metropolitan area,Chen C.-Y.; Cai Y.-S.; Hung Y.-J.; You G.J.-Y.,2026,10.1186/s40562-026-00498-7,https://www.scopus.com/pages/publications/105045263697?origin=resultslist,false,,,,,,,
R0336,Scopus,Assessing the Potential and Utilization of Renewable Energy for Sustainable Building Services Systems,Ebenehi I.Y.; Diwa B.B.; Zakari M.,2026,10.1007/978-3-032-08992-2_47,https://www.scopus.com/pages/publications/105036375680?origin=resultslist,false,,,,,,,
R0337,Scopus,"Governance, structure, and access: a Bayesian hierarchical analysis of water, sanitation, and hygiene in South Asia",Azimi M.N.; Rahman M.M.,2026,10.1186/s12992-026-01219-7,https://www.scopus.com/pages/publications/105046524940?origin=resultslist,false,,,,,,,
R0338,Scopus,Construction and performance optimization of five-chamber microbial desalination cell for enhanced desalination and bioelectricity generation; [多室微生物脱盐燃料电池的构建与脱盐产电性能优化研究],Liu C.; Ju R.; Han C.; Zeng B.; Wu H.; Tao X.,2026,10.11949/0438-1157.20250921,https://www.scopus.com/pages/publications/105044525700?origin=resultslist,false,,,,,,,
R0339,Scopus,A system dynamics approach to stormwater harvesting under increasing drought variability,Amoo O.T.; Nakin M.D.V.; Ikudayisi A.; Lukman Y.,2026,10.1016/j.isci.2026.116472,https://www.scopus.com/pages/publications/105043702888?origin=resultslist,false,,,,,,,
R0340,Scopus,Enhanced Fenton-like catalytic performance of Fe-based metallic glass by nitrogen microalloying,Yang L.; Fu P.; Yang C.; Tan S.; Liang S.-X.; Yang Y.,2026,10.1016/j.intermet.2025.109099,https://www.scopus.com/pages/publications/105023437917?origin=resultslist,false,,,,,,,
R0341,Scopus,Water at risk: conflict-driven vulnerabilities in desalination-dependent systems,Irannezhad M.; Hassani Nezhad Gashti M.,2026,10.1007/s42398-026-00468-x,https://www.scopus.com/pages/publications/105047630868?origin=resultslist,false,,,,,,,
R0342,Scopus,Effect of women's inclusion on conservation and management practices of Water User Associations,Montoya-Lozano A.; Grillos T.,2026,10.1016/j.worlddev.2025.107255,https://www.scopus.com/pages/publications/105022785647?origin=resultslist,false,,,,,,,
R0343,Scopus,Water at the Crossroads: Challenges and Opportunities for SDG Integration in Bangladesh,Nasrin R.; Ali M.M.; Ahmed A.; Rahman A.,2026,10.1007/978-3-032-18708-6_78,https://www.scopus.com/pages/publications/105031889212?origin=resultslist,false,,,,,,,
R0344,Scopus,Streamlining governance for urban cleanliness: Insights from Indore in India,Kaur K.P.,2026,10.1525/elementa.2025.00012,https://www.scopus.com/pages/publications/105034853092?origin=resultslist,false,,,,,,,
R0345,Scopus,Jaipur on the Smart Track: A Citizen-Centric Review of the Smart City Vision,Sayiwal S.; Joshi M.C.; Garhwal Y.S.,2026,10.1007/978-981-95-4200-0_27,https://www.scopus.com/pages/publications/105039180020?origin=resultslist,false,,,,,,,
R0346,Scopus,Optimized decomposition and deep learning with bias correction for reliable runoff point-interval prediction,Ma H.; Marsani M.F.; Mansor M.A.; Kasihmuddin M.S.M.; Long C.,2026,10.1038/s41598-025-33713-0,https://www.scopus.com/pages/publications/105034323620?origin=resultslist,false,,,,,,,
R0347,Scopus,Sequential monomer immersion guided by density contrast tailors pore structure and surface chemistry in nanofiltration membranes for lithium recovery,Lai C.; Zhang W.; Meng F.; Zhao S.,2026,10.1016/j.memsci.2026.126069,https://www.scopus.com/pages/publications/105047677663?origin=resultslist,false,,,,,,,
R0348,Scopus,Resilience and Sustainability Performance of Health and Sanitation Projects in Uganda,Kyambade M.; Mwesigwa R.; Alinda K.; Tumwine S.; Lwanga F.,2026,10.1002/sd.71483,https://www.scopus.com/pages/publications/105045355394?origin=resultslist,false,,,,,,,
R0349,Scopus,Bridging infrastructure gaps in water and environmental management: A case study from Kosovo and North Macedonia,Krasniqi V.,2026,10.12911/22998993/210923,https://www.scopus.com/pages/publications/105029381120?origin=resultslist,false,,,,,,,
R0350,Scopus,Rapid Assessment of Synthetic Fibers Released During Laundering Using Total Organic Carbon-Based Analysis,Lee I.; Lee H.; Shin M.; Kim J.-W.; Verma M.; Jee M.H.; Kim H.,2026,10.1007/s12221-026-01401-z,https://www.scopus.com/pages/publications/105034809590?origin=resultslist,false,,,,,,,
R0351,Scopus,"Water, sanitation, and hygiene (WASH): a study of Brazilian rural public elementary schools; [Água, saneamento e higiene (WASH): um estudo das escolas públicas rurais de Ensino Fundamental brasileiras]; [Agua, saneamiento e higiene (WASH): un estudio de las escuelas públicas rurales de educación primaria brasileñas]",Corrêa L.P.; Medeiros P.C.; Hadad R.M.; Rangel Rigotti J.I.; Figueiredo Gomes U.A.,2026,10.1590/0102-311XPT128025,https://www.scopus.com/pages/publications/105039130969?origin=resultslist,false,,,,,,,
R0352,Scopus,"Retraction: “Exploring Water Supply Challenges to Selected Villages of Greater Giyani Municipality in Limpopo Province, South Africa”",,2026,10.1177/00219096261466037,https://www.scopus.com/pages/publications/105044228505?origin=resultslist,false,,,,,,,
R0353,Scopus,The potential contributions of irrigation channel networks to urban climate-resilience in the Hindu Kush Himalaya,Baker J.M.; Chand K.,2026,10.1016/j.cosust.2026.101634,https://www.scopus.com/pages/publications/105035784691?origin=resultslist,false,,,,,,,
R0354,Scopus,Multi–Criteria Assessment of Wastewater Treatment Technologies for Circular Economy Implementation Using an m–Polar Fuzzy Decision Model,Nagarajan D.; P S.V.; Amri Z.A.; Babu M.D.,2026,10.1007/s11270-026-09736-2,https://www.scopus.com/pages/publications/105044079402?origin=resultslist,false,,,,,,,
R0355,Scopus,"Pathways to open market sustainability at Mtapa Open Market in Gweru, Zimbabwe",Runokunda J.C.; Matsa M.M.; Dzawanda B.,2026,10.1007/s43621-026-02910-w,https://www.scopus.com/pages/publications/105041705304?origin=resultslist,false,,,,,,,
R0356,Scopus,Advancing urban resilience in heritage cities through spatial and community-based analysis,Gupta N.; Verma S.K.; Anand S.; Anand Y.; Kumar R.,2026,10.1007/s43621-026-03369-5,https://www.scopus.com/pages/publications/105046887425?origin=resultslist,false,,,,,,,
R0357,Scopus,Epidemiology and Control of Foodborne Diseases in Resource-Limited Settings: Insights from Afghanistan,Zahir A.; Ahmadzai M.A.; Azizi M.N.,2026,10.1016/j.jfp.2026.100843,https://www.scopus.com/pages/publications/105044607717?origin=resultslist,false,,,,,,,
R0358,Scopus,"Suspect Screening and Prioritization as an Analytical Strategy for the Identification of Persistent, Mobile, and Toxic (PMT) Substances in Surface Water",Ayala Cabana L.; Arcas A.; López-Heras I.; de Santiago-Martín A.; Meffe R.,2026,10.1021/acs.analchem.5c04907,https://www.scopus.com/pages/publications/105031571325?origin=resultslist,false,,,,,,,
R0359,Scopus,Mapping the research landscape on SDG 6: A bibliometric analysis,Moroz D.; Laré A.; Subramaniam N.; Madzivanyika C.,2026,10.1016/j.sftr.2026.101810,https://www.scopus.com/pages/publications/105034653211?origin=resultslist,false,,,,,,,
R0360,Scopus,"Building climate-resilient primary care: A convergent mixed-methods climate vulnerability and capacity assessment in the Cederberg subdistrict, South Africa",Mash R.; Blows S.; Lahri S.; McRae M.; Lokotola C.; Jobanputra K.; Nayna Schwerdtle P.,2026,10.1016/j.puhe.2025.106106,https://www.scopus.com/pages/publications/105027681352?origin=resultslist,false,,,,,,,
R0361,Scopus,The regulatory cost burden on Atlantic coast shellfish farms,Clark C.; van Senten J.; Engle C.R.,2026,10.1093/naaqua/vraf039,https://www.scopus.com/pages/publications/105035750336?origin=resultslist,false,,,,,,,
R0362,Scopus,"Spatial analysis of human fecal waste in rural Oromia, Ethiopia: biomethane and nutrient recovery potential",Abebe T.A.; Sebastian S.; Tucho G.T.,2026,10.1039/d5va00356c,https://www.scopus.com/pages/publications/105028108092?origin=resultslist,false,,,,,,,
R0363,Scopus,Water Safety in Sub-Saharan Africa,Izah S.C.; Jacob D.E.; Alum E.U.; Fayiah M.,2026,10.1007/978-3-032-10602-5_9,https://www.scopus.com/pages/publications/105027014218?origin=resultslist,false,,,,,,,
R0364,Scopus,Multidimensional drought impacts in the lower Amazon: local perspectives on social-ecological vulnerability,de Cortes J.P.S.; Andrade I.M.F.; da Silva Less D.F.; de Fraga R.; Marshall A.; Wohl E.,2026,10.1007/s10113-026-02578-y,https://www.scopus.com/pages/publications/105035865959?origin=resultslist,false,,,,,,,
R0365,Scopus,Decade-long waits for drinking water in Nepal’s capital city: urban household’s willingness to pay for improved water services,Dhanusk K.; Devkota N.; Khanal G.; Byanjankar R.; Danuwar R.K.,2026,10.1080/1573062X.2026.2618690,https://www.scopus.com/pages/publications/105028443310?origin=resultslist,false,,,,,,,
R0366,Scopus,"A Systematic Review of Gastrointestinal and Respiratory Pathogen Detection in Wastewater in Africa, with Focus on Rwanda: Implications for Early Warning and Public Health Surveillance",Bambara S.; Isingizwe M.C.; Adegboyega T.T.; Mutesa L.,2026,10.3390/pathogens15060574,https://www.scopus.com/pages/publications/105042697546?origin=resultslist,false,,,,,,,
R0367,Scopus,Evaluating Policies for Restoration of a Forest Catchment: An Institutional Analysis,Gupta S.; Das S.; Chaudhuri R.,2026,10.1505/146554825840449614,https://www.scopus.com/pages/publications/105038423821?origin=resultslist,false,,,,,,,
R0368,Scopus,Integrated Network Analysis of Toxic Elements Co-exposure and Pathophysiological Changes Triggered by Oxidative Stress/Inflammation in Urban Sanitation Workers,Mansouri M.; Afrashteh S.; Farhadi A.; Moftian N.; Zanganeh Z.; Yazdi N.B.; Arfaeinia H.; Soleimani F.; Farhadi M.,2026,10.1007/s12011-025-04866-w,https://www.scopus.com/pages/publications/105019196280?origin=resultslist,false,,,,,,,
R0369,Scopus,Household resilience under intermittent water supply in Algeria social housing,Belmeziti A.; M’hammedi Bouzina A.; De Gouvello B.,2026,10.1080/17535069.2026.2682476,https://www.scopus.com/pages/publications/105040984066?origin=resultslist,false,,,,,,,
R0370,Scopus,A comprehensive and standardized dataset on school feeding activities worldwide: The Global Survey of School Meal Programs,Mitchell A.; Wineman A.; Kessler H.; Warner Y.; Gharge S.; Fredenberg E.,2026,10.1016/j.dib.2026.113018,https://www.scopus.com/pages/publications/105043383549?origin=resultslist,false,,,,,,,
R0371,Scopus,"Decentralization on paper, centralization in practice: exploring the structural barriers to effective urban governance in Pakistan’s decentralized systems",Pirzada Z.A.; Shafaat N.; Mahar S.A.,2026,10.1080/12294659.2026.2623585,https://www.scopus.com/pages/publications/105029424231?origin=resultslist,false,,,,,,,
R0372,Scopus,Before and After Wash Trade Detection in Ethereum NFTs: Evidence for the Mixture of Distribution Hypothesis and Sequential Information Arrival Hypothesis and Effect of Collection Characteristics,Hoang P.D.; Plan E.L.C.V.I.M.; Nguyen N.T.H.,2026,10.1080/1540496X.2025.2555376,https://www.scopus.com/pages/publications/105017063045?origin=resultslist,false,,,,,,,
R0373,Scopus,"Water, Sanitation, and Hygiene (WASH) crisis in Gaza: a case study of public health collapse and governance failure",Turkman N.; Ibrahim M.S.; Ayyad D.; Alfarra M.; Qurie M.,2026,10.2166/wh.2026.271,https://www.scopus.com/pages/publications/105046859096?origin=resultslist,false,,,,,,,
R0374,Scopus,Revisiting regulatory standards for treated wastewater utilization in edible crop irrigation,Eniola J.O.; Sizirici B.; Yildiz I.; Alfantazi A.; Fadel M.E.,2026,10.1016/j.rcradv.2026.200338,https://www.scopus.com/pages/publications/105037341271?origin=resultslist,false,,,,,,,
R0375,Scopus,The dynamic behavior and stability of the water-lubricated hybrid journal bearing under dynamic load in the single-screw steam compressor,Wang Q.; Zhang P.; Sun Y.; Miao Y.; Wu W.,2026,10.1016/j.ijrefrig.2026.106908,https://www.scopus.com/pages/publications/105033020512?origin=resultslist,false,,,,,,,
R0376,Scopus,Global governance priorities derived from SDG spatiotemporal dynamics and causal interactions,Huan Y.; Ji L.; Su Y.; Kong F.; Lan Y.; Feng Z.; Wang S.; Liang T.; Wang M.; Mo P.; Hu J.; Wang L.; Zhou G.; Li X.; Wang Y.,2026,10.1016/j.gr.2025.10.027,https://www.scopus.com/pages/publications/105023194675?origin=resultslist,false,,,,,,,
R0377,Scopus,"Effectiveness and implementation contexts of water, sanitation, and hygiene (WASH) interventions in Anglophone sub-Saharan Africa: a scoping review",Ezenwaka U.; Okeke C.; Ojiakor I.; Nwankwo J.; Nzeadibe C.; Onwujekwe O.,2026,10.1080/09603123.2026.2645408,https://www.scopus.com/pages/publications/105033116154?origin=resultslist,false,,,,,,,
R0378,Scopus,"How Gender Equity Schemes Might Inadvertently “Gender-Wash” Universities, Provoke Backlash, and Propagate Inequality",Crimmins G.; Casey S.; Carruthers Thomas K.; Tsouroufli M.,2026,10.1111/gwao.70032,https://www.scopus.com/pages/publications/105014797718?origin=resultslist,false,,,,,,,
R0379,Scopus,"Spatial modelling of household and environmental correlates of inequitable WASH access in Ogun State, Nigeria",Babalola A.S.; Busari L.O.; Adewale B.; Omitola O.O.; Gbadewole A.O.; Fawole J.K.; Olaonipekun O.F.; Adekunle T.A.; Babalola O.A.; Oyelude F.; Adigun A.B.; Idemili C.J.; Adeniran O.; Mogaji H.O.; Ajayi O.A.; Gyang V.P.; Bayegun D.; Ajisafe K.; Adedeji A.M.; Babatunde T.P.; Surakat O.A.; Adeogun A.O.; Adeleke M.A.; Idowu O.A.,2026,10.1007/s44274-026-00857-3,https://www.scopus.com/pages/publications/105043750536?origin=resultslist,false,,,,,,,
R0380,Scopus,Community governance and access to drinking water in semi-urban Togo: Dynamics and impacts in Kovié and Noèpé,Atigaku A.K.; Tchakala I.; Agbovi K.K.; Ebri K.M.; Nikabou K.C.; Tsipoaka K.; Komi A.A.; Mahe J.P.; Sondou T.,2026,10.36922/AJWEP025380294,https://www.scopus.com/pages/publications/105037401267?origin=resultslist,false,,,,,,,
R0381,Scopus,Education and Behavioral Changes for Safe Water Usage,Jacob D.E.,2026,10.1007/978-3-032-10602-5_8,https://www.scopus.com/pages/publications/105026998830?origin=resultslist,false,,,,,,,
R0382,Scopus,"Urban community-led total sanitation: opportunities, barriers and lessons from Nanded, India",Mehta L.; Kennedy-Walker R.; Vohra A.; Bhatkal T.; Harshe P.; Jadhav V.; Kulkarni S.,2026,10.1016/j.worlddev.2026.107336,https://www.scopus.com/pages/publications/105038251719?origin=resultslist,false,,,,,,,
R0383,Scopus,A Systematic Overview of Institutional Pathways and Constraints in the Integration of Local and Indigenous Knowledge into Water Resource Policy: An African Perspective,Ngubane Z.; Aliyu Yaro N.S.; Ziqubu S.M.; Adedeji J.A.,2026,10.3390/w18070827,https://www.scopus.com/pages/publications/105035861114?origin=resultslist,false,,,,,,,
R0384,Scopus,A Rolling Horizon MILP Framework for Strategic Well Drilling Planning in Semi-Arid Regions: Integration of Spatial Interference Constraints and Resource Allocation,Mili K.; Argoubi M.; Aldossari S.A.,2026,10.1061/JWRMD5.WRENG-7444,https://www.scopus.com/pages/publications/105045827893?origin=resultslist,false,,,,,,,
R0385,Scopus,The Ecological Cost of Post-Disaster Reconstruction: Environmental and Public Health Risks of Temporary Concrete Plants and an Integrated Assessment Framework,Aydın R.; Cardak F.S.,2026,10.3390/architecture6020083,https://www.scopus.com/pages/publications/105042969349?origin=resultslist,false,,,,,,,
R0386,Scopus,"Drinking water quality perspectives in rural India through the integration of Participatory Rural Appraisal, Driver-Pressure-State-Impact-Actor-Response-Framework, and Water Quality Index",Hasan N.; Ejigu D.; Abba A.; Mustapha R.A.; Mbye F.; Pushpalatha R.; Sankarannair S.; Ramesh M.V.; Jayaprakash S.K.; Brahmmanandan D.; Upadhyay G.,2026,10.1007/s11356-026-37742-8,https://www.scopus.com/pages/publications/105035750105?origin=resultslist,false,,,,,,,
R0387,Scopus,"Unequal water quality under decentralization: A case study of rural barangays in Antique, Philippines",Yazawa T.; Juanites S.; Baring K.M.; Andres R.; Dela Peña A.M.; Macabata-Rubite P.E.,2026,10.2166/wh.2026.211,https://www.scopus.com/pages/publications/105034704036?origin=resultslist,false,,,,,,,
R0388,Scopus,Multi-objective decision model for wastewater treatment technology selection based on machine learning,Liu Y.; Zhang Z.; Chen X.; Liu G.; Li D.; Li J.; Song Y.; Duan J.; Sun K.; Feng Y.,2026,10.1016/j.biortech.2026.134087,https://www.scopus.com/pages/publications/105030855946?origin=resultslist,false,,,,,,,
R0389,Scopus,Liquid Assets: Financing Clean Water and Sanitation for Sustainable Development,Irfan M.; Arora P.,2026,10.4018/979-8-3373-6048-5.ch015,https://www.scopus.com/pages/publications/105046474668?origin=resultslist,false,,,,,,,
R0390,Scopus,"Willingness to pay for demand for improvement in drinking water, sanitation, and micro-environmental facilities: case study from Lucknow slums in India",Nayak S.; Singh P.K.,2026,10.1007/s10668-025-07081-8,https://www.scopus.com/pages/publications/105030382851?origin=resultslist,false,,,,,,,
R0391,Scopus,"Spatiotemporal variations and spatial heterogeneity of ecosystem service value in Hebei Province, China",Zhang X.; Deng Z.; Sun X.; Ge X.; Liu B.,2026,10.3389/fenvs.2026.1782629,https://www.scopus.com/pages/publications/105041076961?origin=resultslist,false,,,,,,,
R0392,Scopus,Vulnerabilities and adaptive capacities of rural communities to climate change impacts on water supply in the Upper Zambezi River Basin,Musa N.; Mhereyenyoka E.; Banda K.E.,2026,10.3389/frwa.2026.1797252,https://www.scopus.com/pages/publications/105044350184?origin=resultslist,false,,,,,,,
R0393,Scopus,The evolving landscape of AI-driven risk management in the biogas production: A systematic and bibliometric review,Abourida M.; Short M.; Klymenko O.V.; Khamis N.M.; Mahammedi C.; Al-Mhdawi M.K.S.; Sakr A.-H.,2026,10.1016/j.wmb.2025.100271,https://www.scopus.com/pages/publications/105025144503?origin=resultslist,false,,,,,,,
R0394,Scopus,Interface-engineered ratiometric and dual-emission carbon quantum dot sensors for tetracycline detection in complex matrices,Saleh K.A.; Naji H.A.; Kaur I.; Aldulaimi A.; Tawfiq M.M.; Thakur K.K.; Azizjanov K.; Ozodbek E.; Sarhan N.,2026,10.1016/j.rsurfi.2026.100929,https://www.scopus.com/pages/publications/105047640630?origin=resultslist,false,,,,,,,
R0395,Scopus,"Determinants of hand hygiene compliance among healthcare workers in public and private hospitals of Addis Ababa, Ethiopia",Melaku A.; Admasu T.; Ambelu A.,2026,10.1016/j.infpip.2025.100488,https://www.scopus.com/pages/publications/105022262945?origin=resultslist,false,,,,,,,
R0396,Scopus,Development of an LC–ESI-MS/MS method for the determination of contaminants of emerging concern – towards extending quality surveillance of water resources,Leonova N.; Konovalova O.; Tarábek P.,2026,10.1016/j.chroma.2026.466717,https://www.scopus.com/pages/publications/105028244900?origin=resultslist,false,,,,,,,
R0397,Scopus,Peace and Inclusive Governance in Sustainable Development: Strengthening Institutions and Environmental Services,Souiai M.; Alkhowar H.; Al-Obaidli H.; Al-Muhannadi M.; Alkhelaifi N.; Al-Kubaisi M.; Al-Khayareen N.; Al-Sahoti S.; Hahladakis J.N.,2026,10.1002/sd.71330,https://www.scopus.com/pages/publications/105041806995?origin=resultslist,false,,,,,,,
R0398,Scopus,The water and sanitation sector of Ghana – what is missing from a governance perspective?,Asokwah G.A.; Gyamfi G.O.; Abubakari M.,2026,10.2166/wp.2026.169,https://www.scopus.com/pages/publications/105046738304?origin=resultslist,false,,,,,,,
R0399,Scopus,Coral reefs under land-based stressors: a framework to identify management levers along the land–sea continuum,Broudic L.; Pinault M.; Bajjouk T.; Wicquart J.; Mazé-Lambrechts C.; Nikolic N.; Crochelet E.; Bergerot B.,2026,10.1016/j.ocecoaman.2026.108245,https://www.scopus.com/pages/publications/105039793802?origin=resultslist,false,,,,,,,
R0400,Scopus,Beyond technical and financial feasibility: The role of collaborative governance in renewable energy adoption at municipal wastewater treatment plants in the United States,Gupta B.; Kirchhoff C.J.; Oluwatumise J.; Conrad S.A.; Wiseman H.,2026,10.1016/j.erss.2026.104729,https://www.scopus.com/pages/publications/105038058055?origin=resultslist,false,,,,,,,
R0401,Scopus,Reconstructing lattice Cu2+ to surface Cu0 in CuCo spinel drives reverse charge transfer for selective peracetic acid activation toward water decontamination,Chen H.; Wang Q.; Gao W.; Yu S.; Zhao H.; Zhou Y.,2026,10.1016/j.jhazmat.2026.143243,https://www.scopus.com/pages/publications/105047649200?origin=resultslist,false,,,,,,,
R0402,Scopus,Driving impacts through science-practitioner partnership: Professionalising water service delivery in rural Bangladesh,Hoque S.F.; Hope R.; Charles K.J.; Alam M.M.; Osman M.N.; Mazomder M.S.I.,2026,10.1016/j.envsci.2026.104316,https://www.scopus.com/pages/publications/105027647582?origin=resultslist,false,,,,,,,
R0403,Scopus,"Latin America’s Water Crisis: Pollution, Governance, and Community Responses",Ogwu M.C.; Merritt H.; Martínez M.O.,2026,10.1007/978-3-032-10602-5_10,https://www.scopus.com/pages/publications/105027001119?origin=resultslist,false,,,,,,,
R0404,Scopus,Measuring household affordability for treated wastewater for non-potable purposes,Das S.; Malhari M.; Sahoo S.S.; Mishra P.; Starkl M.; Brunner N.; Behera M.,2026,10.2166/washdev.2026.191,https://www.scopus.com/pages/publications/105038783464?origin=resultslist,false,,,,,,,
R0405,Scopus,Addressing Which Pathogens Are More Suitable to Ensure Water Reuse Safety—A Proof-of-Concept,Dionísio F.; Ascenso A.; Gil D.; José S.; Teixeira P.; Oleastro M.; Valério E.,2026,10.3390/microorganisms14020430,https://www.scopus.com/pages/publications/105031625203?origin=resultslist,false,,,,,,,
R0406,Scopus,Sanitation Management Strategy In East Lombok Using SSK Instruments,Dwiyanti L.; Agustawijaya D.S.,2026,10.1063/5.0340077,https://www.scopus.com/pages/publications/105040370817?origin=resultslist,false,,,,,,,
R0407,Scopus,"Participatory action research to align Health and Demographic Surveillance System (HDSS) priorities with community needs in Uttar Pradesh, India",Singh S.; Pandey R.R.; Venkatesh U.; Rath R.S.; Koparkar A.R.; Kharya P.; Pandey H.; Besra N.; Joshi H.S.; Dixit A.M.; Agarwal V.; Wahl B.,2026,10.1017/S1463423626101157,https://www.scopus.com/pages/publications/105034704269?origin=resultslist,false,,,,,,,
R0408,Scopus,IROP: Ionic regulation of permeation for high-yield AAV purification,Sarmah D.; Husson S.M.,2026,10.1016/j.memlet.2026.100120,https://www.scopus.com/pages/publications/105042895892?origin=resultslist,false,,,,,,,
R0409,Scopus,How does water security look like in 2050? Critical elements from national to global perspectives,Shomar B.; Rahman M.,2026,10.1016/j.wasec.2026.100204,https://www.scopus.com/pages/publications/105036631863?origin=resultslist,false,,,,,,,
R0410,Scopus,Efficiency and equity of water transfers to megacities: reconfiguring urban water security in Istanbul,Bayar F.V.; Çetinkaya İ.D.,2026,10.7717/peerj.21241,https://www.scopus.com/pages/publications/105044553067?origin=resultslist,false,,,,,,,
R0411,Scopus,"Water quality and health risks in Nzeng-Ayong, Libreville: An analysis of waterborne disease exposure and household WASH practices",Mondjo S.B.; Xia J.; Bobona Kalombelombe A.,2026,10.2166/washdev.2026.116,https://www.scopus.com/pages/publications/105043889882?origin=resultslist,false,,,,,,,
R0412,Scopus,Experimental Evaluation of Pressure Stability under Adaptive Mechanical Control in WASH-Compliant Water Systems,Rajput A.D.; Goud S.C.; Jagtap M.D.,2026,10.3362/waterlines.v44i1.615,https://www.scopus.com/pages/publications/105038706409?origin=resultslist,false,,,,,,,
R0413,Scopus,"Socioeconomic impacts and spatiotemporal assessment of environmental pollution in Mekelle City, Northern Ethiopia",Tela Y.T.; Kipkulei H.,2026,10.1007/s00704-026-06485-4,https://www.scopus.com/pages/publications/105047469871?origin=resultslist,false,,,,,,,
R0414,Scopus,Revealing the potential geographic convergence of global water scarcity risk and virtual water trade inequality: A three-module integrated analytical approach,Zuo Q.; Zhang Z.; Ma J.; Wu Q.; Ji Y.,2026,10.1016/j.geosus.2025.100399,https://www.scopus.com/pages/publications/105027394116?origin=resultslist,false,,,,,,,
R0415,Scopus,"The invisibility of hydrosocial scarcity in São Gonçalo, Rio de Janeiro Metropolitan Region",de Gouveia A.G.; Formiga-Johnsson R.M.; de Paiva Britto A.L.N.,2026,10.1590/1809-4422asoc00802vu29L1OA,https://www.scopus.com/pages/publications/105038226681?origin=resultslist,false,,,,,,,
R0416,Scopus,Mitigating China’s food-related water scarcity and spatial inequality via integrated basin–city management,Liu J.; Zhuang M.; Wang C.; Feng M.; Zha D.; Li H.; Hu X.; Ren Y.; Pang M.; Wang Q.; Zhang L.,2026,10.1073/pnas.2610855123,https://www.scopus.com/pages/publications/105047056634?origin=resultslist,false,,,,,,,
R0417,Scopus,"From Expansion to Exclusion: Urbanization, Spatial Inequality, and Child Streetism in Nigeria",Jelili M.O.; Oyewole K.A.; Simon F.R.,2026,10.4324/9781003681397-24,https://www.scopus.com/pages/publications/105031194981?origin=resultslist,false,,,,,,,
R0418,Scopus,Enhancing economic development in Palestine through green and circular economy applications in the olive sector: an analytical study of agricultural value chains,Alataweneh H.,2026,10.1007/s44447-026-00145-9,https://www.scopus.com/pages/publications/105036214013?origin=resultslist,false,,,,,,,
R0419,Scopus,Indigenous Water Infrastructure: Lessons from Alaska Native Communities,Nartey M.; Poleacovschi C.; Hill C.G.,2026,,https://www.scopus.com/pages/publications/105036925234?origin=resultslist,false,,,,,,,
R0420,Scopus,"Impact of a Food Sanitation Literacy Program on Food Handlers’ Behavior: A Quasi-Experimental Evaluation in the Upper Tapi Basin, Thailand",Pan-In P.; Pan-In P.; Decharat S.,2026,10.56338/mppki.v9i2.8786,https://www.scopus.com/pages/publications/105030867934?origin=resultslist,false,,,,,,,
R0421,Scopus,School toilet facilities perception of children with hirschsprung disease: a parents perspective,ter Schure A.C.; van Streun S.P.; de Beaufort C.M.C.; van Leeuwen J.; van Dorp M.; van Velsen-Knobbout S.; Bols J.; Benninga M.A.; Derikx J.P.M.; Gorter R.R.,2026,10.1007/s00383-025-06263-9,https://www.scopus.com/pages/publications/105024106116?origin=resultslist,false,,,,,,,
R0422,Scopus,"The invisibility of hydrosocial scarcity in São Gonçalo, Rio de Janeiro Metropolis; [A invisibilidade da escassez hidrossocial em São Gonçalo, Metrópole do Rio de Janeiro]; [La invisibilidad de la escasez hidrosocial en São Gonçalo, Metrópole del Río de Janeiro]",de Gouveia A.G.; Formiga-Johnsson R.M.; de Paiva Britto A.L.N.,2026,10.1590/1809-4422asoc00802vu29L1AO,https://www.scopus.com/pages/publications/105040976352?origin=resultslist,false,,,,,,,
R0423,Scopus,"Characterization of Physicochemical, Microbial, and Heavy Metal Profiles in Academic Laboratory Wastewater: Compliance With EPA Regulatory Standards",Twum-Yeboah C.; Sarah M.E.; Elijah A.T.; Asamoah D.K.O.,2026,10.1002/tqem.70427,https://www.scopus.com/pages/publications/105045470191?origin=resultslist,false,,,,,,,
R0424,Scopus,Municipal Carbon Footprint and Water Infrastructure: A Comparative Assessment of Emission Reduction Plans in Three Greek Municipalities,Chasiotis A.; Mathiou P.; Bousdeki M.; Pappa A.; Manthos T.; Nastos P.T.,2026,10.3390/w18091020,https://www.scopus.com/pages/publications/105038385277?origin=resultslist,false,,,,,,,
R0425,Scopus,Robust multi-objective optimization with multi-scenario coupling: Spatial equilibrium-based water resources allocation in the upper and middle reaches of the Huaihe River Basin,Zhang J.; Meng J.; Dong Z.; Solomatine D.; Xu H.; Wang W.; Wang D.; Zhang T.; Yang G.,2026,10.1016/j.jhydrol.2025.134690,https://www.scopus.com/pages/publications/105029896736?origin=resultslist,false,,,,,,,
R0426,Scopus,"Examining awareness, implementation, and challenges of sustainable development goal 6 in rural Osun State, Nigeria",Ogunbode T.O.; Awolola V.O.,2026,10.1038/s41598-025-23154-0,https://www.scopus.com/pages/publications/105027005934?origin=resultslist,false,,,,,,,
R0427,Scopus,A sensitive ratiometric fluorescence sensor for Pb(II) and Cr(VI) simultaneous detection based on microfluidic chip utilizing dual-emission-channel carbon dots strategy,Wang J.; Lin D.; Ge C.; Zhang Y.; Li Z.; Wang S.; Li T.; Chen D.,2026,10.1016/j.talanta.2026.130179,https://www.scopus.com/pages/publications/105042532126?origin=resultslist,false,,,,,,,
R0428,Scopus,Firm-level nature dependence and access to bank credit,Wu W.; Chao A.C.,2026,10.1016/j.jenvman.2026.130252,https://www.scopus.com/pages/publications/105042083082?origin=resultslist,false,,,,,,,
R0429,Scopus,"Trend and change-point dynamics of urban water supply in Gondar City, Ethiopia: a sequential mixed-methods analysis",Gessie G.S.; Mengistu D.A.; Waktola D.K.,2026,10.1038/s41598-026-47100-w,https://www.scopus.com/pages/publications/105038405539?origin=resultslist,false,,,,,,,
R0430,Scopus,Do water board elections matter for utility performance?,Allaire M.C.; Ignacio R.,2026,10.1080/07352166.2026.2685611,https://www.scopus.com/pages/publications/105044159682?origin=resultslist,false,,,,,,,
R0431,Scopus,A Global Perspective on the Status of Artificial Intelligence and the Sustainable Development Goals: A Multivariate Analysis,Gallego-Álvarez I.; Amor-Esteban V.; Martín-Gallego E.,2026,10.1002/sd.70509,https://www.scopus.com/pages/publications/105023529962?origin=resultslist,false,,,,,,,
R0432,Scopus,Water inequality and the constitutional right to water: evaluating the effectiveness of free basic water policies in South Africa's rural municipalities,Mjadu L.,2026,10.2166/wp.2025.282,https://www.scopus.com/pages/publications/105029368518?origin=resultslist,false,,,,,,,
R0433,Scopus,Reclaiming and reimagining Indigenous higher education: empowering learners and communities through FNTI’s culture-based transformative model,Brant S.; Williams K.; Longboat D.,2026,10.3389/feduc.2026.1702361,https://www.scopus.com/pages/publications/105040577768?origin=resultslist,false,,,,,,,
R0434,Scopus,Assessment of sanitation service availability in public facilities in rural areas in Mandjou Council in Cameroon (Central Africa),Mvongo V.D.; Defo C.,2026,10.1016/j.sftr.2026.101884,https://www.scopus.com/pages/publications/105036638958?origin=resultslist,false,,,,,,,
R0435,Scopus,Prolonged multisectoral aid-driven reliance on health systems and governance post-conflict era in Somalia,Hussein S.A.; Ali A.A.; Osman M.M.; Ibrahim A.M.; Adem R.; Hassan M.M.; Hassan Y.S.A.; Hussein A.A.; Awale M.A.; Fuje M.M.A.; Salad R.M.; Mohamed A.H.; Mohamud K.H.; Hussein A.A.; Ahmed A.D.; Mohamud A.M.; Hashi M.A.; Mohamed H.A.; Ali A.N.; Mohamud M.F.Y.; Mohamud O.M.,2026,10.1186/s41182-025-00861-y,https://www.scopus.com/pages/publications/105027228036?origin=resultslist,false,,,,,,,
R0436,Scopus,Spatiotemporal Variations in Terrestrial Water Storage and Water Scarcity Assessment Across China Based on TWSA_BTCH,Ma Y.; Wang L.; Zheng Z.; Li W.; Ma Z.; Zhao J.; Zheng Y.; Duan Y.; Gao X.,2026,10.3390/rs18142324,https://www.scopus.com/pages/publications/105045855374?origin=resultslist,false,,,,,,,
R0437,Scopus,Evaluation of LiDAR devices and data to conduct terrestrial surveys in favelas,Dimitrov S.; Duarte F.; Barbalho C.L.F.; Ferreira S.M.; Ratti C.; Alvim A.A.T.B.,2026,10.1038/s41597-026-07222-2,https://www.scopus.com/pages/publications/105047640603?origin=resultslist,false,,,,,,,
R0438,Scopus,Modeling and simulation of a novel dual-channel photovoltaic thermal system; [新型双通道光伏光热系统的建模仿真],Yongquan L.; Yan Z.; Hao W.; Baoyuan W.; Jinzhan S.,2026,10.1360/CSB-2025-5316,https://www.scopus.com/pages/publications/105033010528?origin=resultslist,false,,,,,,,
R0439,Scopus,Electrochemically reconstructed defect-rich Cu/Co nanoreactor for ultrafast ammonia electrosynthesis from low-concentration nitrate,Xu X.; Ge Y.; Fu C.; Wang R.; Liu C.; Yin Z.; Zhou Q.; Yang W.,2026,10.1016/j.jcis.2025.139749,https://www.scopus.com/pages/publications/105025458072?origin=resultslist,false,,,,,,,
R0440,Scopus,Research progress of CO2 air source heat pump system for heating,Cui T.; Ma G.; Wang L.,2026,10.1016/j.renene.2025.125083,https://www.scopus.com/pages/publications/105025471397?origin=resultslist,false,,,,,,,
R0441,Scopus,"Correction to “Fabrication of a Congo Red/Chitosan@Melamine sponge composite for efficient U(VI) removal: Adsorption behavior, mechanistic insights, and machine learning-assisted performance modeling”(Desalination, (2026), (120436), (S0011916426005928), 10.1016/j.desal.2026.120436)",Lu L.; Yang F.; Zhong X.; Shi H.; Zhang J.; Liu X.; Zhang W.; Zhang L.,2026,10.1016/j.desal.2026.120437,https://www.scopus.com/pages/publications/105042599638?origin=resultslist,false,,,,,,,
R0442,Scopus,Experiencing modular adaptive decentralized water security systems in southern Pakistan and implications for public health and nutrition: a qualitative exploratory study,Ahmed F.; Malik N.I.; Anjum R.; Ahmad J.B.; Zia S.; Al Sabbah H.; Dincer H.; Yüksel S.,2026,10.3389/fpubh.2026.1780817,https://www.scopus.com/pages/publications/105039302872?origin=resultslist,false,,,,,,,
R0443,Scopus,Mapping waste mediated zoonotic and antimicrobial resistance risks in rural One Health systems,Mugoti A.; Macherera M.; Chimbari M.; Mpofu N.; Kaiyo M.; Dube S.; Chikava T.; Chisadza B.,2026,10.1186/s12982-026-02519-4,https://www.scopus.com/pages/publications/105044772364?origin=resultslist,false,,,,,,,
R0444,Scopus,"Single-atom catalyst cathodes for wastewater-to-hydrogen conversion in microbial electrolysis cells: Neutral HER kinetics, bio-abiotic interfaces, and sustainability",Li L.; Li G.; Han X.; Ma X.; Zhang C.; Yang Q.,2026,10.1016/j.jece.2026.124334,https://www.scopus.com/pages/publications/105045955094?origin=resultslist,false,,,,,,,
R0445,Scopus,Compliance with meat Safety Guidelines Among Butchers and Fresh meat Retailers in Ghana: Assessing Adherence Levels and Influencing Factors,Akuriba G.A.; Wongnaa C.A.; Owusu-Afriyie R.; Hagan M.A.S.; Akuriba M.A.; Awunyo-Vitor D.,2026,10.1007/s41055-026-00209-0,https://www.scopus.com/pages/publications/105031676760?origin=resultslist,false,,,,,,,
R0446,Scopus,"Water, health, and rights: challenges of drinking water and sanitation for indigenous communities in Tocantins, Brazil; [Água, saúde e direitos: desafios do abastecimento de água potável e saneamento para comunidades indígenas no Tocantins, Brasil]",Xerente V.S.; Naval L.P.,2026,10.5327/Z2176-94782592,https://www.scopus.com/pages/publications/105037198900?origin=resultslist,false,,,,,,,
R0447,Scopus,Freeze-thaw processes induce soil water and salt migration in farmland-ditch systems,Tian H.; Li Y.; Wu J.; Yu X.; Xin P.,2026,10.1016/j.jhydrol.2025.134897,https://www.scopus.com/pages/publications/105027733591?origin=resultslist,false,,,,,,,
R0448,Scopus,Local Economic Development in South Africa Amid Crises: Exploring Its Potential to Mitigate Socio-Economic Disparities,Mokhaloane S.M.,2026,10.4018/979-8-3373-1474-7.ch003,https://www.scopus.com/pages/publications/105047270225?origin=resultslist,false,,,,,,,
R0449,Scopus,Data-driven optimization of the University’s campus water infrastructure for sustainable smart teaching campuses using entropy weighting and NSGA-II,Wang S.; Liang H.; Zhou Q.,2026,10.1007/s13201-026-02831-z,https://www.scopus.com/pages/publications/105037450022?origin=resultslist,false,,,,,,,
R0450,Scopus,Farmers’ indigenous knowledge in the management of coffee berry disease caused by Colletotrichum kahawae and its status assessment,Amente G.; Muleta D.; Gadissa F.; Chombe D.; Abreha K.B.; Hammenhag C.; Tesfaye K.; Geleta M.,2026,10.1186/s13002-026-00911-7,https://www.scopus.com/pages/publications/105046536076?origin=resultslist,false,,,,,,,
R0451,Scopus,"Local Government Autonomy in South Africa: Governance, Service Delivery, and Development Agendas",Mamokhere J.; Kgobe F.K.L.,2026,10.64211/oidaijsd190105,https://www.scopus.com/pages/publications/105031833165?origin=resultslist,false,,,,,,,
R0452,Scopus,Investigation and source apportionment of stormwater pollution sources in operating enterprises in coastal areas: A case study of a smelting company in the coastal region of southern China,Yue C.; Wang H.; Peng B.; Li Y.; Wu L.; Liu C.; Wu H.,2026,10.1016/j.kscej.2026.100678,https://www.scopus.com/pages/publications/105045394098?origin=resultslist,false,,,,,,,
R0453,Scopus,Water security challenges in coastal Bangladesh: a multi-dimensional approach,Mondal B.K.; Sikder B.B.; Bhattacharjee B.; Shahrujjaman S.M.; Khan M.S.,2026,10.1007/s40899-026-01341-9,https://www.scopus.com/pages/publications/105035021373?origin=resultslist,false,,,,,,,
R0454,Scopus,"Barriers to water, sanitation, and hygiene (WASH) cluster coordination during emergencies in sub-Saharan Africa: A scoping review",Yimenu A.A.; Gemechu M.T.; Shimber E.T.; Ndugga P.,2026,10.1371/journal.pwat.0000434,https://www.scopus.com/pages/publications/105029053170?origin=resultslist,false,,,,,,,
R0455,Scopus,Emerging Contaminants: Challenges and Limitations in Global Drinking Water,Chkirida S.,2026,10.1201/9781003650690-17,https://www.scopus.com/pages/publications/105038802625?origin=resultslist,false,,,,,,,
R0456,Scopus,Assessing trial eligibility and real-world response to vedolizumab and ustekinumab in patients with ulcerative colitis,Le Breton S.; Mithal A.; Ahmed T.; Huh J.; Papamichael K.; Cheifetz A.S.,2026,10.1080/00365521.2026.2697982,https://www.scopus.com/pages/publications/105044041896?origin=resultslist,false,,,,,,,
R0457,Scopus,Can water resource tax reform increase grain yield?—Evidence from China,Qin Y.; Yuan S.; Wang Y.; Wang L.,2026,10.3389/fsufs.2026.1806704,https://www.scopus.com/pages/publications/105041030692?origin=resultslist,false,,,,,,,
R0458,Scopus,"Settlement morphology, demographics, and governance challenges of water, sanitation, and hygiene in low-income urban communities in Ghana",Dovie D.B.K.; Obuah G.A.; Miyittah M.; Christian A.K.,2026,10.1007/s44274-026-00894-y,https://www.scopus.com/pages/publications/105045287406?origin=resultslist,false,,,,,,,
R0459,Scopus,Whose crisis is it? Local experiences and health governance in the era of polycrisis,Nzinga J.M.; Kok M.; Raven J.; Taegtmeyer M.,2026,10.1136/bmjgh-2026-023610,https://www.scopus.com/pages/publications/105038227579?origin=resultslist,false,,,,,,,
R0460,Scopus,Microalgae for organic wastewater valorisation: From regulatory barriers to technology readiness,Frascaroli G.; Barera S.; Cella R.; Pinnola A.,2026,10.1016/j.algal.2026.104877,https://www.scopus.com/pages/publications/105047195949?origin=resultslist,false,,,,,,,
R0461,Scopus,No One Left Behind? Barriers to Urban Inclusion for Harijan Communities in Bangladesh under SDG 2030,Chandra B.; Jain P.; Parasar A.,2026,10.1007/s42413-026-00301-7,https://www.scopus.com/pages/publications/105047413312?origin=resultslist,false,,,,,,,
R0462,Scopus,Reimagining water governance: theo-ethical analysis for virtuous systems and integral ecology,"Mozol A.G., Jr; Celestial R.R.; Rivera L.P.; Javier-Martinez D.P.",2026,10.3354/esep00226,https://www.scopus.com/pages/publications/105032708223?origin=resultslist,false,,,,,,,
R0463,Scopus,Attaining Sustainable Development Goals in African Cities: A Systematic Literature Review,Chimhowu A.; Langnel Z.; Mensah J.K.; Agyabeng A.N.; Bawole J.N.,2026,10.1002/sd.71086,https://www.scopus.com/pages/publications/105036096257?origin=resultslist,false,,,,,,,
R0464,Scopus,How Corporate Tax Supports Human Development: Quantifying Philips’ Contributions to the Sustainable Development Goals and the Cost of Profit Misalignment,Etter-Phoya R.; O’Hare B.; Harsanyi B.; Hall S.; Hannah E.; Cobham A.,2026,10.3390/su18136604,https://www.scopus.com/pages/publications/105045228995?origin=resultslist,false,,,,,,,
R0465,Scopus,Dynamic bidirectional federated transfer learning with multi-source data fusion in unsupervised privacy-preserving prediction,Yang D.; Peng X.; Li L.; Wu X.; Chen C.; Zhong W.,2026,10.1016/j.knosys.2026.115707,https://www.scopus.com/pages/publications/105033659185?origin=resultslist,false,,,,,,,
R0466,Scopus,Micro-Small Enterprises Sanitation Sector Innovations and the Needs for Ecosystem Governance in Indonesia,Muftiadi A.; Barkah C.S.; Sanusi N.A.; Alexandri M.B.,2026,,https://www.scopus.com/pages/publications/105030681155?origin=resultslist,false,,,,,,,
R0467,Scopus,Systematic review of rural drinking water interventions under Jal Jeevan mission,Ilangovan K.; Sankar J.G.; Srinivasan M.,2026,10.1007/s44274-026-00676-6,https://www.scopus.com/pages/publications/105037997686?origin=resultslist,false,,,,,,,
R0468,Scopus,"Towards cyclone resilience: Examining local challenges and best practices in shelter management in Sarankhola, Southwest Bangladesh",Anika I.T.; Alam E.,2026,10.1016/j.pdisas.2025.100510,https://www.scopus.com/pages/publications/105029724745?origin=resultslist,false,,,,,,,
R0469,Scopus,"Uranium mining, health risks and environmental injustice",Majumdar K.; Chhandama L.; Pal S.; Prakash S.,2026,10.1186/s12982-026-02047-1,https://www.scopus.com/pages/publications/105039444079?origin=resultslist,false,,,,,,,
R0470,Scopus,"Reliability, functionality, and governance of community-managed rural water points in Ginir district, Ethiopia",Alemu A.M.; Addisu T.; Tolosa D.; Abduro S.; Fetene S.; Bekele B.,2026,10.1016/j.jup.2026.102205,https://www.scopus.com/pages/publications/105035522763?origin=resultslist,false,,,,,,,
R0471,Scopus,"Water and sanitation as rights, education as a path: An interface with the UN Sustainable Development Goals; [ÁGUA E SANEAMENTO COMO DIREITOS, EDUCAÇÃO COMO CAMINHO: UMA INTERFACE COM OS OBJETIVOS DE DESENVOLVIMENTO SUSTENTÁVEL DA ONU]",Neves H.T.,2026,10.26619/1647-7251.DT0526.4,https://www.scopus.com/pages/publications/105044657203?origin=resultslist,false,,,,,,,
R0472,Scopus,Environmental Law Compliance Assessment in Livestock Enterprises Using Natural Language Processing and AI,Gupta K.; Saini R.; Pandre K.; Wani L.K.; Tekade P.M.; Kaur L.; Arivukkodi R.,2026,10.70102/AEJ.2026.18.2s.95,https://www.scopus.com/pages/publications/105047369985?origin=resultslist,false,,,,,,,
R0473,Scopus,"Antibiotic contamination in Nigeria: Occurrence, impacts, and sustainable wastewater management solutions",Fakorede E.O.; Ajibade F.O.; Adewumi J.R.; Ighalo J.O.,2026,10.1016/j.rsma.2026.104842,https://www.scopus.com/pages/publications/105030372577?origin=resultslist,false,,,,,,,
R0474,Scopus,Construction of a fuzzy ranking learning-based water resources value assessment model and its application; [基于模糊排序学习的水资源价值评估模型构建及其应用],Li J.; Tian G.; Wu Z.; Niu X.; Liu X.; Zhang J.,2026,10.18402/resci.2026.07.12,https://www.scopus.com/pages/publications/105046946496?origin=resultslist,false,,,,,,,
R0475,Scopus,Climate Futures Across Disciplines: A Next Generation Approach,Samuel S.A.; Beardsworth R.; Spaiser V.,2026,10.4324/9781003583813,https://www.scopus.com/pages/publications/105039739286?origin=resultslist,false,,,,,,,
R0476,Scopus,Multiphosphorylated molecules for buried interface regulation of inverted perovskite solar cells in a two-step process,Luo S.; Bi Z.; Xiong L.; Zheng T.; Wei X.; Nie Y.; Taye B.Z.; Zhou J.; Tauqeer H.A.; Gutsev L.; Vasenko A.; Gutsev G.; Prezhdo O.; Yu H.; Xu X.,2026,10.1039/d6ee00231e,https://www.scopus.com/pages/publications/105031558612?origin=resultslist,false,,,,,,,
R0477,Scopus,Methodological Approaches to Dengue Virus Detection in Wastewater: A Systematic Review and Meta-Analysis of Positivity Rate,Rashid S.A.; Rajendiran S.; Shahrir N.F.; Naserrudin N.A.; Chin T.T.Y.; Wen J.C.S.; Abdul Shukor I.H.; Khairul Hasni N.A.,2026,10.3390/v18050531,https://www.scopus.com/pages/publications/105039970004?origin=resultslist,false,,,,,,,
R0478,Scopus,Empowerment and environmental vulnerability: a study of Harijan women waste workers in urban Dhaka,Chandra B.; Parasar A.,2026,10.1007/s10708-025-11560-w,https://www.scopus.com/pages/publications/105027315685?origin=resultslist,false,,,,,,,
R0479,Scopus,"Sewer misconnection: Recommendations for increasing sewer connections in low-income urban communities in Dhaka, Bangladesh",Alam M.-U.; Rahat M.A.; Eayashen M.; Nawaz S.; Neeher N.; Tabassum K.F.; Evans B.; Hutchings P.,2026,10.1016/j.ijheh.2025.114707,https://www.scopus.com/pages/publications/105020914500?origin=resultslist,false,,,,,,,
R0480,Scopus,From Alma-Ata to SDG 2030: Lessons From Three Decades of Health Policy in South Asia,Nurunnabi M.; Haque S.,2026,10.1002/wmh3.70068,https://www.scopus.com/pages/publications/105032892010?origin=resultslist,false,,,,,,,
R0482,Scopus,Hygiene measures and antimicrobial use practices in households of a rural community in South India: a cross-sectional study,Mathew P.; Chandy S.J.; Lundborg C.S.,2026,10.3389/fpubh.2025.1753160,https://www.scopus.com/pages/publications/105028564033?origin=resultslist,false,,,,,,,
R0483,Scopus,Machine learning-based insights and optimization of membrane separation processes to remove antibiotic resistance genes,Tao C.; Dai S.; Chen Y.; Gu L.; Zhu T.,2026,10.1016/j.jece.2026.122258,https://www.scopus.com/pages/publications/105033066000?origin=resultslist,false,,,,,,,
R0484,Scopus,Frequency-based paired mass distance method revealed the transformation pathway selection of organic compounds during mineralization treatment,Zhang X.; Hou C.; An W.; Xin H.; Ji Q.; Zhang G.; Liu H.,2026,10.1016/j.watres.2025.125247,https://www.scopus.com/pages/publications/105025420212?origin=resultslist,false,,,,,,,
R0485,Scopus,Seeing sanitation: using photovoice for research and advocacy on WASH challenges in two Ethiopian urban primary schools,Abawari M.J.; Birhanu Z.; Taye F.N.; Amare H.G.; Templeton M.R.; Mekonnen Z.; Mekonnen H.; Levecke B.; Vande Velde F.,2026,10.2166/washdev.2026.250,https://www.scopus.com/pages/publications/105041039078?origin=resultslist,false,,,,,,,
R0486,Scopus,Focused Enforcement to Improve Compliance: Effects of the EPA Priority Sector Program on Clean Water Act Compliance,O’Connor K.; Earnhart D.,2026,10.1007/s10640-026-01077-2,https://www.scopus.com/pages/publications/105035056741?origin=resultslist,false,,,,,,,
R0487,Scopus,Drivers and environmental impacts of Arctic shipping,Yi W.; Liu H.; Peng L.; Liu Z.; Luo Z.; Rovenskaya E.; Ng S.H.; Strelkovskii N.; Yan R.; Wang X.; Yang Z.; He T.; Zhang W.; Cai F.; Zhang Q.; He K.,2026,10.1038/s43017-026-00790-2,https://www.scopus.com/pages/publications/105040138855?origin=resultslist,false,,,,,,,
R0488,Scopus,Design and hydraulic characteristics analysis of a small-scale two-way flow pumping station for paddy field irrigation and drainage; [稻田灌排小型双向流道泵站的设计与水力特性分析],MEi Y.; Zhu X.; Li Y.; Fu Z.; Liu J.,2026,10.11975/j.issn.1002-6819.202509256,https://www.scopus.com/pages/publications/105044084046?origin=resultslist,false,,,,,,,
R0489,Scopus,"Treatment Reliability When Reusing Reclaimed Water for Irrigation: A Risk Assessment, Ranking and Management Methodology",Verlicchi P.; Grillini V.; Bosi A.; Galletti A.,2026,10.3390/w18050627,https://www.scopus.com/pages/publications/105032754248?origin=resultslist,false,,,,,,,
R0490,Scopus,Study on joint optimal scheduling of Jiaodong Water Transfer Project considering dynamic storage rules of reservoirs; [考虑水库动态调蓄规则的胶东调水工程协同优化调度研究],Zheng Y.; Gu Y.; Wang C.; Wang H.; Jin P.; Gan T.,2026,10.11660/slfdxb.20260103,https://www.scopus.com/pages/publications/105029823159?origin=resultslist,false,,,,,,,
R0491,Scopus,ACE inhibitor–induced isolated intestinal angioedema mimicking functional bowel disorder: a case report,Prasad S.; Nagda J.; Ahuja A.; Agrawal S.; Parmar V.,2026,10.1186/s12876-026-04935-x,https://www.scopus.com/pages/publications/105045510537?origin=resultslist,false,,,,,,,
R0492,Scopus,Evolution of the right to potable water as an aspect of the right to life: An overview,Singh V.; Kumar P.; Singh M.K.,2026,10.1016/j.ssaho.2026.102708,https://www.scopus.com/pages/publications/105033265695?origin=resultslist,false,,,,,,,
R0493,Scopus,A Fuzzy Ensemble Framework for Multi-Criteria Water Resources Management Under Uncertainty,Yang X.; Tan C.; Wang Z.; Qin M.; Chen Z.,2026,10.1007/s11269-025-04367-4,https://www.scopus.com/pages/publications/105030616696?origin=resultslist,false,,,,,,,
R0494,Scopus,"Assessment of water quality and associated health risks in community-managed water systems in highland areas: A case study Chiang Rai province, Thailand",Sudsandee S.; Kliengchuay W.; Keawduanglek V.; Hongtong A.; Siriratruengsuk W.; Niampradit S.; Mingkhwan R.; Kiangkoo N.; Precha N.; Tantrakarnapa K.,2026,10.1016/j.onehlt.2025.101290,https://www.scopus.com/pages/publications/105024592661?origin=resultslist,false,,,,,,,
R0495,Scopus,"A novel participatory index-based approach to measuring household water security in Assam, India",Neog K.; Bhuyan M.J.; Deka N.,2026,10.1080/07900627.2026.2635360,https://www.scopus.com/pages/publications/105033381301?origin=resultslist,false,,,,,,,
R0496,Scopus,Self-learning model predictive control for cascaded canal systems,Yang M.; Wang C.; Yang Q.; Zhang L.; Wang H.,2026,10.1016/j.oceaneng.2026.127235,https://www.scopus.com/pages/publications/105045706679?origin=resultslist,false,,,,,,,
R0497,Scopus,"Integrating polycyclic aromatic hydrocarbons risk into lake health assessment: A diagnostic framework for ecosystem integrity and services in Dongping Lake, China",Liu X.; Liu Z.; Li X.; Li J.; Dong Z.; Chen X.; Li X.,2026,10.1016/j.ecolind.2026.114716,https://www.scopus.com/pages/publications/105031896753?origin=resultslist,false,,,,,,,
R0498,Scopus,Two-dimensional transition metal chalcogenides for water and wastewater remediation: a review,Singh S.; Soni R.; Lokhande P.E.; Kumar D.; Ghotekar S.; Praveenkumar S.; Singh K.; Mubarak N.M.; Suhas; Karri R.R.; Dehghani M.H.,2026,10.1007/s13762-026-07116-1,https://www.scopus.com/pages/publications/105033334153?origin=resultslist,false,,,,,,,
R0499,Scopus,"Beyond access: WASH, public health, and sustainable development priorities in Africa—a narrative review",Elmi A.H.; Ibrahim R.K.,2026,10.1186/s41182-026-01059-6,https://www.scopus.com/pages/publications/105047812620?origin=resultslist,false,,,,,,,
R0500,Scopus,"Scale mismatches and the value of social networks in access to sanitation facilities in Mwanza City, Tanzania: A Socio-Ecological Network analysis",Mwesongo C.S.,2026,10.1016/j.landusepol.2025.107814,https://www.scopus.com/pages/publications/105019092992?origin=resultslist,false,,,,,,,
R0501,Scopus,Beyond land tenure and titling: legal recognition as a pivotal determinant of health in urban informal settlements,Sverdlik A.; Ouma S.; Dev S.; Patil-Deshmukh A.; Koyaro M.; Luka Z.; Subbaraman R.,2026,10.1016/j.langlo.2026.104052,https://www.scopus.com/pages/publications/105047696914?origin=resultslist,false,,,,,,,
R0502,Scopus,"Nature-based solutions thinking for urban water management in the global South: Empirical insights from Dar es Salaam, Tanzania",Busayo E.T.; Kachenje Y.; Mngumi L.E.,2026,10.1016/j.ugj.2026.05.001,https://www.scopus.com/pages/publications/105043089517?origin=resultslist,false,,,,,,,
R0503,Scopus,An analysis of global legislation and regulation related to drowning prevention,Essex R.; Jagnoor J.,2026,10.1371/journal.pgph.0005337,https://www.scopus.com/pages/publications/105033963578?origin=resultslist,false,,,,,,,
R0504,Scopus,Addressing gaps in surveillance: Use of emergency department accessibility and social vulnerability to identify potential wastewater surveillance sites in North Carolina,Shanker N.; Reckling S.; Snyder N.L.; Enright D.; Guidry V.T.; Christensen A.,2026,10.1371/journal.pone.0346668,https://www.scopus.com/pages/publications/105047645135?origin=resultslist,false,,,,,,,
R0505,Scopus,Planning Challenges for Sustainable Cities in Bangladesh: A Radical Perspective,Roy S.; Sowgat T.,2026,10.1007/978-981-95-7758-3_6,https://www.scopus.com/pages/publications/105042299511?origin=resultslist,false,,,,,,,
R0506,Scopus,"Influence of Morphological Characteristics on the Sustainability of Underserved Settlements: A Case Study in Jaffna Municipality and its Urban Fringe, Sri Lanka",Thiliepan C.; Thennakoon T.M.S.P.K.; Madurapperuma B.,2026,10.64211/oidaijsd190215,https://www.scopus.com/pages/publications/105033918242?origin=resultslist,false,,,,,,,
R0507,Scopus,BiogAI-RMF: A trustworthy AI framework for risk governance in wastewater biogas systems,Abourida M.; Klymenko O.V.; Short M.,2026,10.1016/j.jwpe.2026.110474,https://www.scopus.com/pages/publications/105043591850?origin=resultslist,false,,,,,,,
R0508,Scopus,How polluting enterprises respond to Pigovian tax: Evidence from China's environmental protection tax law,Yang X.; Wan P.; Yang M.,2026,10.1016/j.chieco.2026.102723,https://www.scopus.com/pages/publications/105039000960?origin=resultslist,false,,,,,,,
R0509,Scopus,“Beyond the Crisis: Forging a Climate-Resilient Health System for Bangladesh”,Mamun A.A.; Kayenat M.S.A.,2026,10.1002/hsr2.72093,https://www.scopus.com/pages/publications/105032709466?origin=resultslist,false,,,,,,,
R0510,Scopus,Green hydrogen production in a semi-arid region: A system dynamics analysis of water supply alternatives,Silva L.M.T.; Borges C.P.; Abreu M.C.S.D.; Maldonado M.U.; Collaço F.M.D.A.,2026,10.1016/j.sftr.2026.101721,https://www.scopus.com/pages/publications/105029722636?origin=resultslist,false,,,,,,,
R0511,Scopus,"Toward SDG 6 in the Deduru Oya Basin, Sri Lanka: Assessing Localized Progress in Rural and Urban Settings",Gamage D.; Ranasinghe P.; Nagabhatla N.; Chandrasena N.; Jayasena C.,2026,10.1007/978-981-95-0736-8_2,https://www.scopus.com/pages/publications/105033608812?origin=resultslist,false,,,,,,,
R0512,Scopus,Blue gold dynamics – a multi-scale correlation analysis of the behavior of water-themed ETFs,Antar M.,2026,10.1108/RAF-04-2025-0145,https://www.scopus.com/pages/publications/105028907321?origin=resultslist,false,,,,,,,
R0513,Scopus,"Emerging contaminants in rural drinking water: Evidence from small communities in Boyacá, Colombia",Ramos–Parra Y.J.; Sánchez–Quitian Z.A.; León K.D.P.; Díaz-Gómez J.; Suárez-Escobar A.F.,2026,10.1016/j.rineng.2026.109790,https://www.scopus.com/pages/publications/105032192389?origin=resultslist,false,,,,,,,
R0514,Scopus,Vital Role of Wastewater Treatment in Sustainable Development Goals for a Cleaner Future,Rawat G.; Dewali S.; Miglani R.; Parveen N.; Siddiqui U.; Kumar A.; Bora S.; Arya M.; Sharma N.; Melkani D.C.; Dash S.P.; Bisht S.S.,2026,10.1007/978-981-97-9859-9_74,https://www.scopus.com/pages/publications/105032731359?origin=resultslist,false,,,,,,,
R0515,Scopus,COMPETITIVE INTELLIGENCE FOR SUSTAINABLE WATER GOVERNANCE: A DATA–INTELLIGENCE– DECISION FRAMEWORK FOR SDG 6; [INTELIGÊNCIA COMPETITIVA PARA A GOVERNANÇA SUSTENTÁVEL DA ÁGUA: UM FRAMEWORK DADOS–INTELIGÊNCIA–DECISÃO PARA O ODS 6],Tsytlishvili K.; Zolotarova O.; Ushchapivska T.; Yatsukh O.; Franchuk Y.,2026,10.37497/eagleSustainable.v16i.634,https://www.scopus.com/pages/publications/105035618844?origin=resultslist,false,,,,,,,
R0516,Scopus,Optimization of Thixotropic Slurry Ratio and Drag Reduction Effect Test for Circular Pipe-Jacking Construction in Pebble Stratum,Wang Y.; Chen R.; Wang A.; Chen W.; Ren Z.; Li X.; Liu P.,2026,10.3390/ma19061148,https://www.scopus.com/pages/publications/105034254547?origin=resultslist,false,,,,,,,
R0517,Scopus,Enhancing Water Security through Hybrid Rainwater Harvesting and Storage Infrastructures,Kakade D.N.; Talodhikar V.P.; Singh S.; Choure S.A.; Qadri S.A.S.A.; Ali Q.S.M.W.,2026,10.3362/waterlines.v44i1.623,https://www.scopus.com/pages/publications/105038470010?origin=resultslist,false,,,,,,,
R0518,Scopus,Menstrual hygiene practices in African correctional services: a narrative synthesis of barriers,Rasweswe M.M.; Mothiba T.M.; Bopape M.A.,2026,10.1108/IJOPH-12-2024-0079,https://www.scopus.com/pages/publications/105039391875?origin=resultslist,false,,,,,,,
R0519,Scopus,"Availability, accessibility, and functionality of public restrooms in the City of St. Louis, Missouri",Sebert Kuhlmann A.; Li K.; MacMaster M.; Gellner S.; Gilmore A.; Shacham E.,2026,10.1016/j.healthplace.2025.103584,https://www.scopus.com/pages/publications/105028659260?origin=resultslist,false,,,,,,,
R0520,Scopus,Applying inclusive development as a strategy for sustainable development in South Sumatera Province,Widiana D.A.; Ajrina F.I.; Antiqasari S.N.; Meraldha A.R.,2026,10.1088/1755-1315/1580/1/012078,https://www.scopus.com/pages/publications/105028181006?origin=resultslist,false,,,,,,,
R0521,Scopus,Emerging and traditional contaminants in water resources: a review from the perspective of the American continent,De la Parra-Guerra A.C.; Acevedo-Barrios R.; Carvajal-Ruiz A.; Monroy-Licht A.; Retamoza-Chamorro K.,2026,10.1093/etojnl/vgaf279,https://www.scopus.com/pages/publications/105035647006?origin=resultslist,false,,,,,,,
R0522,Scopus,The Future of Humanitarian Response in Crises: The Role of the International Committee of the Red Cross in Achieving Sustainability Through Advanced Technology,Al-Makhzoumi O.; Al-Amro D.H.E.,2026,10.1007/978-3-031-95310-1_89,https://www.scopus.com/pages/publications/105027557787?origin=resultslist,false,,,,,,,
R0523,Scopus,Pathways for SDG 6 in Japan: Challenges and Policy Directions for a Nature-Positive Water Future,Wang Q.; Okadera T.; Kameyama S.; Huang X.,2026,10.3390/su18020994,https://www.scopus.com/pages/publications/105028803796?origin=resultslist,false,,,,,,,
R0524,Scopus,South and Southeast Asia’s Flooding and Water Contamination Crisis,Ogwu M.C.; Jintrawet A.,2026,10.1007/978-3-032-10602-5_11,https://www.scopus.com/pages/publications/105026988309?origin=resultslist,false,,,,,,,
R0525,Scopus,Understanding school-related gender-based violence from the perspectives of children with disabilities and community stakeholders in Sierra Leone,Kaindaneh S.; Kamara R.; Bangura A.B.; Basnet S.; Chailloux A.; De Kadt J.; Schmidt E.,2026,10.1016/j.socscimed.2026.119687,https://www.scopus.com/pages/publications/105047170867?origin=resultslist,false,,,,,,,
R0526,Scopus,"The Gothenburg University Marine Algae Culture Collection (GUMACC): A Nordic resource for marine microalgal research, biotechnology and education",Kourtchenko O.; Carnovale G.; Wulff A.; Tronholm A.; Al-Handal A.Y.; Appelgren M.; Spetea C.,2026,10.1016/j.algal.2026.104874,https://www.scopus.com/pages/publications/105047757095?origin=resultslist,false,,,,,,,
R0527,Scopus,"Healthcare workers’ knowledge, attitudes, and practices regarding standard precautions in low- and middle-income member states of the Pacific community: A scoping review",Howell N.; Zimmerman P.-A.; Leong M.; Ravono A.N.K.; Mason M.,2026,10.1016/j.idh.2026.100420,https://www.scopus.com/pages/publications/105031501686?origin=resultslist,false,,,,,,,
R0528,Scopus,Gendered inequalities in water sanitation and hygiene access increase time poverty health risks and socioeconomic exclusion in Odisha India,Sethy M.; Sahoo D.M.,2026,10.1186/s12982-026-02666-8,https://www.scopus.com/pages/publications/105046545700?origin=resultslist,false,,,,,,,
R0529,Scopus,Community empowerment in tuberculosis elimination,Arora V.K.; Rajpal S.; Anand A.,2026,10.1016/j.ijtb.2026.04.001,https://www.scopus.com/pages/publications/105035402073?origin=resultslist,false,,,,,,,
R0530,Scopus,From black-box prediction to transparent process control: A physics-informed interpretable AI framework for total nitrogen management in WWTPs,Li P.; Li J.; Deng N.; Tan Z.; Dong X.; Wang Z.,2026,10.1016/j.watres.2026.126577,https://www.scopus.com/pages/publications/105045680103?origin=resultslist,false,,,,,,,
R0531,Scopus,The TRIPS-CBD conflict: how global trade regimes undermine access and benefit-sharing and perpetuate biopiracy against biodiversity-rich nations,Mishra P.,2026,10.1007/s10531-026-03348-2,https://www.scopus.com/pages/publications/105037546723?origin=resultslist,false,,,,,,,
R0532,Scopus,"From farm to society reshipping the future of food systems through green technologies, with a bibliometric and literature review for a future research agenda",Sahar R.; Iqbal J.; Abid M.; saad E.,2026,10.1007/s44274-026-00762-9,https://www.scopus.com/pages/publications/105040346568?origin=resultslist,false,,,,,,,
R0533,Scopus,The impacts of personal care product pollution on seagrass (Zostera marina) health,Lin Z.; Harsanyi P.; Hennige S.,2026,10.1016/j.marpolbul.2025.118978,https://www.scopus.com/pages/publications/105022779213?origin=resultslist,false,,,,,,,
R0534,Scopus,Intersectoral collaboration for strengthening infectious disease prevention and control in Nigeria: a narrative review,Adewumi I.P.; Adeyemi Q.O.; Babatope A.E.; Ajisafe D.O.; Adepoju K.O.,2026,10.1186/s12982-025-01220-2,https://www.scopus.com/pages/publications/105026920441?origin=resultslist,false,,,,,,,
R0535,Scopus,"Reimagining Public Health in India Through Dr. B. R. Ambedkar: Caste, Rights, and Structural Justice",Jangir H.P.; Acharya S.S.,2026,10.1002/wmh3.70072,https://www.scopus.com/pages/publications/105035920997?origin=resultslist,false,,,,,,,
R0536,Scopus,Governing infrastructure heterogeneity: an intraurban analysis of sewerage infrastructures in Cape Town,Dipura R.; Monstadt J.; Frank S.; Smith S.,2026,10.1080/17535069.2026.2662863,https://www.scopus.com/pages/publications/105037728028?origin=resultslist,false,,,,,,,
R0537,Scopus,"Reimagining Restroom Spaces: A Question of Gender, Accessibility, and Inclusion in Lezlie Lowe’s No Place To Go",Prasad H.; Singh V.,2026,10.1177/12063312261448030,https://www.scopus.com/pages/publications/105039822232?origin=resultslist,false,,,,,,,
