study_id,mechanism_family_original,mechanism_family_proposed,mechanism_families_all,mechanism_basis,outcome_family_original,outcome_family_proposed,outcome_families_all,outcome_tokens_unmatched,needs_review
S001,MULTIPLE,multiple,eligibility_status_documentation;fees_tariffs_subsidies;institutional_structure_coordination;participation_assistance;procedural_burden,label says MULTIPLE,effective_access,effective_access,effective_access,,FALSE
S002,MULTIPLE,multiple,discretion_accommodation;eligibility_status_documentation;institutional_structure_coordination;participation_assistance,label says MULTIPLE,primary_connection,primary_connection,primary_connection,,FALSE
S003,MULTIPLE,multiple,discretion_accommodation;eligibility_status_documentation;enforcement_sanctions;institutional_structure_coordination,label says MULTIPLE,effective_access,effective_access,effective_access,,FALSE
S004,MULTIPLE,multiple,discretion_accommodation;eligibility_status_documentation;institutional_structure_coordination;participation_assistance,label says MULTIPLE,effective_access,effective_access,effective_access,,FALSE
S005,,unmapped_needs_review,institutional_structure_coordination,none,effective_access,effective_access,effective_access,,TRUE
S006,MULTIPLE,multiple,discretion_accommodation;eligibility_status_documentation;enforcement_sanctions;institutional_structure_coordination;participation_assistance;procedural_burden,label says MULTIPLE,effective_access,effective_access,effective_access,,FALSE
S007,MULTIPLE,multiple,discretion_accommodation;eligibility_status_documentation;enforcement_sanctions;institutional_structure_coordination;participation_assistance,label says MULTIPLE,primary_connection,primary_connection,primary_connection,,FALSE
S008,MULTIPLE,multiple,discretion_accommodation;eligibility_status_documentation;enforcement_sanctions;fees_tariffs_subsidies;institutional_structure_coordination;procedural_burden,label says MULTIPLE,effective_access,effective_access,effective_access,,FALSE
S009,MULTIPLE,multiple,discretion_accommodation;eligibility_status_documentation;fees_tariffs_subsidies;institutional_structure_coordination;procedural_burden,label says MULTIPLE,effective_access,effective_access,effective_access,,FALSE
S010,DISCRETION_ACCOMMODATION,discretion_accommodation,discretion_accommodation;eligibility_status_documentation;institutional_structure_coordination,label keywords,primary_connection,primary_connection,primary_connection,,FALSE
S011,MULTIPLE,multiple,enforcement_sanctions;fees_tariffs_subsidies;institutional_structure_coordination;participation_assistance;procedural_burden,label says MULTIPLE,administrative_outcome,administrative_outcome,administrative_outcome,,FALSE
S012,DISCRETION_ACCOMMODATION,discretion_accommodation,discretion_accommodation;participation_assistance,label keywords,effective_access,effective_access,effective_access,,FALSE
S013,ENFORCEMENT,enforcement_sanctions,enforcement_sanctions;institutional_structure_coordination,label keywords,effective_access,effective_access,effective_access,,FALSE
S014,MULTIPLE,multiple,eligibility_status_documentation;enforcement_sanctions;institutional_structure_coordination;procedural_burden,label says MULTIPLE,effective_access,effective_access,effective_access,,FALSE
S015,MULTIPLE,multiple,eligibility_status_documentation;enforcement_sanctions;institutional_structure_coordination;procedural_burden,label says MULTIPLE,primary_connection,primary_connection,primary_connection,,FALSE
S016,MULTIPLE,multiple,discretion_accommodation;eligibility_status_documentation;participation_assistance;procedural_burden,label says MULTIPLE,primary_connection,primary_connection,primary_connection,,FALSE
S017,MULTIPLE,multiple,discretion_accommodation;fees_tariffs_subsidies;institutional_structure_coordination;participation_assistance;procedural_burden,label says MULTIPLE,effective_access,effective_access,effective_access,,FALSE
S018,MULTIPLE,multiple,discretion_accommodation;eligibility_status_documentation;enforcement_sanctions;institutional_structure_coordination;participation_assistance,label says MULTIPLE,effective_access,effective_access,effective_access,,FALSE
S019,MULTIPLE,multiple,discretion_accommodation;eligibility_status_documentation;institutional_structure_coordination;participation_assistance;procedural_burden,label says MULTIPLE,primary_connection,primary_connection,primary_connection,,FALSE
S020,MULTIPLE,multiple,eligibility_status_documentation;enforcement_sanctions;institutional_structure_coordination,label says MULTIPLE,primary_connection,primary_connection,primary_connection,,FALSE
S021,ENFORCEMENT,enforcement_sanctions,discretion_accommodation;eligibility_status_documentation;enforcement_sanctions;fees_tariffs_subsidies;institutional_structure_coordination;procedural_burden;review_redress,label keywords,administrative_outcome,administrative_outcome,administrative_outcome,,FALSE
S022,MULTIPLE,multiple,discretion_accommodation;fees_tariffs_subsidies;institutional_structure_coordination;participation_assistance;procedural_burden;review_redress,label says MULTIPLE,effective_access,effective_access,effective_access,,FALSE
S023,MULTIPLE,multiple,discretion_accommodation;eligibility_status_documentation;enforcement_sanctions;fees_tariffs_subsidies;institutional_structure_coordination;participation_assistance;procedural_burden,label says MULTIPLE,effective_access,effective_access,effective_access,,FALSE
S024,MULTIPLE,multiple,discretion_accommodation;eligibility_status_documentation;participation_assistance;procedural_burden,label says MULTIPLE,administrative_outcome,administrative_outcome,administrative_outcome,,FALSE
S025,MULTIPLE,multiple,discretion_accommodation;eligibility_status_documentation;enforcement_sanctions;fees_tariffs_subsidies;participation_assistance;procedural_burden,label says MULTIPLE,primary_connection,primary_connection,primary_connection,,FALSE
S026,MULTIPLE,multiple,discretion_accommodation;eligibility_status_documentation;fees_tariffs_subsidies;institutional_structure_coordination;participation_assistance;procedural_burden,label says MULTIPLE,effective_access,effective_access,effective_access,,FALSE
S027,MULTIPLE,multiple,discretion_accommodation;eligibility_status_documentation;enforcement_sanctions;institutional_structure_coordination;participation_assistance;procedural_burden,label says MULTIPLE,primary_connection,primary_connection,primary_connection,,FALSE
S028,MULTIPLE,multiple,discretion_accommodation;enforcement_sanctions;participation_assistance,label says MULTIPLE,effective_access,effective_access,effective_access,,FALSE
S029,MULTIPLE,multiple,discretion_accommodation;eligibility_status_documentation;institutional_structure_coordination;procedural_burden,label says MULTIPLE,primary_connection,primary_connection,primary_connection,,FALSE
S030,MULTIPLE,multiple,discretion_accommodation;fees_tariffs_subsidies;institutional_structure_coordination;participation_assistance;procedural_burden,label says MULTIPLE,effective_access,effective_access,effective_access,,FALSE
S031,MULTIPLE,multiple,discretion_accommodation;eligibility_status_documentation;enforcement_sanctions;institutional_structure_coordination;participation_assistance,label says MULTIPLE,effective_access,effective_access,effective_access,,FALSE
S032,DISCRETION_ACCOMMODATION,discretion_accommodation,discretion_accommodation;institutional_structure_coordination;participation_assistance,label keywords,effective_access,effective_access,effective_access,,FALSE
S033,DISCRETION_ACCOMMODATION,discretion_accommodation,discretion_accommodation;institutional_structure_coordination;participation_assistance;review_redress,label keywords,primary_connection,primary_connection,primary_connection,,FALSE
S034,MULTIPLE,multiple,eligibility_status_documentation;enforcement_sanctions;institutional_structure_coordination;procedural_burden,label says MULTIPLE,primary_connection,primary_connection,primary_connection,,FALSE
S035,MULTIPLE,multiple,eligibility_status_documentation;enforcement_sanctions;fees_tariffs_subsidies;institutional_structure_coordination,label says MULTIPLE,effective_access,effective_access,effective_access,,FALSE
S036,MULTIPLE,multiple,eligibility_status_documentation;fees_tariffs_subsidies;institutional_structure_coordination;procedural_burden,label says MULTIPLE,primary_connection,primary_connection,primary_connection,,FALSE
S037,ELIGIBILITY,eligibility_status_documentation,eligibility_status_documentation;institutional_structure_coordination;participation_assistance,label keywords,effective_access,effective_access,effective_access,,FALSE
S038,MULTIPLE,multiple,discretion_accommodation;eligibility_status_documentation;enforcement_sanctions;fees_tariffs_subsidies;institutional_structure_coordination;participation_assistance;procedural_burden;review_redress,label says MULTIPLE,economic_access,economic_access,economic_access,,FALSE
S039,BURDEN,procedural_burden,fees_tariffs_subsidies;institutional_structure_coordination;procedural_burden;review_redress,label keywords,effective_access,effective_access,effective_access,,FALSE
S040,MULTIPLE,multiple,eligibility_status_documentation;enforcement_sanctions;fees_tariffs_subsidies;institutional_structure_coordination;participation_assistance;procedural_burden,label says MULTIPLE,economic_access,economic_access,economic_access,,FALSE
S041,,unmapped_needs_review,institutional_structure_coordination;participation_assistance,none,effective_access,effective_access,effective_access,,TRUE
S042,MULTIPLE,multiple,discretion_accommodation;eligibility_status_documentation;fees_tariffs_subsidies;institutional_structure_coordination;participation_assistance;procedural_burden,label says MULTIPLE,economic_access,economic_access,economic_access,,FALSE
S043,MULTIPLE,multiple,eligibility_status_documentation;enforcement_sanctions;institutional_structure_coordination,label says MULTIPLE,effective_access,effective_access,effective_access,,FALSE
S044,MULTIPLE,multiple,discretion_accommodation;eligibility_status_documentation;participation_assistance;procedural_burden,label says MULTIPLE,effective_access,effective_access,effective_access,,FALSE
S045,MULTIPLE,multiple,enforcement_sanctions;fees_tariffs_subsidies;institutional_structure_coordination;procedural_burden;review_redress,label says MULTIPLE,primary_connection,primary_connection,primary_connection,,FALSE
S046,MULTIPLE,multiple,eligibility_status_documentation;fees_tariffs_subsidies;institutional_structure_coordination;procedural_burden,label says MULTIPLE,primary_connection,primary_connection,primary_connection,,FALSE
S047,MULTIPLE,multiple,discretion_accommodation;eligibility_status_documentation;enforcement_sanctions;fees_tariffs_subsidies;procedural_burden,label says MULTIPLE,primary_connection,primary_connection,primary_connection,,FALSE
S048,MULTIPLE,multiple,discretion_accommodation;enforcement_sanctions;fees_tariffs_subsidies;institutional_structure_coordination;participation_assistance;procedural_burden,label says MULTIPLE,economic_access,economic_access,economic_access,,FALSE
S049,DISCRETION_ACCOMMODATION,discretion_accommodation,discretion_accommodation;institutional_structure_coordination;participation_assistance,label keywords,effective_access,effective_access,effective_access,,FALSE
S050,MULTIPLE,multiple,discretion_accommodation;eligibility_status_documentation;institutional_structure_coordination;participation_assistance,label says MULTIPLE,primary_connection,primary_connection,primary_connection,,FALSE
S051,MULTIPLE,multiple,eligibility_status_documentation;fees_tariffs_subsidies;institutional_structure_coordination;procedural_burden,label says MULTIPLE,primary_connection,primary_connection,primary_connection,,FALSE
S052,MULTIPLE,multiple,enforcement_sanctions;fees_tariffs_subsidies;institutional_structure_coordination;procedural_burden,label says MULTIPLE,economic_access,economic_access,economic_access,,FALSE
S053,DISCRETION_ACCOMMODATION,discretion_accommodation,discretion_accommodation;eligibility_status_documentation;institutional_structure_coordination;participation_assistance,label keywords,effective_access,effective_access,effective_access,,FALSE
S054,MULTIPLE,multiple,eligibility_status_documentation;enforcement_sanctions;institutional_structure_coordination,label says MULTIPLE,effective_access,effective_access,effective_access,,FALSE
S055,DISCRETION_ACCOMMODATION,discretion_accommodation,discretion_accommodation;institutional_structure_coordination;participation_assistance;procedural_burden,label keywords,primary_connection,primary_connection,primary_connection,,FALSE
S056,ELIGIBILITY,eligibility_status_documentation,eligibility_status_documentation;institutional_structure_coordination,label keywords,primary_connection,primary_connection,primary_connection,,FALSE
S057,MULTIPLE,multiple,discretion_accommodation;eligibility_status_documentation;fees_tariffs_subsidies;procedural_burden,label says MULTIPLE,economic_access,economic_access,economic_access,,FALSE
S058,MULTIPLE,multiple,eligibility_status_documentation;enforcement_sanctions;fees_tariffs_subsidies;procedural_burden,label says MULTIPLE,administrative_outcome,administrative_outcome,administrative_outcome,,FALSE
S059,MULTIPLE,multiple,discretion_accommodation;eligibility_status_documentation;fees_tariffs_subsidies;institutional_structure_coordination;procedural_burden,label says MULTIPLE,economic_access,economic_access,economic_access,,FALSE
S060,MULTIPLE,multiple,eligibility_status_documentation;fees_tariffs_subsidies;institutional_structure_coordination;procedural_burden,label says MULTIPLE,effective_access,effective_access,effective_access,,FALSE
S061,MULTIPLE,multiple,eligibility_status_documentation;enforcement_sanctions;fees_tariffs_subsidies;institutional_structure_coordination;participation_assistance;procedural_burden,label says MULTIPLE,effective_access,effective_access,effective_access,,FALSE
S062,MULTIPLE,multiple,discretion_accommodation;eligibility_status_documentation;enforcement_sanctions;fees_tariffs_subsidies;institutional_structure_coordination;participation_assistance;procedural_burden,label says MULTIPLE,primary_connection,primary_connection,primary_connection,,FALSE
S063,DISCRETION_ACCOMMODATION,discretion_accommodation,discretion_accommodation;enforcement_sanctions;institutional_structure_coordination;participation_assistance;review_redress,label keywords,primary_connection,primary_connection,primary_connection,,FALSE
S064,MULTIPLE,multiple,enforcement_sanctions;fees_tariffs_subsidies;institutional_structure_coordination;participation_assistance;procedural_burden,label says MULTIPLE,effective_access,effective_access,effective_access,,FALSE
S065,MULTIPLE,multiple,discretion_accommodation;enforcement_sanctions;fees_tariffs_subsidies;institutional_structure_coordination;procedural_burden;review_redress,label says MULTIPLE,primary_connection,primary_connection,primary_connection,,FALSE
S066,MULTIPLE,multiple,discretion_accommodation;eligibility_status_documentation;enforcement_sanctions;fees_tariffs_subsidies;institutional_structure_coordination;participation_assistance;procedural_burden,label says MULTIPLE,primary_connection,primary_connection,primary_connection,,FALSE
S067,,unmapped_needs_review,institutional_structure_coordination;participation_assistance;procedural_burden,none,primary_connection,primary_connection,primary_connection,,TRUE
S068,MULTIPLE,multiple,discretion_accommodation;eligibility_status_documentation;enforcement_sanctions;fees_tariffs_subsidies;institutional_structure_coordination;participation_assistance;procedural_burden;review_redress,label says MULTIPLE,primary_connection,primary_connection,primary_connection,,FALSE
S069,MULTIPLE,multiple,discretion_accommodation;fees_tariffs_subsidies;institutional_structure_coordination;participation_assistance;procedural_burden,label says MULTIPLE,economic_access,economic_access,economic_access,,FALSE
S070,MULTIPLE,multiple,discretion_accommodation;fees_tariffs_subsidies;institutional_structure_coordination;participation_assistance;procedural_burden,label says MULTIPLE,effective_access,effective_access,effective_access,,FALSE
S071,ENFORCEMENT,enforcement_sanctions,discretion_accommodation;enforcement_sanctions;institutional_structure_coordination;procedural_burden,label keywords,administrative_outcome,administrative_outcome,administrative_outcome,,FALSE
S072,MULTIPLE,multiple,discretion_accommodation;eligibility_status_documentation;enforcement_sanctions;institutional_structure_coordination;review_redress,label says MULTIPLE,primary_connection,primary_connection,primary_connection,,FALSE
S073,MULTIPLE,multiple,discretion_accommodation;eligibility_status_documentation;fees_tariffs_subsidies;institutional_structure_coordination;participation_assistance;procedural_burden,label says MULTIPLE,primary_connection,primary_connection,primary_connection,,FALSE
S074,MULTIPLE,multiple,eligibility_status_documentation;enforcement_sanctions;fees_tariffs_subsidies;institutional_structure_coordination;procedural_burden,label says MULTIPLE,economic_access,economic_access,economic_access,,FALSE
S075,MULTIPLE,multiple,discretion_accommodation;enforcement_sanctions;fees_tariffs_subsidies;institutional_structure_coordination;procedural_burden,label says MULTIPLE,economic_access,economic_access,economic_access,,FALSE
S076,ELIGIBILITY,eligibility_status_documentation,eligibility_status_documentation;institutional_structure_coordination,label keywords,effective_access,effective_access,effective_access,,FALSE
S077,MULTIPLE,multiple,discretion_accommodation;eligibility_status_documentation;institutional_structure_coordination;participation_assistance;procedural_burden,label says MULTIPLE,primary_connection,primary_connection,primary_connection,,FALSE
S078,DISCRETION_ACCOMMODATION,discretion_accommodation,discretion_accommodation;eligibility_status_documentation;institutional_structure_coordination;procedural_burden,label keywords,primary_connection,primary_connection,primary_connection,,FALSE
S079,MULTIPLE,multiple,discretion_accommodation;eligibility_status_documentation;institutional_structure_coordination,label says MULTIPLE,primary_connection,primary_connection,primary_connection,,FALSE
S080,MULTIPLE,multiple,discretion_accommodation;eligibility_status_documentation;enforcement_sanctions;institutional_structure_coordination;procedural_burden,label says MULTIPLE,primary_connection,primary_connection,primary_connection,,FALSE
S081,ELIGIBILITY,eligibility_status_documentation,eligibility_status_documentation;fees_tariffs_subsidies;institutional_structure_coordination,label keywords,economic_access,economic_access,economic_access,,FALSE
S082,MULTIPLE,multiple,eligibility_status_documentation;enforcement_sanctions;fees_tariffs_subsidies;review_redress,label says MULTIPLE,effective_access,effective_access,effective_access,,FALSE
S083,ENFORCEMENT,enforcement_sanctions,enforcement_sanctions;fees_tariffs_subsidies;institutional_structure_coordination,label keywords,primary_connection,primary_connection,primary_connection,,FALSE
S084,MULTIPLE,multiple,discretion_accommodation;eligibility_status_documentation;procedural_burden;review_redress,label says MULTIPLE,effective_access,effective_access,effective_access,,FALSE
S085,MULTIPLE,multiple,discretion_accommodation;eligibility_status_documentation;fees_tariffs_subsidies;institutional_structure_coordination;participation_assistance;procedural_burden;review_redress,label says MULTIPLE,primary_connection,primary_connection,primary_connection,,FALSE
S086,MULTIPLE,multiple,discretion_accommodation;eligibility_status_documentation;institutional_structure_coordination;participation_assistance;procedural_burden,label says MULTIPLE,primary_connection,primary_connection,primary_connection,,FALSE
S087,MULTIPLE,multiple,discretion_accommodation;eligibility_status_documentation;fees_tariffs_subsidies;institutional_structure_coordination;participation_assistance;procedural_burden,label says MULTIPLE,primary_connection,primary_connection,primary_connection,,FALSE
S088,MULTIPLE,multiple,discretion_accommodation;eligibility_status_documentation;fees_tariffs_subsidies;institutional_structure_coordination;participation_assistance;procedural_burden,label says MULTIPLE,primary_connection,primary_connection,primary_connection,,FALSE
S089,MULTIPLE,multiple,discretion_accommodation;eligibility_status_documentation;institutional_structure_coordination;participation_assistance,label says MULTIPLE,effective_access,effective_access,effective_access,,FALSE
S090,MULTIPLE,multiple,discretion_accommodation;eligibility_status_documentation;review_redress,label says MULTIPLE,economic_access,economic_access,economic_access,,FALSE
S091,MULTIPLE,multiple,discretion_accommodation;eligibility_status_documentation;fees_tariffs_subsidies;institutional_structure_coordination;participation_assistance;procedural_burden;review_redress,label says MULTIPLE,primary_connection,primary_connection,primary_connection,,FALSE
S092,MULTIPLE,multiple,discretion_accommodation;eligibility_status_documentation;fees_tariffs_subsidies;institutional_structure_coordination;participation_assistance;procedural_burden,label says MULTIPLE,economic_access,economic_access,economic_access,,FALSE
S093,MULTIPLE,multiple,eligibility_status_documentation;enforcement_sanctions;fees_tariffs_subsidies;institutional_structure_coordination;participation_assistance;procedural_burden,label says MULTIPLE,effective_access,effective_access,effective_access,,FALSE
S094,MULTIPLE,multiple,discretion_accommodation;institutional_structure_coordination;participation_assistance;procedural_burden,label says MULTIPLE,effective_access,effective_access,effective_access,,FALSE
S095,MULTIPLE,multiple,discretion_accommodation;enforcement_sanctions;fees_tariffs_subsidies;institutional_structure_coordination;procedural_burden,label says MULTIPLE,effective_access,effective_access,effective_access,,FALSE
S096,BURDEN,procedural_burden,institutional_structure_coordination;participation_assistance;procedural_burden,label keywords,effective_access,effective_access,effective_access,,FALSE
S097,MULTIPLE,multiple,discretion_accommodation;eligibility_status_documentation;enforcement_sanctions;fees_tariffs_subsidies;institutional_structure_coordination;participation_assistance;procedural_burden;review_redress,label says MULTIPLE,effective_access,effective_access,effective_access,,FALSE
S098,MULTIPLE,multiple,discretion_accommodation;fees_tariffs_subsidies;institutional_structure_coordination;participation_assistance;procedural_burden,label says MULTIPLE,effective_access,effective_access,effective_access,,FALSE
S099,MULTIPLE,multiple,discretion_accommodation;eligibility_status_documentation;enforcement_sanctions;institutional_structure_coordination;participation_assistance,label says MULTIPLE,effective_access,effective_access,effective_access,,FALSE
S100,MULTIPLE,multiple,discretion_accommodation;eligibility_status_documentation;enforcement_sanctions;participation_assistance;procedural_burden,label says MULTIPLE,primary_connection,primary_connection,primary_connection,,FALSE
S101,DISCRETION_ACCOMMODATION,discretion_accommodation,discretion_accommodation;eligibility_status_documentation;institutional_structure_coordination;participation_assistance,label keywords,primary_connection,primary_connection,primary_connection,,FALSE
S102,MULTIPLE,multiple,discretion_accommodation;fees_tariffs_subsidies;procedural_burden,label says MULTIPLE,economic_access,economic_access,economic_access,,FALSE
S103,ENFORCEMENT,enforcement_sanctions,enforcement_sanctions;fees_tariffs_subsidies;institutional_structure_coordination;procedural_burden;review_redress,label keywords,primary_connection,primary_connection,primary_connection,,FALSE
S104,BURDEN,procedural_burden,eligibility_status_documentation;institutional_structure_coordination;procedural_burden,label keywords,effective_access,effective_access,effective_access,,FALSE
S105,MULTIPLE,multiple,enforcement_sanctions;fees_tariffs_subsidies;institutional_structure_coordination;participation_assistance;procedural_burden,label says MULTIPLE,effective_access,effective_access,effective_access,,FALSE
S106,MULTIPLE,multiple,eligibility_status_documentation;enforcement_sanctions;fees_tariffs_subsidies;institutional_structure_coordination;participation_assistance;procedural_burden,label says MULTIPLE,primary_connection,primary_connection,primary_connection,,FALSE
S107,DISCRETION_ACCOMMODATION,discretion_accommodation,discretion_accommodation;institutional_structure_coordination;participation_assistance;procedural_burden,label keywords,effective_access,effective_access,effective_access,,FALSE
S108,MULTIPLE,multiple,discretion_accommodation;eligibility_status_documentation;enforcement_sanctions;fees_tariffs_subsidies;institutional_structure_coordination;procedural_burden,label says MULTIPLE,economic_access,economic_access,economic_access,,FALSE
S109,MULTIPLE,multiple,enforcement_sanctions;fees_tariffs_subsidies;institutional_structure_coordination;procedural_burden,label says MULTIPLE,primary_connection,primary_connection,primary_connection,,FALSE
S110,MULTIPLE,multiple,discretion_accommodation;eligibility_status_documentation;fees_tariffs_subsidies;institutional_structure_coordination,label says MULTIPLE,primary_connection,primary_connection,primary_connection,,FALSE
S111,DISCRETION_ACCOMMODATION,discretion_accommodation,discretion_accommodation;eligibility_status_documentation;institutional_structure_coordination;participation_assistance,label keywords,effective_access,effective_access,effective_access,,FALSE
S112,MULTIPLE,multiple,discretion_accommodation;eligibility_status_documentation;institutional_structure_coordination;participation_assistance;procedural_burden,label says MULTIPLE,primary_connection,primary_connection,primary_connection,,FALSE
S113,MULTIPLE,multiple,institutional_structure_coordination;participation_assistance;procedural_burden,label says MULTIPLE,effective_access,effective_access,effective_access,,FALSE
S114,DISCRETION_ACCOMMODATION,discretion_accommodation,discretion_accommodation;institutional_structure_coordination;participation_assistance,label keywords,effective_access,effective_access,effective_access,,FALSE
S115,DISCRETION_ACCOMMODATION,discretion_accommodation,discretion_accommodation;institutional_structure_coordination;participation_assistance;review_redress,label keywords,effective_access,effective_access,effective_access,,FALSE
S116,DISCRETION_ACCOMMODATION,discretion_accommodation,discretion_accommodation;institutional_structure_coordination;participation_assistance,label keywords,primary_connection,primary_connection,primary_connection,,FALSE
S117,MULTIPLE,multiple,institutional_structure_coordination,label says MULTIPLE,administrative_outcome,administrative_outcome,administrative_outcome,,FALSE
S118,DISCRETION_ACCOMMODATION,discretion_accommodation,discretion_accommodation;institutional_structure_coordination;participation_assistance,label keywords,effective_access,effective_access,effective_access,,FALSE
S119,MULTIPLE,multiple,discretion_accommodation;fees_tariffs_subsidies;institutional_structure_coordination;procedural_burden,label says MULTIPLE,administrative_outcome,administrative_outcome,administrative_outcome,,FALSE
S120,MULTIPLE,multiple,discretion_accommodation;eligibility_status_documentation;institutional_structure_coordination;participation_assistance,label says MULTIPLE,primary_connection,primary_connection,primary_connection,,FALSE
S121,MULTIPLE,multiple,discretion_accommodation;eligibility_status_documentation;institutional_structure_coordination;procedural_burden,label says MULTIPLE,primary_connection,primary_connection,primary_connection,,FALSE
S122,DISCRETION_ACCOMMODATION,discretion_accommodation,discretion_accommodation;fees_tariffs_subsidies;institutional_structure_coordination,label keywords,administrative_outcome,administrative_outcome,administrative_outcome,,FALSE
S123,BURDEN,procedural_burden,institutional_structure_coordination;procedural_burden;review_redress,label keywords,effective_access,effective_access,effective_access,,FALSE
S124,MULTIPLE,multiple,discretion_accommodation;enforcement_sanctions;fees_tariffs_subsidies;institutional_structure_coordination;participation_assistance;procedural_burden;review_redress,label says MULTIPLE,economic_access,economic_access,economic_access,,FALSE
S125,MULTIPLE,multiple,discretion_accommodation;eligibility_status_documentation;enforcement_sanctions;procedural_burden,label says MULTIPLE,effective_access,effective_access,effective_access,,FALSE
S126,MULTIPLE,multiple,discretion_accommodation;fees_tariffs_subsidies;institutional_structure_coordination;participation_assistance;procedural_burden,label says MULTIPLE,effective_access,effective_access,effective_access,,FALSE
S127,DISCRETION_ACCOMMODATION,discretion_accommodation,discretion_accommodation;eligibility_status_documentation;institutional_structure_coordination;procedural_burden;review_redress,label keywords,administrative_outcome,administrative_outcome,administrative_outcome,,FALSE
S128,MULTIPLE,multiple,discretion_accommodation;fees_tariffs_subsidies;institutional_structure_coordination;procedural_burden,label says MULTIPLE,primary_connection,primary_connection,primary_connection,,FALSE
S129,DISCRETION_ACCOMMODATION,discretion_accommodation,discretion_accommodation;eligibility_status_documentation;institutional_structure_coordination;participation_assistance,label keywords,primary_connection,primary_connection,primary_connection,,FALSE
S130,MULTIPLE,multiple,discretion_accommodation;eligibility_status_documentation;enforcement_sanctions;institutional_structure_coordination;participation_assistance,label says MULTIPLE,primary_connection,primary_connection,primary_connection,,FALSE
S131,MULTIPLE,multiple,eligibility_status_documentation;enforcement_sanctions,label says MULTIPLE,primary_connection,primary_connection,primary_connection,,FALSE
S132,MULTIPLE,multiple,enforcement_sanctions;fees_tariffs_subsidies;institutional_structure_coordination;procedural_burden,label says MULTIPLE,economic_access,economic_access,economic_access,,FALSE
S133,DISCRETION_ACCOMMODATION,discretion_accommodation,discretion_accommodation;institutional_structure_coordination,label keywords,administrative_outcome,administrative_outcome,administrative_outcome,,FALSE
S134,DISCRETION_ACCOMMODATION,discretion_accommodation,discretion_accommodation;fees_tariffs_subsidies;institutional_structure_coordination,label keywords,effective_access,effective_access,effective_access,,FALSE
S135,DISCRETION_ACCOMMODATION,discretion_accommodation,discretion_accommodation;enforcement_sanctions;institutional_structure_coordination,label keywords,primary_connection,primary_connection,primary_connection,,FALSE
S136,MULTIPLE,multiple,eligibility_status_documentation;fees_tariffs_subsidies;institutional_structure_coordination;procedural_burden,label says MULTIPLE,economic_access,economic_access,economic_access,,FALSE
S137,MULTIPLE,multiple,discretion_accommodation;eligibility_status_documentation;institutional_structure_coordination;participation_assistance;procedural_burden;review_redress,label says MULTIPLE,primary_connection,primary_connection,primary_connection,,FALSE
S138,DISCRETION_ACCOMMODATION,discretion_accommodation,discretion_accommodation,label keywords,administrative_outcome,administrative_outcome,administrative_outcome,,FALSE
S139,MULTIPLE,multiple,discretion_accommodation;fees_tariffs_subsidies;institutional_structure_coordination;procedural_burden,label says MULTIPLE,effective_access,effective_access,effective_access,,FALSE
S140,MULTIPLE,multiple,discretion_accommodation;eligibility_status_documentation;institutional_structure_coordination;procedural_burden,label says MULTIPLE,primary_connection,primary_connection,primary_connection,,FALSE
S141,DISCRETION_ACCOMMODATION,discretion_accommodation,discretion_accommodation;institutional_structure_coordination;participation_assistance;review_redress,label keywords,administrative_outcome,administrative_outcome,administrative_outcome,,FALSE
S142,MULTIPLE,multiple,discretion_accommodation;eligibility_status_documentation;institutional_structure_coordination;participation_assistance,label says MULTIPLE,primary_connection,primary_connection,primary_connection,,FALSE
S143,ENFORCEMENT,enforcement_sanctions,enforcement_sanctions;fees_tariffs_subsidies;institutional_structure_coordination;participation_assistance;procedural_burden;review_redress,label keywords,effective_access,effective_access,effective_access,,FALSE
S144,MULTIPLE,multiple,discretion_accommodation;enforcement_sanctions;institutional_structure_coordination;review_redress,label says MULTIPLE,primary_connection,primary_connection,primary_connection,,FALSE
S145,MULTIPLE,multiple,discretion_accommodation;eligibility_status_documentation;enforcement_sanctions;fees_tariffs_subsidies;institutional_structure_coordination;participation_assistance,label says MULTIPLE,administrative_outcome,administrative_outcome,administrative_outcome,,FALSE
S146,MULTIPLE,multiple,eligibility_status_documentation;enforcement_sanctions;institutional_structure_coordination;participation_assistance,label says MULTIPLE,primary_connection,primary_connection,primary_connection,,FALSE
S147,MULTIPLE,multiple,discretion_accommodation;enforcement_sanctions;institutional_structure_coordination;participation_assistance;review_redress,label says MULTIPLE,administrative_outcome,administrative_outcome,administrative_outcome,,FALSE
S148,MULTIPLE,multiple,discretion_accommodation;eligibility_status_documentation;enforcement_sanctions;fees_tariffs_subsidies;institutional_structure_coordination;procedural_burden,label says MULTIPLE,economic_access,economic_access,economic_access,,FALSE
S149,MULTIPLE,multiple,discretion_accommodation;participation_assistance;procedural_burden,label says MULTIPLE,effective_access,effective_access,effective_access,,FALSE
S150,MULTIPLE,multiple,discretion_accommodation;fees_tariffs_subsidies;institutional_structure_coordination;participation_assistance;procedural_burden,label says MULTIPLE,economic_access,economic_access,economic_access,,FALSE
S151,MULTIPLE,multiple,discretion_accommodation;eligibility_status_documentation;institutional_structure_coordination,label says MULTIPLE,primary_connection,primary_connection,primary_connection,,FALSE
S152,MULTIPLE,multiple,eligibility_status_documentation;enforcement_sanctions;institutional_structure_coordination;participation_assistance,label says MULTIPLE,primary_connection,primary_connection,primary_connection,,FALSE
S153,MULTIPLE,multiple,discretion_accommodation;eligibility_status_documentation;fees_tariffs_subsidies;institutional_structure_coordination;participation_assistance;procedural_burden,label says MULTIPLE,administrative_outcome,administrative_outcome,administrative_outcome,,FALSE
S154,MULTIPLE,multiple,discretion_accommodation;eligibility_status_documentation;enforcement_sanctions;institutional_structure_coordination;participation_assistance;review_redress,label says MULTIPLE,administrative_outcome,administrative_outcome,administrative_outcome,,FALSE
S155,MULTIPLE,multiple,eligibility_status_documentation;enforcement_sanctions,label says MULTIPLE,effective_access,effective_access,effective_access,,FALSE
S156,MULTIPLE,multiple,discretion_accommodation;eligibility_status_documentation;enforcement_sanctions;fees_tariffs_subsidies;institutional_structure_coordination;procedural_burden,label says MULTIPLE,economic_access,economic_access,economic_access,,FALSE
S157,MULTIPLE,multiple,discretion_accommodation;eligibility_status_documentation;enforcement_sanctions;institutional_structure_coordination;participation_assistance,label says MULTIPLE,administrative_outcome,administrative_outcome,administrative_outcome,,FALSE
S158,MULTIPLE,multiple,discretion_accommodation;eligibility_status_documentation;enforcement_sanctions;institutional_structure_coordination;procedural_burden,label says MULTIPLE,administrative_outcome,administrative_outcome,administrative_outcome,,FALSE
S159,MULTIPLE,multiple,discretion_accommodation;eligibility_status_documentation;enforcement_sanctions;fees_tariffs_subsidies;institutional_structure_coordination;participation_assistance,label says MULTIPLE,effective_access,effective_access,effective_access,,FALSE
S160,MULTIPLE,multiple,discretion_accommodation;fees_tariffs_subsidies;procedural_burden,label says MULTIPLE,economic_access,economic_access,economic_access,,FALSE
S161,ENFORCEMENT,enforcement_sanctions,enforcement_sanctions;institutional_structure_coordination,label keywords,effective_access,effective_access,effective_access,,FALSE
S162,MULTIPLE,multiple,discretion_accommodation;eligibility_status_documentation;enforcement_sanctions;fees_tariffs_subsidies;institutional_structure_coordination;participation_assistance;procedural_burden,label says MULTIPLE,administrative_outcome,administrative_outcome,administrative_outcome,,FALSE
S163,MULTIPLE,multiple,discretion_accommodation;eligibility_status_documentation;enforcement_sanctions;fees_tariffs_subsidies;institutional_structure_coordination;review_redress,label says MULTIPLE,primary_connection,primary_connection,primary_connection,,FALSE
S164,MULTIPLE,multiple,eligibility_status_documentation;enforcement_sanctions;fees_tariffs_subsidies;institutional_structure_coordination;procedural_burden,label says MULTIPLE,economic_access,economic_access,economic_access,,FALSE
S165,MULTIPLE,multiple,discretion_accommodation;enforcement_sanctions;fees_tariffs_subsidies;institutional_structure_coordination;participation_assistance;procedural_burden,label says MULTIPLE,administrative_outcome,administrative_outcome,administrative_outcome,,FALSE
S166,MULTIPLE,multiple,discretion_accommodation;eligibility_status_documentation;fees_tariffs_subsidies;procedural_burden,label says MULTIPLE,economic_access,economic_access,economic_access,,FALSE
S167,MULTIPLE,multiple,discretion_accommodation;fees_tariffs_subsidies;institutional_structure_coordination;participation_assistance;procedural_burden;review_redress,label says MULTIPLE,effective_access,effective_access,effective_access,,FALSE
S168,DISCRETION_ACCOMMODATION,discretion_accommodation,discretion_accommodation;eligibility_status_documentation;institutional_structure_coordination;participation_assistance,label keywords,primary_connection,primary_connection,primary_connection,,FALSE
S169,ENFORCEMENT,enforcement_sanctions,eligibility_status_documentation;enforcement_sanctions;fees_tariffs_subsidies;institutional_structure_coordination,label keywords,primary_connection,primary_connection,primary_connection,,FALSE
S170,MULTIPLE,multiple,discretion_accommodation;enforcement_sanctions;institutional_structure_coordination;participation_assistance,label says MULTIPLE,primary_connection,primary_connection,primary_connection,,FALSE
S171,MULTIPLE,multiple,discretion_accommodation;eligibility_status_documentation;enforcement_sanctions;institutional_structure_coordination,label says MULTIPLE,primary_connection,primary_connection,primary_connection,,FALSE
S172,MULTIPLE,multiple,discretion_accommodation;enforcement_sanctions;institutional_structure_coordination;participation_assistance,label says MULTIPLE,administrative_outcome,administrative_outcome,administrative_outcome,,FALSE
S173,MULTIPLE,multiple,discretion_accommodation;eligibility_status_documentation;enforcement_sanctions;institutional_structure_coordination;participation_assistance;review_redress,label says MULTIPLE,primary_connection,primary_connection,primary_connection,,FALSE
S174,ENFORCEMENT,enforcement_sanctions,enforcement_sanctions;institutional_structure_coordination,label keywords,primary_connection,primary_connection,primary_connection,,FALSE
S175,MULTIPLE,multiple,discretion_accommodation;enforcement_sanctions;fees_tariffs_subsidies;institutional_structure_coordination;participation_assistance,label says MULTIPLE,administrative_outcome,administrative_outcome,administrative_outcome,,FALSE
S176,MULTIPLE,multiple,discretion_accommodation;enforcement_sanctions;fees_tariffs_subsidies;institutional_structure_coordination;participation_assistance,label says MULTIPLE,primary_connection,primary_connection,primary_connection,,FALSE
S177,MULTIPLE,multiple,discretion_accommodation;eligibility_status_documentation;enforcement_sanctions;fees_tariffs_subsidies;institutional_structure_coordination;participation_assistance,label says MULTIPLE,administrative_outcome,administrative_outcome,administrative_outcome,,FALSE
S178,MULTIPLE,multiple,enforcement_sanctions;fees_tariffs_subsidies;institutional_structure_coordination;procedural_burden,label says MULTIPLE,effective_access,effective_access,effective_access,,FALSE
S179,MULTIPLE,multiple,discretion_accommodation;eligibility_status_documentation;enforcement_sanctions;institutional_structure_coordination;participation_assistance,label says MULTIPLE,effective_access,effective_access,effective_access,,FALSE
S180,ENFORCEMENT,enforcement_sanctions,eligibility_status_documentation;enforcement_sanctions;institutional_structure_coordination,label keywords,administrative_outcome,administrative_outcome,administrative_outcome,,FALSE
S181,ENFORCEMENT,enforcement_sanctions,enforcement_sanctions;institutional_structure_coordination;participation_assistance,label keywords,primary_connection,primary_connection,primary_connection,,FALSE
S182,DISCRETION_ACCOMMODATION,discretion_accommodation,discretion_accommodation;institutional_structure_coordination;participation_assistance,label keywords,effective_access,effective_access,effective_access,,FALSE
S183,MULTIPLE,multiple,discretion_accommodation;enforcement_sanctions;institutional_structure_coordination;participation_assistance,label says MULTIPLE,primary_connection,primary_connection,primary_connection,,FALSE
S184,MULTIPLE,multiple,discretion_accommodation;eligibility_status_documentation;enforcement_sanctions;fees_tariffs_subsidies;institutional_structure_coordination;procedural_burden,label says MULTIPLE,primary_connection,primary_connection,primary_connection,,FALSE
S185,MULTIPLE,multiple,discretion_accommodation;eligibility_status_documentation;enforcement_sanctions;institutional_structure_coordination;participation_assistance,label says MULTIPLE,administrative_outcome,administrative_outcome,administrative_outcome,,FALSE
S186,DISCRETION_ACCOMMODATION,discretion_accommodation,discretion_accommodation;institutional_structure_coordination;participation_assistance,label keywords,effective_access,effective_access,effective_access,,FALSE
S187,MULTIPLE,multiple,discretion_accommodation;fees_tariffs_subsidies;participation_assistance;procedural_burden,label says MULTIPLE,administrative_outcome,administrative_outcome,administrative_outcome,,FALSE
S188,MULTIPLE,multiple,discretion_accommodation;eligibility_status_documentation;enforcement_sanctions;institutional_structure_coordination,label says MULTIPLE,administrative_outcome,administrative_outcome,administrative_outcome,,FALSE
S189,MULTIPLE,multiple,discretion_accommodation;enforcement_sanctions;participation_assistance,label says MULTIPLE,primary_connection,primary_connection,primary_connection,,FALSE
S190,MULTIPLE,multiple,discretion_accommodation;enforcement_sanctions;fees_tariffs_subsidies;institutional_structure_coordination;procedural_burden,label says MULTIPLE,effective_access,effective_access,effective_access,,FALSE
S191,BURDEN,procedural_burden,fees_tariffs_subsidies;procedural_burden,label keywords,primary_connection,primary_connection,primary_connection,,FALSE
S192,MULTIPLE,multiple,discretion_accommodation;eligibility_status_documentation;fees_tariffs_subsidies;institutional_structure_coordination;participation_assistance;procedural_burden,label says MULTIPLE,primary_connection,primary_connection,primary_connection,,FALSE
S193,MULTIPLE,multiple,discretion_accommodation;eligibility_status_documentation;enforcement_sanctions;fees_tariffs_subsidies;institutional_structure_coordination;procedural_burden,label says MULTIPLE,primary_connection,primary_connection,primary_connection,,FALSE
S194,MULTIPLE,multiple,discretion_accommodation;eligibility_status_documentation;enforcement_sanctions;fees_tariffs_subsidies;institutional_structure_coordination;participation_assistance;procedural_burden,label says MULTIPLE,primary_connection,primary_connection,primary_connection,,FALSE
S195,MULTIPLE,multiple,discretion_accommodation;eligibility_status_documentation;enforcement_sanctions;institutional_structure_coordination;participation_assistance,label says MULTIPLE,primary_connection,primary_connection,primary_connection,,FALSE
S196,ENFORCEMENT,enforcement_sanctions,eligibility_status_documentation;enforcement_sanctions;institutional_structure_coordination;procedural_burden;review_redress,label keywords,administrative_outcome,administrative_outcome,administrative_outcome,,FALSE
S197,MULTIPLE,multiple,institutional_structure_coordination;participation_assistance,label says MULTIPLE,effective_access,effective_access,effective_access,,FALSE
S198,ENFORCEMENT,enforcement_sanctions,enforcement_sanctions,label keywords,administrative_outcome,administrative_outcome,administrative_outcome,,FALSE
S199,BURDEN,procedural_burden,discretion_accommodation;enforcement_sanctions;fees_tariffs_subsidies;procedural_burden,label keywords,administrative_outcome,administrative_outcome,administrative_outcome,,FALSE
S200,DISCRETION_ACCOMMODATION,discretion_accommodation,discretion_accommodation;institutional_structure_coordination,label keywords,administrative_outcome,administrative_outcome,administrative_outcome,,FALSE
S201,DISCRETION_ACCOMMODATION,discretion_accommodation,discretion_accommodation;institutional_structure_coordination;participation_assistance,label keywords,effective_access,effective_access,effective_access,,FALSE
S202,DISCRETION_ACCOMMODATION,discretion_accommodation,discretion_accommodation;institutional_structure_coordination;participation_assistance,label keywords,effective_access,effective_access,effective_access,,FALSE
S203,DISCRETION_ACCOMMODATION,discretion_accommodation,discretion_accommodation;eligibility_status_documentation;institutional_structure_coordination,label keywords,administrative_outcome,administrative_outcome,administrative_outcome,,FALSE
S204,DISCRETION_ACCOMMODATION,discretion_accommodation,discretion_accommodation;institutional_structure_coordination;participation_assistance,label keywords,administrative_outcome,administrative_outcome,administrative_outcome,,FALSE
S205,DISCRETION_ACCOMMODATION,discretion_accommodation,discretion_accommodation;institutional_structure_coordination;participation_assistance,label keywords,administrative_outcome,administrative_outcome,administrative_outcome,,FALSE
S206,MULTIPLE,multiple,,label says MULTIPLE,effective_access,effective_access,effective_access,,FALSE
S207,DISCRETION_ACCOMMODATION,discretion_accommodation,discretion_accommodation;institutional_structure_coordination,label keywords,administrative_outcome,administrative_outcome,administrative_outcome,,FALSE
S208,DISCRETION_ACCOMMODATION,discretion_accommodation,discretion_accommodation;institutional_structure_coordination;participation_assistance,label keywords,administrative_outcome,administrative_outcome,administrative_outcome,,FALSE
S209,DISCRETION_ACCOMMODATION,discretion_accommodation,discretion_accommodation;institutional_structure_coordination,label keywords,administrative_outcome,administrative_outcome,administrative_outcome,,FALSE
S210,MULTIPLE,multiple,participation_assistance,label says MULTIPLE,primary_connection,primary_connection,primary_connection,,FALSE
S211,DISCRETION_ACCOMMODATION,discretion_accommodation,discretion_accommodation;institutional_structure_coordination;participation_assistance,label keywords,primary_connection,primary_connection,primary_connection,,FALSE
S212,DISCRETION_ACCOMMODATION,discretion_accommodation,discretion_accommodation;institutional_structure_coordination,label keywords,administrative_outcome,administrative_outcome,administrative_outcome,,FALSE
S213,ENFORCEMENT,enforcement_sanctions,enforcement_sanctions;institutional_structure_coordination;participation_assistance,label keywords,primary_connection,primary_connection,primary_connection,,FALSE
S214,BURDEN,procedural_burden,fees_tariffs_subsidies;institutional_structure_coordination;procedural_burden,label keywords,effective_access,effective_access,effective_access,,FALSE
S215,DISCRETION_ACCOMMODATION,discretion_accommodation,discretion_accommodation;institutional_structure_coordination,label keywords,effective_access,effective_access,effective_access,,FALSE
S216,DISCRETION_ACCOMMODATION,discretion_accommodation,discretion_accommodation;institutional_structure_coordination;participation_assistance,label keywords,administrative_outcome,administrative_outcome,administrative_outcome,,FALSE
S217,DISCRETION_ACCOMMODATION,discretion_accommodation,discretion_accommodation;institutional_structure_coordination;participation_assistance,label keywords,administrative_outcome,administrative_outcome,administrative_outcome,,FALSE
S218,DISCRETION_ACCOMMODATION,discretion_accommodation,discretion_accommodation;institutional_structure_coordination;participation_assistance,label keywords,effective_access,effective_access,effective_access,,FALSE
S219,DISCRETION_ACCOMMODATION,discretion_accommodation,discretion_accommodation;institutional_structure_coordination,label keywords,administrative_outcome,administrative_outcome,administrative_outcome,,FALSE
S220,ENFORCEMENT,enforcement_sanctions,enforcement_sanctions;institutional_structure_coordination;participation_assistance,label keywords,administrative_outcome,administrative_outcome,administrative_outcome,,FALSE
S221,DISCRETION_ACCOMMODATION,discretion_accommodation,discretion_accommodation;institutional_structure_coordination;participation_assistance,label keywords,effective_access,effective_access,effective_access,,FALSE
S222,MULTIPLE,multiple,discretion_accommodation;enforcement_sanctions,label says MULTIPLE,effective_access,effective_access,effective_access,,FALSE
S223,MULTIPLE,multiple,discretion_accommodation;fees_tariffs_subsidies;institutional_structure_coordination;procedural_burden,label says MULTIPLE,effective_access,effective_access,effective_access,,FALSE
S224,DISCRETION_ACCOMMODATION,discretion_accommodation,discretion_accommodation;institutional_structure_coordination,label keywords,effective_access,effective_access,effective_access,,FALSE
S225,DISCRETION_ACCOMMODATION,discretion_accommodation,discretion_accommodation;institutional_structure_coordination,label keywords,effective_access,effective_access,effective_access,,FALSE
S226,DISCRETION_ACCOMMODATION,discretion_accommodation,discretion_accommodation,label keywords,effective_access,effective_access,effective_access,,FALSE
S228,DISCRETION_ACCOMMODATION,discretion_accommodation,discretion_accommodation,label keywords,effective_access,effective_access,effective_access,,FALSE
S229,DISCRETION_ACCOMMODATION,discretion_accommodation,discretion_accommodation,label keywords,effective_access,effective_access,effective_access,,FALSE
S230,DISCRETION_ACCOMMODATION,discretion_accommodation,discretion_accommodation;institutional_structure_coordination;participation_assistance,label keywords,administrative_outcome,administrative_outcome,administrative_outcome,,FALSE
S231,MULTIPLE,multiple,discretion_accommodation;participation_assistance;procedural_burden,label says MULTIPLE,effective_access,effective_access,effective_access,,FALSE
S232,BURDEN,procedural_burden,eligibility_status_documentation;procedural_burden,label keywords,effective_access,effective_access,effective_access,,FALSE
S234,MULTIPLE,multiple,discretion_accommodation;institutional_structure_coordination;procedural_burden,label says MULTIPLE,effective_access,effective_access,effective_access,,FALSE
S235,MULTIPLE,multiple,institutional_structure_coordination,label says MULTIPLE,effective_access,effective_access,effective_access,,FALSE
S236,MULTIPLE,multiple,discretion_accommodation;eligibility_status_documentation,label says MULTIPLE,effective_access,effective_access,effective_access,,FALSE
S237,DISCRETION_ACCOMMODATION,discretion_accommodation,discretion_accommodation;institutional_structure_coordination,label keywords,administrative_outcome,administrative_outcome,administrative_outcome,,FALSE
S238,MULTIPLE,multiple,discretion_accommodation;enforcement_sanctions;participation_assistance,label says MULTIPLE,administrative_outcome,administrative_outcome,administrative_outcome,,FALSE
S239,MULTIPLE,multiple,discretion_accommodation;procedural_burden,label says MULTIPLE,effective_access,effective_access,effective_access,,FALSE
S240,DISCRETION_ACCOMMODATION,discretion_accommodation,discretion_accommodation;eligibility_status_documentation,label keywords,effective_access,effective_access,effective_access,,FALSE
S241,DISCRETION_ACCOMMODATION,discretion_accommodation,discretion_accommodation,label keywords,effective_access,effective_access,effective_access,,FALSE
S242,MULTIPLE,multiple,enforcement_sanctions;fees_tariffs_subsidies;procedural_burden;review_redress,label says MULTIPLE,effective_access,effective_access,effective_access,,FALSE
S243,DISCRETION_ACCOMMODATION,discretion_accommodation,discretion_accommodation;participation_assistance,label keywords,effective_access,effective_access,effective_access,,FALSE
S244,DISCRETION_ACCOMMODATION,discretion_accommodation,discretion_accommodation;institutional_structure_coordination;participation_assistance,label keywords,effective_access,effective_access,effective_access,,FALSE
S245,MULTIPLE,multiple,enforcement_sanctions;fees_tariffs_subsidies;institutional_structure_coordination;procedural_burden,label says MULTIPLE,effective_access,effective_access,effective_access,,FALSE
S246,DISCRETION_ACCOMMODATION,discretion_accommodation,discretion_accommodation;institutional_structure_coordination,label keywords,effective_access,effective_access,effective_access,,FALSE
S247,MULTIPLE,multiple,discretion_accommodation;eligibility_status_documentation;procedural_burden,label says MULTIPLE,primary_connection,primary_connection,primary_connection,,FALSE
S248,MULTIPLE,multiple,discretion_accommodation;participation_assistance;procedural_burden,label says MULTIPLE,effective_access,effective_access,effective_access,,FALSE
S249,MULTIPLE,multiple,enforcement_sanctions;institutional_structure_coordination;procedural_burden,label says MULTIPLE,administrative_outcome,administrative_outcome,administrative_outcome,,FALSE
S250,MULTIPLE,multiple,discretion_accommodation;fees_tariffs_subsidies;procedural_burden,label says MULTIPLE,effective_access,effective_access,effective_access,,FALSE
S251,MULTIPLE,multiple,discretion_accommodation;enforcement_sanctions;institutional_structure_coordination;participation_assistance,label says MULTIPLE,administrative_outcome,administrative_outcome,administrative_outcome,,FALSE
S252,MULTIPLE,multiple,discretion_accommodation;enforcement_sanctions;institutional_structure_coordination;participation_assistance,label says MULTIPLE,primary_connection,primary_connection,primary_connection,,FALSE
S253,ENFORCEMENT,enforcement_sanctions,enforcement_sanctions;participation_assistance;review_redress,label keywords,administrative_outcome,administrative_outcome,administrative_outcome,,FALSE
S254,MULTIPLE,multiple,discretion_accommodation;enforcement_sanctions;institutional_structure_coordination;participation_assistance,label says MULTIPLE,administrative_outcome,administrative_outcome,administrative_outcome,,FALSE
S255,MULTIPLE,multiple,discretion_accommodation;participation_assistance;procedural_burden,label says MULTIPLE,effective_access,effective_access,effective_access,,FALSE
S256,MULTIPLE,multiple,discretion_accommodation;eligibility_status_documentation,label says MULTIPLE,primary_connection,primary_connection,primary_connection,,FALSE
S257,MULTIPLE,multiple,discretion_accommodation;enforcement_sanctions;institutional_structure_coordination;participation_assistance,label says MULTIPLE,effective_access,effective_access,effective_access,,FALSE
S258,MULTIPLE,multiple,discretion_accommodation;eligibility_status_documentation;participation_assistance,label says MULTIPLE,administrative_outcome,administrative_outcome,administrative_outcome,,FALSE
S259,MULTIPLE,multiple,discretion_accommodation;enforcement_sanctions;institutional_structure_coordination;participation_assistance,label says MULTIPLE,administrative_outcome,administrative_outcome,administrative_outcome,,FALSE
S260,MULTIPLE,multiple,discretion_accommodation;enforcement_sanctions;institutional_structure_coordination,label says MULTIPLE,administrative_outcome,administrative_outcome,administrative_outcome,,FALSE
S261,MULTIPLE,multiple,enforcement_sanctions;fees_tariffs_subsidies;procedural_burden,label says MULTIPLE,effective_access,effective_access,effective_access,,FALSE
S262,MULTIPLE,multiple,discretion_accommodation;enforcement_sanctions;institutional_structure_coordination,label says MULTIPLE,administrative_outcome,administrative_outcome,administrative_outcome,,FALSE
S263,DISCRETION_ACCOMMODATION,discretion_accommodation,discretion_accommodation,label keywords,effective_access,effective_access,effective_access,,FALSE
S264,MULTIPLE,multiple,discretion_accommodation;eligibility_status_documentation;participation_assistance,label says MULTIPLE,administrative_outcome,administrative_outcome,administrative_outcome,,FALSE
S265,MULTIPLE,multiple,discretion_accommodation;enforcement_sanctions;institutional_structure_coordination,label says MULTIPLE,primary_connection,primary_connection,primary_connection,,FALSE
S266,MULTIPLE,multiple,discretion_accommodation;enforcement_sanctions;institutional_structure_coordination,label says MULTIPLE,primary_connection,primary_connection,primary_connection,,FALSE
S267,MULTIPLE,multiple,discretion_accommodation;enforcement_sanctions;institutional_structure_coordination;review_redress,label says MULTIPLE,administrative_outcome,administrative_outcome,administrative_outcome,,FALSE
S268,MULTIPLE,multiple,discretion_accommodation;institutional_structure_coordination;participation_assistance;procedural_burden,label says MULTIPLE,effective_access,effective_access,effective_access,,FALSE
S269,MULTIPLE,multiple,discretion_accommodation;enforcement_sanctions;institutional_structure_coordination;participation_assistance,label says MULTIPLE,administrative_outcome,administrative_outcome,administrative_outcome,,FALSE
S270,MULTIPLE,multiple,discretion_accommodation;enforcement_sanctions;institutional_structure_coordination;participation_assistance,label says MULTIPLE,administrative_outcome,administrative_outcome,administrative_outcome,,FALSE
S271,MULTIPLE,multiple,discretion_accommodation;eligibility_status_documentation,label says MULTIPLE,effective_access,effective_access,effective_access,,FALSE
S272,DISCRETION_ACCOMMODATION,discretion_accommodation,discretion_accommodation;institutional_structure_coordination;participation_assistance,label keywords,administrative_outcome,administrative_outcome,administrative_outcome,,FALSE
S273,MULTIPLE,multiple,discretion_accommodation;institutional_structure_coordination;procedural_burden,label says MULTIPLE,effective_access,effective_access,effective_access,,FALSE
S274,DISCRETION_ACCOMMODATION,discretion_accommodation,discretion_accommodation;institutional_structure_coordination,label keywords,administrative_outcome,administrative_outcome,administrative_outcome,,FALSE
S275,MULTIPLE,multiple,eligibility_status_documentation;fees_tariffs_subsidies;procedural_burden,label says MULTIPLE,effective_access,effective_access,effective_access,,FALSE
S276,MULTIPLE,multiple,enforcement_sanctions;institutional_structure_coordination;procedural_burden,label says MULTIPLE,effective_access,effective_access,effective_access,,FALSE
S277,MULTIPLE,multiple,discretion_accommodation;eligibility_status_documentation;enforcement_sanctions;fees_tariffs_subsidies;procedural_burden,label says MULTIPLE,effective_access,effective_access,effective_access,,FALSE
S278,MULTIPLE,multiple,enforcement_sanctions;procedural_burden,label says MULTIPLE,primary_connection,primary_connection,primary_connection,,FALSE
S279,MULTIPLE,multiple,discretion_accommodation;institutional_structure_coordination;procedural_burden,label says MULTIPLE,effective_access,effective_access,effective_access,,FALSE
S280,MULTIPLE,multiple,enforcement_sanctions;fees_tariffs_subsidies;participation_assistance;procedural_burden,label says MULTIPLE,effective_access,effective_access,effective_access,,FALSE
S281,DISCRETION_ACCOMMODATION,discretion_accommodation,discretion_accommodation;institutional_structure_coordination,label keywords,administrative_outcome,administrative_outcome,administrative_outcome,,FALSE
S282,BURDEN,procedural_burden,institutional_structure_coordination;procedural_burden,label keywords,effective_access,effective_access,effective_access,,FALSE
S283,MULTIPLE,multiple,discretion_accommodation;eligibility_status_documentation;institutional_structure_coordination;participation_assistance,label says MULTIPLE,administrative_outcome,administrative_outcome,administrative_outcome,,FALSE
S284,MULTIPLE,multiple,discretion_accommodation;enforcement_sanctions;institutional_structure_coordination;procedural_burden,label says MULTIPLE,administrative_outcome,administrative_outcome,administrative_outcome,,FALSE
S285,MULTIPLE,multiple,discretion_accommodation;eligibility_status_documentation,label says MULTIPLE,effective_access,effective_access,effective_access,,FALSE
S286,MULTIPLE,multiple,discretion_accommodation;eligibility_status_documentation;participation_assistance,label says MULTIPLE,effective_access,effective_access,effective_access,,FALSE
S287,MULTIPLE,multiple,enforcement_sanctions;procedural_burden,label says MULTIPLE,effective_access,effective_access,effective_access,,FALSE
S288,MULTIPLE,multiple,discretion_accommodation;enforcement_sanctions;institutional_structure_coordination,label says MULTIPLE,effective_access,effective_access,effective_access,,FALSE
S289,MULTIPLE,multiple,discretion_accommodation;enforcement_sanctions;institutional_structure_coordination;participation_assistance,label says MULTIPLE,administrative_outcome,administrative_outcome,administrative_outcome,,FALSE
S290,MULTIPLE,multiple,discretion_accommodation;eligibility_status_documentation,label says MULTIPLE,primary_connection,primary_connection,primary_connection,,FALSE
S291,MULTIPLE,multiple,enforcement_sanctions;institutional_structure_coordination;procedural_burden,label says MULTIPLE,effective_access,effective_access,effective_access,,FALSE
S292,MULTIPLE,multiple,discretion_accommodation;procedural_burden,label says MULTIPLE,effective_access,effective_access,effective_access,,FALSE
S293,DISCRETION_ACCOMMODATION,discretion_accommodation,discretion_accommodation;participation_assistance,label keywords,administrative_outcome,administrative_outcome,administrative_outcome,,FALSE
S294,DISCRETION_ACCOMMODATION,discretion_accommodation,discretion_accommodation;participation_assistance,label keywords,effective_access,effective_access,effective_access,,FALSE
S295,MULTIPLE,multiple,eligibility_status_documentation;fees_tariffs_subsidies;procedural_burden,label says MULTIPLE,effective_access,effective_access,effective_access,,FALSE
S296,MULTIPLE,multiple,enforcement_sanctions;fees_tariffs_subsidies;procedural_burden,label says MULTIPLE,effective_access,effective_access,effective_access,,FALSE
S297,DISCRETION_ACCOMMODATION,discretion_accommodation,discretion_accommodation;institutional_structure_coordination,label keywords,administrative_outcome,administrative_outcome,administrative_outcome,,FALSE
S298,MULTIPLE,multiple,discretion_accommodation;enforcement_sanctions;fees_tariffs_subsidies;institutional_structure_coordination,label says MULTIPLE,primary_connection,primary_connection,primary_connection,,FALSE
S300,MULTIPLE,multiple,discretion_accommodation;eligibility_status_documentation,label says MULTIPLE,primary_connection,primary_connection,primary_connection,,FALSE
S301,MULTIPLE,multiple,discretion_accommodation;institutional_structure_coordination;procedural_burden,label says MULTIPLE,administrative_outcome,administrative_outcome,administrative_outcome,,FALSE
S302,MULTIPLE,multiple,eligibility_status_documentation;enforcement_sanctions;review_redress,label says MULTIPLE,administrative_outcome,administrative_outcome,administrative_outcome,,FALSE
S303,MULTIPLE,multiple,discretion_accommodation;participation_assistance;procedural_burden,label says MULTIPLE,effective_access,effective_access,effective_access,,FALSE
S304,MULTIPLE,multiple,discretion_accommodation;institutional_structure_coordination;procedural_burden,label says MULTIPLE,effective_access,effective_access,effective_access,,FALSE
S305,ELIGIBILITY,eligibility_status_documentation,eligibility_status_documentation,label keywords,primary_connection,primary_connection,primary_connection,,FALSE
S306,MULTIPLE,multiple,discretion_accommodation;institutional_structure_coordination;participation_assistance;procedural_burden,label says MULTIPLE,primary_connection,primary_connection,primary_connection,,FALSE
S307,BURDEN,procedural_burden,fees_tariffs_subsidies;procedural_burden,label keywords,effective_access,effective_access,effective_access,,FALSE
S308,MULTIPLE,multiple,discretion_accommodation;eligibility_status_documentation,label says MULTIPLE,primary_connection,primary_connection,primary_connection,,FALSE
S309,DISCRETION_ACCOMMODATION,discretion_accommodation,discretion_accommodation;eligibility_status_documentation,label keywords,effective_access,effective_access,effective_access,,FALSE
S310,MULTIPLE,multiple,discretion_accommodation;eligibility_status_documentation,label says MULTIPLE,effective_access,effective_access,effective_access,,FALSE
S311,MULTIPLE,multiple,discretion_accommodation;institutional_structure_coordination;procedural_burden,label says MULTIPLE,administrative_outcome,administrative_outcome,administrative_outcome,,FALSE
S312,MULTIPLE,multiple,enforcement_sanctions;procedural_burden,label says MULTIPLE,effective_access,effective_access,effective_access,,FALSE
S313,ENFORCEMENT,enforcement_sanctions,enforcement_sanctions;institutional_structure_coordination,label keywords,effective_access,effective_access,effective_access,,FALSE
S314,DISCRETION_ACCOMMODATION,discretion_accommodation,discretion_accommodation;institutional_structure_coordination,label keywords,administrative_outcome,administrative_outcome,administrative_outcome,,FALSE
S315,MULTIPLE,multiple,discretion_accommodation;institutional_structure_coordination;participation_assistance;procedural_burden,label says MULTIPLE,administrative_outcome,administrative_outcome,administrative_outcome,,FALSE
S316,MULTIPLE,multiple,discretion_accommodation;enforcement_sanctions;institutional_structure_coordination,label says MULTIPLE,administrative_outcome,administrative_outcome,administrative_outcome,,FALSE
S317,BURDEN,procedural_burden,fees_tariffs_subsidies;procedural_burden,label keywords,effective_access,effective_access,effective_access,,FALSE
S318,MULTIPLE,multiple,institutional_structure_coordination,label says MULTIPLE,effective_access,effective_access,effective_access,,FALSE
S319,BURDEN,procedural_burden,fees_tariffs_subsidies;procedural_burden,label keywords,primary_connection,primary_connection,primary_connection,,FALSE
S320,BURDEN,procedural_burden,institutional_structure_coordination;procedural_burden,label keywords,effective_access,effective_access,effective_access,,FALSE
S321,MULTIPLE,multiple,,label says MULTIPLE,effective_access,effective_access,effective_access,,FALSE
S322,MULTIPLE,multiple,,label says MULTIPLE,effective_access,effective_access,effective_access,,FALSE
S323,MULTIPLE,multiple,,label says MULTIPLE,effective_access,effective_access,effective_access,,FALSE
S324,MULTIPLE,multiple,,label says MULTIPLE,effective_access,effective_access,effective_access,,FALSE
S325,MULTIPLE,multiple,,label says MULTIPLE,effective_access,effective_access,effective_access,,FALSE
S326,MULTIPLE,multiple,enforcement_sanctions;fees_tariffs_subsidies,label says MULTIPLE,effective_access,effective_access,effective_access,,FALSE
S327,ELIGIBILITY,eligibility_status_documentation,eligibility_status_documentation,label keywords,effective_access,effective_access,effective_access,,FALSE
S328,MULTIPLE,multiple,,label says MULTIPLE,effective_access,effective_access,effective_access,,FALSE
S329,ELIGIBILITY,eligibility_status_documentation,eligibility_status_documentation,label keywords,effective_access,effective_access,effective_access,,FALSE
S330,MULTIPLE,multiple,institutional_structure_coordination;participation_assistance,label says MULTIPLE,effective_access,effective_access,effective_access,,FALSE
S331,ENFORCEMENT,enforcement_sanctions,enforcement_sanctions,label keywords,administrative_outcome,administrative_outcome,administrative_outcome,,FALSE
S332,MULTIPLE,multiple,,label says MULTIPLE,effective_access,effective_access,effective_access,,FALSE
S333,DISCRETION_ACCOMMODATION,discretion_accommodation,discretion_accommodation;participation_assistance,label keywords,effective_access,effective_access,effective_access,,FALSE
S334,ELIGIBILITY,eligibility_status_documentation,eligibility_status_documentation,label keywords,primary_connection,primary_connection,primary_connection,,FALSE
S335,MULTIPLE,multiple,institutional_structure_coordination,label says MULTIPLE,effective_access,effective_access,effective_access,,FALSE
S336,ENFORCEMENT,enforcement_sanctions,enforcement_sanctions;fees_tariffs_subsidies,label keywords,administrative_outcome,administrative_outcome,administrative_outcome,,FALSE
S337,MULTIPLE,multiple,,label says MULTIPLE,primary_connection,primary_connection,primary_connection,,FALSE
S338,MULTIPLE,multiple,institutional_structure_coordination,label says MULTIPLE,primary_connection,primary_connection,primary_connection,,FALSE
S339,MULTIPLE,multiple,institutional_structure_coordination;participation_assistance,label says MULTIPLE,effective_access,effective_access,effective_access,,FALSE
S340,BURDEN,procedural_burden,procedural_burden,label keywords,effective_access,effective_access,effective_access,,FALSE
S341,DISCRETION_ACCOMMODATION,discretion_accommodation,discretion_accommodation;participation_assistance,label keywords,effective_access,effective_access,effective_access,,FALSE
S342,MULTIPLE,multiple,institutional_structure_coordination,label says MULTIPLE,effective_access,effective_access,effective_access,,FALSE
S343,MULTIPLE,multiple,institutional_structure_coordination,label says MULTIPLE,effective_access,effective_access,effective_access,,FALSE
S344,MULTIPLE,multiple,institutional_structure_coordination,label says MULTIPLE,primary_connection,primary_connection,primary_connection,,FALSE
S345,MULTIPLE,multiple,,label says MULTIPLE,effective_access,effective_access,effective_access,,FALSE
S346,DISCRETION_ACCOMMODATION,discretion_accommodation,discretion_accommodation;institutional_structure_coordination,label keywords,effective_access,effective_access,effective_access,,FALSE
S347,DISCRETION_ACCOMMODATION,discretion_accommodation,discretion_accommodation;participation_assistance,label keywords,administrative_outcome,administrative_outcome,administrative_outcome,,FALSE
S348,MULTIPLE,multiple,institutional_structure_coordination,label says MULTIPLE,effective_access,effective_access,effective_access,,FALSE
S349,ENFORCEMENT,enforcement_sanctions,eligibility_status_documentation;enforcement_sanctions;fees_tariffs_subsidies;participation_assistance,label keywords,primary_connection,primary_connection,primary_connection,,FALSE
S350,MULTIPLE,multiple,eligibility_status_documentation;fees_tariffs_subsidies;institutional_structure_coordination,label says MULTIPLE,effective_access,effective_access,effective_access,,FALSE
S351,ELIGIBILITY,eligibility_status_documentation,discretion_accommodation;eligibility_status_documentation;fees_tariffs_subsidies;institutional_structure_coordination;participation_assistance,label keywords,effective_access,effective_access,effective_access,,FALSE
S352,DISCRETION_ACCOMMODATION,discretion_accommodation,discretion_accommodation;institutional_structure_coordination;participation_assistance,label keywords,effective_access,effective_access,effective_access,,FALSE
S353,MULTIPLE,multiple,eligibility_status_documentation;enforcement_sanctions;institutional_structure_coordination,label says MULTIPLE,effective_access,effective_access,effective_access,,FALSE
S354,DISCRETION_ACCOMMODATION,discretion_accommodation,discretion_accommodation;institutional_structure_coordination;participation_assistance,label keywords,effective_access,effective_access,effective_access,,FALSE
S355,MULTIPLE,multiple,discretion_accommodation;fees_tariffs_subsidies;institutional_structure_coordination;participation_assistance;procedural_burden,label says MULTIPLE,economic_access,economic_access,economic_access,,FALSE
S357,DISCRETION_ACCOMMODATION,discretion_accommodation,discretion_accommodation;institutional_structure_coordination;participation_assistance,label keywords,effective_access,effective_access,effective_access,,FALSE
S358,MULTIPLE,multiple,discretion_accommodation;eligibility_status_documentation;institutional_structure_coordination,label says MULTIPLE,effective_access,effective_access,effective_access,,FALSE
S359,MULTIPLE,multiple,discretion_accommodation;eligibility_status_documentation;fees_tariffs_subsidies;procedural_burden;review_redress,label says MULTIPLE,effective_access,effective_access,effective_access,,FALSE
S360,MULTIPLE,multiple,eligibility_status_documentation;enforcement_sanctions;institutional_structure_coordination,label says MULTIPLE,effective_access,effective_access,effective_access,,FALSE
S361,MULTIPLE,multiple,discretion_accommodation;eligibility_status_documentation;fees_tariffs_subsidies;participation_assistance;procedural_burden,label says MULTIPLE,effective_access,effective_access,effective_access,,FALSE
S362,MULTIPLE,multiple,discretion_accommodation;enforcement_sanctions;institutional_structure_coordination,label says MULTIPLE,effective_access,effective_access,effective_access,,FALSE
S363,MULTIPLE,multiple,discretion_accommodation;enforcement_sanctions;participation_assistance,label says MULTIPLE,effective_access,effective_access,effective_access,,FALSE
S364,MULTIPLE,multiple,discretion_accommodation;enforcement_sanctions;fees_tariffs_subsidies;procedural_burden,label says MULTIPLE,economic_access,economic_access,economic_access,,FALSE
S365,DISCRETION_ACCOMMODATION,discretion_accommodation,discretion_accommodation;institutional_structure_coordination,label keywords,effective_access,effective_access,effective_access,,FALSE
S366,DISCRETION_ACCOMMODATION,discretion_accommodation,discretion_accommodation;institutional_structure_coordination;participation_assistance,label keywords,primary_connection,primary_connection,primary_connection,,FALSE
S367,MULTIPLE,multiple,discretion_accommodation;eligibility_status_documentation;fees_tariffs_subsidies;institutional_structure_coordination;procedural_burden,label says MULTIPLE,effective_access,effective_access,effective_access,,FALSE
S368,DISCRETION_ACCOMMODATION,discretion_accommodation,discretion_accommodation;institutional_structure_coordination,label keywords,effective_access,effective_access,effective_access,,FALSE
S369,DISCRETION_ACCOMMODATION,discretion_accommodation,discretion_accommodation;institutional_structure_coordination;participation_assistance,label keywords,effective_access,effective_access,effective_access,,FALSE
S370,DISCRETION_ACCOMMODATION,discretion_accommodation,discretion_accommodation;participation_assistance,label keywords,primary_connection,primary_connection,primary_connection,,FALSE
S371,MULTIPLE,multiple,discretion_accommodation;eligibility_status_documentation;institutional_structure_coordination,label says MULTIPLE,effective_access,effective_access,effective_access,,FALSE
S372,DISCRETION_ACCOMMODATION,discretion_accommodation,discretion_accommodation;institutional_structure_coordination;participation_assistance,label keywords,primary_connection,primary_connection,primary_connection,,FALSE
S373,MULTIPLE,multiple,eligibility_status_documentation;fees_tariffs_subsidies;institutional_structure_coordination;procedural_burden,label says MULTIPLE,economic_access,economic_access,economic_access,,FALSE
S374,DISCRETION_ACCOMMODATION,discretion_accommodation,discretion_accommodation;institutional_structure_coordination,label keywords,effective_access,effective_access,effective_access,,FALSE
S375,MULTIPLE,multiple,discretion_accommodation;fees_tariffs_subsidies;procedural_burden,label says MULTIPLE,economic_access,economic_access,economic_access,,FALSE
S376,MULTIPLE,multiple,discretion_accommodation;eligibility_status_documentation;enforcement_sanctions;institutional_structure_coordination,label says MULTIPLE,administrative_outcome,administrative_outcome,administrative_outcome,,FALSE
S377,MULTIPLE,multiple,discretion_accommodation;eligibility_status_documentation;institutional_structure_coordination;participation_assistance,label says MULTIPLE,primary_connection,primary_connection,primary_connection,,FALSE
S378,MULTIPLE,multiple,discretion_accommodation;eligibility_status_documentation;enforcement_sanctions;fees_tariffs_subsidies;institutional_structure_coordination;procedural_burden,label says MULTIPLE,economic_access,economic_access,economic_access,,FALSE
S379,MULTIPLE,multiple,discretion_accommodation;eligibility_status_documentation;institutional_structure_coordination;participation_assistance,label says MULTIPLE,primary_connection,primary_connection,primary_connection,,FALSE
S380,DISCRETION_ACCOMMODATION,discretion_accommodation,discretion_accommodation;institutional_structure_coordination,label keywords,primary_connection,primary_connection,primary_connection,,FALSE
S381,BURDEN,procedural_burden,fees_tariffs_subsidies;procedural_burden,label keywords,economic_access,economic_access,economic_access,,FALSE
S382,MULTIPLE,multiple,discretion_accommodation;eligibility_status_documentation;institutional_structure_coordination,label says MULTIPLE,effective_access,effective_access,effective_access,,FALSE
S383,MULTIPLE,multiple,discretion_accommodation;eligibility_status_documentation;institutional_structure_coordination,label says MULTIPLE,effective_access,effective_access,effective_access,,FALSE
S384,MULTIPLE,multiple,enforcement_sanctions;procedural_burden,label says MULTIPLE,economic_access,economic_access,economic_access,,FALSE
S385,MULTIPLE,multiple,discretion_accommodation;eligibility_status_documentation;institutional_structure_coordination;procedural_burden,label says MULTIPLE,primary_connection,primary_connection,primary_connection,,FALSE
S386,MULTIPLE,multiple,discretion_accommodation;enforcement_sanctions;fees_tariffs_subsidies;institutional_structure_coordination;procedural_burden,label says MULTIPLE,economic_access,economic_access,economic_access,,FALSE
S387,MULTIPLE,multiple,discretion_accommodation;eligibility_status_documentation;institutional_structure_coordination,label says MULTIPLE,effective_access,effective_access,effective_access,,FALSE
S388,MULTIPLE,multiple,discretion_accommodation;eligibility_status_documentation;fees_tariffs_subsidies;institutional_structure_coordination;procedural_burden,label says MULTIPLE,effective_access,effective_access,effective_access,,FALSE
S389,MULTIPLE,multiple,enforcement_sanctions;procedural_burden,label says MULTIPLE,effective_access,effective_access,effective_access,,FALSE
S390,MULTIPLE,multiple,eligibility_status_documentation;fees_tariffs_subsidies;procedural_burden,label says MULTIPLE,economic_access,economic_access,economic_access,,FALSE
S391,DISCRETION_ACCOMMODATION,discretion_accommodation,discretion_accommodation;institutional_structure_coordination,label keywords,effective_access,effective_access,effective_access,,FALSE
S392,MULTIPLE,multiple,eligibility_status_documentation;enforcement_sanctions,label says MULTIPLE,primary_connection,primary_connection,primary_connection,,FALSE
S393,MULTIPLE,multiple,discretion_accommodation;enforcement_sanctions;institutional_structure_coordination,label says MULTIPLE,primary_connection,primary_connection,primary_connection,,FALSE
S394,MULTIPLE,multiple,discretion_accommodation;eligibility_status_documentation;enforcement_sanctions;institutional_structure_coordination,label says MULTIPLE,effective_access,effective_access,effective_access,,FALSE
S395,DISCRETION_ACCOMMODATION,discretion_accommodation,discretion_accommodation,label keywords,effective_access,effective_access,effective_access,,FALSE
S396,ELIGIBILITY,eligibility_status_documentation,eligibility_status_documentation;institutional_structure_coordination,label keywords,effective_access,effective_access,effective_access,,FALSE
S397,MULTIPLE,multiple,discretion_accommodation;eligibility_status_documentation;institutional_structure_coordination,label says MULTIPLE,administrative_outcome,administrative_outcome,administrative_outcome,,FALSE
S398,ELIGIBILITY,eligibility_status_documentation,eligibility_status_documentation;institutional_structure_coordination,label keywords,primary_connection,primary_connection,primary_connection,,FALSE
S400,MULTIPLE,multiple,eligibility_status_documentation;enforcement_sanctions,label says MULTIPLE,economic_access,economic_access,economic_access,,FALSE
S401,MULTIPLE,multiple,discretion_accommodation;enforcement_sanctions;fees_tariffs_subsidies;procedural_burden;review_redress,label says MULTIPLE,primary_connection,primary_connection,primary_connection,,FALSE
S402,MULTIPLE,multiple,discretion_accommodation;enforcement_sanctions;institutional_structure_coordination,label says MULTIPLE,primary_connection,primary_connection,primary_connection,,FALSE
S403,MULTIPLE,multiple,discretion_accommodation;enforcement_sanctions,label says MULTIPLE,effective_access,effective_access,effective_access,,FALSE
S404,ELIGIBILITY,eligibility_status_documentation,eligibility_status_documentation,label keywords,economic_access,economic_access,economic_access,,FALSE
S405,MULTIPLE,multiple,eligibility_status_documentation;enforcement_sanctions;fees_tariffs_subsidies;institutional_structure_coordination;procedural_burden,label says MULTIPLE,economic_access,economic_access,economic_access,,FALSE
S406,MULTIPLE,multiple,discretion_accommodation;fees_tariffs_subsidies;institutional_structure_coordination;procedural_burden,label says MULTIPLE,economic_access,economic_access,economic_access,,FALSE
S407,MULTIPLE,multiple,discretion_accommodation;eligibility_status_documentation;institutional_structure_coordination,label says MULTIPLE,primary_connection,primary_connection,primary_connection,,FALSE
S408,MULTIPLE,multiple,discretion_accommodation;eligibility_status_documentation;institutional_structure_coordination,label says MULTIPLE,primary_connection,primary_connection,primary_connection,,FALSE
S409,DISCRETION_ACCOMMODATION,discretion_accommodation,discretion_accommodation;participation_assistance,label keywords,primary_connection,primary_connection,primary_connection,,FALSE
S410,ELIGIBILITY,eligibility_status_documentation,eligibility_status_documentation,label keywords,effective_access,effective_access,effective_access,,FALSE
S411,MULTIPLE,multiple,discretion_accommodation;enforcement_sanctions;participation_assistance,label says MULTIPLE,effective_access,effective_access,effective_access,,FALSE
S412,MULTIPLE,multiple,eligibility_status_documentation;enforcement_sanctions;institutional_structure_coordination,label says MULTIPLE,primary_connection,primary_connection,primary_connection,,FALSE
S413,MULTIPLE,multiple,discretion_accommodation;eligibility_status_documentation;institutional_structure_coordination,label says MULTIPLE,primary_connection,primary_connection,primary_connection,,FALSE
S414,ENFORCEMENT,enforcement_sanctions,enforcement_sanctions,label keywords,effective_access,effective_access,effective_access,,FALSE
S415,MULTIPLE,multiple,discretion_accommodation;fees_tariffs_subsidies;procedural_burden,label says MULTIPLE,economic_access,economic_access,economic_access,,FALSE
S416,MULTIPLE,multiple,discretion_accommodation;eligibility_status_documentation,label says MULTIPLE,primary_connection,primary_connection,primary_connection,,FALSE
S417,MULTIPLE,multiple,discretion_accommodation;eligibility_status_documentation;institutional_structure_coordination;participation_assistance,label says MULTIPLE,effective_access,effective_access,effective_access,,FALSE
S418,MULTIPLE,multiple,eligibility_status_documentation;enforcement_sanctions;fees_tariffs_subsidies;institutional_structure_coordination;procedural_burden,label says MULTIPLE,primary_connection,primary_connection,primary_connection,,FALSE
S419,MULTIPLE,multiple,discretion_accommodation;eligibility_status_documentation;fees_tariffs_subsidies;procedural_burden,label says MULTIPLE,primary_connection,primary_connection,primary_connection,,FALSE
S420,MULTIPLE,multiple,discretion_accommodation;eligibility_status_documentation,label says MULTIPLE,primary_connection,primary_connection,primary_connection,,FALSE
S421,MULTIPLE,multiple,discretion_accommodation;enforcement_sanctions;institutional_structure_coordination,label says MULTIPLE,primary_connection,primary_connection,primary_connection,,FALSE
S422,MULTIPLE,multiple,eligibility_status_documentation;enforcement_sanctions;fees_tariffs_subsidies;procedural_burden,label says MULTIPLE,primary_connection,primary_connection,primary_connection,,FALSE
S423,ENFORCEMENT,enforcement_sanctions,enforcement_sanctions;procedural_burden,label keywords,administrative_outcome,administrative_outcome,administrative_outcome,,FALSE
S424,MULTIPLE,multiple,discretion_accommodation;eligibility_status_documentation;enforcement_sanctions,label says MULTIPLE,primary_connection,primary_connection,primary_connection,,FALSE
S425,DISCRETION_ACCOMMODATION,discretion_accommodation,discretion_accommodation;participation_assistance,label keywords,administrative_outcome,administrative_outcome,administrative_outcome,,FALSE
S426,ELIGIBILITY,eligibility_status_documentation,eligibility_status_documentation;procedural_burden,label keywords,effective_access,effective_access,effective_access,,FALSE
S427,ELIGIBILITY,eligibility_status_documentation,eligibility_status_documentation,label keywords,effective_access,effective_access,effective_access,,FALSE
S428,ELIGIBILITY,eligibility_status_documentation,eligibility_status_documentation,label keywords,primary_connection,primary_connection,primary_connection,,FALSE
S429,MULTIPLE,multiple,discretion_accommodation;procedural_burden,label says MULTIPLE,effective_access,effective_access,effective_access,,FALSE
S430,ENFORCEMENT,enforcement_sanctions,enforcement_sanctions;institutional_structure_coordination,label keywords,effective_access,effective_access,effective_access,,FALSE
S431,DISCRETION_ACCOMMODATION,discretion_accommodation,discretion_accommodation;fees_tariffs_subsidies;institutional_structure_coordination,label keywords,effective_access,effective_access,effective_access,,FALSE
S432,BURDEN,procedural_burden,enforcement_sanctions;fees_tariffs_subsidies;procedural_burden,label keywords,economic_access,economic_access,economic_access,,FALSE
S433,MULTIPLE,multiple,discretion_accommodation;eligibility_status_documentation;institutional_structure_coordination;participation_assistance;procedural_burden,label says MULTIPLE,effective_access,effective_access,effective_access,,FALSE
S434,DISCRETION_ACCOMMODATION,discretion_accommodation,discretion_accommodation;institutional_structure_coordination,label keywords,effective_access,effective_access,effective_access,,FALSE
S435,DISCRETION_ACCOMMODATION,discretion_accommodation,discretion_accommodation;institutional_structure_coordination,label keywords,economic_access,economic_access,economic_access,,FALSE
S436,DISCRETION_ACCOMMODATION,discretion_accommodation,discretion_accommodation;institutional_structure_coordination,label keywords,effective_access,effective_access,effective_access,,FALSE
S437,DISCRETION_ACCOMMODATION,discretion_accommodation,discretion_accommodation;institutional_structure_coordination,label keywords,effective_access,effective_access,effective_access,,FALSE
S438,DISCRETION_ACCOMMODATION,discretion_accommodation,discretion_accommodation;eligibility_status_documentation,label keywords,effective_access,effective_access,effective_access,,FALSE
S439,ELIGIBILITY,eligibility_status_documentation,eligibility_status_documentation;institutional_structure_coordination,label keywords,effective_access,effective_access,effective_access,,FALSE
S440,MULTIPLE,multiple,eligibility_status_documentation;enforcement_sanctions,label says MULTIPLE,effective_access,effective_access,effective_access,,FALSE
S441,DISCRETION_ACCOMMODATION,discretion_accommodation,discretion_accommodation;fees_tariffs_subsidies,label keywords,economic_access,economic_access,economic_access,,FALSE
S442,MULTIPLE,multiple,eligibility_status_documentation;enforcement_sanctions,label says MULTIPLE,effective_access,effective_access,effective_access,,FALSE
S443,ELIGIBILITY,eligibility_status_documentation,eligibility_status_documentation,label keywords,effective_access,effective_access,effective_access,,FALSE
S444,MULTIPLE,multiple,discretion_accommodation;eligibility_status_documentation;institutional_structure_coordination,label says MULTIPLE,effective_access,effective_access,effective_access,,FALSE
S445,MULTIPLE,multiple,discretion_accommodation;eligibility_status_documentation;fees_tariffs_subsidies;institutional_structure_coordination,label says MULTIPLE,effective_access,effective_access,effective_access,,FALSE
S446,DISCRETION_ACCOMMODATION,discretion_accommodation,discretion_accommodation;institutional_structure_coordination,label keywords,effective_access,effective_access,effective_access,,FALSE
S447,DISCRETION_ACCOMMODATION,discretion_accommodation,discretion_accommodation;institutional_structure_coordination,label keywords,effective_access,effective_access,effective_access,,FALSE
S448,DISCRETION_ACCOMMODATION,discretion_accommodation,discretion_accommodation;institutional_structure_coordination,label keywords,effective_access,effective_access,effective_access,,FALSE
S449,ENFORCEMENT,enforcement_sanctions,enforcement_sanctions;institutional_structure_coordination,label keywords,effective_access,effective_access,effective_access,,FALSE
S450,ENFORCEMENT,enforcement_sanctions,enforcement_sanctions;institutional_structure_coordination,label keywords,effective_access,effective_access,effective_access,,FALSE
S451,DISCRETION_ACCOMMODATION,discretion_accommodation,discretion_accommodation;institutional_structure_coordination,label keywords,effective_access,effective_access,effective_access,,FALSE
S452,DISCRETION_ACCOMMODATION,discretion_accommodation,discretion_accommodation;institutional_structure_coordination,label keywords,effective_access,effective_access,effective_access,,FALSE
S453,ELIGIBILITY,eligibility_status_documentation,eligibility_status_documentation,label keywords,effective_access,effective_access,effective_access,,FALSE
S454,DISCRETION_ACCOMMODATION,discretion_accommodation,discretion_accommodation;institutional_structure_coordination,label keywords,effective_access,effective_access,effective_access,,FALSE
S455,MULTIPLE,multiple,eligibility_status_documentation;enforcement_sanctions,label says MULTIPLE,effective_access,effective_access,effective_access,,FALSE
S456,MULTIPLE,multiple,enforcement_sanctions;procedural_burden,label says MULTIPLE,economic_access,economic_access,economic_access,,FALSE
S457,MULTIPLE,multiple,eligibility_status_documentation;enforcement_sanctions,label says MULTIPLE,economic_access,economic_access,economic_access,,FALSE
S458,ELIGIBILITY,eligibility_status_documentation,eligibility_status_documentation;institutional_structure_coordination,label keywords,effective_access,effective_access,effective_access,,FALSE
S459,DISCRETION_ACCOMMODATION,discretion_accommodation,discretion_accommodation;institutional_structure_coordination,label keywords,effective_access,effective_access,effective_access,,FALSE
S460,DISCRETION_ACCOMMODATION,discretion_accommodation,discretion_accommodation;institutional_structure_coordination,label keywords,effective_access,effective_access,effective_access,,FALSE
S461,DISCRETION_ACCOMMODATION,discretion_accommodation,discretion_accommodation;institutional_structure_coordination,label keywords,effective_access,effective_access,effective_access,,FALSE
S462,DISCRETION_ACCOMMODATION,discretion_accommodation,discretion_accommodation;institutional_structure_coordination,label keywords,effective_access,effective_access,effective_access,,FALSE
S463,ENFORCEMENT,enforcement_sanctions,enforcement_sanctions,label keywords,effective_access,effective_access,effective_access,,FALSE
S464,MULTIPLE,multiple,discretion_accommodation;enforcement_sanctions;institutional_structure_coordination,label says MULTIPLE,effective_access,effective_access,effective_access,,FALSE
S465,DISCRETION_ACCOMMODATION,discretion_accommodation,discretion_accommodation;institutional_structure_coordination,label keywords,effective_access,effective_access,effective_access,,FALSE
S466,ENFORCEMENT,enforcement_sanctions,enforcement_sanctions;institutional_structure_coordination,label keywords,effective_access,effective_access,effective_access,,FALSE
S467,DISCRETION_ACCOMMODATION,discretion_accommodation,discretion_accommodation;eligibility_status_documentation,label keywords,effective_access,effective_access,effective_access,,FALSE
S468,MULTIPLE,multiple,discretion_accommodation;fees_tariffs_subsidies;institutional_structure_coordination;participation_assistance;procedural_burden,label says MULTIPLE,effective_access,effective_access,effective_access,,FALSE
S469,MULTIPLE,multiple,discretion_accommodation;eligibility_status_documentation;enforcement_sanctions;fees_tariffs_subsidies;institutional_structure_coordination;participation_assistance;procedural_burden;review_redress,label says MULTIPLE,primary_connection,primary_connection,primary_connection,,FALSE
S470,MULTIPLE,multiple,discretion_accommodation;eligibility_status_documentation;enforcement_sanctions;fees_tariffs_subsidies,label says MULTIPLE,economic_access,economic_access,economic_access,,FALSE
S471,MULTIPLE,multiple,discretion_accommodation;enforcement_sanctions;fees_tariffs_subsidies;institutional_structure_coordination;procedural_burden,label says MULTIPLE,economic_access,economic_access,economic_access,,FALSE
S472,MULTIPLE,multiple,discretion_accommodation;eligibility_status_documentation;enforcement_sanctions;institutional_structure_coordination,label says MULTIPLE,effective_access,effective_access,effective_access,,FALSE
S473,MULTIPLE,multiple,eligibility_status_documentation;enforcement_sanctions;institutional_structure_coordination;procedural_burden,label says MULTIPLE,effective_access,effective_access,effective_access,,FALSE
S474,MULTIPLE,multiple,discretion_accommodation;eligibility_status_documentation;institutional_structure_coordination;participation_assistance;procedural_burden,label says MULTIPLE,primary_connection,primary_connection,primary_connection,,FALSE
S475,MULTIPLE,multiple,discretion_accommodation;eligibility_status_documentation;enforcement_sanctions;institutional_structure_coordination;procedural_burden,label says MULTIPLE,effective_access,effective_access,effective_access,,FALSE
S476,BURDEN,procedural_burden,fees_tariffs_subsidies;institutional_structure_coordination;procedural_burden,label keywords,economic_access,economic_access,economic_access,,FALSE
S477,MULTIPLE,multiple,discretion_accommodation;eligibility_status_documentation;fees_tariffs_subsidies;institutional_structure_coordination;participation_assistance;procedural_burden,label says MULTIPLE,effective_access,effective_access,effective_access,,FALSE
S478,MULTIPLE,multiple,discretion_accommodation;enforcement_sanctions;participation_assistance;procedural_burden,label says MULTIPLE,effective_access,effective_access,effective_access,,FALSE
S479,MULTIPLE,multiple,eligibility_status_documentation;fees_tariffs_subsidies;institutional_structure_coordination;participation_assistance;procedural_burden,label says MULTIPLE,effective_access,effective_access,effective_access,,FALSE
S480,MULTIPLE,multiple,eligibility_status_documentation;enforcement_sanctions;fees_tariffs_subsidies;institutional_structure_coordination;procedural_burden,label says MULTIPLE,effective_access,effective_access,effective_access,,FALSE
S481,MULTIPLE,multiple,discretion_accommodation;eligibility_status_documentation;enforcement_sanctions;fees_tariffs_subsidies;institutional_structure_coordination;participation_assistance;procedural_burden,label says MULTIPLE,effective_access,effective_access,effective_access,,FALSE
S482,MULTIPLE,multiple,discretion_accommodation;eligibility_status_documentation;enforcement_sanctions;fees_tariffs_subsidies,label says MULTIPLE,effective_access,effective_access,effective_access,,FALSE
S483,MULTIPLE,multiple,eligibility_status_documentation;fees_tariffs_subsidies;procedural_burden,label says MULTIPLE,effective_access,effective_access,effective_access,,FALSE
S484,MULTIPLE,multiple,discretion_accommodation;eligibility_status_documentation;enforcement_sanctions;participation_assistance;procedural_burden,label says MULTIPLE,effective_access,effective_access,effective_access,,FALSE
S485,MULTIPLE,multiple,eligibility_status_documentation;enforcement_sanctions;fees_tariffs_subsidies;institutional_structure_coordination;procedural_burden,label says MULTIPLE,effective_access,effective_access,effective_access,,FALSE
S486,MULTIPLE,multiple,eligibility_status_documentation;enforcement_sanctions;fees_tariffs_subsidies;procedural_burden,label says MULTIPLE,effective_access,effective_access,effective_access,,FALSE
S487,MULTIPLE,multiple,eligibility_status_documentation;enforcement_sanctions;fees_tariffs_subsidies;institutional_structure_coordination;procedural_burden,label says MULTIPLE,economic_access,economic_access,economic_access,,FALSE
S488,MULTIPLE,multiple,discretion_accommodation;eligibility_status_documentation;enforcement_sanctions;fees_tariffs_subsidies;institutional_structure_coordination;participation_assistance;procedural_burden,label says MULTIPLE,effective_access,effective_access,effective_access,,FALSE
S489,MULTIPLE,multiple,discretion_accommodation;eligibility_status_documentation;enforcement_sanctions;fees_tariffs_subsidies;institutional_structure_coordination;participation_assistance;procedural_burden,label says MULTIPLE,economic_access,economic_access,economic_access,,FALSE
S490,MULTIPLE,multiple,discretion_accommodation;eligibility_status_documentation;enforcement_sanctions;fees_tariffs_subsidies;institutional_structure_coordination;participation_assistance;procedural_burden,label says MULTIPLE,effective_access,effective_access,effective_access,,FALSE
S491,MULTIPLE,multiple,discretion_accommodation;enforcement_sanctions;fees_tariffs_subsidies;procedural_burden,label says MULTIPLE,economic_access,economic_access,economic_access,,FALSE
S492,MULTIPLE,multiple,discretion_accommodation;eligibility_status_documentation;enforcement_sanctions;fees_tariffs_subsidies;procedural_burden;review_redress,label says MULTIPLE,effective_access,effective_access,effective_access,,FALSE
S493,MULTIPLE,multiple,discretion_accommodation;eligibility_status_documentation;enforcement_sanctions;fees_tariffs_subsidies;institutional_structure_coordination;participation_assistance;procedural_burden,label says MULTIPLE,primary_connection,primary_connection,primary_connection,,FALSE
S494,MULTIPLE,multiple,discretion_accommodation;eligibility_status_documentation;enforcement_sanctions;institutional_structure_coordination;participation_assistance,label says MULTIPLE,administrative_outcome,administrative_outcome,administrative_outcome,,FALSE
S495,MULTIPLE,multiple,discretion_accommodation;enforcement_sanctions;fees_tariffs_subsidies;institutional_structure_coordination;participation_assistance,label says MULTIPLE,administrative_outcome,administrative_outcome,administrative_outcome,,FALSE
S496,MULTIPLE,multiple,discretion_accommodation;eligibility_status_documentation;fees_tariffs_subsidies;institutional_structure_coordination;participation_assistance;procedural_burden,label says MULTIPLE,economic_access,economic_access,economic_access,,FALSE
S497,MULTIPLE,multiple,discretion_accommodation;eligibility_status_documentation;fees_tariffs_subsidies;institutional_structure_coordination;participation_assistance;procedural_burden,label says MULTIPLE,primary_connection,primary_connection,primary_connection,,FALSE
S498,MULTIPLE,multiple,discretion_accommodation;eligibility_status_documentation;enforcement_sanctions;fees_tariffs_subsidies;participation_assistance;procedural_burden,label says MULTIPLE,effective_access,effective_access,effective_access,,FALSE
S499,MULTIPLE,multiple,discretion_accommodation;enforcement_sanctions;institutional_structure_coordination;participation_assistance;procedural_burden,label says MULTIPLE,administrative_outcome,administrative_outcome,administrative_outcome,,FALSE
S500,MULTIPLE,multiple,discretion_accommodation;eligibility_status_documentation;enforcement_sanctions;fees_tariffs_subsidies;institutional_structure_coordination;procedural_burden,label says MULTIPLE,economic_access,economic_access,economic_access,,FALSE
S501,MULTIPLE,multiple,discretion_accommodation;eligibility_status_documentation;enforcement_sanctions;fees_tariffs_subsidies;institutional_structure_coordination;procedural_burden,label says MULTIPLE,effective_access,effective_access,effective_access,,FALSE
S502,MULTIPLE,multiple,discretion_accommodation;eligibility_status_documentation;enforcement_sanctions;institutional_structure_coordination;participation_assistance;procedural_burden,label says MULTIPLE,primary_connection,primary_connection,primary_connection,,FALSE
S503,MULTIPLE,multiple,discretion_accommodation;eligibility_status_documentation;enforcement_sanctions;institutional_structure_coordination;procedural_burden,label says MULTIPLE,effective_access,effective_access,effective_access,,FALSE
S504,MULTIPLE,multiple,discretion_accommodation;eligibility_status_documentation;enforcement_sanctions;fees_tariffs_subsidies;institutional_structure_coordination;participation_assistance;procedural_burden,label says MULTIPLE,effective_access,effective_access,effective_access,,FALSE
S505,MULTIPLE,multiple,discretion_accommodation;eligibility_status_documentation;enforcement_sanctions;fees_tariffs_subsidies;institutional_structure_coordination;procedural_burden,label says MULTIPLE,economic_access,economic_access,economic_access,,FALSE
S506,MULTIPLE,multiple,discretion_accommodation;enforcement_sanctions;fees_tariffs_subsidies;institutional_structure_coordination;participation_assistance;procedural_burden,label says MULTIPLE,effective_access,effective_access,effective_access,,FALSE
S507,MULTIPLE,multiple,discretion_accommodation;enforcement_sanctions;fees_tariffs_subsidies;institutional_structure_coordination;procedural_burden,label says MULTIPLE,administrative_outcome,administrative_outcome,administrative_outcome,,FALSE
S508,MULTIPLE,multiple,discretion_accommodation;eligibility_status_documentation;enforcement_sanctions;institutional_structure_coordination;participation_assistance,label says MULTIPLE,administrative_outcome,administrative_outcome,administrative_outcome,,FALSE
S509,MULTIPLE,multiple,discretion_accommodation;eligibility_status_documentation;institutional_structure_coordination;participation_assistance;procedural_burden,label says MULTIPLE,economic_access,economic_access,economic_access,,FALSE
S510,MULTIPLE,multiple,discretion_accommodation;fees_tariffs_subsidies;institutional_structure_coordination;procedural_burden,label says MULTIPLE,economic_access,economic_access,economic_access,,FALSE
S511,MULTIPLE,multiple,discretion_accommodation;eligibility_status_documentation;fees_tariffs_subsidies;institutional_structure_coordination;procedural_burden,label says MULTIPLE,primary_connection,primary_connection,primary_connection,,FALSE
S512,MULTIPLE,multiple,discretion_accommodation;eligibility_status_documentation;enforcement_sanctions;fees_tariffs_subsidies;institutional_structure_coordination;participation_assistance;procedural_burden,label says MULTIPLE,effective_access,effective_access,effective_access,,FALSE
S513,MULTIPLE,multiple,discretion_accommodation;eligibility_status_documentation;fees_tariffs_subsidies;institutional_structure_coordination;participation_assistance;procedural_burden,label says MULTIPLE,primary_connection,primary_connection,primary_connection,,FALSE
S514,BURDEN,procedural_burden,fees_tariffs_subsidies;institutional_structure_coordination;participation_assistance;procedural_burden,label keywords,effective_access,effective_access,effective_access,,FALSE
S515,MULTIPLE,multiple,discretion_accommodation;eligibility_status_documentation;fees_tariffs_subsidies;institutional_structure_coordination;participation_assistance;procedural_burden;review_redress,label says MULTIPLE,primary_connection,primary_connection,primary_connection,,FALSE
S516,MULTIPLE,multiple,eligibility_status_documentation;enforcement_sanctions;fees_tariffs_subsidies;institutional_structure_coordination;procedural_burden,label says MULTIPLE,primary_connection,primary_connection,primary_connection,,FALSE
S517,MULTIPLE,multiple,discretion_accommodation;enforcement_sanctions;fees_tariffs_subsidies;institutional_structure_coordination;participation_assistance;procedural_burden;review_redress,label says MULTIPLE,administrative_outcome,administrative_outcome,administrative_outcome,,FALSE
S518,MULTIPLE,multiple,discretion_accommodation;eligibility_status_documentation;enforcement_sanctions;fees_tariffs_subsidies;institutional_structure_coordination;participation_assistance;procedural_burden,label says MULTIPLE,primary_connection,primary_connection,primary_connection,,FALSE
S519,MULTIPLE,multiple,discretion_accommodation;eligibility_status_documentation;enforcement_sanctions;fees_tariffs_subsidies;institutional_structure_coordination;participation_assistance;procedural_burden,label says MULTIPLE,primary_connection,primary_connection,primary_connection,,FALSE
S520,MULTIPLE,multiple,discretion_accommodation;eligibility_status_documentation;enforcement_sanctions;fees_tariffs_subsidies;institutional_structure_coordination;participation_assistance;procedural_burden,label says MULTIPLE,primary_connection,primary_connection,primary_connection,,FALSE
S521,MULTIPLE,multiple,discretion_accommodation;eligibility_status_documentation;enforcement_sanctions;institutional_structure_coordination;participation_assistance;procedural_burden;review_redress,label says MULTIPLE,administrative_outcome,administrative_outcome,administrative_outcome,,FALSE
S522,MULTIPLE,multiple,discretion_accommodation;enforcement_sanctions;fees_tariffs_subsidies;institutional_structure_coordination;participation_assistance;procedural_burden,label says MULTIPLE,effective_access,effective_access,effective_access,,FALSE
S523,MULTIPLE,multiple,discretion_accommodation;eligibility_status_documentation;enforcement_sanctions;fees_tariffs_subsidies;institutional_structure_coordination;participation_assistance;procedural_burden;review_redress,label says MULTIPLE,administrative_outcome,administrative_outcome,administrative_outcome,,FALSE
S524,MULTIPLE,multiple,discretion_accommodation;eligibility_status_documentation;fees_tariffs_subsidies;institutional_structure_coordination;participation_assistance;procedural_burden,label says MULTIPLE,primary_connection,primary_connection,primary_connection,,FALSE
S525,MULTIPLE,multiple,discretion_accommodation;eligibility_status_documentation;enforcement_sanctions;fees_tariffs_subsidies;institutional_structure_coordination;participation_assistance;procedural_burden,label says MULTIPLE,primary_connection,primary_connection,primary_connection,,FALSE
S526,MULTIPLE,multiple,discretion_accommodation;fees_tariffs_subsidies;institutional_structure_coordination;procedural_burden,label says MULTIPLE,economic_access,economic_access,economic_access,,FALSE
S527,MULTIPLE,multiple,discretion_accommodation;eligibility_status_documentation;institutional_structure_coordination;participation_assistance;procedural_burden,label says MULTIPLE,primary_connection,primary_connection,primary_connection,,FALSE
S528,MULTIPLE,multiple,discretion_accommodation;eligibility_status_documentation;institutional_structure_coordination;participation_assistance;procedural_burden,label says MULTIPLE,effective_access,effective_access,effective_access,,FALSE
S529,MULTIPLE,multiple,discretion_accommodation;eligibility_status_documentation;institutional_structure_coordination;participation_assistance;procedural_burden,label says MULTIPLE,primary_connection,primary_connection,primary_connection,,FALSE
S530,MULTIPLE,multiple,discretion_accommodation;eligibility_status_documentation;fees_tariffs_subsidies;institutional_structure_coordination;participation_assistance;procedural_burden,label says MULTIPLE,effective_access,effective_access,effective_access,,FALSE
S531,MULTIPLE,multiple,discretion_accommodation;eligibility_status_documentation;fees_tariffs_subsidies;institutional_structure_coordination;participation_assistance;procedural_burden,label says MULTIPLE,effective_access,effective_access,effective_access,,FALSE
S532,MULTIPLE,multiple,discretion_accommodation;eligibility_status_documentation;enforcement_sanctions;fees_tariffs_subsidies;institutional_structure_coordination;participation_assistance;procedural_burden,label says MULTIPLE,economic_access,economic_access,economic_access,,FALSE
S533,MULTIPLE,multiple,discretion_accommodation;eligibility_status_documentation;enforcement_sanctions;institutional_structure_coordination,label says MULTIPLE,effective_access,effective_access,effective_access,,FALSE
S534,DISCRETION_ACCOMMODATION,discretion_accommodation,discretion_accommodation;fees_tariffs_subsidies;institutional_structure_coordination;participation_assistance;procedural_burden,label keywords,effective_access,effective_access,effective_access,,FALSE
S535,DISCRETION_ACCOMMODATION,discretion_accommodation,discretion_accommodation;enforcement_sanctions;institutional_structure_coordination;participation_assistance,label keywords,effective_access,effective_access,effective_access,,FALSE
S536,MULTIPLE,multiple,discretion_accommodation;eligibility_status_documentation;fees_tariffs_subsidies;institutional_structure_coordination;participation_assistance;procedural_burden,label says MULTIPLE,effective_access,effective_access,effective_access,,FALSE
S537,MULTIPLE,multiple,eligibility_status_documentation;enforcement_sanctions;fees_tariffs_subsidies;institutional_structure_coordination;participation_assistance;procedural_burden,label says MULTIPLE,effective_access,effective_access,effective_access,,FALSE
S538,MULTIPLE,multiple,discretion_accommodation;eligibility_status_documentation;enforcement_sanctions;fees_tariffs_subsidies;institutional_structure_coordination;participation_assistance;procedural_burden,label says MULTIPLE,effective_access,effective_access,effective_access,,FALSE
S539,MULTIPLE,multiple,discretion_accommodation;eligibility_status_documentation;enforcement_sanctions;fees_tariffs_subsidies;institutional_structure_coordination;procedural_burden;review_redress,label says MULTIPLE,economic_access,economic_access,economic_access,,FALSE
S540,MULTIPLE,multiple,discretion_accommodation;eligibility_status_documentation;enforcement_sanctions;fees_tariffs_subsidies;institutional_structure_coordination;procedural_burden,label says MULTIPLE,effective_access,effective_access,effective_access,,FALSE
S541,MULTIPLE,multiple,discretion_accommodation;enforcement_sanctions;fees_tariffs_subsidies;institutional_structure_coordination;participation_assistance;procedural_burden,label says MULTIPLE,effective_access,effective_access,effective_access,,FALSE
S542,MULTIPLE,multiple,discretion_accommodation;enforcement_sanctions;fees_tariffs_subsidies;institutional_structure_coordination;procedural_burden,label says MULTIPLE,effective_access,effective_access,effective_access,,FALSE
S543,MULTIPLE,multiple,discretion_accommodation;eligibility_status_documentation;enforcement_sanctions;fees_tariffs_subsidies;institutional_structure_coordination;participation_assistance;procedural_burden,label says MULTIPLE,economic_access,economic_access,economic_access,,FALSE
S544,MULTIPLE,multiple,discretion_accommodation;eligibility_status_documentation;enforcement_sanctions;fees_tariffs_subsidies;institutional_structure_coordination;procedural_burden;review_redress,label says MULTIPLE,effective_access,effective_access,effective_access,,FALSE
S545,MULTIPLE,multiple,discretion_accommodation;eligibility_status_documentation;enforcement_sanctions;fees_tariffs_subsidies;institutional_structure_coordination;participation_assistance;procedural_burden;review_redress,label says MULTIPLE,effective_access,effective_access,effective_access,,FALSE
S546,MULTIPLE,multiple,discretion_accommodation;eligibility_status_documentation;enforcement_sanctions;fees_tariffs_subsidies;institutional_structure_coordination;participation_assistance;procedural_burden;review_redress,label says MULTIPLE,economic_access,economic_access,economic_access,,FALSE
S547,MULTIPLE,multiple,discretion_accommodation;eligibility_status_documentation;enforcement_sanctions;fees_tariffs_subsidies;institutional_structure_coordination;participation_assistance;procedural_burden,label says MULTIPLE,effective_access,effective_access,effective_access,,FALSE
S548,MULTIPLE,multiple,discretion_accommodation;enforcement_sanctions;institutional_structure_coordination;participation_assistance;procedural_burden,label says MULTIPLE,effective_access,effective_access,effective_access,,FALSE
S549,MULTIPLE,multiple,discretion_accommodation;eligibility_status_documentation;enforcement_sanctions;fees_tariffs_subsidies;institutional_structure_coordination;procedural_burden;review_redress,label says MULTIPLE,economic_access,economic_access,economic_access,,FALSE
S550,MULTIPLE,multiple,discretion_accommodation;eligibility_status_documentation;enforcement_sanctions;fees_tariffs_subsidies;institutional_structure_coordination;participation_assistance;procedural_burden;review_redress,label says MULTIPLE,effective_access,effective_access,effective_access,,FALSE
S551,MULTIPLE,multiple,eligibility_status_documentation;fees_tariffs_subsidies;institutional_structure_coordination;participation_assistance;procedural_burden,label says MULTIPLE,economic_access,economic_access,economic_access,,FALSE
S552,MULTIPLE,multiple,discretion_accommodation;eligibility_status_documentation;enforcement_sanctions;fees_tariffs_subsidies;institutional_structure_coordination;participation_assistance;procedural_burden,label says MULTIPLE,effective_access,effective_access,effective_access,,FALSE
S553,MULTIPLE,multiple,discretion_accommodation;eligibility_status_documentation;institutional_structure_coordination;participation_assistance;procedural_burden,label says MULTIPLE,effective_access,effective_access,effective_access,,FALSE
S554,MULTIPLE,multiple,discretion_accommodation;eligibility_status_documentation;enforcement_sanctions;fees_tariffs_subsidies;institutional_structure_coordination;participation_assistance;procedural_burden,label says MULTIPLE,economic_access,economic_access,economic_access,,FALSE
S555,MULTIPLE,multiple,discretion_accommodation;enforcement_sanctions;institutional_structure_coordination;procedural_burden,label says MULTIPLE,effective_access,effective_access,effective_access,,FALSE
S556,MULTIPLE,multiple,discretion_accommodation;eligibility_status_documentation;enforcement_sanctions;fees_tariffs_subsidies;institutional_structure_coordination;participation_assistance;procedural_burden;review_redress,label says MULTIPLE,effective_access,effective_access,effective_access,,FALSE
S557,MULTIPLE,multiple,discretion_accommodation;eligibility_status_documentation;enforcement_sanctions;fees_tariffs_subsidies;institutional_structure_coordination;participation_assistance;procedural_burden,label says MULTIPLE,effective_access,effective_access,effective_access,,FALSE
S558,MULTIPLE,multiple,discretion_accommodation;eligibility_status_documentation;enforcement_sanctions;fees_tariffs_subsidies;institutional_structure_coordination;procedural_burden;review_redress,label says MULTIPLE,economic_access,economic_access,economic_access,,FALSE
S559,MULTIPLE,multiple,discretion_accommodation;eligibility_status_documentation;enforcement_sanctions;fees_tariffs_subsidies;institutional_structure_coordination;participation_assistance;procedural_burden,label says MULTIPLE,effective_access,effective_access,effective_access,,FALSE
S560,MULTIPLE,multiple,discretion_accommodation;eligibility_status_documentation;enforcement_sanctions;fees_tariffs_subsidies;institutional_structure_coordination;participation_assistance;procedural_burden;review_redress,label says MULTIPLE,effective_access,effective_access,effective_access,,FALSE
S561,MULTIPLE,multiple,discretion_accommodation;eligibility_status_documentation;fees_tariffs_subsidies;institutional_structure_coordination;participation_assistance;procedural_burden;review_redress,label says MULTIPLE,economic_access,economic_access,economic_access,,FALSE
S562,MULTIPLE,multiple,discretion_accommodation;eligibility_status_documentation;enforcement_sanctions;fees_tariffs_subsidies;institutional_structure_coordination;participation_assistance;procedural_burden,label says MULTIPLE,effective_access,effective_access,effective_access,,FALSE
S563,MULTIPLE,multiple,discretion_accommodation;eligibility_status_documentation;enforcement_sanctions;fees_tariffs_subsidies;institutional_structure_coordination;participation_assistance;procedural_burden,label says MULTIPLE,effective_access,effective_access,effective_access,,FALSE
S564,MULTIPLE,multiple,discretion_accommodation;eligibility_status_documentation;enforcement_sanctions;fees_tariffs_subsidies;institutional_structure_coordination;participation_assistance;procedural_burden;review_redress,label says MULTIPLE,effective_access,effective_access,effective_access,,FALSE
S565,MULTIPLE,multiple,discretion_accommodation;eligibility_status_documentation;enforcement_sanctions;fees_tariffs_subsidies;institutional_structure_coordination;participation_assistance;procedural_burden,label says MULTIPLE,effective_access,effective_access,effective_access,,FALSE
S566,MULTIPLE,multiple,discretion_accommodation;institutional_structure_coordination;participation_assistance;procedural_burden;review_redress,label says MULTIPLE,effective_access,effective_access,effective_access,,FALSE
S567,MULTIPLE,multiple,discretion_accommodation;eligibility_status_documentation;enforcement_sanctions;fees_tariffs_subsidies;institutional_structure_coordination;participation_assistance;procedural_burden;review_redress,label says MULTIPLE,effective_access,effective_access,effective_access,,FALSE
S568,MULTIPLE,multiple,discretion_accommodation;enforcement_sanctions;institutional_structure_coordination;participation_assistance;procedural_burden;review_redress,label says MULTIPLE,effective_access,effective_access,effective_access,,FALSE
S569,MULTIPLE,multiple,discretion_accommodation;enforcement_sanctions;fees_tariffs_subsidies;institutional_structure_coordination;participation_assistance;procedural_burden,label says MULTIPLE,effective_access,effective_access,effective_access,,FALSE
S570,MULTIPLE,multiple,discretion_accommodation;eligibility_status_documentation;enforcement_sanctions;institutional_structure_coordination;participation_assistance;procedural_burden,label says MULTIPLE,effective_access,effective_access,effective_access,,FALSE
S571,institutional_governance,regulatory_model_ownership,fees_tariffs_subsidies;institutional_structure_coordination;participation_assistance;regulatory_model_ownership,label keywords,service_reliability,effective_access,effective_access,,FALSE
S572,landlord_tenant_exclusion,eligibility_status_documentation,discretion_accommodation;eligibility_status_documentation;enforcement_sanctions;fees_tariffs_subsidies;procedural_burden,label keywords,sanitation_access,effective_access,effective_access,,FALSE
S573,MULTIPLE,multiple,discretion_accommodation;fees_tariffs_subsidies;institutional_structure_coordination;participation_assistance;procedural_burden;review_redress,label says MULTIPLE,community_participation,unmapped_needs_review,,community_participation,TRUE
S574,institutional_governance,regulatory_model_ownership,discretion_accommodation;eligibility_status_documentation;enforcement_sanctions;fees_tariffs_subsidies;institutional_structure_coordination;participation_assistance;procedural_burden;regulatory_model_ownership,label keywords,water_access,effective_access,effective_access,,FALSE
S575,corruption_favouritism_distribution,discretion_accommodation,discretion_accommodation;eligibility_status_documentation;enforcement_sanctions;fees_tariffs_subsidies;institutional_structure_coordination;participation_assistance;procedural_burden;review_redress,label keywords,water_access,effective_access,effective_access,,FALSE
S576,informal_sector_legal_exclusion,eligibility_status_documentation,eligibility_status_documentation;enforcement_sanctions;fees_tariffs_subsidies;institutional_structure_coordination;procedural_burden,label keywords,sanitation_access,effective_access,effective_access,,FALSE
S577,tariff_subsidy_design,fees_tariffs_subsidies,discretion_accommodation;eligibility_status_documentation;fees_tariffs_subsidies;institutional_structure_coordination;procedural_burden,label keywords,affordability,economic_access,economic_access,,FALSE
S578,concession_contract_institutional_fragmentation,multiple,discretion_accommodation;eligibility_status_documentation;fees_tariffs_subsidies;institutional_structure_coordination;participation_assistance;procedural_burden;regulatory_model_ownership;review_redress,label keywords,water_access,effective_access,effective_access,,FALSE
S579,informal_vendor_illegality_tariff_rationing,multiple,discretion_accommodation;eligibility_status_documentation;enforcement_sanctions;fees_tariffs_subsidies;institutional_structure_coordination;procedural_burden,label keywords,affordability,economic_access,economic_access,,FALSE
S580,indigenous_land_title_consortium_formation,eligibility_status_documentation,discretion_accommodation;eligibility_status_documentation;institutional_structure_coordination;participation_assistance;procedural_burden;review_redress,label keywords,water_access,effective_access,effective_access,,FALSE
S581,municipal_water_policy_political_institutional_logics,unmapped_needs_review,discretion_accommodation;eligibility_status_documentation;enforcement_sanctions;fees_tariffs_subsidies;institutional_structure_coordination;participation_assistance;procedural_burden;review_redress,none,service_reliability,effective_access,effective_access,,TRUE
S582,hybrid_public_private_maintenance_repair_legality,regulatory_model_ownership,discretion_accommodation;enforcement_sanctions;fees_tariffs_subsidies;institutional_structure_coordination;participation_assistance;procedural_burden;regulatory_model_ownership;review_redress,label keywords,service_reliability,effective_access,effective_access,,FALSE
S583,administrative_boundary_discretionary_extension_decision,multiple,discretion_accommodation;eligibility_status_documentation;fees_tariffs_subsidies;institutional_structure_coordination;participation_assistance;procedural_burden;review_redress,label keywords,water_access,effective_access,effective_access,,FALSE
S584,judicial_enforcement_reconnection,multiple,discretion_accommodation;eligibility_status_documentation;enforcement_sanctions;fees_tariffs_subsidies;institutional_structure_coordination;participation_assistance;procedural_burden;review_redress,label keywords,water_access,effective_access,effective_access,,FALSE
S585,broken_ppp_compensation_promise,regulatory_model_ownership,discretion_accommodation;eligibility_status_documentation;enforcement_sanctions;institutional_structure_coordination;procedural_burden;regulatory_model_ownership;review_redress,label keywords,water_access,effective_access,effective_access,,FALSE
S586,informal_community_exclusion_rule_utility_discretion,multiple,discretion_accommodation;eligibility_status_documentation;enforcement_sanctions;fees_tariffs_subsidies;institutional_structure_coordination;participation_assistance;procedural_burden,label keywords,water_access,effective_access,effective_access,,FALSE
S587,legal_non_recognition_land_tenure_exclusion,eligibility_status_documentation,discretion_accommodation;eligibility_status_documentation;enforcement_sanctions;fees_tariffs_subsidies;institutional_structure_coordination;participation_assistance;procedural_burden,label keywords,water_access,effective_access,effective_access,,FALSE
S588,land_tenure_connection_fee_exclusion,multiple,discretion_accommodation;eligibility_status_documentation;enforcement_sanctions;fees_tariffs_subsidies;institutional_structure_coordination;participation_assistance;procedural_burden,label keywords,water_access,effective_access,effective_access,,FALSE
S589,decentralized_governance_regressive_subsidy_incidence,multiple,fees_tariffs_subsidies;institutional_structure_coordination;procedural_burden;regulatory_model_ownership,label keywords,economic_access,economic_access,economic_access,,FALSE
S590,franchise_voting_power_infrastructure_investment,unmapped_needs_review,discretion_accommodation;eligibility_status_documentation;fees_tariffs_subsidies;institutional_structure_coordination;participation_assistance;procedural_burden,none,primary_connection,primary_connection,primary_connection,,TRUE
S591,employment_housing_linked_utility_access_fiscal_decentralization,institutional_structure_coordination,discretion_accommodation;eligibility_status_documentation;fees_tariffs_subsidies;institutional_structure_coordination;procedural_burden,label keywords,effective_access,effective_access,effective_access,,FALSE
S592,utility_privatization_governance_connection_target_community_comanagement,multiple,discretion_accommodation;eligibility_status_documentation;fees_tariffs_subsidies;institutional_structure_coordination;participation_assistance;procedural_burden;regulatory_model_ownership,label keywords,primary_connection,primary_connection,primary_connection,,FALSE
S593,administrative_classification_fiscal_autonomy_service_equity,unmapped_needs_review,fees_tariffs_subsidies;institutional_structure_coordination;procedural_burden;review_redress,none,primary_connection,primary_connection,primary_connection,,TRUE
S594,emergency_manager_law_court_ordered_remediation,review_redress,discretion_accommodation;eligibility_status_documentation;enforcement_sanctions;fees_tariffs_subsidies;institutional_structure_coordination;participation_assistance;procedural_burden;review_redress,label keywords,service_quality,effective_access,effective_access,,FALSE
S595,constitutional_right_rationing_device_settlement_classification,unmapped_needs_review,discretion_accommodation;eligibility_status_documentation;enforcement_sanctions;fees_tariffs_subsidies;institutional_structure_coordination;procedural_burden;review_redress,none,service_quantity,effective_access,effective_access,,TRUE
S596,land_title_connection_requirement_tenure_insecurity,eligibility_status_documentation,eligibility_status_documentation;enforcement_sanctions;fees_tariffs_subsidies;institutional_structure_coordination;participation_assistance;procedural_burden,label keywords,affordability,economic_access,economic_access,,FALSE
S597,clts_policy_ambiguity_institutional_coordination_failure,institutional_structure_coordination,discretion_accommodation;eligibility_status_documentation;enforcement_sanctions;fees_tariffs_subsidies;institutional_structure_coordination;participation_assistance;procedural_burden,label keywords,service_coverage,effective_access,effective_access,,FALSE
S598,wash_institutional_reform_donor_program_household_security,regulatory_model_ownership,eligibility_status_documentation;institutional_structure_coordination;procedural_burden;regulatory_model_ownership,label keywords,service_reliability,effective_access,effective_access,,FALSE
S599,community_water_institution_presence_access,participation_assistance,discretion_accommodation;eligibility_status_documentation;enforcement_sanctions;fees_tariffs_subsidies;institutional_structure_coordination;participation_assistance;procedural_burden;review_redress,label keywords,primary_connection,primary_connection,primary_connection,,FALSE
S600,institutional_arrangement_type_utility_performance,unmapped_needs_review,discretion_accommodation;eligibility_status_documentation;fees_tariffs_subsidies;institutional_structure_coordination;participation_assistance;procedural_burden;review_redress,none,affordability,economic_access,economic_access,,TRUE
S601,structural_interdict_judicial_enforcement_sanitation,multiple,discretion_accommodation;eligibility_status_documentation;enforcement_sanctions;institutional_structure_coordination;participation_assistance;procedural_burden;review_redress,label keywords,service_quality,effective_access,effective_access,,FALSE
S602,land_use_zoning_political_instability_service_exclusion,institutional_structure_coordination,discretion_accommodation;eligibility_status_documentation;enforcement_sanctions;fees_tariffs_subsidies;institutional_structure_coordination;participation_assistance;procedural_burden,label keywords,service_coverage,effective_access,effective_access,,FALSE
S603,unenforced_extraction_permit_market_self_governance,multiple,discretion_accommodation;eligibility_status_documentation;enforcement_sanctions;fees_tariffs_subsidies;institutional_structure_coordination;procedural_burden;regulatory_model_ownership,label keywords,affordability,economic_access,economic_access,,FALSE
S604,decentralization_institutional_fragmentation_bylaw_nonenforcement,multiple,discretion_accommodation;eligibility_status_documentation;enforcement_sanctions;fees_tariffs_subsidies;institutional_structure_coordination;participation_assistance;procedural_burden;review_redress,label keywords,service_coverage,effective_access,effective_access,,FALSE
S605,formal_community_institution_negotiated_tenure_infrastructure,multiple,discretion_accommodation;eligibility_status_documentation;fees_tariffs_subsidies;institutional_structure_coordination;participation_assistance;procedural_burden;review_redress,label keywords,primary_connection,primary_connection,primary_connection,,FALSE
S606,hukou_registration_status_infrastructure_exclusion,unmapped_needs_review,discretion_accommodation;eligibility_status_documentation;institutional_structure_coordination,none,service_coverage,effective_access,effective_access,,TRUE
S607,cbwm_legal_recognition_registration_institutional_capacity,eligibility_status_documentation,discretion_accommodation;eligibility_status_documentation;fees_tariffs_subsidies;institutional_structure_coordination;participation_assistance;procedural_burden,label keywords,service_coverage,effective_access,effective_access,,FALSE
S608,decentralized_panchayat_governance_discretionary_allocation_caste_exclusion,multiple,discretion_accommodation;eligibility_status_documentation;fees_tariffs_subsidies;institutional_structure_coordination;participation_assistance;procedural_burden;regulatory_model_ownership;review_redress,label keywords,primary_connection,primary_connection,primary_connection,,FALSE
S609,water_metering_tariff_policy_gap_household_coverage,fees_tariffs_subsidies,discretion_accommodation;eligibility_status_documentation;enforcement_sanctions;fees_tariffs_subsidies;institutional_structure_coordination;procedural_burden;review_redress,label keywords,service_coverage,effective_access,effective_access,,FALSE
S610,water_quality_regulation_funding_capital_cost_household_access,unmapped_needs_review,discretion_accommodation;enforcement_sanctions;fees_tariffs_subsidies;institutional_structure_coordination;participation_assistance;procedural_burden,none,affordability,economic_access,economic_access,,TRUE
S611,water_policy_decentralization_municipal_capacity_household_connection,institutional_structure_coordination,discretion_accommodation;eligibility_status_documentation;enforcement_sanctions;fees_tariffs_subsidies;institutional_structure_coordination;participation_assistance;procedural_burden;review_redress,label keywords,service_coverage,effective_access,effective_access,,FALSE
S612,informal_unregulated_pipe_networks_household_access,eligibility_status_documentation,discretion_accommodation;eligibility_status_documentation;enforcement_sanctions;fees_tariffs_subsidies;institutional_structure_coordination;participation_assistance;procedural_burden;review_redress,label keywords,service_reliability,effective_access,effective_access,,FALSE
S613,weak_water_regulation_enforcement_household_intermittency_affordability,enforcement_sanctions,discretion_accommodation;eligibility_status_documentation;enforcement_sanctions;fees_tariffs_subsidies;institutional_structure_coordination;participation_assistance;procedural_burden;review_redress,label keywords,service_reliability,effective_access,effective_access,,FALSE
S614,informal_illegal_water_provider_legal_status_household_access,multiple,discretion_accommodation;eligibility_status_documentation;enforcement_sanctions;fees_tariffs_subsidies;institutional_structure_coordination;participation_assistance;procedural_burden,label keywords,service_reliability,effective_access,effective_access,,FALSE
S615,cbwm_legal_authorization_wmc_eligibility_household_connection_type,eligibility_status_documentation,discretion_accommodation;eligibility_status_documentation;enforcement_sanctions;fees_tariffs_subsidies;institutional_structure_coordination;participation_assistance;procedural_burden,label keywords,service_quantity,effective_access,effective_access,,FALSE
S616,constitutional_right_to_water_prepaid_meter_disconnection_risk,enforcement_sanctions,discretion_accommodation;eligibility_status_documentation;enforcement_sanctions;fees_tariffs_subsidies;institutional_structure_coordination;participation_assistance;procedural_burden;review_redress,label keywords,affordability,economic_access,economic_access,,FALSE
S617,unrecognized_settlement_status_illegal_connection_household_access,multiple,discretion_accommodation;eligibility_status_documentation;enforcement_sanctions;fees_tariffs_subsidies;institutional_structure_coordination;participation_assistance;procedural_burden;review_redress,label keywords,service_quantity,effective_access,effective_access,,FALSE
S618,"institutional arrangement (delegated management model, community-public partnership, privatization/PPP, community self-help)",multiple,discretion_accommodation;eligibility_status_documentation;enforcement_sanctions;fees_tariffs_subsidies;institutional_structure_coordination;participation_assistance;procedural_burden;regulatory_model_ownership;review_redress,label keywords,household connection rate / service coverage / reliability / affordability,primary_connection,primary_connection,,FALSE
S619,"application/eligibility procedure, statutory free-basic-water entitlement, legally-mandated community participation, informal-settlement legal status",multiple,discretion_accommodation;eligibility_status_documentation;enforcement_sanctions;fees_tariffs_subsidies;institutional_structure_coordination;participation_assistance;procedural_burden;review_redress,label keywords,household connection type / service coverage / quantity / affordability / service parity,primary_connection,primary_connection,,FALSE
S620,"institutional/municipal vs. private water-supply arrangement (payment-amount proxy), location-based differential institutional coverage",regulatory_model_ownership,fees_tariffs_subsidies;institutional_structure_coordination;procedural_burden;regulatory_model_ownership,label keywords,"household drinking-water access (piped supply, sufficiency, daily availability, quality)",effective_access,effective_access,sufficiency;daily availability,TRUE
S621,"public-private-community institutional partnership model for water treatment service delivery (panchayat resolutions, tripartite agreements, village development councils)",multiple,discretion_accommodation;eligibility_status_documentation;fees_tariffs_subsidies;institutional_structure_coordination;participation_assistance;procedural_burden;regulatory_model_ownership,label keywords,service coverage / quantity / affordability / inclusiveness,economic_access,economic_access,,FALSE
S622,informal/illegal settlement legal status barring formal service extension,multiple,discretion_accommodation;eligibility_status_documentation;enforcement_sanctions;fees_tariffs_subsidies;institutional_structure_coordination;participation_assistance;procedural_burden;review_redress,label keywords,"household water/sanitation access, formal connection refusal, self-provision",multiple,administrative_outcome;effective_access,self-provision,TRUE
S623,lack of legal land documentation / building permit barring formal utility connection,multiple,eligibility_status_documentation;enforcement_sanctions;institutional_structure_coordination;procedural_burden;review_redress,label keywords,household connection / service coverage / sanitation access,primary_connection,primary_connection,,FALSE
S624,central-government service-centralization directive contravening statutory local-authority mandate,unmapped_needs_review,discretion_accommodation;eligibility_status_documentation;enforcement_sanctions;fees_tariffs_subsidies;institutional_structure_coordination;procedural_burden;review_redress,none,service coverage / quantity / reliability / affordability / health outcomes,economic_access,economic_access,,TRUE
S625,land-title/construction-permit requirement and municipal debt-conditionality barring/withdrawing formal connection,multiple,discretion_accommodation;eligibility_status_documentation;enforcement_sanctions;fees_tariffs_subsidies;institutional_structure_coordination;procedural_burden;review_redress,label keywords,household connection / affordability / water quality,primary_connection,primary_connection,,FALSE
S626,regulatory ban on self-supply (wells/boreholes) and informal vending,multiple,discretion_accommodation;eligibility_status_documentation;enforcement_sanctions;fees_tariffs_subsidies;institutional_structure_coordination;procedural_burden;regulatory_model_ownership,label keywords,coping-strategy availability / household water access,effective_access,effective_access,,FALSE
S627,weak/non-existent regulatory enforcement of WASH standards in public spaces,multiple,discretion_accommodation;eligibility_status_documentation;enforcement_sanctions;fees_tariffs_subsidies;institutional_structure_coordination;procedural_burden;regulatory_model_ownership,label keywords,facility water-supply/toilet-provision coverage and service quality,effective_access,effective_access,,FALSE
S628,government slum-notification/recognition status and inter-agency jurisdictional disputes,multiple,discretion_accommodation;eligibility_status_documentation;enforcement_sanctions;fees_tariffs_subsidies;institutional_structure_coordination;participation_assistance;procedural_burden;review_redress,label keywords,service interruption / coverage / affordability / health outcomes,economic_access,economic_access,,FALSE
S629,"village-government O&M funding constraints, state infrastructure-program failure, school-district water-rationing rule",unmapped_needs_review,discretion_accommodation;enforcement_sanctions;institutional_structure_coordination;participation_assistance;procedural_burden,none,household water consumption / access / quality,effective_access,effective_access,,TRUE
S630,mandatory self-supply regulation shifting water-provision responsibility to households,unmapped_needs_review,discretion_accommodation;eligibility_status_documentation;enforcement_sanctions;fees_tariffs_subsidies;institutional_structure_coordination;participation_assistance;procedural_burden,none,"household water access, quantity, reliability",effective_access,effective_access,,TRUE
S631,administrative jurisdiction-splitting (local government proliferation),institutional_structure_coordination,discretion_accommodation;enforcement_sanctions;institutional_structure_coordination,label keywords,household water/sanitation access percentage,effective_access,effective_access,,FALSE
S632,water-sector privatization contravening statutory state-responsibility mandate,unmapped_needs_review,discretion_accommodation;enforcement_sanctions;fees_tariffs_subsidies;institutional_structure_coordination;procedural_burden;review_redress,none,household connection / coverage / affordability / service quality,primary_connection,primary_connection,,TRUE
S633,village-government legal status/decrees and program governance shaping community water-body sustainability,multiple,discretion_accommodation;eligibility_status_documentation;fees_tariffs_subsidies;institutional_structure_coordination;participation_assistance;procedural_burden;regulatory_model_ownership,label keywords,"rural household water/sanitation access, service-delivery sustainability",effective_access,effective_access,,FALSE
S634,tenure-based connection refusal and illegal pan-latrine status barring formal water/sanitation access,multiple,eligibility_status_documentation;enforcement_sanctions;fees_tariffs_subsidies;institutional_structure_coordination;procedural_burden;review_redress,label keywords,"household water-source type, sanitation-facility access, cholera incidence",effective_access,effective_access,cholera incidence,TRUE
S635,legally-institutionalized participatory co-production water-governance mechanism,multiple,discretion_accommodation;institutional_structure_coordination;participation_assistance;procedural_burden;regulatory_model_ownership;review_redress,label keywords,household water-delivery predictability and service quality,effective_access,effective_access,,FALSE
S636,intergovernmental fiscal/administrative performance-grant mechanism,unmapped_needs_review,eligibility_status_documentation;institutional_structure_coordination;participation_assistance;procedural_burden,none,household formal water connection,primary_connection,primary_connection,,TRUE
S637,dual statutory/customary water governance and gender-based exclusion from statutory institutions,regulatory_model_ownership,discretion_accommodation;eligibility_status_documentation;enforcement_sanctions;fees_tariffs_subsidies;institutional_structure_coordination;participation_assistance;procedural_burden;regulatory_model_ownership;review_redress,label keywords,"household water access, conflict over quantity/reliability",effective_access,effective_access,,FALSE
S638,NGO-facilitated institutional workaround to a legal-tenure connection barrier,eligibility_status_documentation,discretion_accommodation;eligibility_status_documentation;fees_tariffs_subsidies;institutional_structure_coordination;participation_assistance;procedural_burden,label keywords,household formal water connection,primary_connection,primary_connection,,FALSE
S639,municipal water-connection licensing system and its social-class distribution,unmapped_needs_review,discretion_accommodation;eligibility_status_documentation;enforcement_sanctions;fees_tariffs_subsidies;institutional_structure_coordination;procedural_burden,none,"household/institutional water connection, spatial access inequality",multiple,effective_access;primary_connection,,TRUE
S640,spatially-differentiated legal service-provision model and traditional-authority land governance,regulatory_model_ownership,discretion_accommodation;eligibility_status_documentation;fees_tariffs_subsidies;institutional_structure_coordination;participation_assistance;regulatory_model_ownership;review_redress,label keywords,household water/sanitation service type and coverage,effective_access,effective_access,,FALSE
S641,water-committee administrative-governance characteristics,regulatory_model_ownership,discretion_accommodation;eligibility_status_documentation;enforcement_sanctions;fees_tariffs_subsidies;institutional_structure_coordination;participation_assistance;procedural_burden;regulatory_model_ownership;review_redress,label keywords,water-scheme functionality/reliability,effective_access,effective_access,,FALSE
S642,notified/non-notified slum legal status and ward-level political fragmentation/clientelism,institutional_structure_coordination,discretion_accommodation;eligibility_status_documentation;institutional_structure_coordination;participation_assistance;review_redress,label keywords,household water/sanitation/drainage access,effective_access,effective_access,,FALSE
S643,connection-subsidy policy and land-tenure barriers in informal settlements,multiple,discretion_accommodation;eligibility_status_documentation;enforcement_sanctions;fees_tariffs_subsidies;institutional_structure_coordination;participation_assistance;procedural_burden,label keywords,"household formal water connection, coverage",multiple,effective_access;primary_connection,,FALSE
S644,centralized vs. decentralized water-service governance,multiple,discretion_accommodation;fees_tariffs_subsidies;institutional_structure_coordination;procedural_burden;regulatory_model_ownership,label keywords,"household willingness-to-pay, service-provider preference",effective_access,effective_access,household willingness-to-pay,TRUE
S645,flat-rate facility-fee structures and exclusion from water-user-committee governance,multiple,discretion_accommodation;eligibility_status_documentation;fees_tariffs_subsidies;institutional_structure_coordination;participation_assistance;procedural_burden;regulatory_model_ownership,label keywords,WASH access and utilization among a vulnerable population (PLWHA),effective_access,effective_access,utilization among a vulnerable population (plwha),TRUE
S646,flat annual-rental-value (ARV) based water-tariff policy absent metering,fees_tariffs_subsidies,fees_tariffs_subsidies;institutional_structure_coordination,label keywords,"household service reliability, affordability, and coping behavior",multiple,economic_access;effective_access,coping behavior,TRUE
S647,constitutional water-rights litigation and pre-payment-meter policy,review_redress,eligibility_status_documentation;enforcement_sanctions;review_redress,label keywords,household water/sanitation service-type access and entitlement quantity,effective_access,effective_access,,FALSE
S648,water-service concession privatization and civil-society transparency-law advocacy,regulatory_model_ownership,fees_tariffs_subsidies;participation_assistance;regulatory_model_ownership,label keywords,"household formal connection, coverage",multiple,effective_access;primary_connection,,FALSE
S649,federal intergovernmental fiscal-transfer allocation under constitutionally assigned municipal water governance,regulatory_model_ownership,institutional_structure_coordination;regulatory_model_ownership,label keywords,household piped-water coverage,effective_access,effective_access,,FALSE
S650,constitutional water-rights framework and multi-agency institutional fragmentation,institutional_structure_coordination,institutional_structure_coordination,label keywords,"household water/sanitation access disaggregated by ethnicity, income, region",effective_access,effective_access,income;region,TRUE
S651,water-utility privatization/regulatory framework (affermage management contract),regulatory_model_ownership,regulatory_model_ownership,label keywords,"household connection, reliability, affordability, and health outcome",multiple,economic_access;effective_access;primary_connection,health outcome,TRUE
S652,tenure-based exclusion from statutory connection and informal political-institutional water governance,multiple,eligibility_status_documentation;participation_assistance;regulatory_model_ownership,label keywords,"household water access, price, and reliability",multiple,economic_access;effective_access,,FALSE
S653,post-conflict decentralized institutional/legal water-governance framework,multiple,institutional_structure_coordination;regulatory_model_ownership,label keywords,household water-service continuity/satisfaction and willingness-to-pay,effective_access,effective_access,willingness-to-pay,TRUE
S654,weakly-enforced groundwater-extraction/transport licensing regime and land-tied groundwater-rights doctrine,enforcement_sanctions,eligibility_status_documentation;enforcement_sanctions;fees_tariffs_subsidies,label keywords,"household water access, quality, and affordability",multiple,economic_access;effective_access,,FALSE
S655,tenure-based institutional barriers to formal service extension and landowner-consent requirements,eligibility_status_documentation,eligibility_status_documentation,label keywords,household water/sanitation service access with gendered burden,economic_access,economic_access,,FALSE
S656,"tenure-based illegality barring statutory connection, with documented enforcement/disconnection actions",multiple,eligibility_status_documentation;enforcement_sanctions,label keywords,"household water access, quality, and affordability",multiple,economic_access;effective_access,,FALSE
S657,"sanitation-financing institutional mechanisms (household subsidies vs. micro-finance, sanitation-surcharge fees, decentralization without financial transfer, land-tenure barriers)",multiple,eligibility_status_documentation;fees_tariffs_subsidies;institutional_structure_coordination,label keywords,household sanitation access/coverage,effective_access,effective_access,,FALSE
S658,water-district territorial exclusion denying voting rights and political standing over service-provision decisions,unmapped_needs_review,eligibility_status_documentation;participation_assistance;review_redress,none,household water/sanitation service access and connection,multiple,effective_access;primary_connection,,TRUE
S659,water-supply concession-contract regulatory framework and cross-subsidy policy for the urban poor,multiple,fees_tariffs_subsidies;regulatory_model_ownership,label keywords,"household formal connection, coverage",multiple,effective_access;primary_connection,,FALSE
S660,judicial-review-driven statutory disconnection ban and vulnerable-consumer protection regulations,multiple,enforcement_sanctions;review_redress,label keywords,household water access and affordability protection,multiple,economic_access;effective_access,,FALSE
S661,privatization-driven institutional shift from social-equity to market-environmental water charging,unmapped_needs_review,fees_tariffs_subsidies,none,household water affordability and consumption,economic_access,economic_access,consumption,TRUE
S662,legal provision for operation and maintenance of urban water infrastructure,unmapped_needs_review,institutional_structure_coordination,none,infrastructure functionality and water supply service status,effective_access,effective_access,infrastructure functionality,TRUE
S663,disability-policy implementation gap in WASH access provision,unmapped_needs_review,discretion_accommodation;eligibility_status_documentation;enforcement_sanctions,none,"household/individual water, sanitation and hygiene access and safety",effective_access,effective_access,safety,TRUE
S664,concession/affermage/licensing regulatory arrangements for water supply and vending,regulatory_model_ownership,fees_tariffs_subsidies;regulatory_model_ownership,label keywords,"household water access, coverage and affordability",multiple,economic_access;effective_access,,FALSE
S665,"privatization, concession, and nationalization of water-sector ownership structures",regulatory_model_ownership,fees_tariffs_subsidies;regulatory_model_ownership,label keywords,household formal connection and service coverage,multiple,effective_access;primary_connection,,FALSE
S666,statutory water/sewerage provision duty and tariff-approval/cross-subsidy regulatory framework,multiple,fees_tariffs_subsidies;regulatory_model_ownership,label keywords,"household formal connection, coverage and affordability",multiple,economic_access;effective_access;primary_connection,,FALSE
S667,"water-sector legal reform and regulatory-body establishment (tariff-setting, resource-management, consumer protection)",multiple,fees_tariffs_subsidies;regulatory_model_ownership,label keywords,"household water access, coverage and affordability",multiple,economic_access;effective_access,,FALSE
S668,informal/unwritten institutional rules governing non-state water provision alongside statutory utility limited capacity,eligibility_status_documentation,eligibility_status_documentation;institutional_structure_coordination,label keywords,"household water access, coverage and affordability",multiple,economic_access;effective_access,,FALSE
S669,municipal water/sanitation regulatory constraint and negotiated co-production institutional workaround,regulatory_model_ownership,discretion_accommodation;participation_assistance;regulatory_model_ownership,label keywords,settlement-level water and sanitation infrastructure access and quality,effective_access,effective_access,,FALSE
S670,"decentralized rural water management regulatory/institutional capacity (institutional, financial, human-resource, technical, social)",multiple,fees_tariffs_subsidies;institutional_structure_coordination;participation_assistance;regulatory_model_ownership,label keywords,"rural community water supply access, reliability and management sustainability",effective_access,effective_access,management sustainability,TRUE
S671,municipal resource-governance failure and unplanned-settlement exclusion from the formal piped-water grid,regulatory_model_ownership,fees_tariffs_subsidies;regulatory_model_ownership,label keywords,"household water access, affordability and informal coping strategies",multiple,economic_access;effective_access;primary_connection,,FALSE
S672,dissonance between customary and statutory water-governance institutions,regulatory_model_ownership,eligibility_status_documentation;enforcement_sanctions;regulatory_model_ownership,label keywords,"household water access, affordability and cost-recovery tariff burden",multiple,economic_access;effective_access,,FALSE
S673,decentralization-policy constraints and traditional-authority governance over community water management,multiple,institutional_structure_coordination;participation_assistance;regulatory_model_ownership,label keywords,rural community water-project sustainability and access outcomes,effective_access,effective_access,,FALSE
S674,administrative-territory legal codification determining eligibility for officially funded water infrastructure,eligibility_status_documentation,eligibility_status_documentation;institutional_structure_coordination,label keywords,village-level improved drinking water source access and coverage,effective_access,effective_access,,FALSE
S675,"Free Basic Water policy, means-testing, disconnection enforcement, and litigated constitutional challenge",multiple,enforcement_sanctions;review_redress,label keywords,"household water/sanitation access, disconnection, and affordability",multiple,economic_access;effective_access;primary_connection,,FALSE
S676,statutory exclusion of informal settlements from public water services,eligibility_status_documentation,eligibility_status_documentation,label keywords,"household water access, affordability, and coping strategies",multiple,economic_access;effective_access,coping strategies,TRUE
S677,state-planned rural water-network expansion producing intervillage and caste/gender differentiation,unmapped_needs_review,,none,"household water access, network connection, and collection-time burden",multiple,economic_access;effective_access;primary_connection,,TRUE
S678,dissonance between statutory water law and customary/project-based water rights,unmapped_needs_review,eligibility_status_documentation;institutional_structure_coordination,none,household water access across four historical development periods,effective_access,effective_access,,TRUE
S679,DISCRETION_ACCOMMODATION,discretion_accommodation,discretion_accommodation;institutional_structure_coordination;participation_assistance,label keywords,primary_connection,primary_connection,primary_connection,,FALSE
S680,DISCRETION_ACCOMMODATION,discretion_accommodation,discretion_accommodation;eligibility_status_documentation;participation_assistance,label keywords,primary_connection,primary_connection,primary_connection,,FALSE
S681,DISCRETION_ACCOMMODATION,discretion_accommodation,discretion_accommodation;eligibility_status_documentation;institutional_structure_coordination,label keywords,service_coverage,effective_access,effective_access,,FALSE
S682,DISCRETION_ACCOMMODATION,discretion_accommodation,discretion_accommodation;eligibility_status_documentation;participation_assistance,label keywords,primary_connection,primary_connection,primary_connection,,FALSE
S683,ELIGIBILITY,eligibility_status_documentation,eligibility_status_documentation;fees_tariffs_subsidies,label keywords,effective_access,effective_access,effective_access,,FALSE
S684,DISCRETION_ACCOMMODATION,discretion_accommodation,discretion_accommodation;eligibility_status_documentation;fees_tariffs_subsidies;institutional_structure_coordination;participation_assistance;review_redress,label keywords,sanitation_access,effective_access,effective_access,,FALSE
S685,ELIGIBILITY,eligibility_status_documentation,eligibility_status_documentation;fees_tariffs_subsidies,label keywords,effective_access,effective_access,effective_access,,FALSE
S686,REGULATORY_MODEL,regulatory_model_ownership,enforcement_sanctions;fees_tariffs_subsidies;regulatory_model_ownership,label keywords,affordability,economic_access,economic_access,,FALSE
S687,TENURE,eligibility_status_documentation,eligibility_status_documentation;participation_assistance,label keywords,formal_connection,primary_connection,primary_connection,,FALSE
S688,PARTICIPATION,participation_assistance,eligibility_status_documentation;participation_assistance,label keywords,effective_access,effective_access,effective_access,,FALSE
S689,ELIGIBILITY,eligibility_status_documentation,eligibility_status_documentation;institutional_structure_coordination,label keywords,effective_access,effective_access,effective_access,,FALSE
S690,REGULATORY_MODEL,regulatory_model_ownership,institutional_structure_coordination;regulatory_model_ownership,label keywords,service_quantity,effective_access,effective_access,,FALSE
S691,REGULATORY_MODEL,regulatory_model_ownership,fees_tariffs_subsidies;regulatory_model_ownership,label keywords,formal_connection,primary_connection,primary_connection,,FALSE
S692,institutional_fragmentation,institutional_structure_coordination,institutional_structure_coordination,label keywords,service_coverage,effective_access,effective_access,,FALSE
S693,institutional_fragmentation,institutional_structure_coordination,institutional_structure_coordination;participation_assistance,label keywords,sanitation_access,effective_access,effective_access,,FALSE
S694,REGULATORY_MODEL,regulatory_model_ownership,fees_tariffs_subsidies;regulatory_model_ownership;review_redress,label keywords,affordability,economic_access,economic_access,,FALSE
S695,administrative discretion in tariff-setting,multiple,discretion_accommodation;fees_tariffs_subsidies,label keywords,affordability,economic_access,economic_access,,FALSE
S696,democratization as institutional accountability mechanism moderating pro-urban bias,unmapped_needs_review,,none,effective_access,effective_access,effective_access,,TRUE
S697,MULTIPLE,multiple,participation_assistance,label says MULTIPLE,effective_access,effective_access,effective_access,,FALSE
S698,institutional_fragmentation,institutional_structure_coordination,fees_tariffs_subsidies;institutional_structure_coordination,label keywords,formal_connection,primary_connection,primary_connection,,FALSE
S699,customary common property resource management institutions,eligibility_status_documentation,eligibility_status_documentation,label keywords,effective_access,effective_access,effective_access,,FALSE
S700,PARTICIPATION,participation_assistance,participation_assistance,label keywords,effective_access,effective_access,effective_access,,FALSE
S701,discretion_accommodation,discretion_accommodation,discretion_accommodation;eligibility_status_documentation,label keywords,effective_access,effective_access,effective_access,,FALSE
S702,institutional_fragmentation,institutional_structure_coordination,discretion_accommodation;eligibility_status_documentation;enforcement_sanctions;institutional_structure_coordination,label keywords,service_coverage,effective_access,effective_access,,FALSE
S703,discretion_accommodation,discretion_accommodation,discretion_accommodation;eligibility_status_documentation;fees_tariffs_subsidies;institutional_structure_coordination,label keywords,effective_access,effective_access,effective_access,,FALSE
S704,institutional_fragmentation,institutional_structure_coordination,eligibility_status_documentation;enforcement_sanctions;fees_tariffs_subsidies;institutional_structure_coordination;procedural_burden,label keywords,affordability,economic_access,economic_access,,FALSE
S705,institutional_fragmentation,institutional_structure_coordination,enforcement_sanctions;fees_tariffs_subsidies;institutional_structure_coordination,label keywords,affordability,economic_access,economic_access,,FALSE
S706,tenure,eligibility_status_documentation,eligibility_status_documentation;fees_tariffs_subsidies;institutional_structure_coordination;review_redress,label keywords,service_coverage,effective_access,effective_access,,FALSE
S707,tenure,eligibility_status_documentation,eligibility_status_documentation;fees_tariffs_subsidies;institutional_structure_coordination,label keywords,sanitation_access,effective_access,effective_access,,FALSE
S708,institutional_fragmentation,institutional_structure_coordination,discretion_accommodation;institutional_structure_coordination;participation_assistance,label keywords,service_coverage,effective_access,effective_access,,FALSE
S709,property,eligibility_status_documentation,eligibility_status_documentation;enforcement_sanctions;fees_tariffs_subsidies;institutional_structure_coordination;participation_assistance,label keywords,affordability,economic_access,economic_access,,FALSE
S710,institutional_fragmentation,institutional_structure_coordination,enforcement_sanctions;fees_tariffs_subsidies;institutional_structure_coordination;participation_assistance,label keywords,service_coverage,effective_access,effective_access,,FALSE
S711,tenure,eligibility_status_documentation,eligibility_status_documentation;institutional_structure_coordination;participation_assistance,label keywords,formal_connection,primary_connection,primary_connection,,FALSE
S712,enforcement,enforcement_sanctions,eligibility_status_documentation;enforcement_sanctions;fees_tariffs_subsidies;institutional_structure_coordination;participation_assistance;procedural_burden;review_redress,label keywords,affordability,economic_access,economic_access,,FALSE
S713,tenure,eligibility_status_documentation,eligibility_status_documentation;enforcement_sanctions;fees_tariffs_subsidies;institutional_structure_coordination;participation_assistance;review_redress,label keywords,service_continuity,effective_access,effective_access,,FALSE
S714,eligibility,eligibility_status_documentation,discretion_accommodation;eligibility_status_documentation;enforcement_sanctions;fees_tariffs_subsidies;institutional_structure_coordination;participation_assistance;procedural_burden,label keywords,effective_access,effective_access,effective_access,,FALSE
S715,property,eligibility_status_documentation,eligibility_status_documentation;enforcement_sanctions;institutional_structure_coordination,label keywords,service_coverage,effective_access,effective_access,,FALSE
S716,discretion_accommodation,discretion_accommodation,discretion_accommodation;eligibility_status_documentation;fees_tariffs_subsidies;institutional_structure_coordination;participation_assistance,label keywords,affordability,economic_access,economic_access,,FALSE
S717,administrative_review,review_redress,discretion_accommodation;eligibility_status_documentation;enforcement_sanctions;fees_tariffs_subsidies;participation_assistance;procedural_burden;review_redress,label keywords,effective_access,effective_access,effective_access,,FALSE
S718,fees,fees_tariffs_subsidies,enforcement_sanctions;fees_tariffs_subsidies;institutional_structure_coordination,label keywords,service_coverage,effective_access,effective_access,,FALSE
S719,fees,fees_tariffs_subsidies,discretion_accommodation;fees_tariffs_subsidies;institutional_structure_coordination;participation_assistance;procedural_burden,label keywords,affordability,economic_access,economic_access,,FALSE
S720,documentation,eligibility_status_documentation,discretion_accommodation;eligibility_status_documentation;fees_tariffs_subsidies;institutional_structure_coordination;participation_assistance;procedural_burden;review_redress,label keywords,formal_connection,primary_connection,primary_connection,,FALSE
S721,discretion_accommodation,discretion_accommodation,discretion_accommodation;enforcement_sanctions;fees_tariffs_subsidies;institutional_structure_coordination;participation_assistance;review_redress,label keywords,effective_access,effective_access,effective_access,,FALSE
S722,enforcement,enforcement_sanctions,discretion_accommodation;eligibility_status_documentation;enforcement_sanctions;fees_tariffs_subsidies;institutional_structure_coordination;procedural_burden;review_redress,label keywords,service_coverage,effective_access,effective_access,,FALSE
S723,planning,institutional_structure_coordination,eligibility_status_documentation;institutional_structure_coordination,label keywords,formal_connection,primary_connection,primary_connection,,FALSE
S724,tenure,eligibility_status_documentation,discretion_accommodation;eligibility_status_documentation;institutional_structure_coordination,label keywords,service_coverage,effective_access,effective_access,,FALSE
S725,enforcement,enforcement_sanctions,eligibility_status_documentation;enforcement_sanctions;fees_tariffs_subsidies;institutional_structure_coordination;procedural_burden,label keywords,service_quality,effective_access,effective_access,,FALSE
S726,participation,participation_assistance,discretion_accommodation;enforcement_sanctions;fees_tariffs_subsidies;institutional_structure_coordination;participation_assistance;procedural_burden;review_redress,label keywords,effective_access,effective_access,effective_access,,FALSE
S727,eligibility,eligibility_status_documentation,discretion_accommodation;eligibility_status_documentation;enforcement_sanctions;institutional_structure_coordination;participation_assistance;review_redress,label keywords,service_quantity,effective_access,effective_access,,FALSE
S728,participation,participation_assistance,enforcement_sanctions;fees_tariffs_subsidies;institutional_structure_coordination;participation_assistance,label keywords,service_coverage,effective_access,effective_access,,FALSE
S729,legal_status,eligibility_status_documentation,discretion_accommodation;eligibility_status_documentation;fees_tariffs_subsidies;institutional_structure_coordination,label keywords,effective_access,effective_access,effective_access,,FALSE
S730,participation,participation_assistance,discretion_accommodation;institutional_structure_coordination;participation_assistance;review_redress,label keywords,effective_access,effective_access,effective_access,,FALSE
S731,enforcement,enforcement_sanctions,discretion_accommodation;eligibility_status_documentation;enforcement_sanctions;fees_tariffs_subsidies;institutional_structure_coordination;procedural_burden,label keywords,service_continuity,effective_access,effective_access,,FALSE
S732,documentation,eligibility_status_documentation,discretion_accommodation;eligibility_status_documentation;enforcement_sanctions;fees_tariffs_subsidies;institutional_structure_coordination;procedural_burden,label keywords,service_quantity,effective_access,effective_access,,FALSE
S733,legal_status,eligibility_status_documentation,discretion_accommodation;eligibility_status_documentation;enforcement_sanctions;institutional_structure_coordination,label keywords,sanitation_access,effective_access,effective_access,,FALSE
S734,legal_status,eligibility_status_documentation,discretion_accommodation;eligibility_status_documentation;enforcement_sanctions;institutional_structure_coordination,label keywords,service_coverage,effective_access,effective_access,,FALSE
S735,institutional_fragmentation,institutional_structure_coordination,fees_tariffs_subsidies;institutional_structure_coordination;participation_assistance;review_redress,label keywords,affordability,economic_access,economic_access,,FALSE
S736,discretion_accommodation,discretion_accommodation,discretion_accommodation;eligibility_status_documentation;enforcement_sanctions;institutional_structure_coordination;procedural_burden,label keywords,service_coverage,effective_access,effective_access,,FALSE
S737,eligibility,eligibility_status_documentation,eligibility_status_documentation;institutional_structure_coordination,label keywords,service_coverage,effective_access,effective_access,,FALSE
S738,enforcement,enforcement_sanctions,discretion_accommodation;enforcement_sanctions;fees_tariffs_subsidies;institutional_structure_coordination;participation_assistance;review_redress,label keywords,affordability,economic_access,economic_access,,FALSE
S739,discretion_accommodation,discretion_accommodation,discretion_accommodation;eligibility_status_documentation;enforcement_sanctions;fees_tariffs_subsidies;institutional_structure_coordination,label keywords,service_coverage,effective_access,effective_access,,FALSE
S740,institutional_fragmentation,institutional_structure_coordination,discretion_accommodation;institutional_structure_coordination,label keywords,service_quantity,effective_access,effective_access,,FALSE
S741,enforcement,enforcement_sanctions,discretion_accommodation;enforcement_sanctions;institutional_structure_coordination;participation_assistance,label keywords,service_coverage,effective_access,effective_access,,FALSE
S742,discretion_accommodation,discretion_accommodation,discretion_accommodation;eligibility_status_documentation;enforcement_sanctions;fees_tariffs_subsidies;institutional_structure_coordination;participation_assistance;review_redress,label keywords,service_quantity,effective_access,effective_access,,FALSE
S743,enforcement,enforcement_sanctions,discretion_accommodation;eligibility_status_documentation;enforcement_sanctions;fees_tariffs_subsidies;institutional_structure_coordination,label keywords,affordability,economic_access,economic_access,,FALSE
S744,legal_status,eligibility_status_documentation,discretion_accommodation;eligibility_status_documentation;enforcement_sanctions;institutional_structure_coordination;participation_assistance,label keywords,service_continuity,effective_access,effective_access,,FALSE
S745,enforcement,enforcement_sanctions,discretion_accommodation;eligibility_status_documentation;enforcement_sanctions;fees_tariffs_subsidies;institutional_structure_coordination,label keywords,affordability,economic_access,economic_access,,FALSE
S746,enforcement,enforcement_sanctions,discretion_accommodation;eligibility_status_documentation;enforcement_sanctions;fees_tariffs_subsidies;institutional_structure_coordination;participation_assistance,label keywords,service_quantity,effective_access,effective_access,,FALSE
S747,participation,participation_assistance,discretion_accommodation;enforcement_sanctions;institutional_structure_coordination;participation_assistance;procedural_burden;review_redress,label keywords,service_quantity,effective_access,effective_access,,FALSE
S748,institutional_fragmentation,institutional_structure_coordination,discretion_accommodation;eligibility_status_documentation;enforcement_sanctions;institutional_structure_coordination;participation_assistance,label keywords,service_coverage,effective_access,effective_access,,FALSE
S749,enforcement,enforcement_sanctions,eligibility_status_documentation;enforcement_sanctions;fees_tariffs_subsidies;institutional_structure_coordination,label keywords,affordability,economic_access,economic_access,,FALSE
S750,enforcement,enforcement_sanctions,discretion_accommodation;enforcement_sanctions;fees_tariffs_subsidies;institutional_structure_coordination;participation_assistance;procedural_burden;review_redress,label keywords,affordability,economic_access,economic_access,,FALSE
S751,institutional_fragmentation,institutional_structure_coordination,discretion_accommodation;enforcement_sanctions;institutional_structure_coordination;procedural_burden;review_redress,label keywords,service_quality,effective_access,effective_access,,FALSE
S752,enforcement,enforcement_sanctions,discretion_accommodation;enforcement_sanctions;fees_tariffs_subsidies;institutional_structure_coordination,label keywords,affordability,economic_access,economic_access,,FALSE
S753,legal_status,eligibility_status_documentation,eligibility_status_documentation;institutional_structure_coordination,label keywords,service_coverage,effective_access,effective_access,,FALSE
S754,legal_status,eligibility_status_documentation,discretion_accommodation;eligibility_status_documentation;enforcement_sanctions;institutional_structure_coordination,label keywords,service_reliability,effective_access,effective_access,,FALSE
S755,tenure,eligibility_status_documentation,discretion_accommodation;eligibility_status_documentation;enforcement_sanctions;institutional_structure_coordination;participation_assistance;procedural_burden,label keywords,service_coverage,effective_access,effective_access,,FALSE
S756,institutional_fragmentation,institutional_structure_coordination,eligibility_status_documentation;fees_tariffs_subsidies;institutional_structure_coordination;participation_assistance;procedural_burden,label keywords,service_coverage,effective_access,effective_access,,FALSE
S757,enforcement,enforcement_sanctions,discretion_accommodation;enforcement_sanctions;fees_tariffs_subsidies;institutional_structure_coordination;participation_assistance;procedural_burden,label keywords,service_quality,effective_access,effective_access,,FALSE
S758,enforcement,enforcement_sanctions,discretion_accommodation;enforcement_sanctions;fees_tariffs_subsidies;institutional_structure_coordination,label keywords,affordability,economic_access,economic_access,,FALSE
S759,enforcement,enforcement_sanctions,discretion_accommodation;eligibility_status_documentation;enforcement_sanctions;fees_tariffs_subsidies;institutional_structure_coordination,label keywords,service_coverage,effective_access,effective_access,,FALSE
S760,enforcement,enforcement_sanctions,discretion_accommodation;eligibility_status_documentation;enforcement_sanctions;fees_tariffs_subsidies;institutional_structure_coordination,label keywords,affordability,economic_access,economic_access,,FALSE
S761,discretion_accommodation,discretion_accommodation,discretion_accommodation;enforcement_sanctions;fees_tariffs_subsidies;institutional_structure_coordination;participation_assistance;procedural_burden,label keywords,affordability,economic_access,economic_access,,FALSE
S762,financing_enforcement,enforcement_sanctions,enforcement_sanctions;fees_tariffs_subsidies;institutional_structure_coordination;procedural_burden,label keywords,service_reliability,effective_access,effective_access,,FALSE
S763,discretion_accommodation,discretion_accommodation,discretion_accommodation;enforcement_sanctions;fees_tariffs_subsidies;institutional_structure_coordination;procedural_burden,label keywords,affordability,economic_access,economic_access,,FALSE
S764,institutional_fragmentation,institutional_structure_coordination,eligibility_status_documentation;fees_tariffs_subsidies;institutional_structure_coordination,label keywords,service_coverage,effective_access,effective_access,,FALSE
S765,tenure,eligibility_status_documentation,eligibility_status_documentation,label keywords,water_access,effective_access,effective_access,,FALSE
S766,eligibility,eligibility_status_documentation,discretion_accommodation;eligibility_status_documentation;participation_assistance;procedural_burden,label keywords,sanitation_access,effective_access,effective_access,,FALSE
S767,institutional_fragmentation,institutional_structure_coordination,institutional_structure_coordination;participation_assistance,label keywords,water_access,effective_access,effective_access,,FALSE
S768,enforcement,enforcement_sanctions,enforcement_sanctions;fees_tariffs_subsidies;institutional_structure_coordination,label keywords,service_continuity,effective_access,effective_access,,FALSE
S769,institutional_fragmentation,institutional_structure_coordination,eligibility_status_documentation;fees_tariffs_subsidies;institutional_structure_coordination,label keywords,service_coverage,effective_access,effective_access,,FALSE
S770,enforcement,enforcement_sanctions,discretion_accommodation;enforcement_sanctions,label keywords,sanitation_access,effective_access,effective_access,,FALSE
S771,institutional_fragmentation,institutional_structure_coordination,fees_tariffs_subsidies;institutional_structure_coordination;participation_assistance;procedural_burden,label keywords,affordability,economic_access,economic_access,,FALSE
S772,eligibility,eligibility_status_documentation,eligibility_status_documentation;fees_tariffs_subsidies;institutional_structure_coordination,label keywords,water_access,effective_access,effective_access,,FALSE
S773,institutional_fragmentation,institutional_structure_coordination,institutional_structure_coordination;participation_assistance;procedural_burden,label keywords,service_coverage,effective_access,effective_access,,FALSE
S774,institutional_fragmentation,institutional_structure_coordination,fees_tariffs_subsidies;institutional_structure_coordination;participation_assistance,label keywords,service_quality,effective_access,effective_access,,FALSE
S775,enforcement,enforcement_sanctions,enforcement_sanctions;fees_tariffs_subsidies;institutional_structure_coordination,label keywords,affordability,economic_access,economic_access,,FALSE
S776,institutional_fragmentation,institutional_structure_coordination,eligibility_status_documentation;institutional_structure_coordination;participation_assistance,label keywords,service_coverage,effective_access,effective_access,,FALSE
S777,documentation,eligibility_status_documentation,eligibility_status_documentation;institutional_structure_coordination;participation_assistance,label keywords,service_reliability,effective_access,effective_access,,FALSE
S778,institutional_fragmentation,institutional_structure_coordination,eligibility_status_documentation;institutional_structure_coordination,label keywords,service_coverage,effective_access,effective_access,,FALSE
S779,enforcement,enforcement_sanctions,enforcement_sanctions;fees_tariffs_subsidies;procedural_burden,label keywords,service_coverage,effective_access,effective_access,,FALSE
S780,eligibility,eligibility_status_documentation,discretion_accommodation;eligibility_status_documentation,label keywords,service_coverage,effective_access,effective_access,,FALSE
S781,institutional_fragmentation,institutional_structure_coordination,discretion_accommodation;institutional_structure_coordination;participation_assistance,label keywords,water_access,effective_access,effective_access,,FALSE
S782,institutional_fragmentation,institutional_structure_coordination,eligibility_status_documentation;fees_tariffs_subsidies;institutional_structure_coordination,label keywords,affordability,economic_access,economic_access,,FALSE
S783,enforcement,enforcement_sanctions,enforcement_sanctions;fees_tariffs_subsidies;procedural_burden,label keywords,affordability,economic_access,economic_access,,FALSE
S784,eligibility,eligibility_status_documentation,discretion_accommodation;eligibility_status_documentation;participation_assistance,label keywords,water_access,effective_access,effective_access,,FALSE
S785,discretion,discretion_accommodation,discretion_accommodation;eligibility_status_documentation;enforcement_sanctions;participation_assistance,label keywords,service_quality,effective_access,effective_access,,FALSE
S786,enforcement,enforcement_sanctions,enforcement_sanctions;fees_tariffs_subsidies,label keywords,affordability,economic_access,economic_access,,FALSE
S787,enforcement,enforcement_sanctions,enforcement_sanctions;fees_tariffs_subsidies;institutional_structure_coordination;participation_assistance,label keywords,affordability,economic_access,economic_access,,FALSE
S788,institutional_fragmentation,institutional_structure_coordination,enforcement_sanctions;institutional_structure_coordination,label keywords,service_coverage,effective_access,effective_access,,FALSE
S789,eligibility,eligibility_status_documentation,eligibility_status_documentation;enforcement_sanctions;review_redress,label keywords,affordability,economic_access,economic_access,,FALSE
S790,institutional_fragmentation,institutional_structure_coordination,institutional_structure_coordination;participation_assistance,label keywords,service_coverage,effective_access,effective_access,,FALSE
S791,eligibility,eligibility_status_documentation,discretion_accommodation;eligibility_status_documentation;fees_tariffs_subsidies,label keywords,affordability,economic_access,economic_access,,FALSE
S792,eligibility,eligibility_status_documentation,discretion_accommodation;eligibility_status_documentation;institutional_structure_coordination,label keywords,water_access,effective_access,effective_access,,FALSE
S793,institutional_fragmentation,institutional_structure_coordination,institutional_structure_coordination;participation_assistance,label keywords,water_access,effective_access,effective_access,,FALSE
S794,institutional_fragmentation,institutional_structure_coordination,eligibility_status_documentation;fees_tariffs_subsidies;institutional_structure_coordination,label keywords,affordability,economic_access,economic_access,,FALSE
S795,documentation,eligibility_status_documentation,eligibility_status_documentation;fees_tariffs_subsidies,label keywords,water_access,effective_access,effective_access,,FALSE
S796,political_coordination,institutional_structure_coordination,institutional_structure_coordination;participation_assistance,label keywords,sanitation_access,effective_access,effective_access,,FALSE
S797,institutional_fragmentation,institutional_structure_coordination,eligibility_status_documentation;institutional_structure_coordination,label keywords,water_access,effective_access,effective_access,,FALSE
S798,institutional_fragmentation,institutional_structure_coordination,eligibility_status_documentation;institutional_structure_coordination,label keywords,water_access,effective_access,effective_access,,FALSE
S799,documentation,eligibility_status_documentation,eligibility_status_documentation,label keywords,water_access,effective_access,effective_access,,FALSE
S800,institutional_fragmentation,institutional_structure_coordination,institutional_structure_coordination,label keywords,water_access,effective_access,effective_access,,FALSE
S801,discretion_accommodation,discretion_accommodation,discretion_accommodation;institutional_structure_coordination;participation_assistance,label keywords,water_access,effective_access,effective_access,,FALSE
S802,institutional_fragmentation,institutional_structure_coordination,fees_tariffs_subsidies;institutional_structure_coordination,label keywords,affordability,economic_access,economic_access,,FALSE
S803,political_coordination,institutional_structure_coordination,discretion_accommodation;institutional_structure_coordination;participation_assistance,label keywords,service_quality,effective_access,effective_access,,FALSE
S804,documentation,eligibility_status_documentation,eligibility_status_documentation;enforcement_sanctions;fees_tariffs_subsidies,label keywords,affordability,economic_access,economic_access,,FALSE
S805,institutional_fragmentation,institutional_structure_coordination,eligibility_status_documentation;institutional_structure_coordination,label keywords,water_access,effective_access,effective_access,,FALSE
S806,documentation,eligibility_status_documentation,eligibility_status_documentation,label keywords,water_access,effective_access,effective_access,,FALSE
S807,eligibility,eligibility_status_documentation,discretion_accommodation;eligibility_status_documentation;fees_tariffs_subsidies,label keywords,affordability,economic_access,economic_access,,FALSE
S808,enforcement,enforcement_sanctions,enforcement_sanctions;institutional_structure_coordination,label keywords,water_access,effective_access,effective_access,,FALSE
S809,discretion_accommodation,discretion_accommodation,discretion_accommodation;institutional_structure_coordination,label keywords,water_access,effective_access,effective_access,,FALSE
S810,documentation,eligibility_status_documentation,discretion_accommodation;eligibility_status_documentation,label keywords,water_access,effective_access,effective_access,,FALSE
S811,institutional_fragmentation,institutional_structure_coordination,discretion_accommodation;fees_tariffs_subsidies;institutional_structure_coordination,label keywords,affordability,economic_access,economic_access,,FALSE
S812,institutional_fragmentation,institutional_structure_coordination,discretion_accommodation;fees_tariffs_subsidies;institutional_structure_coordination;participation_assistance,label keywords,affordability,economic_access,economic_access,,FALSE
S813,documentation,eligibility_status_documentation,discretion_accommodation;eligibility_status_documentation,label keywords,water_access,effective_access,effective_access,,FALSE
S814,institutional_fragmentation,institutional_structure_coordination,eligibility_status_documentation;institutional_structure_coordination;participation_assistance,label keywords,sanitation_access,effective_access,effective_access,,FALSE
S815,institutional_fragmentation,institutional_structure_coordination,eligibility_status_documentation;institutional_structure_coordination,label keywords,water_access,effective_access,effective_access,,FALSE
S816,eligibility,eligibility_status_documentation,eligibility_status_documentation;enforcement_sanctions;fees_tariffs_subsidies;institutional_structure_coordination,label keywords,affordability,economic_access,economic_access,,FALSE
S817,institutional_fragmentation,institutional_structure_coordination,eligibility_status_documentation;enforcement_sanctions;institutional_structure_coordination,label keywords,water_access,effective_access,effective_access,,FALSE
S818,eligibility,eligibility_status_documentation,discretion_accommodation;eligibility_status_documentation;fees_tariffs_subsidies;institutional_structure_coordination,label keywords,water_access,effective_access,effective_access,,FALSE
S819,fees,fees_tariffs_subsidies,eligibility_status_documentation;fees_tariffs_subsidies,label keywords,affordability,economic_access,economic_access,,FALSE
S820,fees,fees_tariffs_subsidies,fees_tariffs_subsidies,label keywords,affordability,economic_access,economic_access,,FALSE
S821,documentation,eligibility_status_documentation,eligibility_status_documentation;fees_tariffs_subsidies,label keywords,affordability,economic_access,economic_access,,FALSE
S822,eligibility,eligibility_status_documentation,eligibility_status_documentation,label keywords,water_access,effective_access,effective_access,,FALSE
S823,eligibility,eligibility_status_documentation,eligibility_status_documentation,label keywords,water_access,effective_access,effective_access,,FALSE
S824,eligibility,eligibility_status_documentation,discretion_accommodation;eligibility_status_documentation;institutional_structure_coordination,label keywords,water_access,effective_access,effective_access,,FALSE
S825,disconnection,enforcement_sanctions,discretion_accommodation;eligibility_status_documentation;enforcement_sanctions;fees_tariffs_subsidies;review_redress,label keywords,affordability,economic_access,economic_access,,FALSE
S826,eligibility,eligibility_status_documentation,discretion_accommodation;eligibility_status_documentation,label keywords,water_access,effective_access,effective_access,,FALSE
S827,institutional_fragmentation,institutional_structure_coordination,discretion_accommodation;fees_tariffs_subsidies;institutional_structure_coordination,label keywords,affordability,economic_access,economic_access,,FALSE
S828,documentation,eligibility_status_documentation,eligibility_status_documentation;fees_tariffs_subsidies;participation_assistance,label keywords,water_access,effective_access,effective_access,,FALSE
S829,institutional_fragmentation,institutional_structure_coordination,discretion_accommodation;institutional_structure_coordination;participation_assistance,label keywords,affordability,economic_access,economic_access,,FALSE
S830,documentation,eligibility_status_documentation,eligibility_status_documentation;institutional_structure_coordination,label keywords,water_access,effective_access,effective_access,,FALSE
S831,institutional_fragmentation,institutional_structure_coordination,discretion_accommodation;fees_tariffs_subsidies;institutional_structure_coordination;participation_assistance,label keywords,water_access,effective_access,effective_access,,FALSE
S832,fees,fees_tariffs_subsidies,discretion_accommodation;fees_tariffs_subsidies;institutional_structure_coordination;participation_assistance,label keywords,water_access,effective_access,effective_access,,FALSE
S833,fees,fees_tariffs_subsidies,eligibility_status_documentation;enforcement_sanctions;fees_tariffs_subsidies;participation_assistance,label keywords,water_access,effective_access,effective_access,,FALSE
S834,eligibility,eligibility_status_documentation,discretion_accommodation;eligibility_status_documentation,label keywords,water_access,effective_access,effective_access,,FALSE
S835,documentation,eligibility_status_documentation,eligibility_status_documentation;fees_tariffs_subsidies;institutional_structure_coordination;review_redress,label keywords,water_access,effective_access,effective_access,,FALSE
S836,documentation,eligibility_status_documentation,eligibility_status_documentation;fees_tariffs_subsidies;institutional_structure_coordination,label keywords,water_access,effective_access,effective_access,,FALSE
S837,institutional_fragmentation,institutional_structure_coordination,enforcement_sanctions;institutional_structure_coordination,label keywords,water_access,effective_access,effective_access,,FALSE
S838,eligibility,eligibility_status_documentation,eligibility_status_documentation;institutional_structure_coordination,label keywords,water_access,effective_access,effective_access,,FALSE
S839,fees,fees_tariffs_subsidies,enforcement_sanctions;fees_tariffs_subsidies;review_redress,label keywords,water_access,effective_access,effective_access,,FALSE
S840,institutional_fragmentation,institutional_structure_coordination,fees_tariffs_subsidies;institutional_structure_coordination,label keywords,water_access,effective_access,effective_access,,FALSE
S841,institutional_fragmentation,institutional_structure_coordination,institutional_structure_coordination,label keywords,affordability,economic_access,economic_access,,FALSE
S842,fees,fees_tariffs_subsidies,fees_tariffs_subsidies;institutional_structure_coordination,label keywords,water_access,effective_access,effective_access,,FALSE
S843,documentation,eligibility_status_documentation,eligibility_status_documentation,label keywords,water_access,effective_access,effective_access,,FALSE
S844,institutional_fragmentation,institutional_structure_coordination,institutional_structure_coordination;participation_assistance,label keywords,water_access,effective_access,effective_access,,FALSE
S845,institutional_fragmentation,institutional_structure_coordination,fees_tariffs_subsidies;institutional_structure_coordination,label keywords,water_access,effective_access,effective_access,,FALSE
S846,eligibility,eligibility_status_documentation,discretion_accommodation;eligibility_status_documentation,label keywords,water_access,effective_access,effective_access,,FALSE
S847,bureaucratic_assistance,participation_assistance,participation_assistance;review_redress,label keywords,water_access,effective_access,effective_access,,FALSE
S848,eligibility,eligibility_status_documentation,eligibility_status_documentation;institutional_structure_coordination,label keywords,water_access,effective_access,effective_access,,FALSE
S849,documentation,eligibility_status_documentation,eligibility_status_documentation;enforcement_sanctions;fees_tariffs_subsidies;institutional_structure_coordination,label keywords,water_access,effective_access,effective_access,,FALSE
S850,eligibility,eligibility_status_documentation,eligibility_status_documentation,label keywords,affordability,economic_access,economic_access,,FALSE
S851,institutional_fragmentation,institutional_structure_coordination,enforcement_sanctions;institutional_structure_coordination,label keywords,water_access,effective_access,effective_access,,FALSE
S852,fees,fees_tariffs_subsidies,fees_tariffs_subsidies;institutional_structure_coordination,label keywords,water_access,effective_access,effective_access,,FALSE
S853,institutional_fragmentation,institutional_structure_coordination,enforcement_sanctions;institutional_structure_coordination,label keywords,water_access,effective_access,effective_access,,FALSE
S854,participation,participation_assistance,institutional_structure_coordination;participation_assistance,label keywords,water_access,effective_access,effective_access,,FALSE
S855,fees,fees_tariffs_subsidies,enforcement_sanctions;fees_tariffs_subsidies;institutional_structure_coordination,label keywords,water_access,effective_access,effective_access,,FALSE
S856,fees,fees_tariffs_subsidies,fees_tariffs_subsidies;institutional_structure_coordination;participation_assistance,label keywords,water_access,effective_access,effective_access,,FALSE
S857,eligibility,eligibility_status_documentation,discretion_accommodation;eligibility_status_documentation;fees_tariffs_subsidies;institutional_structure_coordination,label keywords,water_access,effective_access,effective_access,,FALSE
S858,eligibility,eligibility_status_documentation,discretion_accommodation;eligibility_status_documentation;fees_tariffs_subsidies;institutional_structure_coordination;participation_assistance,label keywords,affordability,economic_access,economic_access,,FALSE
S859,institutional_fragmentation,institutional_structure_coordination,institutional_structure_coordination;participation_assistance,label keywords,water_access,effective_access,effective_access,,FALSE
S860,documentation,eligibility_status_documentation,eligibility_status_documentation;fees_tariffs_subsidies,label keywords,water_access,effective_access,effective_access,,FALSE
S861,bureaucratic_assistance,participation_assistance,discretion_accommodation;eligibility_status_documentation;participation_assistance,label keywords,water_access,effective_access,effective_access,,FALSE
S862,enforcement,enforcement_sanctions,discretion_accommodation;enforcement_sanctions;institutional_structure_coordination,label keywords,water_access,effective_access,effective_access,,FALSE
S863,institutional_fragmentation,institutional_structure_coordination,fees_tariffs_subsidies;institutional_structure_coordination,label keywords,water_access,effective_access,effective_access,,FALSE
S864,fees,fees_tariffs_subsidies,enforcement_sanctions;fees_tariffs_subsidies;review_redress,label keywords,water_access,effective_access,effective_access,,FALSE
S865,documentation,eligibility_status_documentation,eligibility_status_documentation;fees_tariffs_subsidies;participation_assistance,label keywords,water_access,effective_access,effective_access,,FALSE
S866,institutional_fragmentation,institutional_structure_coordination,institutional_structure_coordination;participation_assistance,label keywords,water_access,effective_access,effective_access,,FALSE
S867,institutional_fragmentation,institutional_structure_coordination,institutional_structure_coordination;participation_assistance,label keywords,water_access,effective_access,effective_access,,FALSE
S868,bureaucratic_assistance,participation_assistance,discretion_accommodation;enforcement_sanctions;participation_assistance,label keywords,water_access,effective_access,effective_access,,FALSE
S869,institutional_fragmentation,institutional_structure_coordination,fees_tariffs_subsidies;institutional_structure_coordination,label keywords,water_access,effective_access,effective_access,,FALSE
S870,enforcement,enforcement_sanctions,discretion_accommodation;enforcement_sanctions;participation_assistance,label keywords,water_access,effective_access,effective_access,,FALSE
S871,documentation,eligibility_status_documentation,eligibility_status_documentation;fees_tariffs_subsidies,label keywords,water_access,effective_access,effective_access,,FALSE
S872,documentation,eligibility_status_documentation,eligibility_status_documentation,label keywords,water_access,effective_access,effective_access,,FALSE
S873,institutional_fragmentation,institutional_structure_coordination,eligibility_status_documentation;enforcement_sanctions;institutional_structure_coordination,label keywords,water_access,effective_access,effective_access,,FALSE
S874,eligibility,eligibility_status_documentation,eligibility_status_documentation;fees_tariffs_subsidies;participation_assistance,label keywords,water_access,effective_access,effective_access,,FALSE
S875,formal_connection,eligibility_status_documentation,eligibility_status_documentation;fees_tariffs_subsidies;participation_assistance,label keywords,water_access,effective_access,effective_access,,FALSE
S876,tenure,eligibility_status_documentation,eligibility_status_documentation;participation_assistance,label keywords,water_access,effective_access,effective_access,,FALSE
S877,enforcement,enforcement_sanctions,enforcement_sanctions;institutional_structure_coordination,label keywords,water_access,effective_access,effective_access,,FALSE
S878,fees,fees_tariffs_subsidies,enforcement_sanctions;fees_tariffs_subsidies;participation_assistance,label keywords,water_access,effective_access,effective_access,,FALSE
S879,enforcement,enforcement_sanctions,enforcement_sanctions;fees_tariffs_subsidies,label keywords,water_access,effective_access,effective_access,,FALSE
S880,documentation,eligibility_status_documentation,discretion_accommodation;eligibility_status_documentation;enforcement_sanctions;fees_tariffs_subsidies,label keywords,water_access,effective_access,effective_access,,FALSE
S881,documentation,eligibility_status_documentation,eligibility_status_documentation;fees_tariffs_subsidies,label keywords,water_access,effective_access,effective_access,,FALSE
S882,formal_connection,eligibility_status_documentation,eligibility_status_documentation;fees_tariffs_subsidies,label keywords,water_access,effective_access,effective_access,,FALSE
S883,institutional_fragmentation,institutional_structure_coordination,eligibility_status_documentation;fees_tariffs_subsidies;institutional_structure_coordination,label keywords,water_access,effective_access,effective_access,,FALSE
S884,fees,fees_tariffs_subsidies,enforcement_sanctions;fees_tariffs_subsidies,label keywords,water_access,effective_access,effective_access,,FALSE
S885,enforcement,enforcement_sanctions,enforcement_sanctions;fees_tariffs_subsidies;review_redress,label keywords,water_access,effective_access,effective_access,,FALSE
S886,fees,fees_tariffs_subsidies,enforcement_sanctions;fees_tariffs_subsidies,label keywords,water_access,effective_access,effective_access,,FALSE
S887,institutional_fragmentation,institutional_structure_coordination,enforcement_sanctions;fees_tariffs_subsidies;institutional_structure_coordination,label keywords,water_access,effective_access,effective_access,,FALSE
S888,institutional_fragmentation,institutional_structure_coordination,enforcement_sanctions;fees_tariffs_subsidies;institutional_structure_coordination,label keywords,water_access,effective_access,effective_access,,FALSE
S889,fees,fees_tariffs_subsidies,enforcement_sanctions;fees_tariffs_subsidies;participation_assistance,label keywords,water_access,effective_access,effective_access,,FALSE
S890,fees,fees_tariffs_subsidies,eligibility_status_documentation;fees_tariffs_subsidies,label keywords,water_access,effective_access,effective_access,,FALSE
S891,institutional_fragmentation,institutional_structure_coordination,discretion_accommodation;eligibility_status_documentation;enforcement_sanctions;institutional_structure_coordination,label keywords,water_access,effective_access,effective_access,,FALSE
S892,documentation,eligibility_status_documentation,discretion_accommodation;eligibility_status_documentation,label keywords,water_access,effective_access,effective_access,,FALSE
S893,eligibility,eligibility_status_documentation,eligibility_status_documentation;fees_tariffs_subsidies,label keywords,water_access,effective_access,effective_access,,FALSE
S894,legal_status,eligibility_status_documentation,eligibility_status_documentation,label keywords,water_access,effective_access,effective_access,,FALSE
S895,documentation,eligibility_status_documentation,discretion_accommodation;eligibility_status_documentation,label keywords,water_access,effective_access,effective_access,,FALSE
S896,formal_connection,eligibility_status_documentation,eligibility_status_documentation,label keywords,water_access,effective_access,effective_access,,FALSE
S897,fees,fees_tariffs_subsidies,fees_tariffs_subsidies,label keywords,water_access,effective_access,effective_access,,FALSE
S898,institutional_fragmentation,institutional_structure_coordination,eligibility_status_documentation;institutional_structure_coordination,label keywords,water_access,effective_access,effective_access,,FALSE
S899,institutional_fragmentation,institutional_structure_coordination,enforcement_sanctions;institutional_structure_coordination,label keywords,water_access,effective_access,effective_access,,FALSE
S900,documentation,eligibility_status_documentation,discretion_accommodation;eligibility_status_documentation;institutional_structure_coordination,label keywords,water_access,effective_access,effective_access,,FALSE
S901,legal_status,eligibility_status_documentation,eligibility_status_documentation;fees_tariffs_subsidies,label keywords,water_access,effective_access,effective_access,,FALSE
S902,institutional_fragmentation,institutional_structure_coordination,enforcement_sanctions;institutional_structure_coordination,label keywords,water_access,effective_access,effective_access,,FALSE
S903,institutional_fragmentation,institutional_structure_coordination,institutional_structure_coordination,label keywords,water_access,effective_access,effective_access,,FALSE
S904,discretion,discretion_accommodation,discretion_accommodation;institutional_structure_coordination,label keywords,water_access,effective_access,effective_access,,FALSE
S905,institutional_fragmentation,institutional_structure_coordination,eligibility_status_documentation;institutional_structure_coordination,label keywords,water_access,effective_access,effective_access,,FALSE
S906,legal_status,eligibility_status_documentation,eligibility_status_documentation;fees_tariffs_subsidies;institutional_structure_coordination,label keywords,water_access,effective_access,effective_access,,FALSE
S907,fees,fees_tariffs_subsidies,eligibility_status_documentation;fees_tariffs_subsidies,label keywords,water_access,effective_access,effective_access,,FALSE
S908,enforcement,enforcement_sanctions,eligibility_status_documentation;enforcement_sanctions,label keywords,water_access,effective_access,effective_access,,FALSE
S909,legal_status,eligibility_status_documentation,eligibility_status_documentation;institutional_structure_coordination,label keywords,water_access,effective_access,effective_access,,FALSE
S910,eligibility,eligibility_status_documentation,eligibility_status_documentation;institutional_structure_coordination,label keywords,water_access,effective_access,effective_access,,FALSE
S911,legal_status,eligibility_status_documentation,eligibility_status_documentation,label keywords,water_access,effective_access,effective_access,,FALSE
S912,discretion,discretion_accommodation,discretion_accommodation;institutional_structure_coordination,label keywords,water_access,effective_access,effective_access,,FALSE
S913,institutional_fragmentation,institutional_structure_coordination,discretion_accommodation;institutional_structure_coordination,label keywords,water_access,effective_access,effective_access,,FALSE
S914,legal_status,eligibility_status_documentation,eligibility_status_documentation;enforcement_sanctions;fees_tariffs_subsidies,label keywords,water_access,effective_access,effective_access,,FALSE
S915,institutional_fragmentation,institutional_structure_coordination,discretion_accommodation;institutional_structure_coordination,label keywords,water_access,effective_access,effective_access,,FALSE
S916,fees,fees_tariffs_subsidies,fees_tariffs_subsidies,label keywords,water_access,effective_access,effective_access,,FALSE
S917,eligibility,eligibility_status_documentation,eligibility_status_documentation;fees_tariffs_subsidies,label keywords,water_access,effective_access,effective_access,,FALSE
S918,fees,fees_tariffs_subsidies,fees_tariffs_subsidies;institutional_structure_coordination,label keywords,water_access,effective_access,effective_access,,FALSE
S919,institutional_fragmentation,institutional_structure_coordination,eligibility_status_documentation;institutional_structure_coordination,label keywords,water_access,effective_access,effective_access,,FALSE
S920,formal_connection,eligibility_status_documentation,eligibility_status_documentation;enforcement_sanctions;institutional_structure_coordination,label keywords,water_access,effective_access,effective_access,,FALSE
S921,institutional_fragmentation,institutional_structure_coordination,discretion_accommodation;enforcement_sanctions;institutional_structure_coordination,label keywords,water_access,effective_access,effective_access,,FALSE
S922,legal_status,eligibility_status_documentation,eligibility_status_documentation;enforcement_sanctions;fees_tariffs_subsidies,label keywords,water_access,effective_access,effective_access,,FALSE
S923,fees,fees_tariffs_subsidies,fees_tariffs_subsidies;institutional_structure_coordination,label keywords,affordability,economic_access,economic_access,,FALSE
S924,institutional_fragmentation,institutional_structure_coordination,discretion_accommodation;enforcement_sanctions;institutional_structure_coordination,label keywords,water_access,effective_access,effective_access,,FALSE
S925,institutional_fragmentation,institutional_structure_coordination,discretion_accommodation;institutional_structure_coordination;participation_assistance,label keywords,water_access,effective_access,effective_access,,FALSE
S926,bureaucratic_assistance,participation_assistance,eligibility_status_documentation;institutional_structure_coordination;participation_assistance,label keywords,sanitation_access,effective_access,effective_access,,FALSE
S927,discretion,discretion_accommodation,discretion_accommodation;institutional_structure_coordination;participation_assistance,label keywords,water_access,effective_access,effective_access,,FALSE
S928,institutional_fragmentation,institutional_structure_coordination,enforcement_sanctions;institutional_structure_coordination;participation_assistance,label keywords,water_access,effective_access,effective_access,,FALSE
S929,institutional_fragmentation,institutional_structure_coordination,discretion_accommodation;institutional_structure_coordination;participation_assistance,label keywords,water_access,effective_access,effective_access,,FALSE
S930,legal_status,eligibility_status_documentation,eligibility_status_documentation;enforcement_sanctions;institutional_structure_coordination;participation_assistance,label keywords,sanitation_access,effective_access,effective_access,,FALSE
S931,bureaucratic_assistance,participation_assistance,institutional_structure_coordination;participation_assistance,label keywords,water_access,effective_access,effective_access,,FALSE
S932,institutional_fragmentation,institutional_structure_coordination,discretion_accommodation;enforcement_sanctions;institutional_structure_coordination,label keywords,water_access,effective_access,effective_access,,FALSE
S933,institutional_fragmentation,institutional_structure_coordination,institutional_structure_coordination;participation_assistance;review_redress,label keywords,water_access,effective_access,effective_access,,FALSE
S934,institutional_fragmentation,institutional_structure_coordination,institutional_structure_coordination;participation_assistance,label keywords,water_access,effective_access,effective_access,,FALSE
S935,discretion,discretion_accommodation,discretion_accommodation;enforcement_sanctions;fees_tariffs_subsidies,label keywords,water_access,effective_access,effective_access,,FALSE
S936,legal_status,eligibility_status_documentation,eligibility_status_documentation;fees_tariffs_subsidies;institutional_structure_coordination,label keywords,water_access,effective_access,effective_access,,FALSE
S937,enforcement,enforcement_sanctions,discretion_accommodation;enforcement_sanctions;fees_tariffs_subsidies,label keywords,sanitation_access,effective_access,effective_access,,FALSE
S938,institutional_fragmentation,institutional_structure_coordination,discretion_accommodation;institutional_structure_coordination,label keywords,water_access,effective_access,effective_access,,FALSE
S939,legal_status,eligibility_status_documentation,eligibility_status_documentation;institutional_structure_coordination;review_redress,label keywords,water_access,effective_access,effective_access,,FALSE
S940,tenure,eligibility_status_documentation,eligibility_status_documentation;institutional_structure_coordination;participation_assistance,label keywords,water_access,effective_access,effective_access,,FALSE
S941,institutional_fragmentation,institutional_structure_coordination,eligibility_status_documentation;institutional_structure_coordination,label keywords,water_access,effective_access,effective_access,,FALSE
S942,institutional_fragmentation,institutional_structure_coordination,institutional_structure_coordination;review_redress,label keywords,water_access,effective_access,effective_access,,FALSE
S943,institutional_fragmentation,institutional_structure_coordination,institutional_structure_coordination;participation_assistance,label keywords,water_access,effective_access,effective_access,,FALSE
S944,zoning,institutional_structure_coordination,discretion_accommodation;institutional_structure_coordination;review_redress,label keywords,sanitation_access,effective_access,effective_access,,FALSE
S945,institutional_fragmentation,institutional_structure_coordination,institutional_structure_coordination;participation_assistance,label keywords,water_access,effective_access,effective_access,,FALSE
S946,institutional_fragmentation,institutional_structure_coordination,discretion_accommodation;institutional_structure_coordination,label keywords,water_access,effective_access,effective_access,,FALSE
S947,enforcement,enforcement_sanctions,enforcement_sanctions;institutional_structure_coordination,label keywords,water_access,effective_access,effective_access,,FALSE
S948,legal_status,eligibility_status_documentation,discretion_accommodation;eligibility_status_documentation;institutional_structure_coordination,label keywords,water_access,effective_access,effective_access,,FALSE
S949,institutional_fragmentation,institutional_structure_coordination,enforcement_sanctions;institutional_structure_coordination,label keywords,water_access,effective_access,effective_access,,FALSE
S950,discretion,discretion_accommodation,discretion_accommodation;fees_tariffs_subsidies;institutional_structure_coordination;participation_assistance,label keywords,water_access,effective_access,effective_access,,FALSE
S951,discretion,discretion_accommodation,discretion_accommodation;institutional_structure_coordination;participation_assistance,label keywords,water_access,effective_access,effective_access,,FALSE
S952,institutional_fragmentation,institutional_structure_coordination,institutional_structure_coordination;participation_assistance,label keywords,water_access,effective_access,effective_access,,FALSE
S953,legal_status,eligibility_status_documentation,eligibility_status_documentation;institutional_structure_coordination;review_redress,label keywords,water_access,effective_access,effective_access,,FALSE
S954,institutional_fragmentation,institutional_structure_coordination,fees_tariffs_subsidies;institutional_structure_coordination;participation_assistance,label keywords,water_access,effective_access,effective_access,,FALSE
S955,institutional_fragmentation,institutional_structure_coordination,discretion_accommodation;institutional_structure_coordination;participation_assistance,label keywords,sanitation_access,effective_access,effective_access,,FALSE
S956,institutional_fragmentation,institutional_structure_coordination,discretion_accommodation;institutional_structure_coordination;participation_assistance,label keywords,water_access,effective_access,effective_access,,FALSE
S957,participation,participation_assistance,discretion_accommodation;institutional_structure_coordination;participation_assistance,label keywords,water_access,effective_access,effective_access,,FALSE
S958,enforcement,enforcement_sanctions,eligibility_status_documentation;enforcement_sanctions,label keywords,sanitation_access,effective_access,effective_access,,FALSE
S959,institutional_fragmentation,institutional_structure_coordination,discretion_accommodation;institutional_structure_coordination;participation_assistance,label keywords,water_access,effective_access,effective_access,,FALSE
S960,institutional_fragmentation,institutional_structure_coordination,discretion_accommodation;eligibility_status_documentation;enforcement_sanctions;institutional_structure_coordination,label keywords,water_access,effective_access,effective_access,,FALSE
S961,formal_connection,eligibility_status_documentation,discretion_accommodation;eligibility_status_documentation;procedural_burden,label keywords,water_access,effective_access,effective_access,,FALSE
S962,institutional_fragmentation,institutional_structure_coordination,discretion_accommodation;fees_tariffs_subsidies;institutional_structure_coordination;participation_assistance,label keywords,sanitation_access,effective_access,effective_access,,FALSE
S963,legal_status,eligibility_status_documentation,discretion_accommodation;eligibility_status_documentation;enforcement_sanctions;fees_tariffs_subsidies;review_redress,label keywords,water_access,effective_access,effective_access,,FALSE
S964,discretion_accommodation,discretion_accommodation,discretion_accommodation;eligibility_status_documentation;fees_tariffs_subsidies;institutional_structure_coordination;participation_assistance;procedural_burden,label keywords,water_access,effective_access,effective_access,,FALSE
S965,enforcement,enforcement_sanctions,discretion_accommodation;eligibility_status_documentation;enforcement_sanctions;fees_tariffs_subsidies;institutional_structure_coordination,label keywords,sanitation_access,effective_access,effective_access,,FALSE
S966,institutional_fragmentation,institutional_structure_coordination,discretion_accommodation;eligibility_status_documentation;institutional_structure_coordination;participation_assistance;procedural_burden,label keywords,sanitation_access,effective_access,effective_access,,FALSE
S967,participation,participation_assistance,eligibility_status_documentation;institutional_structure_coordination;participation_assistance,label keywords,water_access,effective_access,effective_access,,FALSE
S968,institutional_fragmentation,institutional_structure_coordination,discretion_accommodation;institutional_structure_coordination;participation_assistance,label keywords,water_access,effective_access,effective_access,,FALSE
S969,legal_status,eligibility_status_documentation,eligibility_status_documentation;institutional_structure_coordination,label keywords,water_access,effective_access,effective_access,,FALSE
S970,legal_status,eligibility_status_documentation,eligibility_status_documentation;institutional_structure_coordination;participation_assistance,label keywords,water_access,effective_access,effective_access,,FALSE
S971,institutional_fragmentation,institutional_structure_coordination,discretion_accommodation;eligibility_status_documentation;fees_tariffs_subsidies;institutional_structure_coordination;participation_assistance,label keywords,water_access,effective_access,effective_access,,FALSE
S972,enforcement,enforcement_sanctions,discretion_accommodation;enforcement_sanctions;fees_tariffs_subsidies,label keywords,water_access,effective_access,effective_access,,FALSE
S973,legal_status,eligibility_status_documentation,eligibility_status_documentation;fees_tariffs_subsidies;institutional_structure_coordination,label keywords,water_access,effective_access,effective_access,,FALSE
S974,legal_status,eligibility_status_documentation,discretion_accommodation;eligibility_status_documentation;fees_tariffs_subsidies;institutional_structure_coordination;participation_assistance;procedural_burden,label keywords,water_access,effective_access,effective_access,,FALSE
S975,fees,fees_tariffs_subsidies,discretion_accommodation;fees_tariffs_subsidies;institutional_structure_coordination,label keywords,water_access,effective_access,effective_access,,FALSE
S976,legal_status,eligibility_status_documentation,discretion_accommodation;eligibility_status_documentation;fees_tariffs_subsidies,label keywords,water_access,effective_access,effective_access,,FALSE
S977,fees,fees_tariffs_subsidies,eligibility_status_documentation;fees_tariffs_subsidies,label keywords,sanitation_access,effective_access,effective_access,,FALSE
S978,participation,participation_assistance,discretion_accommodation;eligibility_status_documentation;fees_tariffs_subsidies;institutional_structure_coordination;participation_assistance,label keywords,water_access,effective_access,effective_access,,FALSE
S979,institutional_fragmentation,institutional_structure_coordination,eligibility_status_documentation;institutional_structure_coordination,label keywords,water_access,effective_access,effective_access,,FALSE
S980,enforcement,enforcement_sanctions,discretion_accommodation;eligibility_status_documentation;enforcement_sanctions;procedural_burden,label keywords,sanitation_access,effective_access,effective_access,,FALSE
S981,fees,fees_tariffs_subsidies,eligibility_status_documentation;fees_tariffs_subsidies,label keywords,water_access,effective_access,effective_access,,FALSE
S982,legal_status,eligibility_status_documentation,eligibility_status_documentation;procedural_burden,label keywords,water_access,effective_access,effective_access,,FALSE
S983,institutional_fragmentation,institutional_structure_coordination,eligibility_status_documentation;fees_tariffs_subsidies;institutional_structure_coordination,label keywords,water_access,effective_access,effective_access,,FALSE
S984,tenure,eligibility_status_documentation,eligibility_status_documentation;participation_assistance,label keywords,water_access,effective_access,effective_access,,FALSE
S985,fees,fees_tariffs_subsidies,discretion_accommodation;eligibility_status_documentation;fees_tariffs_subsidies;institutional_structure_coordination,label keywords,water_access,effective_access,effective_access,,FALSE
S986,discretion,discretion_accommodation,discretion_accommodation;eligibility_status_documentation;fees_tariffs_subsidies,label keywords,water_access,effective_access,effective_access,,FALSE
S987,participation,participation_assistance,discretion_accommodation;eligibility_status_documentation;institutional_structure_coordination;participation_assistance,label keywords,water_access,effective_access,effective_access,,FALSE
S988,institutional_fragmentation,institutional_structure_coordination,eligibility_status_documentation;fees_tariffs_subsidies;institutional_structure_coordination;participation_assistance,label keywords,water_access,effective_access,effective_access,,FALSE
S989,legal_status,eligibility_status_documentation,eligibility_status_documentation;participation_assistance;review_redress,label keywords,water_access,effective_access,effective_access,,FALSE
S990,enforcement,enforcement_sanctions,enforcement_sanctions;institutional_structure_coordination,label keywords,water_access,effective_access,effective_access,,FALSE
S991,participation,participation_assistance,discretion_accommodation;eligibility_status_documentation;institutional_structure_coordination;participation_assistance,label keywords,water_access,effective_access,effective_access,,FALSE
S992,documentation,eligibility_status_documentation,eligibility_status_documentation;fees_tariffs_subsidies;institutional_structure_coordination;participation_assistance,label keywords,water_access,effective_access,effective_access,,FALSE
S993,service_area,institutional_structure_coordination,eligibility_status_documentation;institutional_structure_coordination,label keywords,water_access,effective_access,effective_access,,FALSE
S994,institutional_fragmentation,institutional_structure_coordination,eligibility_status_documentation;institutional_structure_coordination;participation_assistance,label keywords,water_access,effective_access,effective_access,,FALSE
S995,fees,fees_tariffs_subsidies,enforcement_sanctions;fees_tariffs_subsidies,label keywords,water_access,effective_access,effective_access,,FALSE
S996,tenure,eligibility_status_documentation,eligibility_status_documentation;fees_tariffs_subsidies,label keywords,sanitation_access,effective_access,effective_access,,FALSE
S997,fees,fees_tariffs_subsidies,discretion_accommodation;fees_tariffs_subsidies;participation_assistance,label keywords,water_access,effective_access,effective_access,,FALSE
S998,legal_status,eligibility_status_documentation,eligibility_status_documentation;participation_assistance,label keywords,water_access,effective_access,effective_access,,FALSE
S999,legal_status,eligibility_status_documentation,eligibility_status_documentation;fees_tariffs_subsidies;review_redress,label keywords,water_access,effective_access,effective_access,,FALSE
S1000,discretion,discretion_accommodation,discretion_accommodation;eligibility_status_documentation;fees_tariffs_subsidies;institutional_structure_coordination,label keywords,water_access,effective_access,effective_access,,FALSE
S1001,legal_status,eligibility_status_documentation,eligibility_status_documentation;institutional_structure_coordination,label keywords,water_access,effective_access,effective_access,,FALSE
S1002,enforcement,enforcement_sanctions,eligibility_status_documentation;enforcement_sanctions;institutional_structure_coordination,label keywords,water_access,effective_access,effective_access,,FALSE
S1003,legal_status,eligibility_status_documentation,eligibility_status_documentation;enforcement_sanctions,label keywords,water_access,effective_access,effective_access,,FALSE
S1004,discretion,discretion_accommodation,discretion_accommodation;enforcement_sanctions;institutional_structure_coordination,label keywords,water_access,effective_access,effective_access,,FALSE
S1005,legal_status,eligibility_status_documentation,eligibility_status_documentation;enforcement_sanctions;fees_tariffs_subsidies;institutional_structure_coordination;participation_assistance;procedural_burden;review_redress,label keywords,water_access,effective_access,effective_access,,FALSE
S1006,legal_status,eligibility_status_documentation,discretion_accommodation;eligibility_status_documentation;enforcement_sanctions;fees_tariffs_subsidies;institutional_structure_coordination;procedural_burden,label keywords,water_access,effective_access,effective_access,,FALSE
S1007,discretion,discretion_accommodation,discretion_accommodation;eligibility_status_documentation;enforcement_sanctions;institutional_structure_coordination;participation_assistance;procedural_burden;review_redress,label keywords,water_access,effective_access,effective_access,,FALSE
S1008,legal_status,eligibility_status_documentation,eligibility_status_documentation;enforcement_sanctions;institutional_structure_coordination;procedural_burden;review_redress,label keywords,sanitation_access,effective_access,effective_access,,FALSE
S1009,discretion,discretion_accommodation,discretion_accommodation;eligibility_status_documentation;enforcement_sanctions;fees_tariffs_subsidies;institutional_structure_coordination;participation_assistance;procedural_burden;review_redress,label keywords,water_access,effective_access,effective_access,,FALSE
S1010,enforcement,enforcement_sanctions,discretion_accommodation;eligibility_status_documentation;enforcement_sanctions;fees_tariffs_subsidies;institutional_structure_coordination;procedural_burden;review_redress,label keywords,water_access,effective_access,effective_access,,FALSE
S1011,legal_status,eligibility_status_documentation,discretion_accommodation;eligibility_status_documentation;enforcement_sanctions;institutional_structure_coordination;participation_assistance;procedural_burden;review_redress,label keywords,water_access,effective_access,effective_access,,FALSE
S1012,discretion,discretion_accommodation,discretion_accommodation;eligibility_status_documentation;enforcement_sanctions;fees_tariffs_subsidies;institutional_structure_coordination;participation_assistance;procedural_burden,label keywords,water_access,effective_access,effective_access,,FALSE
S1013,eligibility,eligibility_status_documentation,discretion_accommodation;eligibility_status_documentation;enforcement_sanctions;fees_tariffs_subsidies;institutional_structure_coordination;participation_assistance;procedural_burden,label keywords,sanitation_access,effective_access,effective_access,,FALSE
S1014,enforcement,enforcement_sanctions,discretion_accommodation;eligibility_status_documentation;enforcement_sanctions;fees_tariffs_subsidies;institutional_structure_coordination;participation_assistance;procedural_burden;review_redress,label keywords,water_access,effective_access,effective_access,,FALSE
S1015,eligibility,eligibility_status_documentation,discretion_accommodation;eligibility_status_documentation;enforcement_sanctions;fees_tariffs_subsidies;institutional_structure_coordination;participation_assistance;procedural_burden,label keywords,water_access,effective_access,effective_access,,FALSE
S1016,fees,fees_tariffs_subsidies,discretion_accommodation;eligibility_status_documentation;enforcement_sanctions;fees_tariffs_subsidies;institutional_structure_coordination;procedural_burden,label keywords,water_access,effective_access,effective_access,,FALSE
S1017,fees,fees_tariffs_subsidies,discretion_accommodation;eligibility_status_documentation;enforcement_sanctions;fees_tariffs_subsidies;institutional_structure_coordination;participation_assistance;procedural_burden;review_redress,label keywords,water_access,effective_access,effective_access,,FALSE
S1018,eligibility,eligibility_status_documentation,discretion_accommodation;eligibility_status_documentation;enforcement_sanctions;institutional_structure_coordination;procedural_burden;review_redress,label keywords,water_access,effective_access,effective_access,,FALSE
S1019,political_coordination,institutional_structure_coordination,discretion_accommodation;eligibility_status_documentation;enforcement_sanctions;institutional_structure_coordination;participation_assistance;procedural_burden,label keywords,water_access,effective_access,effective_access,,FALSE
S1020,political_coordination,institutional_structure_coordination,institutional_structure_coordination;participation_assistance;procedural_burden,label keywords,water_access,effective_access,effective_access,,FALSE
S1021,eligibility,eligibility_status_documentation,discretion_accommodation;eligibility_status_documentation;enforcement_sanctions;fees_tariffs_subsidies;institutional_structure_coordination;participation_assistance;procedural_burden,label keywords,water_access,effective_access,effective_access,,FALSE
S1022,legal_status,eligibility_status_documentation,discretion_accommodation;eligibility_status_documentation;enforcement_sanctions;institutional_structure_coordination;participation_assistance;procedural_burden;review_redress,label keywords,water_access,effective_access,effective_access,,FALSE
S1023,fees,fees_tariffs_subsidies,discretion_accommodation;eligibility_status_documentation;enforcement_sanctions;fees_tariffs_subsidies;institutional_structure_coordination;participation_assistance;procedural_burden;review_redress,label keywords,water_access,effective_access,effective_access,,FALSE
S1024,participation,participation_assistance,discretion_accommodation;enforcement_sanctions;institutional_structure_coordination;participation_assistance;procedural_burden;review_redress,label keywords,water_access,effective_access,effective_access,,FALSE
S1025,tenure,eligibility_status_documentation,eligibility_status_documentation;institutional_structure_coordination;participation_assistance;procedural_burden,label keywords,water_access,effective_access,effective_access,,FALSE
S1026,political_coordination,institutional_structure_coordination,discretion_accommodation;eligibility_status_documentation;institutional_structure_coordination;participation_assistance;procedural_burden;review_redress,label keywords,water_access,effective_access,effective_access,,FALSE
S1027,institutional_fragmentation,institutional_structure_coordination,discretion_accommodation;eligibility_status_documentation;enforcement_sanctions;fees_tariffs_subsidies;institutional_structure_coordination;participation_assistance;procedural_burden;review_redress,label keywords,water_access,effective_access,effective_access,,FALSE
S1028,enforcement,enforcement_sanctions,discretion_accommodation;eligibility_status_documentation;enforcement_sanctions;institutional_structure_coordination;participation_assistance;procedural_burden;review_redress,label keywords,water_access,effective_access,effective_access,,FALSE
S1029,fees,fees_tariffs_subsidies,discretion_accommodation;eligibility_status_documentation;fees_tariffs_subsidies;institutional_structure_coordination;procedural_burden,label keywords,water_access,effective_access,effective_access,,FALSE
S1030,enforcement,enforcement_sanctions,discretion_accommodation;eligibility_status_documentation;enforcement_sanctions;fees_tariffs_subsidies;institutional_structure_coordination;procedural_burden;review_redress,label keywords,water_access,effective_access,effective_access,,FALSE
S1031,planning,institutional_structure_coordination,discretion_accommodation;eligibility_status_documentation;institutional_structure_coordination;procedural_burden,label keywords,water_access,effective_access,effective_access,,FALSE
S1032,administrative_review,review_redress,discretion_accommodation;institutional_structure_coordination;participation_assistance;procedural_burden;review_redress,label keywords,water_access,effective_access,effective_access,,FALSE
S1033,enforcement,enforcement_sanctions,discretion_accommodation;eligibility_status_documentation;enforcement_sanctions;fees_tariffs_subsidies;institutional_structure_coordination;participation_assistance;procedural_burden;review_redress,label keywords,water_access,effective_access,effective_access,,FALSE
S1034,planning,institutional_structure_coordination,discretion_accommodation;fees_tariffs_subsidies;institutional_structure_coordination,label keywords,water_access,effective_access,effective_access,,FALSE
S1035,fees,fees_tariffs_subsidies,discretion_accommodation;enforcement_sanctions;fees_tariffs_subsidies;institutional_structure_coordination;procedural_burden;review_redress,label keywords,water_access,effective_access,effective_access,,FALSE
S1036,enforcement,enforcement_sanctions,discretion_accommodation;eligibility_status_documentation;enforcement_sanctions;institutional_structure_coordination;participation_assistance;review_redress,label keywords,sanitation_access,effective_access,effective_access,,FALSE
S1037,participation,participation_assistance,discretion_accommodation;institutional_structure_coordination;participation_assistance,label keywords,water_access,effective_access,effective_access,,FALSE
S1038,fees,fees_tariffs_subsidies,discretion_accommodation;fees_tariffs_subsidies;procedural_burden;review_redress,label keywords,water_access,effective_access,effective_access,,FALSE
S1039,fees,fees_tariffs_subsidies,discretion_accommodation;eligibility_status_documentation;fees_tariffs_subsidies;institutional_structure_coordination;procedural_burden;review_redress,label keywords,water_access,effective_access,effective_access,,FALSE
S1040,eligibility,eligibility_status_documentation,discretion_accommodation;eligibility_status_documentation;enforcement_sanctions;fees_tariffs_subsidies;institutional_structure_coordination;participation_assistance;procedural_burden;review_redress,label keywords,water_access,effective_access,effective_access,,FALSE
S1041,fees,fees_tariffs_subsidies,eligibility_status_documentation;fees_tariffs_subsidies;institutional_structure_coordination;procedural_burden,label keywords,affordability,economic_access,economic_access,,FALSE
S1042,participation,participation_assistance,fees_tariffs_subsidies;institutional_structure_coordination;participation_assistance,label keywords,water_access,effective_access,effective_access,,FALSE
S1043,enforcement,enforcement_sanctions,discretion_accommodation;eligibility_status_documentation;enforcement_sanctions;institutional_structure_coordination;participation_assistance;procedural_burden;review_redress,label keywords,water_access,effective_access,effective_access,,FALSE
S1044,fees,fees_tariffs_subsidies,discretion_accommodation;eligibility_status_documentation;enforcement_sanctions;fees_tariffs_subsidies;institutional_structure_coordination;participation_assistance;procedural_burden;review_redress,label keywords,affordability,economic_access,economic_access,,FALSE
S1045,eligibility,eligibility_status_documentation,discretion_accommodation;eligibility_status_documentation;fees_tariffs_subsidies;institutional_structure_coordination;participation_assistance;procedural_burden;review_redress,label keywords,water_access,effective_access,effective_access,,FALSE
S1046,administrative_practice,unmapped_needs_review,discretion_accommodation;institutional_structure_coordination;procedural_burden,none,water_access,effective_access,effective_access,,TRUE
S1047,enforcement,enforcement_sanctions,discretion_accommodation;eligibility_status_documentation;enforcement_sanctions;institutional_structure_coordination;participation_assistance;procedural_burden;review_redress,label keywords,water_access,effective_access,effective_access,,FALSE
S1048,regulatory_model,regulatory_model_ownership,discretion_accommodation;fees_tariffs_subsidies;institutional_structure_coordination;participation_assistance;procedural_burden;regulatory_model_ownership,label keywords,service_coverage,effective_access,effective_access,,FALSE
S1049,fees,fees_tariffs_subsidies,discretion_accommodation;fees_tariffs_subsidies;institutional_structure_coordination;procedural_burden,label keywords,affordability,economic_access,economic_access,,FALSE
S1050,regulatory_model,regulatory_model_ownership,discretion_accommodation;eligibility_status_documentation;enforcement_sanctions;fees_tariffs_subsidies;institutional_structure_coordination;participation_assistance;procedural_burden;regulatory_model_ownership;review_redress,label keywords,water_access,effective_access,effective_access,,FALSE
S1051,eligibility,eligibility_status_documentation,discretion_accommodation;eligibility_status_documentation;fees_tariffs_subsidies;institutional_structure_coordination;participation_assistance;procedural_burden,label keywords,sanitation_access,effective_access,effective_access,,FALSE
S1052,participation,participation_assistance,discretion_accommodation;eligibility_status_documentation;fees_tariffs_subsidies;institutional_structure_coordination;participation_assistance;procedural_burden,label keywords,water_access,effective_access,effective_access,,FALSE
S1053,fees,fees_tariffs_subsidies,discretion_accommodation;eligibility_status_documentation;fees_tariffs_subsidies;institutional_structure_coordination;participation_assistance;procedural_burden;review_redress,label keywords,water_access,effective_access,effective_access,,FALSE
S1054,legal_status,eligibility_status_documentation,discretion_accommodation;eligibility_status_documentation;enforcement_sanctions;institutional_structure_coordination;participation_assistance;review_redress,label keywords,water_access,effective_access,effective_access,,FALSE
S1055,legal_status,eligibility_status_documentation,discretion_accommodation;eligibility_status_documentation;enforcement_sanctions;fees_tariffs_subsidies;institutional_structure_coordination;procedural_burden,label keywords,water_access,effective_access,effective_access,,FALSE
S1056,social_capital_caste,unmapped_needs_review,eligibility_status_documentation;participation_assistance;procedural_burden,none,water_access,effective_access,effective_access,,TRUE
S1057,participation,participation_assistance,discretion_accommodation;fees_tariffs_subsidies;institutional_structure_coordination;participation_assistance,label keywords,water_access,effective_access,effective_access,,FALSE
S1058,enforcement,enforcement_sanctions,discretion_accommodation;enforcement_sanctions;fees_tariffs_subsidies;institutional_structure_coordination;procedural_burden,label keywords,affordability,economic_access,economic_access,,FALSE
S1059,discretion_accommodation,discretion_accommodation,discretion_accommodation;eligibility_status_documentation;enforcement_sanctions;institutional_structure_coordination;participation_assistance;procedural_burden,label keywords,water_access,effective_access,effective_access,,FALSE
S1060,participation,participation_assistance,discretion_accommodation;eligibility_status_documentation;fees_tariffs_subsidies;institutional_structure_coordination;participation_assistance;procedural_burden;review_redress,label keywords,water_access,effective_access,effective_access,,FALSE
S1061,participation,participation_assistance,discretion_accommodation;eligibility_status_documentation;fees_tariffs_subsidies;institutional_structure_coordination;participation_assistance;procedural_burden,label keywords,water_access,effective_access,effective_access,,FALSE
S1062,fees,fees_tariffs_subsidies,fees_tariffs_subsidies;institutional_structure_coordination,label keywords,service_coverage,effective_access,effective_access,,FALSE
S1063,eligibility,eligibility_status_documentation,discretion_accommodation;eligibility_status_documentation;enforcement_sanctions;institutional_structure_coordination;procedural_burden;review_redress,label keywords,water_access,effective_access,effective_access,,FALSE
S1064,fees,fees_tariffs_subsidies,discretion_accommodation;enforcement_sanctions;fees_tariffs_subsidies;institutional_structure_coordination;procedural_burden,label keywords,affordability,economic_access,economic_access,,FALSE
S1065,regional_disparity,unmapped_needs_review,institutional_structure_coordination,none,water_access,effective_access,effective_access,,TRUE
S1066,enforcement,enforcement_sanctions,enforcement_sanctions;fees_tariffs_subsidies;institutional_structure_coordination;participation_assistance;procedural_burden;review_redress,label keywords,water_access,effective_access,effective_access,,FALSE
S1067,fees,fees_tariffs_subsidies,discretion_accommodation;eligibility_status_documentation;fees_tariffs_subsidies;institutional_structure_coordination;participation_assistance;procedural_burden,label keywords,water_access,effective_access,effective_access,,FALSE
S1068,institutional_arrangement,unmapped_needs_review,discretion_accommodation;fees_tariffs_subsidies;institutional_structure_coordination;procedural_burden,none,affordability,economic_access,economic_access,,TRUE
S1069,"Free Basic Water policy, tariff design, and disconnection enforcement",multiple,discretion_accommodation;eligibility_status_documentation;enforcement_sanctions;fees_tariffs_subsidies;institutional_structure_coordination;participation_assistance;procedural_burden;review_redress,label keywords,affordability,economic_access,economic_access,,FALSE
S1070,eligibility,eligibility_status_documentation,discretion_accommodation;eligibility_status_documentation;institutional_structure_coordination;participation_assistance;procedural_burden,label keywords,water_access,effective_access,effective_access,,FALSE
S1071,"water-sector legal reform and regulatory-body establishment (tariff-setting, resource-management, consumer protection)",multiple,discretion_accommodation;eligibility_status_documentation;enforcement_sanctions;fees_tariffs_subsidies;regulatory_model_ownership,label keywords,water_access,effective_access,effective_access,,FALSE
S1072,IMF structural adjustment conditionality,unmapped_needs_review,institutional_structure_coordination,none,service_coverage,effective_access,effective_access,,TRUE
S1073,fees,fees_tariffs_subsidies,discretion_accommodation;fees_tariffs_subsidies;institutional_structure_coordination;procedural_burden,label keywords,water_access,effective_access,effective_access,,FALSE
S1074,deliberate administrative inaction / discriminatory infrastructure neglect,unmapped_needs_review,discretion_accommodation;eligibility_status_documentation;fees_tariffs_subsidies;institutional_structure_coordination;procedural_burden;review_redress,none,water_access,effective_access,effective_access,,TRUE
S1075,institutional ownership/management model (PPP vs. corporate public ownership),regulatory_model_ownership,eligibility_status_documentation;fees_tariffs_subsidies;institutional_structure_coordination;regulatory_model_ownership,label keywords,"affordability, service_quality",multiple,economic_access;effective_access,,FALSE
S1076,institutional fragmentation and regulatory delay,multiple,discretion_accommodation;enforcement_sanctions;fees_tariffs_subsidies;institutional_structure_coordination;procedural_burden;regulatory_model_ownership;review_redress,label keywords,"service_coverage, affordability",multiple,economic_access;effective_access,,FALSE
S1077,gender-mainstreaming implementation and water-sector privatization,unmapped_needs_review,discretion_accommodation;eligibility_status_documentation;institutional_structure_coordination;participation_assistance;procedural_burden,none,water_access,effective_access,effective_access,,TRUE
S1078,"eligibility, fees",multiple,discretion_accommodation;eligibility_status_documentation;enforcement_sanctions;fees_tariffs_subsidies;institutional_structure_coordination;participation_assistance;procedural_burden,label keywords,"household water access, coverage and affordability",multiple,economic_access;effective_access,,FALSE
S1079,"broad socioeconomic/structural determinants (investment, agricultural share, vulnerable female employment, education, urbanization)",unmapped_needs_review,institutional_structure_coordination,none,water_access,effective_access,effective_access,,TRUE
S1080,privatization/contracting-out and regulatory enforcement capacity,multiple,discretion_accommodation;enforcement_sanctions;institutional_structure_coordination;regulatory_model_ownership,label keywords,"sanitation_access, service_quality",effective_access,effective_access,,FALSE
S1081,"eligibility, fees, connection requirements",multiple,discretion_accommodation;eligibility_status_documentation;fees_tariffs_subsidies;institutional_structure_coordination;participation_assistance;procedural_burden,label keywords,"sanitation_access, service_coverage, affordability",multiple,economic_access;effective_access,,FALSE
S1082,"eligibility, fees (Water User Committee financial-contribution requirements)",multiple,eligibility_status_documentation;fees_tariffs_subsidies;participation_assistance;procedural_burden,label keywords,"water_access, service_reliability",effective_access,effective_access,,FALSE
S1083,"fees, bureaucratic_assistance (NGO-ULB-community cost-sharing partnership)",multiple,discretion_accommodation;eligibility_status_documentation;fees_tariffs_subsidies;institutional_structure_coordination;participation_assistance;procedural_burden,label keywords,"sanitation_access, affordability",multiple,economic_access;effective_access,,FALSE
S1084,"broad socioeconomic/geographic determinants (age, education, wealth, distance, region)",unmapped_needs_review,institutional_structure_coordination,none,"water_access, sanitation_access, service_coverage",effective_access,effective_access,,TRUE
S1085,"fees, participation (WUC-set tariff/contribution levels)",multiple,discretion_accommodation;fees_tariffs_subsidies;institutional_structure_coordination;participation_assistance;procedural_burden,label keywords,"household contribution amount (financing-sustainability, not direct water access)",effective_access,effective_access,household contribution amount (financing-sustainability,TRUE
S1086,"eligibility, tenure, fees (tenure-proof requirement waived for payment proof)",multiple,discretion_accommodation;eligibility_status_documentation;fees_tariffs_subsidies;institutional_structure_coordination;participation_assistance;procedural_burden;review_redress,label keywords,"household water access, formal connection, coverage, affordability",multiple,economic_access;effective_access;primary_connection,,FALSE
S1087,"eligibility, fees, enforcement (CPC licensing and tariff regulation)",multiple,discretion_accommodation;eligibility_status_documentation;enforcement_sanctions;fees_tariffs_subsidies;institutional_structure_coordination;participation_assistance;procedural_burden;review_redress,label keywords,"water_access, service_coverage, affordability",multiple,economic_access;effective_access,,FALSE
S1088,"eligibility, enforcement (labour-law coverage by occupation sector)",multiple,discretion_accommodation;eligibility_status_documentation;enforcement_sanctions;fees_tariffs_subsidies;procedural_burden,label keywords,"sanitation_access, service_coverage",effective_access,effective_access,,FALSE
S1089,"institutional_fragmentation, bureaucratic_assistance (decentralized governance, NGO-utility partnership)",multiple,discretion_accommodation;eligibility_status_documentation;fees_tariffs_subsidies;institutional_structure_coordination;participation_assistance;procedural_burden;regulatory_model_ownership,label keywords,"water_access, sanitation_access, service_coverage",effective_access,effective_access,,FALSE
S1090,"eligibility, fees (legal connection-eligibility barriers, discriminatory tariffs)",multiple,discretion_accommodation;eligibility_status_documentation;enforcement_sanctions;fees_tariffs_subsidies;institutional_structure_coordination;procedural_burden;review_redress,label keywords,"water_access, formal_connection, affordability",multiple,economic_access;effective_access;primary_connection,,FALSE
S1091,"institutional_fragmentation, fees (enabling-environment policy/financing dimensions)",multiple,fees_tariffs_subsidies;institutional_structure_coordination;participation_assistance,label keywords,"sanitation_access, service_coverage, affordability",multiple,economic_access;effective_access,,FALSE
S1092,"fees, eligibility (connection charges, tariff/subsidy design)",multiple,discretion_accommodation;eligibility_status_documentation;enforcement_sanctions;fees_tariffs_subsidies;participation_assistance;procedural_burden;review_redress,label keywords,"water_access, formal_connection, affordability",multiple,economic_access;effective_access;primary_connection,,FALSE
S1093,"fees, enforcement (infrastructure/connection charges, regulatory capture)",multiple,discretion_accommodation;eligibility_status_documentation;enforcement_sanctions;fees_tariffs_subsidies;institutional_structure_coordination;participation_assistance;procedural_burden;regulatory_model_ownership;review_redress,label keywords,"water_access, sanitation_access, formal_connection, affordability",multiple,economic_access;effective_access;primary_connection,,FALSE
S1094,"eligibility, fees, institutional_fragmentation (co-production governance modes)",multiple,discretion_accommodation;eligibility_status_documentation;fees_tariffs_subsidies;institutional_structure_coordination;participation_assistance;procedural_burden;regulatory_model_ownership,label keywords,"water_access, sanitation_access, affordability",multiple,economic_access;effective_access,,FALSE
S1095,"eligibility, tenure, fees (community-public partnership governance)",multiple,discretion_accommodation;eligibility_status_documentation;fees_tariffs_subsidies;institutional_structure_coordination;participation_assistance;procedural_burden;regulatory_model_ownership,label keywords,"water_access, formal_connection, service_coverage, affordability",multiple,economic_access;effective_access;primary_connection,,FALSE
S1096,"fees, institutional_fragmentation (subsidy allocation, connection-cost burden)",multiple,discretion_accommodation;fees_tariffs_subsidies;institutional_structure_coordination;procedural_burden,label keywords,"water_access, sanitation_access, formal_connection, affordability",multiple,economic_access;effective_access;primary_connection,,FALSE
S1097,"eligibility, service_area, enforcement (regulatory-jurisdiction fragmentation)",multiple,discretion_accommodation;eligibility_status_documentation;enforcement_sanctions;fees_tariffs_subsidies;institutional_structure_coordination;procedural_burden;regulatory_model_ownership,label keywords,"water_access, sanitation_access, formal_connection, service_coverage",multiple,effective_access;primary_connection,,FALSE
S1098,"eligibility, fees (connection-cost subsidy, legalizing vending, exclusive-rights prohibition)",multiple,discretion_accommodation;eligibility_status_documentation;fees_tariffs_subsidies;institutional_structure_coordination;procedural_burden,label keywords,"water_access, formal_connection, affordability",multiple,economic_access;effective_access;primary_connection,,FALSE
S1099,"legal_status, fees (illegal-settlement status, informal-purchase markup)",multiple,discretion_accommodation;eligibility_status_documentation;enforcement_sanctions;fees_tariffs_subsidies;institutional_structure_coordination;procedural_burden,label keywords,"water_access, sanitation_access, formal_connection, affordability",multiple,economic_access;effective_access;primary_connection,,FALSE
S1100,fees (full-cost-recovery tariff clause applied to collective bulk connection),fees_tariffs_subsidies,discretion_accommodation;enforcement_sanctions;fees_tariffs_subsidies;institutional_structure_coordination;participation_assistance;procedural_burden,label keywords,"water_access, affordability, service_continuity",multiple,economic_access;effective_access,,FALSE
S1101,"eligibility, fees, enforcement (tariff/indigent-subsidy, credit-control disconnection)",multiple,discretion_accommodation;eligibility_status_documentation;enforcement_sanctions;fees_tariffs_subsidies;procedural_burden,label keywords,"water_access, affordability, service_continuity",multiple,economic_access;effective_access,,FALSE
S1102,"participation, fees (capital-cost contribution, meeting attendance)",multiple,discretion_accommodation;fees_tariffs_subsidies;institutional_structure_coordination;participation_assistance;procedural_burden,label keywords,"water_access, service_reliability, service_quality",effective_access,effective_access,,FALSE
S1103,"fees, eligibility, enforcement (corporate governance/management model, connection-fee installments)",multiple,discretion_accommodation;eligibility_status_documentation;enforcement_sanctions;fees_tariffs_subsidies;institutional_structure_coordination;participation_assistance;procedural_burden;regulatory_model_ownership,label keywords,"water_access, service_coverage, formal_connection",multiple,effective_access;primary_connection,,FALSE
S1104,"eligibility, fees, tenure (land-title waiver, installment connection fees, shared connections)",multiple,discretion_accommodation;eligibility_status_documentation;fees_tariffs_subsidies;institutional_structure_coordination;participation_assistance;procedural_burden,label keywords,"water_access, sanitation_access, formal_connection, affordability",multiple,economic_access;effective_access;primary_connection,,FALSE
S1105,"service_area, discretion, political_coordination (infrastructure sequencing, customary governance dispute)",multiple,discretion_accommodation;institutional_structure_coordination;participation_assistance;procedural_burden;regulatory_model_ownership;review_redress,label keywords,"water_access, delay_outcome",multiple,administrative_outcome;effective_access,,FALSE
S1106,"institutional_fragmentation, political_coordination, service_area (colonial jurisdictional exclusion)",institutional_structure_coordination,institutional_structure_coordination;participation_assistance,label keywords,"water_access, sanitation_access, service_coverage, service_quality",effective_access,effective_access,,FALSE
S1107,"discretion_accommodation, enforcement, political_coordination, bureaucratic_assistance (formal/informal institutional complementarity)",multiple,discretion_accommodation;eligibility_status_documentation;enforcement_sanctions;institutional_structure_coordination;participation_assistance,label keywords,"water_access, service_coverage, service_reliability, service_continuity",effective_access,effective_access,,FALSE
S1108,"institutional_fragmentation, political_coordination, service_area, participation (federal/provincial jurisdictional fragmentation)",multiple,institutional_structure_coordination;participation_assistance,label keywords,"water_access, service_coverage, service_quality",effective_access,effective_access,,FALSE
S1109,"institutional_fragmentation, political_coordination, fees, burden (overlapping agency mandates, PPP concession pricing)",multiple,fees_tariffs_subsidies;institutional_structure_coordination;procedural_burden;regulatory_model_ownership,label keywords,"water_access, service_coverage, service_quality, affordability",multiple,economic_access;effective_access,,FALSE
S1110,"institutional_fragmentation, political_coordination, service_area (state-fragility/governance-failure)",multiple,institutional_structure_coordination;participation_assistance;procedural_burden;regulatory_model_ownership,label keywords,"water_access, sanitation_access, service_coverage, service_continuity",effective_access,effective_access,,FALSE
S1111,"discretion_accommodation, discretion, delay, bureaucratic_assistance, political_coordination (institutional legitimation/discretion)",multiple,discretion_accommodation;institutional_structure_coordination;participation_assistance;procedural_burden,label keywords,"water_access, sanitation_access, service_quality",effective_access,effective_access,,FALSE
S1112,"eligibility, fees, enforcement, hardship_exception, judicial_review (constitutional minimum-water guarantee, cost-recovery charge)",multiple,discretion_accommodation;eligibility_status_documentation;enforcement_sanctions;fees_tariffs_subsidies;procedural_burden;review_redress,label keywords,"water_access, service_quantity, affordability",multiple,economic_access;effective_access,,FALSE
S1113,"eligibility, service_area, tenure, fees (regulatory framework, informal-settlement exclusion from statistics)",multiple,eligibility_status_documentation;fees_tariffs_subsidies;institutional_structure_coordination;procedural_burden;regulatory_model_ownership,label keywords,"water_access, sanitation_access, service_coverage, affordability",multiple,economic_access;effective_access,,FALSE
S1114,"enforcement, sanction, discretion, participation (village by-law enforcement)",multiple,discretion_accommodation;enforcement_sanctions;institutional_structure_coordination;participation_assistance,label keywords,"sanitation_access, service_coverage",effective_access,effective_access,,FALSE
S1115,"discretion_accommodation, procedural_steps, bureaucratic_assistance, political_coordination (decentralization/privatization policy)",multiple,discretion_accommodation;institutional_structure_coordination;participation_assistance;procedural_burden,label keywords,"water_access, sanitation_access, service_coverage, service_continuity",effective_access,effective_access,,FALSE
S1116,"enforcement, tenure, property, planning, zoning (informal-settlement repression/acceptance)",multiple,eligibility_status_documentation;enforcement_sanctions;institutional_structure_coordination;procedural_burden,label keywords,"water_access, sanitation_access, affordability",multiple,economic_access;effective_access,,FALSE
S1117,"eligibility, disconnection, reconnection, hardship_exception, judicial_review, fees (COVID-19 emergency water-access policy)",multiple,discretion_accommodation;eligibility_status_documentation;enforcement_sanctions;fees_tariffs_subsidies;institutional_structure_coordination;participation_assistance;procedural_burden;review_redress,label keywords,"water_access, affordability, service_continuity, service_coverage",multiple,economic_access;effective_access,,FALSE
S1118,"eligibility, tenure, property, planning, zoning, discretion (town planning scheme, legal status of constructions)",multiple,discretion_accommodation;eligibility_status_documentation;institutional_structure_coordination;procedural_burden,label keywords,water_access,effective_access,effective_access,,FALSE
S1119,"tenure, property, planning, discretion_accommodation, institutional_fragmentation, participation (landownership, governance capacity)",multiple,discretion_accommodation;eligibility_status_documentation;fees_tariffs_subsidies;institutional_structure_coordination;participation_assistance;regulatory_model_ownership,label keywords,"water_access, sanitation_access, affordability, service_continuity, refusal",multiple,administrative_outcome;economic_access;effective_access,,FALSE
S1120,"eligibility, service_area, fees, discretion_accommodation, planning (service-area/eligibility classification by ability-to-pay)",multiple,discretion_accommodation;eligibility_status_documentation;fees_tariffs_subsidies;institutional_structure_coordination;participation_assistance;procedural_burden,label keywords,"water_access, service_coverage, affordability",multiple,economic_access;effective_access,,FALSE
S1121,"eligibility, administrative_review, delay, discretion, procedural_steps (water-adequacy screening administrative review vs. impact fees)",multiple,discretion_accommodation;eligibility_status_documentation;fees_tariffs_subsidies;institutional_structure_coordination;procedural_burden;review_redress,label keywords,"water_access, service_coverage, refusal, delay_outcome",multiple,administrative_outcome;effective_access,,FALSE
S1122,"eligibility, zoning, tenure, property, service_area (zoned vs. non-zoned settlement status)",multiple,eligibility_status_documentation;enforcement_sanctions;institutional_structure_coordination,label keywords,"water_access, service_coverage, refusal",multiple,administrative_outcome;effective_access,,FALSE
S1123,"service_area, institutional_fragmentation, political_coordination, participation (municipal annexation/underbounding)",multiple,discretion_accommodation;eligibility_status_documentation;institutional_structure_coordination;participation_assistance;procedural_burden,label keywords,"water_access, sanitation_access, service_coverage, refusal",multiple,administrative_outcome;effective_access,,FALSE
S1124,"fees, procedural_steps, institutional_fragmentation, burden (connection-fee and service fragmentation)",multiple,fees_tariffs_subsidies;institutional_structure_coordination;procedural_burden,label keywords,"water_access, service_coverage, service_reliability, service_quantity, affordability",multiple,economic_access;effective_access,,FALSE
S1125,"discretion, participation, institutional_fragmentation, bureaucratic_assistance, political_coordination (centralized-state vs. community-centered water governance)",multiple,discretion_accommodation;eligibility_status_documentation;institutional_structure_coordination;participation_assistance;regulatory_model_ownership,label keywords,water_access,effective_access,effective_access,,FALSE
S1126,"institutional_fragmentation, political_coordination, discretion_accommodation, service_area (local water-governance capacity)",multiple,discretion_accommodation;institutional_structure_coordination;regulatory_model_ownership,label keywords,"water_access, service_reliability, service_continuity",effective_access,effective_access,,FALSE
S1127,"fees, service_area, burden, affordability (demand-driven/water-markets institutional model)",multiple,fees_tariffs_subsidies;institutional_structure_coordination;procedural_burden,label keywords,"water_access, service_coverage, service_quantity, affordability",multiple,economic_access;effective_access,,FALSE
S1128,"fees, discretion, administrative_review, judicial_review, participation (water-tariff regulatory formula)",multiple,discretion_accommodation;fees_tariffs_subsidies;participation_assistance;procedural_burden;regulatory_model_ownership;review_redress,label keywords,"water_access, affordability",multiple,economic_access;effective_access,,FALSE
S1129,"planning, service_area, institutional_fragmentation, political_coordination (colonial-era centralized infrastructure design)",institutional_structure_coordination,discretion_accommodation;institutional_structure_coordination,label keywords,"sanitation_access, service_coverage",effective_access,effective_access,,FALSE
S1130,"fees, discretion, participation, institutional_fragmentation, political_coordination (accounting/tariff mechanisms in privatization debate)",multiple,discretion_accommodation;fees_tariffs_subsidies;institutional_structure_coordination;participation_assistance;procedural_burden,label keywords,"water_access, service_coverage, affordability",multiple,economic_access;effective_access,,FALSE
S1131,"legal_status, property, participation, political_coordination (community self-governance vs. state/private commodification)",multiple,discretion_accommodation;eligibility_status_documentation;institutional_structure_coordination;participation_assistance;regulatory_model_ownership,label keywords,water_access,effective_access,effective_access,,FALSE
S1132,"eligibility, discretion_accommodation, planning, service_area, fees, procedural_steps, hardship_exception, complaint, participation, bureaucratic_assistance (participatory-governance institutional mechanism)",multiple,discretion_accommodation;eligibility_status_documentation;fees_tariffs_subsidies;institutional_structure_coordination;participation_assistance;procedural_burden;regulatory_model_ownership;review_redress,label keywords,"water_access, sanitation_access, service_reliability, service_quality, service_continuity",effective_access,effective_access,,FALSE
S1133,"tenure_status, legal_status, eligibility, burden, discretion_accommodation, enforcement, documentation, tenure, service_area, fees, procedural_steps, delay, discretion, disconnection, reconnection, sanction, political_coordination (notified/non-notified slum legal status; residency-cutoff eligibility)",multiple,discretion_accommodation;eligibility_status_documentation;enforcement_sanctions;fees_tariffs_subsidies;institutional_structure_coordination;procedural_burden,label keywords,"water_access, sanitation_access, service_coverage, service_reliability, affordability, service_continuity, refusal, delay_outcome",multiple,administrative_outcome;economic_access;effective_access,,FALSE
S1134,"tenure_status, legal_status, eligibility, burden, discretion_accommodation, documentation, tenure, service_area, fees, procedural_steps, delay, participation, institutional_fragmentation, political_coordination, bureaucratic_assistance (notified-slum eligibility; cost-recovery/user-committee model)",multiple,discretion_accommodation;eligibility_status_documentation;fees_tariffs_subsidies;institutional_structure_coordination;participation_assistance;procedural_burden,label keywords,"water_access, sanitation_access, service_coverage, affordability",multiple,economic_access;effective_access,,FALSE
S1135,"tenure_status, legal_status, eligibility, burden, discretion_accommodation, enforcement, documentation, tenure, property, fees, procedural_steps, discretion, hardship_exception, sanction, participation, refusal (community-membership eligibility institution)",multiple,discretion_accommodation;eligibility_status_documentation;enforcement_sanctions;fees_tariffs_subsidies;participation_assistance;procedural_burden,label keywords,"water_access, service_reliability, service_quantity, affordability, service_continuity",multiple,economic_access;effective_access,,FALSE
S1136,"discretion_accommodation, enforcement, discretion, institutional_fragmentation, political_coordination, bureaucratic_assistance (political capture of constitutionally mandated local-government sanitation function)",multiple,discretion_accommodation;enforcement_sanctions;institutional_structure_coordination;participation_assistance,label keywords,"sanitation_access, service_coverage, service_quality",effective_access,effective_access,,FALSE
S1137,"burden, discretion_accommodation, enforcement, planning, service_area, fees, discretion, complaint, participation, institutional_fragmentation, political_coordination, bureaucratic_assistance, formal_connection (governance-reform/outsourcing/PPP institutional models)",multiple,discretion_accommodation;eligibility_status_documentation;enforcement_sanctions;fees_tariffs_subsidies;institutional_structure_coordination;participation_assistance;procedural_burden;regulatory_model_ownership;review_redress,label keywords,"water_access, sanitation_access, service_coverage, service_reliability, service_quality",effective_access,effective_access,,FALSE
S1138,"eligibility, burden, discretion_accommodation, documentation, planning, service_area, procedural_steps, delay, discretion, administrative_review, institutional_fragmentation, political_coordination, bureaucratic_assistance, formal_connection, application_success, refusal, delay_outcome (competitive earmarked-fund allocation mechanism)",multiple,discretion_accommodation;eligibility_status_documentation;institutional_structure_coordination;participation_assistance;procedural_burden;review_redress,label keywords,"water_access, service_coverage, service_reliability, service_quantity",effective_access,effective_access,,FALSE
S1139,"burden, enforcement, documentation, planning, service_area, fees, institutional_fragmentation, political_coordination, formal_connection (absence of enforceable sanitation law; institutional-framework gaps)",multiple,eligibility_status_documentation;enforcement_sanctions;fees_tariffs_subsidies;institutional_structure_coordination;procedural_burden,label keywords,"sanitation_access, service_coverage, service_reliability, service_quality, affordability, service_continuity",multiple,economic_access;effective_access,,FALSE
S1140,"eligibility, discretion_accommodation, documentation, planning, service_area, procedural_steps, administrative_review, participation, political_coordination, bureaucratic_assistance, formal_connection, application_success, refusal (self-organized network-capital funding-allocation mechanism)",multiple,discretion_accommodation;eligibility_status_documentation;institutional_structure_coordination;participation_assistance;procedural_burden;review_redress,label keywords,"water_access, sanitation_access, service_coverage",effective_access,effective_access,,FALSE
S1141,"eligibility, burden, discretion_accommodation, enforcement, documentation, tenure, property, planning, zoning, service_area, procedural_steps, delay, discretion, administrative_review, complaint, sanction, participation, institutional_fragmentation, political_coordination, formal_connection, application_success, refusal, delay_outcome (informal-settlement legal-status service-eligibility mechanism)",multiple,discretion_accommodation;eligibility_status_documentation;enforcement_sanctions;institutional_structure_coordination;participation_assistance;procedural_burden;review_redress,label keywords,"water_access, service_coverage",effective_access,effective_access,,FALSE
S1142,"eligibility, burden, discretion_accommodation, enforcement, planning, service_area, fees, procedural_steps, delay, discretion, hardship_exception, administrative_review, complaint, disconnection, reconnection, sanction, participation, institutional_fragmentation, political_coordination, formal_connection, delay_outcome (cost-recovery/disconnection mechanism)",multiple,discretion_accommodation;eligibility_status_documentation;enforcement_sanctions;fees_tariffs_subsidies;institutional_structure_coordination;participation_assistance;procedural_burden;review_redress,label keywords,"water_access, service_coverage, service_reliability, affordability, service_continuity",multiple,economic_access;effective_access,,FALSE
S1143,"discretion_accommodation, enforcement, planning, service_area, procedural_steps, discretion, complaint, political_coordination (administrative service-delivery rules mechanism)",multiple,discretion_accommodation;enforcement_sanctions;institutional_structure_coordination;procedural_burden;review_redress,label keywords,"sanitation_access, service_coverage, service_reliability, service_quantity",effective_access,effective_access,,FALSE
S1144,"eligibility, burden, discretion_accommodation, planning, service_area, fees, procedural_steps, participation, institutional_fragmentation, bureaucratic_assistance, formal_connection, application_success, refusal (social-proximity/trust-based NGO/CBO access mechanism)",multiple,discretion_accommodation;eligibility_status_documentation;fees_tariffs_subsidies;institutional_structure_coordination;participation_assistance;procedural_burden,label keywords,"sanitation_access, service_coverage, service_reliability, service_quality, affordability",multiple,economic_access;effective_access,,FALSE
S1145,"eligibility, burden, discretion_accommodation, planning, service_area, fees, procedural_steps, discretion, complaint, participation, institutional_fragmentation, political_coordination, formal_connection (PPP-driven water-supply reform governance)",multiple,discretion_accommodation;eligibility_status_documentation;fees_tariffs_subsidies;institutional_structure_coordination;participation_assistance;procedural_burden;regulatory_model_ownership;review_redress,label keywords,"water_access, service_coverage, service_reliability, affordability",multiple,economic_access;effective_access,,FALSE
S1146,"burden, enforcement, service_area, fees, discretion, formal_connection (utilities-sector corruption mechanism)",multiple,discretion_accommodation;eligibility_status_documentation;enforcement_sanctions;fees_tariffs_subsidies;institutional_structure_coordination;procedural_burden,label keywords,"water_access, service_coverage, service_reliability, service_quantity, service_quality",effective_access,effective_access,,FALSE
S1147,"burden, enforcement, property, planning, service_area, fees, institutional_fragmentation, political_coordination, formal_connection (privatization/remunicipalisation regulatory-model shift)",multiple,eligibility_status_documentation;enforcement_sanctions;fees_tariffs_subsidies;institutional_structure_coordination;procedural_burden;regulatory_model_ownership,label keywords,"water_access, sanitation_access, service_coverage, affordability",multiple,economic_access;effective_access,,FALSE
S1148,"burden, discretion_accommodation, planning, service_area, fees, discretion, institutional_fragmentation, political_coordination, formal_connection (water-utility institutional-capacity comparison)",multiple,discretion_accommodation;eligibility_status_documentation;fees_tariffs_subsidies;institutional_structure_coordination;procedural_burden,label keywords,"water_access, service_coverage, service_reliability, affordability",multiple,economic_access;effective_access,,FALSE
S1149,"discretion_accommodation, enforcement, planning, service_area, discretion, participation, institutional_fragmentation, political_coordination (EU Water Framework Directive regulatory transition)",multiple,discretion_accommodation;enforcement_sanctions;institutional_structure_coordination;participation_assistance;regulatory_model_ownership,label keywords,water_access,effective_access,effective_access,,FALSE
S1150,"eligibility, burden, discretion_accommodation, tenure, property, planning, zoning, service_area, fees, discretion, institutional_fragmentation, political_coordination, formal_connection (multi-agency legal fragmentation and informal-settlement status)",multiple,discretion_accommodation;eligibility_status_documentation;fees_tariffs_subsidies;institutional_structure_coordination;procedural_burden,label keywords,"water_access, sanitation_access, service_coverage, service_reliability, service_quantity",effective_access,effective_access,,FALSE
S1151,"burden, tenure, property, planning, zoning, service_area, fees, political_coordination, formal_connection (historical racial housing-type allocation and municipal service-delivery strategy)",multiple,eligibility_status_documentation;fees_tariffs_subsidies;institutional_structure_coordination;procedural_burden,label keywords,"water_access, sanitation_access, service_coverage, service_reliability, affordability",multiple,economic_access;effective_access,,FALSE
S1152,"burden, planning, fees, participation, affordability (water-policy decentralization/privatization/user-pays reform)",multiple,fees_tariffs_subsidies;institutional_structure_coordination;participation_assistance;procedural_burden;regulatory_model_ownership,label keywords,water_access,effective_access,effective_access,,FALSE
S1153,"burden, planning, participation (mandatory community-participation program design)",multiple,institutional_structure_coordination;participation_assistance;procedural_burden,label keywords,"water_access, sanitation_access",effective_access,effective_access,,FALSE
S1154,"planning, service_area, discretion, institutional_fragmentation, political_coordination (constitutional devolution of local-government service functions)",multiple,discretion_accommodation;institutional_structure_coordination,label keywords,"water_access, service_coverage, service_reliability",effective_access,effective_access,,FALSE
S1155,"planning, service_area, institutional_fragmentation, political_coordination (absence of coherent water policy/water law)",institutional_structure_coordination,institutional_structure_coordination,label keywords,water_access,effective_access,effective_access,,FALSE
S1156,"burden, enforcement, fees, disconnection, reconnection, political_coordination, affordability, service_continuity (World Bank-driven global water-privatization policy diffusion)",multiple,enforcement_sanctions;fees_tariffs_subsidies;institutional_structure_coordination;procedural_burden,label keywords,water_access,effective_access,effective_access,,FALSE
S1157,"planning, service_area, fees, institutional_fragmentation, political_coordination, formal_connection (large-scale hydraulic transfer/groundwater-extraction governance system)",multiple,eligibility_status_documentation;fees_tariffs_subsidies;institutional_structure_coordination;regulatory_model_ownership,label keywords,"water_access, service_coverage, service_reliability, service_quantity, service_quality, affordability, service_continuity",multiple,economic_access;effective_access,,FALSE
S1158,"burden, planning, service_area, institutional_fragmentation, political_coordination (institutional/political barriers in protracted displacement)",multiple,institutional_structure_coordination;procedural_burden,label keywords,"water_access, sanitation_access, service_coverage",effective_access,effective_access,,FALSE
S1159,"discretion_accommodation, planning, service_area, fees, discretion, political_coordination, participation, affordability (ESG/fiscal-governance strategy for sanitation utility)",multiple,discretion_accommodation;fees_tariffs_subsidies;institutional_structure_coordination;participation_assistance;regulatory_model_ownership,label keywords,"sanitation_access, affordability",multiple,economic_access;effective_access,,FALSE
S1160,"burden, complaint, participation, bureaucratic_assistance (community-participation program in NGO-sponsored water schemes)",multiple,participation_assistance;procedural_burden;review_redress,label keywords,"water_access, sanitation_access",effective_access,effective_access,,FALSE
S1161,"enforcement, planning, service_area, participation, institutional_fragmentation, political_coordination (disaster-governance institutional failure)",multiple,enforcement_sanctions;institutional_structure_coordination;participation_assistance;regulatory_model_ownership,label keywords,"sanitation_access, service_coverage, service_continuity",effective_access,effective_access,,FALSE
S1162,"planning, service_area, institutional_fragmentation, political_coordination, bureaucratic_assistance, formal_connection (local-government administrative category)",multiple,eligibility_status_documentation;institutional_structure_coordination;participation_assistance,label keywords,"water_access, service_coverage",effective_access,effective_access,,FALSE
S1163,"service_area, participation, bureaucratic_assistance, formal_connection (external WaSH-program funding/support; PTA governance)",multiple,eligibility_status_documentation;institutional_structure_coordination;participation_assistance;regulatory_model_ownership,label keywords,"water_access, sanitation_access, service_reliability, service_continuity",effective_access,effective_access,,FALSE
S1164,"planning, zoning, service_area, institutional_fragmentation, political_coordination (peri-urban water/sanitation governance arrangements)",multiple,institutional_structure_coordination;regulatory_model_ownership,label keywords,"water_access, sanitation_access, service_coverage",effective_access,effective_access,,FALSE
