study_id,outcome_family,synthesis_family,exposure_definition,comparator_definition,effect_measure,effect_estimate,lower_CI,upper_CI,standard_error,sample_size,direction,adjusted,evidence_status,provenance_note,included_in_pooled_estimate,exclusion_from_pooling_reason
S037,effective_access,A,"Household location inside an irrigation-district (ID) jurisdiction boundary within a Disadvantaged Community census place (ID-DAC), vs. outside irrigation-district jurisdiction (General DAC, GDC) -- i.e. legal/institutional membership in an irrigation district under California's Sustainable Groundwater Management Act (SGMA) framework and >150 years of California water-rights law.","DAC census places located outside irrigation-district jurisdiction (GDC, n=56).",percentage_comparison_with_p_value (unadjusted group comparison),"Poor drinking-water exposure (CalEnviroScreen 4.0 indicator): 83% (ID-DAC, n=97) vs 79% (GDC, n=56), p=0.1363; overall DAC vulnerability 83% vs 81%, p=0.3147; median household income $34,276 vs $36,450, p=0.7893.",,,,153 (97 ID-DAC + 56 GDC census places),null (no statistically significant difference at conventional thresholds),unadjusted,OBSERVED,"extraction_database.csv S037; source Espinoza & Viers 2024, PLOS Water, Table 1. Null result recorded faithfully -- the paper's own quantitative test does not show a statistically significant effect of irrigation-district legal membership on household drinking-water outcomes, despite its qualitative/policy narrative emphasizing inequity.",FALSE,"ANALYSIS_PLAN.md S2 decision tree -- single study defining this exact exposure-comparator (irrigation-district legal membership); no other Family A study yet shares this operationalization of legal recognition, so pooling is not yet possible or meaningful (too few independent studies in this family, per PROJECT_SPEC.md S8 Family A guidance)."
S057,economic_access,A,Random offer of a targeted sanitation subsidy to households determined eligible via the Poverty Probability Index for Cambodia and a climate-vulnerability threshold (service/subsidy eligibility mechanism).,Eligible households not offered the subsidy / ineligible households in treatment areas (sales closing rate 6%).,"percentage_point_difference (randomized controlled trial, intent-to-treat)",Subsidy offer increased likelihood of climate-resilient latrine purchase by 32 percentage points; sales closing rate 38% (eligible/treatment) vs 6% (ineligible/treatment).,,,,"clustered RCT; 30 villages in Kampong Chhnang province, Cambodia (23 climate-vulnerable; treatment and control halves), 2,821 sales presentations (full text read 2026-10-04)",positive (subsidy eligibility increases sanitation-product purchase),unadjusted (intent-to-treat comparison as reported in study highlights),OBSERVED,"extraction_database.csv S057; source Kozole et al. 2023, J. Water Sanitation & Hygiene for Development. Strongest causal design in the eligible corpus (clustered RCT) for a Family A eligibility mechanism. Full text read 2026-10-04: the abstract gives the effect as 32 percentage points and the highlights as 31%; both are reported here as in the text (process_drive_inbox_2026-10-04b.py).",FALSE,"ANALYSIS_PLAN.md S2 -- single RCT; no other Family A study shares this subsidy-eligibility operationalization or a convertible common estimand (percentage-point difference here vs. OR/RR elsewhere); too few independent, comparably-operationalized studies to pool."
S084,effective_access,A,"Household's slum-settlement legal notification status under the Maharashtra Slum Areas Act 1971 (notified vs. non-notified), following the 2014 Bombay High Court order in Pani Haq Samiti v. Brihan Mumbai Municipal Corporation.",Notified households (legally recognized settlements).,"% difference in log-transformed water quantity (LPCD), adjusted multivariate linear regression",Non-notified households used 37.3% fewer litres per capita per day than notified households (adjusted); 38.2% fewer unadjusted; 38.7% of the association mediated by infrastructure/accessibility/cost/reliability factors (GSEM path analysis).,-46.4%,-26.5%,,593,negative (non-notified/unrecognized status associated with lower water access),"adjusted (household size, income per capita, religion)",OBSERVED,"extraction_database.csv S084; source Lubeck-Schricker et al. 2023, Environment & Urbanization. Authors note cross-sectional design cannot establish causality (mechanism_certainty=1); notification status not randomly/quasi-experimentally assigned.",FALSE,"ANALYSIS_PLAN.md S2 -- single study for this legal-notification-status exposure-comparator; S085 shares the same Mumbai/Bombay High Court legal backdrop but tests a different exposure (bureaucratic assistance x political coordination, not notification status itself) and a different outcome (formalization, not LPCD), so the two are not poolable together without manufacturing comparability; too few independent studies sharing this exact operationalization to pool."
S085,primary_connection,B,"Random assignment to bureaucratic-assistance treatment (T1: help completing formalization application/paperwork) crossed with political-coordination treatment (T2), in a 2x2 factorial cluster-randomized field experiment on informal-settlement land formalization in Mumbai.",Control households receiving neither T1 nor T2 (usual/unassisted formalization procedure).,"marginal effect (percentage points), weighted least squares regression with T1xT2 interaction, block fixed effects, cluster-robust SE","In the eligible-lands sample, T1 (bureaucratic assistance) increased full formalization by 19 percentage points (~45% of control mean) when combined with T2 (political coordination); T1xT2 interaction coefficient .22 (eligible-lands sample); full-sample interaction .11 (not significant). T1 alone raised application submission/inspection-visit likelihood but not full formalization; T2 alone had no significant average effect.",,,".10 (T1xT2 interaction, eligible-lands sample, Table 1 col. 4)",5251 (eligible-lands sample); 6652 (full sample),"positive (bureaucratic assistance increases formalization, conditional on political coordination)",unadjusted (main specification; no covariates beyond block fixed effects),OBSERVED,"extraction_database.csv S085; source Gaikwad & Thomas 2026, AJPS. Extraction note explicitly identifies this as ""a clean empirical match to PROJECT_SPEC.md S8 candidate meta-analytic Family B,"" but flags that the bureaucratic-assistance effect operates only jointly with political coordination -- a genuine complication for treating Family B as a simple main effect. Strongest-design study in the extraction set (cluster-randomized field experiment).",FALSE,"ANALYSIS_PLAN.md S2 -- single study for Family B; PROJECT_SPEC.md S8 itself flags Family B's study count may be too small to pool (""use structured quantitative synthesis if so""); no second study with a comparable bureaucratic-assistance-vs-usual-procedure contrast yet in the corpus."
S104,effective_access,A,"Household home-ownership / tenure status (owner vs. non-owner) in a multilevel household-neighbourhood-provider model of piped-water intermittency, alongside provider-level institutional capacity (utility GDP per capita) as a covariate.",Non-owner households (renters/other tenure).,"multilevel logistic regression, adjusted odds ratio (OR)","Home ownership associated with higher odds of reporting water-supply interruption (OR=1.31, p<0.01), controlling for provider and other household/neighbourhood covariates; overall 47% (95% CI 45-49%) of piped households reported >=1 full day of unavailability in the prior fortnight, ranging 18-76% across providers.",,,,3047,"positive (home ownership associated with higher odds of interruption -- direction counter to a simple ""tenure security improves access"" hypothesis)","adjusted (multilevel model controlling for provider, ethnicity proxy, season, neighbourhood wealth, neighbour-tap use, utility GDP per capita)",OBSERVED,"extraction_database.csv S104; source Thomas-Possee et al. 2024, PLOS Water. Flagged with caution: this is a multivariable risk-factor study without one single hypothesis-driven exposure -- home ownership is extracted here as the closest tenure/property-status exposure to Family A's ""formal vs. informal tenure"" definition, but the study's own framing treats it as one covariate among several, not a dedicated legal-recognition test. Do not treat as a like-for-like replication of S084/S085's notification-status exposure.",FALSE,"ANALYSIS_PLAN.md S2 -- exposure only loosely comparable to other Family A studies' tenure/recognition definitions (see provenance_note caveat); direction of effect also runs counter to S084's notified-status finding, so pooling would risk manufacturing comparability across non-equivalent exposures per PROJECT_SPEC.md S8's core rule."
S142,primary_connection,A,"Municipal incorporation status (incorporated vs. unincorporated), which functions as the legal/jurisdictional eligibility gateway to centralized municipal water/wastewater service extension in the U.S.",Incorporated census block groups.,"negative binomial regression, incidence rate ratio","Unincorporated status and poverty rate are significantly associated with reduced centralized water/wastewater infrastructure access; sewer coverage rates significantly lower for unincorporated communities near municipal boundaries, consistent with municipal underbounding excluding these areas from service-area expansion. Full-text check 2026-10-04 (main text; the confidence intervals are in Supplementary Tables 5-6, which are not in the PDF): among high-poverty block groups, unincorporated status is associated with 3.54 times the unsewered land area and 17.8 times the area unserved by centralized water (incidence rate ratios); among block groups without high poverty, 1.48 times the unsewered area; for high-poverty Outlying and Island communities the IRR for unsewered area exceeds 4.0, while Outlying communities without high poverty have IRR 0.91.",,,,"31383 (Census block groups, nine states)",negative (unincorporated/unrecognized jurisdictional status associated with reduced service access),"adjusted (multivariate negative binomial regression controlling for poverty rate, proximity to municipal boundary, regional/state indicators)",OBSERVED,"extraction_database.csv S142; source Allaire et al. 2024, npj Clean Water. Large-N administrative dataset; observational/cross-sectional, not quasi-experimental (mechanism_certainty=2). Full text read 2026-10-04 (npj Clean Water 7:125): sample 31,383 block groups in nine states confirmed; narrative direction confirmed; IRRs added from the main text (process_drive_inbox_2026-10-04.py).",FALSE,"ANALYSIS_PLAN.md S2 -- single study; the incidence rate ratios printed in the main text (3.54, 17.8, 1.48) were recorded on 2026-10-04 from the full text, but their confidence intervals are in supplementary tables that were not available, the outcomes are land-area ratios (not odds ratios or percentage differences), and S037/S084/S057 measure different estimands, so no common metric exists -- left unpooled rather than approximated, per PROJECT_SPEC.md S14."
S149,effective_access,,"Women's meaningful participation in Village Water and Sanitation Committees (VWSC) governance (participation vs. non-participation), propensity-score-matched.",Non-participating households/women (PSM-matched comparison group).,propensity score matching (PSM)-estimated average treatment effect,"VWSC participation improved toilet functionality by 24.8%, reduced water-collection time by 31.4 minutes, and lowered illness incidence by 12.7% (PSM-estimated); distance to water source was the strongest predictor of time burden (beta=0.62, p<0.001).",,,,400 households,positive (participation improves access-related outcomes),adjusted (PSM-estimated causal effects),OBSERVED,"extraction_database.csv S149; source Sethy & Sahoo 2026, Discover Public Health. Participation in local water-governance committees is a citizen-side accommodation/participation mechanism, distinct from Family B's provider-side ""bureaucratic assistance"" (which describes officials helping applicants navigate procedure, not citizens participating in local governance bodies) -- does not cleanly match Family A, B, or C's exposure definitions as written in PROJECT_SPEC.md S8.",FALSE,"ANALYSIS_PLAN.md S2 -- exposure (community-governance participation) does not match any of the three existing synthesis families' definitions; recorded here as a pooling-candidate flag rather than assigned a family, per DATA_DICTIONARY.md's allowance for ""a newly identified family"" -- no new family has been formally defined in 05_analysis/meta_analysis/ yet, so this single study does not justify creating one."
S174,primary_connection,C,"Municipal institutional capacity (financial, technical, political, and operational capacity, derived via exploratory factor analysis) -- weaker capacity treated as a proxy for administrative/implementation barriers to sanitation universalization.",Municipalities with higher institutional-capacity factor scores.,multiple linear regression with robust correction (following exploratory factor analysis),"Full-text coefficients per capacity factor-score unit (robust SE; p), N = 391: water coverage -- financial 6.02 (1.02), technical 2.67 (0.99), operational 2.41 (0.92), political (plan/policy under Law 11,445/2007) -1.89 (0.88; p = 0.033); sewerage -- financial 7.36, technical 3.94, operational 13.07, political -0.66 (p = 0.687); solid-waste collection -- financial 10.06, technical 2.25 (p = 0.078), operational 28.26, political +2.56 (p = 0.055). Financial, technical and operational capacity are positively associated with coverage; the legal-compliance (plan/policy) component is not.",,,,574 Minas Gerais municipalities (outliers removed); 391 in the final models; 2018 cross-section,positive (higher institutional capacity associated with better sanitation-access indicators),adjusted (multiple linear regression with robust correction),OBSERVED,"extraction_database.csv S174; source de Araujo, Ferreira & da Rocha, ""Capacidades institucionais para a universalizacao do acesso ao saneamento basico."" Ecological/municipality-level analysis; institutional-capacity-as-barrier-proxy is a looser reading of Family C's ""administrative barriers"" exposure than a directly measured barrier (e.g. a documentation requirement or eligibility restriction) -- flagged as an approximate rather than exact fit. UPDATED 2026-10-04 from the full text: Minas Gerais only (not national), n = 391, coefficients above; the direction column is the composite reading (3 of 4 capacity dimensions positive for every outcome) -- the political/legal-plan dimension is negative for water, null for sewerage, marginally positive for waste.",FALSE,"ANALYSIS_PLAN.md S2 -- single study; coefficients are per standardised factor-score unit with outcomes in percentage points of coverage and are not comparable with other Family C measures, so they cannot be pooled; PROJECT_SPEC.md S8 flags Family C as conceptually attractive but potentially too heterogeneous (secondary synthesis), and a single ecological study does not meet that bar."
S178,effective_access,,"Presence/intensity of Water Safety Plan (WSP) water-quality regulatory programming (an enforcement/regulatory mechanism), compared across repeated cross-sectional survey waves (2016 vs. 2017) in southern Syria.","Survey wave/area without WSP programming in place (pre-WSP baseline, 2016).","mixed-effect logistic regression, adjusted odds ratio (mOR)","Free chlorine residual (FCR) >0.1 mg/L increased from 4.1% to 27.9% (2016-2017), strongly associated with WSP programming (mOR 24.16, 95% CI 5.93-98.5); piped water as main source declined 22.0% to 15.3%; childhood diarrhea prevalence declined 32.8% to 20.4%.",5.93,98.5,,1281 (2016) + 1360 (2017) household surveys,positive (WSP regulatory programming associated with improved water-quality outcome),adjusted (mixed-effect logistic regression),OBSERVED,"extraction_database.csv S178; source Sikder et al. 2018, Conflict and Health. Outcome measured is water quality (chlorine residual) and diarrhea prevalence, not a formal-connection/access-quantity outcome as defined for Families A-C in PROJECT_SPEC.md S8; recorded as a pooling-candidate flag rather than forced into an existing family.",FALSE,ANALYSIS_PLAN.md S2 -- outcome (water-quality regulatory compliance in a humanitarian/conflict setting) is not comparable to the formal-connection/access outcomes used elsewhere in Families A-C; population/context (protracted-conflict Syria) also not comparable to the largely non-conflict settings of the other candidate studies -- pooling would manufacture comparability that does not exist.
S294,effective_access,B,"Random assignment to a community-driven WASH intervention with an institutional-strengthening component (formation/training of community WASH committees), cluster-randomized at the village level in rural DRC.",Control villages (no intervention).,"intention-to-treat analysis, cluster-randomized controlled trial, adjusted mean differences","No effect on diarrhea (adjusted mean difference -0.01, 95% CI -0.05 to 0.03) or length-for-age Z-score (adjusted mean difference -0.01, 95% CI -0.15 to 0.12); intervention villages scored 0.40 points higher (95% CI 0.16-0.65) on an index of community WASH institutions.",-0.05 (diarrhea); -0.15 (LAZ); 0.16 (WASH-institutions index),0.03 (diarrhea); 0.12 (LAZ); 0.65 (WASH-institutions index),,121 clusters; 332 villages; 3283 households,null (health outcomes); positive (institutional-strengthening outcome),"adjusted (intention-to-treat, cluster-randomized)",OBSERVED,"extraction_database.csv S294; source Quattrochi et al. 2025, PLOS Medicine. Institutional-strengthening component (WASH-institutions index result) is the Family-B-relevant finding; health outcomes (diarrhea, LAZ) are null and belong to a different estimand (health, not access/formalization) -- recorded together here for completeness but should not be pooled together even within this single study's own results, per PROJECT_SPEC.md S8's caution against mixing estimands.",FALSE,"ANALYSIS_PLAN.md S2 -- single cluster-RCT; no other Family B study yet measures a comparable ""community WASH institutions index"" outcome (S085 measures individual land-formalization instead), so the two are not poolable together without manufacturing comparability across different outcome constructs."
S312,effective_access,,"State Public-Utility-Commission (PUC) regulatory authority/reach and state-/city-level political partisanship (Democratic- vs. Republican-leaning), as predictors of state/city adoption of water-disconnection moratoria during the COVID-19 pandemic.",States/cities with weaker PUC regulatory reach and/or more Republican-leaning political orientation.,Logit regression (odds ratios; state-level moratorium) and Cox proportional-hazards regression (hazard ratios; state-level time to moratorium); multilevel logit regression with a county effect (odds ratios; city-level moratorium),"State level (N = 50): state PUC economic regulation of private utilities OR 134.3 (SE 318.6), p = 0.039 -- extremely imprecise; Cox HR 9.55 (SE 10.16), p = 0.034. Unified Republican control OR 0.012 (SE 0.019), p = 0.007; Cox HR 0.205 (SE 0.090), p = 0.000 as printed. City level (2,818 cities in 14 states without a statewide moratorium; 135 with one): county share voting Trump 2016 OR 0.966 (SE 0.011), p = 0.003; percent minority OR 1.021 (SE 0.008), p = 0.005; Gini index OR 1.084 (SE 0.023), p < 0.001; PUC regulation is not a city-level variable.",,,,"50 states; 2,818 cities (2,684 without a moratorium, 135 with one, in 14 states without a statewide moratorium)","positive for state PUC economic regulation (state level only); negative for unified Republican control (state) and Trump vote share (city); outcome is adoption of a disconnection moratorium, a policy outcome","adjusted (state models: private-ownership level, unemployment, poverty, urbanisation, minority share, COVID-19 case rate, unified Republican control; city multilevel logit: income, unemployment, minority share, Gini, health insurance, county COVID-19 rate, Trump vote share, community health, county effect)",OBSERVED,"extraction_database.csv S312; source Warner, Zhang & Gonzalez Rivas 2020, Utilities Policy. Outcome is jurisdiction-level policy adoption (whether a moratorium was enacted), not household-level water access itself -- a policy-determinant study rather than an access-outcome study as defined for Families A-C in PROJECT_SPEC.md S8. evidence_map.csv's outcome_family=effective_access coding for this study conflates policy adoption with household access; flagged here for future correction rather than silently pooled as if it were an access outcome. Exact odds and hazard ratios are now taken from Tables 2-3 of the full text. Full-text correction 2026-10-04: the original row (from the abstract) said the Cox model was city-level and that PUC authority and a Democratic-leaning orientation predicted adoption at both levels; in the paper both the logit and Cox models are state-level, the city model is a multilevel logit, PUC regulation is state-level only, and partisanship is measured as unified Republican control (state) and Trump vote share (city). No confidence intervals are reported (SEs only).",FALSE,"ANALYSIS_PLAN.md S2 -- outcome is not a household-level access outcome comparable to Families A-C (see provenance_note); exact odds ratios are available but the PUC odds ratio is extremely imprecise and the outcome is policy adoption, so nothing is pooled."
S353,effective_access,,"Community water system (CWS) ownership type: privately owned vs. publicly owned, in Virginia's Safe Drinking Water Act (SDWA) regulatory-compliance regime (2006-2016).",Publicly owned CWSs.,"negative binomial regression, adjusted odds ratio (OR) with 95% confidence interval","Privately owned CWSs had 90% higher odds of a Monitoring & Reporting (MR) violation than publicly owned CWSs (OR=1.899, 95% CI 1.455-2.478). (The study also reports a separate, real effect for %Black population on Health-Based violations, OR=1.031 [1.018-1.045] per 1-percentage-point increase, and for system size on MR violations -- ownership type is recorded here as the clearest single legal/institutional exposure-comparator per CODEBOOK.md S12's one-prespecified-effect-per-study default; the race-based finding was not used as the primary effect for the same reason S135 was excluded from this file entirely -- population demographic composition is not itself a legal/institutional exposure.)",1.455,2.478,,"662 CWSs (886 zip codes), 2006-2016",positive (private ownership associated with higher odds of a monitoring/reporting violation),"adjusted (negative binomial regression, LASSO-selected covariates: race/ethnicity, %homeownership, %65+, rurality, system size, source, year)",OBSERVED,"extraction_database.csv S353; source Marcillo, Krometis & Krometis 2021, IJERPH 18(24):13254, Table 1. Ownership type (private/public) is a real institutional/regulatory-model variable, but does not cleanly match Family A (household-level legal recognition/tenure), Family B (bureaucratic assistance to applicants), or Family C (a specific documented administrative barrier such as a fee or eligibility rule) as defined in PROJECT_SPEC.md S8 -- it is a provider-level ownership-structure characteristic predicting regulatory-compliance outcomes, not a household-facing legal/administrative barrier. Recorded without a family assignment rather than forced into one.",FALSE,"ANALYSIS_PLAN.md S2 -- exposure (utility ownership type) does not match any existing synthesis family's definition; no other study in the corpus tests the same private-vs-public-ownership contrast on a comparable regulatory-violation outcome, so pooling is not possible even in principle yet."
S358,effective_access,A,"Tribal oversight/primacy regulatory jurisdiction over groundwater management, vs. state-primacy regulatory jurisdiction, across 1,881 groundwater-supplied drinking water service areas in Arizona.",State-primacy regulatory jurisdiction areas.,"multivariate regression, adjusted odds ratio (OR)","Tribal oversight significantly reduced groundwater decline risk (OR=0.62, p<0.001), while state-primacy areas showed mixed effects on the same outcome. (The study also reports real ORs for racial/ethnic population composition -- OR=2.01 for higher-Black-population communities, OR=0.92 for Hispanic/Latino communities, both p<0.001 -- but per the same reasoning that excluded S135 from this file, population demographic composition is not itself a legal/institutional exposure, so Tribal-oversight jurisdiction is recorded here as the primary effect instead.)",,,,"1,881 groundwater-supplied drinking water service areas",negative/protective (Tribal oversight jurisdiction associated with lower odds of groundwater decline),"adjusted (multivariate regression controlling for race/ethnicity, gender composition, age 65+, household/family structure, institutional/migrant-worker housing, designated-management-area status)",OBSERVED,"extraction_database.csv S358; source Williams et al. 2025, Water 17(7):1097. Tribal oversight/primacy is a genuine jurisdictional legal-recognition variable (which government has regulatory authority) directly analogous to PROJECT_SPEC.md S8 Family A's 'legal recognition and access' framing, though it operates at the level of environmental/water-resource regulatory authority rather than household tenure or service-eligibility status as in S084/S085/S142 -- flagged as a looser fit than those three, not a like-for-like replication.",FALSE,"ANALYSIS_PLAN.md S2 -- single study for this Tribal-oversight-vs-state-primacy exposure-comparator; no other Family A study yet shares this operationalization of legal/jurisdictional recognition, and the outcome (groundwater decline risk, a resource-availability precursor to access) is not the same estimand as S084/S142's direct household-connection/quantity outcomes, so pooling would risk manufacturing comparability across different outcome constructs."
S388,effective_access,,"Water point maintained by a local authority (institutional/governance management arrangement), vs. water point with no management arrangement at all.",Water points with No Management (no institutional/governance body responsible for maintenance).,adjusted odds ratio (multivariable logistic regression),Local management vs No Management: adjusted OR = 3.733 for water-point functionality.,2.993,4.657,,"11,065 Afridev hand pumps, Liberia",positive (institutional/local management associated with higher odds of functionality),"adjusted (multivariable logistic regression controlling for repair time, mechanic/toolkit availability, payment status, water availability, spare-parts-supplier distance, damage status, county)",OBSERVED,"extraction_database.csv S388; source Li, McManus & Cronk 2025, Sustainability 17(19):8928, Table 5. Genuine institutional/governance-management exposure (who is responsible for a water point's maintenance) vs. a real comparator (no management), with a locatable adjusted OR and 95% CI from a large administrative census (n=11,065). synthesis_family left blank rather than forced into Family A/B/C: the exposure is institutional management CAPACITY/responsibility-assignment, not quite legal recognition/tenure (Family A), application-process bureaucratic assistance (Family B), or a barrier restricting access (Family C) -- a real judgment call, not a mechanical fit, so left for a human/manuscript-stage decision rather than guessed. Two further comparator categories (Institutional vs No Management, adjusted OR=2.893, 95% CI 2.349-3.562; WASH Committee vs No Management, adjusted OR=2.426, 95% CI 1.946-3.026) are available in the source but not used as the primary effect here, per CODEBOOK.md S12's one-prespecified-effect-per-study default -- Local vs No Management was selected as the strongest and most policy-emphasized of the three (highlighted first in the paper's own abstract).",FALSE,"ANALYSIS_PLAN.md S2 decision tree -- single study defining this exact exposure-comparator (local-authority management vs no management for Liberian hand pumps); no other included study yet shares this operationalization, so pooling is not yet possible or meaningful."
S398,primary_connection,A,"Household census-tract location within an area designated ZEIS (Zona Especial de Interesse Social / Social Interest Special Zone) in Recife, Brazil -- a legal/institutional zoning-eligibility status conferred under municipal ZEIS legislation (Municipal Land Use Law 14,511/83, PREZEIS Municipal Law 14,947/87, as amended) to areas meeting statutory low-income/informality criteria.","Matched census tracts not subject to ZEIS designation, before/after the intervention (difference-in-differences).",difference-in-differences (DiD) percentage-point estimate,"ZEIS designation associated with an approximately 23 percentage-point increase in the share of households with sewage-network access, 14-17 years after implementation (~150% increase over the 1991 baseline level); also significant positive effects on water-network access and homeownership rate; no significant effect on bathrooms per household or garbage-collection access.",,,,"census-tract panel, Recife, 1991/2000/2010 (962 census tracts in 1991)",positive (ZEIS designation associated with increased water/sewage-network access and homeownership),adjusted (difference-in-differences with census-tract fixed effects; robust across multiple control-group definitions and econometric specifications),OBSERVED,"extraction_database.csv S398; source dos Santos Nascimento Sobrinho & da Mota Silveira Neto 2025, Nova Economia 35(3):e8355. A genuine Family A (legal recognition/eligibility) exposure -- ZEIS zoning-law designation, a real legal/institutional eligibility status defined by statute -- with a real quasi-experimental (DiD) comparator and a locatable, non-fabricated percentage-point effect estimate from official IBGE census panel data. Exact numeric coefficients/standard errors for the water/sewage-access DiD estimates were not located in the extracted abstract/results-narrative text (only the ~23-percentage-point sewage figure and directional/significance findings were reported in the pages read); the full regression-output table was not retrieved in this pass.",FALSE,"ANALYSIS_PLAN.md S2 decision tree -- single study defining this exact exposure-comparator (ZEIS zoning-law designation vs non-ZEIS census tracts, Recife); no other included Family A study shares this operationalization, so pooling is not yet possible or meaningful."
S404,economic_access,A,"Household membership in a Water Resource Users' Association (WRUA), a legal collective-action institution established under Kenya's Water Act 2002/2016",Household non-membership in a WRUA (no formal legal water-governance institutional status),"Average Treatment Effect on the Treated (ATT), water poverty index","-0.14 to -0.32 (14% to 32% reduction in water poverty), depending on estimator (endogenous switching probit: -14%; inverse probability weighting: -30%; propensity score matching: -32%)",,,,652 households,WRUA membership reduces water poverty,TRUE (endogenous switching regression and matching methods correcting for non-random selection into WRUA membership),OBSERVED,"Mwaura et al. 2021, Ewaso Ng'iro North Catchment Area, Kenya; effect consistent in direction and approximate magnitude across three independent quasi-experimental estimators (ESP, PSM, IPW); p<0.05 across all three per the study.",FALSE,Single study for this specific exposure-comparator definition (WRUA legal membership vs. non-membership); no other study in the corpus shares a comparable estimand -- ANALYSIS_PLAN.md S2 decision tree not yet cleared for any family.
S434,effective_access,,"Household located within a 50 km radius of an active mining site, Africa (proximity-based exposure to local economic/institutional activity associated with mining).",Households outside the 50 km active-mine radius (including households near inactive/closed mines).,"instrumental-variable regression, percentage-point difference in self-reported probability","Households within 50 km of an active mine reported a 4 percentage-point lower probability of lacking clean water, supported by IV estimates as a causal effect; robust local institutions were found to further moderate (strengthen) this water-security benefit.",,,,"142,838 households",positive (active-mine proximity associated with reduced probability of lacking clean water),TRUE (instrumental-variable regression with household/regional covariates),OBSERVED,"extraction_database.csv S434; source Frempong, Stadelmann & Thiam 2025, Applied Economic Perspectives and Policy. Institutional-strength (local governance) moderation of this effect is reported narratively in the source but not as a separate numeric interaction coefficient in the retrieved text, so only the primary 4-percentage-point IV estimate is recorded here.",FALSE,"ANALYSIS_PLAN.md §2 decision tree -- re-examined 2026-09-28 against PROJECT_SPEC.md §8's Family A/B/C definitions (the same pass that resolved this row's 8 siblings, S435/S445/S448/S470/S471/S483/S489/S491, left blank without a documented family-fit judgment in the batches that added them). This study's exposure is proximity to an active mining site -- an economic/geographic exposure, not a legal or administrative mechanism at all. It does not match Family A (legal recognition/tenure/eligibility), Family B (bureaucratic assistance/procedural simplification), or Family C (legal or administrative barriers, documentation, eligibility restrictions, formalization barriers). The source discusses local institutional strength as a moderator of this effect, but only narratively -- no separate numeric interaction coefficient was retrievable (see provenance_note), so there is no institutional/legal estimate here to classify in the first place. synthesis_family is left blank as a reasoned non-fit, not an omission -- single study for this exposure-comparator in any case, so pooling would not yet be possible even if a family did apply."
S435,economic_access,,Portion of a California special water district's board seats that are uncontested (unopposed incumbents) in a given election cycle -- an indicator of weak electoral accountability under California special-district election law.,"Fully contested board elections (portion of uncontested seats = 0), same district population.","probit regression, average marginal effect on predicted probability","The portion of uncontested board seats is associated with an instantaneous -16% change in the probability of a district adopting a low-income water-bill assistance program; predicted probability of adopting bill assistance declines from 0.31 (fully contested) to 0.12 (fully uncontested) as the portion of uncontested seats rises from 0 to 1 -- more than halving. No significant association was found between uncontested elections and Safe Drinking Water Act water-quality compliance (a heavily centrally regulated outcome), indicating the effect is specific to discretionary/redistributive affordability policy.",,,,"528 district-election-cycle observations (176 California water districts x 3 election cycles, 2009-2020)",negative (uncontested elections associated with lower probability of adopting low-income bill assistance),"TRUE (probit with county random effects, controlling for service population, median household income, voter turnout, party affiliation, water source)",OBSERVED,"extraction_database.csv S435; source Allaire & Ignacio 2026, Journal of Urban Affairs, Table 4 and Figure 3. A separate, real effect is also reported in the same paper -- municipal overlap/fragmentation predicting the prevalence of uncontested elections themselves (IRR=1.23, p<0.001, Table 3) -- but per CODEBOOK.md S12's one-prespecified-effect-per-study default, the elections-to-affordability-outcome effect is recorded here as the primary access-relevant estimand rather than the fragmentation-to-elections estimand, since it is the one that reaches a genuine household-service-outcome (affordability policy adoption).",FALSE,"ANALYSIS_PLAN.md §2 -- re-examined 2026-09-28 (see S434's note for the batch context). This study's outcome is a special water district's board-level decision to adopt a low-income bill-assistance program -- a jurisdiction/institution-level policy-adoption outcome, not a household-level access outcome, exactly the same distinction already documented for S312 (state/city adoption of a disconnection moratorium, excluded on identical grounds: 'outcome is jurisdiction-level policy adoption... not household-level water access itself'). The exposure (electoral competitiveness/accountability) is also not itself a legal recognition, bureaucratic-assistance, or administrative-barrier mechanism as PROJECT_SPEC.md §8 defines those terms -- it is a governance-accountability variable one causal step upstream of any of them. synthesis_family is left blank as a reasoned non-fit, consistent with the S312 precedent; single study for this exposure-comparator regardless."
S445,effective_access,,"Brazilian rural public elementary school located in the North region (a region with a substantially lower Municipal Human Development Index-Income and higher rural-population share) -- a proxy for weaker municipal fiscal/institutional capacity to invest in school WASH infrastructure under the PDDE's enrolment-based, not needs-based, funding formula.",Schools located in the Center-West region (reference category).,"binomial logistic regression, adjusted odds ratio (OR)","Odds of a school lacking water supply were OR=2.58 (p<0.001) in 2011, rising to OR=6.40 (p<0.001) in 2023, for North-region schools vs. Center-West reference; odds of lacking sanitation were OR=3.32 (p<0.001) in 2011 and OR=5.48 (p<0.001) in 2023.",,,,"56,544 rural public elementary schools (2011); 34,406 rural public elementary schools (2023); national School Census microdata","positive (North-region location associated with higher odds of lacking water/sanitation services, i.e. worse access)","TRUE (binomial logistic regression controlling for indigenous-land location, school size, dropout/pass rates, municipal rural-population share and municipal HDI-income)",OBSERVED,"extraction_database.csv S445; source Medeiros et al., Cadernos de Saude Publica (Portuguese full-text web-snapshot located among the 15 ambiguous-filename Google Docs; DOI 10.1590/0102-311XPT128025). Several further region/indigenous-land/school-size odds ratios are reported in the same source (see extraction_database.csv effect_estimate) but per CODEBOOK.md S12's one-prespecified-effect-per-study default, the North-vs-Center-West water-absence odds ratio is recorded here as the primary effect, being both the largest-magnitude and most consistently significant across both study years.",FALSE,"ANALYSIS_PLAN.md §2 -- re-examined 2026-09-28 (see S434's note for the batch context). This study's exposure is a Brazilian rural school's regional location, used as a proxy for weaker municipal fiscal/institutional capacity under the PDDE's enrolment-based (not needs-based) school funding formula -- the same kind of fiscal/administrative-transfer mechanism already excluded for S636 (Indonesia's Water Hibah performance-grant program: 'does not cleanly match... Family A... Family B... or Family C') and S649 (Mexico's federal intergovernmental transfers: 'does not map onto the Family A/B/C legal-recognition, administrative-assistance, or administrative-barrier definitions'). S445 is if anything a weaker fit than either: it uses region as a proxy for funding-formula disadvantage rather than a directly measured grant/transfer variable, and its unit of analysis is the school, not the household, further distinguishing it from Family A-C's household-facing access framing. synthesis_family is left blank as a reasoned non-fit, consistent with the S636/S649 precedent; single study for this exposure-comparator regardless."
S448,effective_access,,"Brazilian municipality's participation in an intermunicipal cooperation (IMC) arrangement for water and wastewater services (WWS), a formal local-government governance arrangement.",The same municipality in years without IMC participation (panel fixed-effects within-municipality comparison).,panel-data fixed-effects regression coefficient,"IMC participation is associated with a financial-performance index (FIN) approximately 7.3 points lower than the same municipality in non-participating years (coefficient=-7.253, SE=3.721, significant at the 10% level). Separately, IMC participation duration is associated with a positive effect on wastewater coverage (~+0.88 points/year, 10% level) but a negative effect on service quality/water losses (QUA index, ~-0.58 to -0.94 points/year across specifications), while IMC participation itself (random-effects model) is positively associated with QUA (~+4.6 points, 5% level).",,,3.721,panel of Brazilian municipalities directly providing WWS (exact N not located in the retrieved excerpt),negative (IMC participation associated with lower financial-performance index; mixed/non-monotonic effects on coverage and quality dimensions),"TRUE (panel fixed-effects controlling for ln(population); random-effects and correlated-random-effects specifications as robustness checks, Mundlak-test-guided)",OBSERVED,"extraction_database.csv S448; source Ribeiro et al. 2026, Utilities Policy, Table 3 (FIN), Table 5 (WWC), Table 6 (QUA). The financial-outcomes (FIN) coefficient is recorded as the primary effect here because it is the only one of the four performance dimensions with a fully reported coefficient and standard error in the retrieved excerpt; the coverage/quality findings are recorded narratively in the effect_estimate field for completeness but their exact standard errors were not located in the retrieved text.",FALSE,"ANALYSIS_PLAN.md §2 -- re-examined 2026-09-28 (see S434's note for the batch context). This study's exposure -- a Brazilian municipality's participation in a formal intermunicipal cooperation (IMC) arrangement for water/wastewater services -- is the same exposure category already excluded for S869 (Brazilian intermunicipal sanitation-consortium cooperation, also under Brazil's constitutional decentralisation framework: 'this institutional-cooperation-arrangement exposure does not cleanly map to Family A/B/C'). S448 is if anything a cleaner non-fit than S869: its primary recorded effect (the financial-performance index, FIN) is not itself a water/sanitation access or coverage outcome at all, whereas S869's outcome was at least a directly measured service-coverage figure. synthesis_family is left blank as a reasoned non-fit, consistent with the S869 precedent; single study for this exposure-comparator regardless."
S470,economic_access,C,"Post-2021 period in Minas Gerais, Brazil, after Arsae-MG (the state water/sewage economic regulator) introduced a new regulatory norm (Regulation Arsae-MG No. 150/2021) and periodic compliance inspections targeting municipal implementation of an income-eligibility-based water/sewage social tariff.","The same 572 municipalities in the pre-regulatory-enforcement period (2020), before the new norm and inspection regime (panel before/after comparison, no separate control group).","Random-effects GLS panel regression coefficient (REGU dummy) on the DIST Index (% of CadUnico-eligible households actually enrolled in the social tariff, 0-100 scale)","+19.21 percentage points (Model 1, p<0.01), consistent at +19.16 and +18.82 across 2 alternate specifications (Models 2-3); a robustness-check panel retroactively extended to 2018-2021 found a smaller but still significant ~13-13.5 percentage-point effect (0-1 scaled index).",,,0.8174,"1,144 municipality-year observations (572 municipalities x 2 years); robustness check 2,280 observations (570 municipalities x 4 years)",positive (regulatory enforcement associated with higher social-tariff implementation/enrollment),"TRUE (controls for CadUnico update rate, travel time to state capital, municipal sanitation fund, log population/education/internet alternately, and 11 macro-region fixed effects)",OBSERVED,"extraction_database.csv S470; source Amorim, Resende, Miranda & Freistadt 2025, Water Policy 27(11):1153-1174, Table 5 (primary panel models) and Table 6 (2018-2021 robustness-check panel). Complementary Wilcoxon signed-rank tests (Table 4) found significant DIST Index increases in all 11 macro-regions and statewide, corroborating the panel-regression estimate via an independent non-parametric method.",FALSE,"ANALYSIS_PLAN.md §2 decision tree -- re-examined 2026-09-28 as part of the same corpus-wide family-fit pass that resolved this row's 8 siblings (see S434's note for context). This study's exposure -- a state regulator's new enforcement norm and compliance inspections targeting municipal implementation of an income-eligibility-based water/sewage social tariff -- is squarely a legal/administrative eligibility-restriction mechanism per PROJECT_SPEC.md §8's Family C definition ('legal or administrative barriers, documentation, eligibility restrictions, formalization barriers'), and its outcome (the share of eligible households actually enrolled) is an affordability-program access outcome of the same kind already accepted for Family C via S1038 (state-vs-local economic regulation of municipal water utilities against a water-affordability outcome). Corrected from blank to Family C here. Still not pooled: single study for this specific before/after regulatory-enforcement-of-social-tariff operationalization; no other included study shares it, so pooling is not yet possible or meaningful -- see 06_outputs/supplementary/phase11_quantitative_feasibility_judgment.md and the Family C SWiM synthesis for how this is presented instead."
S471,economic_access,C,"A US municipality with a mayor-led (vs. manager/council-led) form of local government, among 2,119 municipalities nationally that own and operate their own drinking water utility.","Municipalities with a manager, council, or other non-mayor form of government (reference category), same national sample.","OLS regression coefficient (robust standard errors clustered by state, state fixed effects), dependent variable = monthly cost of 6,000 gallons of municipal drinking water in USD","-1.58 (organizational-structure-only model, p<0.05); attenuates to -1.03 (not significant) once fiscal, community, and environmental-risk covariates are added in the fully combined model.",,,0.69 (organization-only model); 0.76 (combined model),"2,119 municipalities (national cross-section)",negative (mayor-led government associated with lower basic drinking-water cost),"TRUE (state fixed effects; combined-model estimate additionally adjusts for fiscal, community-demographic, and environmental-risk covariates)",OBSERVED,"extraction_database.csv S471; source Hughes, Kirchhoff, Lee & Switzer 2025, AWWA Water Science 7(1):e70014, Table 3 columns 3 and 5. Several other institutional/fiscal coefficients are reported in the same combined model (e.g. purchased-water dependence +2.86, SE 0.91, p<0.05; water utility expenditures per capita +0.0055, SE 0.0008, p<0.01) but per CODEBOOK.md S12 one-prespecified-effect-per-study default, the form-of-government estimate is recorded here as the primary effect, being the clearest formal institutional/governance-structure exposure-comparator among the variables studied.",FALSE,"ANALYSIS_PLAN.md §2 decision tree -- re-examined 2026-09-28 (see S434's note for the batch context). This study's exposure -- a US municipality's mayor-led vs. manager/council-led form of local government, among municipalities that own their own water utility -- is a governance/regulatory-structure mechanism, and its outcome (monthly cost of a fixed quantity of municipal drinking water) is a price/affordability outcome. This is the same kind of comparison already accepted for Family C via S1038 (state-vs-local economic regulation of municipal water utilities against a water-affordability outcome) -- both are governance/regulatory-structure exposures tested against a price outcome for municipally-owned US water utilities. Corrected from blank to Family C here. Still not pooled: single study for this specific form-of-government operationalization (and its own estimate loses significance once further covariates are added, per this row's provenance_note); no other included study shares this exact exposure, though it should be presented alongside S1038 in the Family C SWiM synthesis as the same broader 'institutional/regulatory structure and affordability' theme Phase 11 §5.1 already identified for S1038."
S483,effective_access,,"Residence in a high-income residential area of Nairobi, Kenya (Residential Area 1), among 2,380 water-distribution itineraries citywide, 2008-2018.","Residence in a low-income residential area of Nairobi (Residential Area 4, reference category), same citywide sample and period.","Rate ratio (negative binomial linear mixed-effects regression, year as random effect, adjusted for neighbourhood age and population), dependent variable = likelihood of receiving sufficient water (>1500 L per capita per month)",High-income areas: RR=5.78 (p<0.001). Middle-income areas: RR=3.80 (p<0.001). Middle/low-income areas: RR=1.65 (p<0.001). All relative to the low-income reference category.,5.34 (high-income); 3.52 (middle-income); 1.53 (middle/low-income),6.25 (high-income); 4.10 (middle-income); 1.79 (middle/low-income),,"2,380 residential water-distribution itineraries (Nairobi County, 2008-2018)",positive (higher-income residential classification associated with higher likelihood of sufficient water access),"TRUE (mixed-effects model adjusted for neighbourhood age, interaction of neighbourhood age and residential category, and population, with year as a random effect)",OBSERVED,"extraction_database.csv S483; source Mutono, Wright, Mutembei & Thumbi 2022, Habitat International 119:102476, Table 4 (Residential category rows). The discussion ties this disparity to differential connection type (inhouse piped for high/middle-income vs. shared taps/water kiosks for low-income) and to a documented tenure-security gap (85% high-income vs. 58% low-income, KSCBS sub-sample), though the regression itself is not adjusted for tenure directly.",FALSE,"ANALYSIS_PLAN.md §2 -- re-examined 2026-09-28 (see S434's note for the batch context). This study's exposure is residence in a high- vs. low-income residential area of Nairobi -- an income-based geographic classification, not itself a legal recognition, bureaucratic-assistance, or administrative-barrier mechanism as PROJECT_SPEC.md §8 defines those terms. The paper's discussion ties the disparity to differential connection type and a documented tenure-security gap (a Family-A-adjacent concept), but the regression itself is not adjusted for tenure and does not test tenure status as the exposure -- only income-based residential classification is directly estimated here. synthesis_family is left blank as a reasoned non-fit, the same kind of institutional-variable-adjacent-but-not-quite call already made for S353 (ownership type: 'a real institutional/regulatory-model variable, but does not cleanly match Family A... B... or C'); single study for this exposure-comparator regardless."
S489,economic_access,,"Rural Kenyan households (Kwale County) who perceive their existing water supply as costly, among 1,215 households at 190 waterpoints not yet contracted with a professional maintenance service provider.",Households at the same waterpoints who do not consider their existing water supply costly.,"Odds ratio (multivariate logistic regression, robust SE clustered by waterpoint), dependent variable = intent to contract a professional maintenance service provider (Model 1)",OR=0.532 (p=0.015) -- households who consider their current water supply costly have roughly half the odds of intending to contract the paid professional maintenance service.,,,0.138,"1,215 households across 190 waterpoints (Kwale County, Kenya)",negative (perceived cost of existing water supply associated with lower likelihood of committing to a new paid maintenance contract),"TRUE (multivariate logistic regression adjusting for organizational, socio-economic, operational, use and alternative-source covariates)",OBSERVED,"extraction_database.csv S489; source Koehler, Thomson, Goodall, Katuva & Hope 2021, World Development 140:105231, Table 2 (Model 1, 'Concern that water supply is costly' row). A related variable in the same model, 'In favor of free water for vulnerable' (OR=0.537, SE=0.120, p=0.005), shows a similarly-sized effect in the same direction but is not recorded as the primary effect per CODEBOOK.md S12's one-prespecified-effect-per-study default, since the cost-concern variable is the more direct burden/affordability measure.",FALSE,"ANALYSIS_PLAN.md §2 -- re-examined 2026-09-28 (see S434's note for the batch context). This study's exposure is a household's own perception that its existing water supply is costly, predicting intent to contract a paid maintenance service -- a household-level attitude/perception variable, not a legal recognition, administrative-assistance, or administrative-barrier exposure as PROJECT_SPEC.md §8 defines Family A/B/C. synthesis_family is left blank as a reasoned non-fit; single study for this exposure-comparator regardless."
S491,economic_access,,"Ugandan households (40 small towns, 4 regions) that do NOT normally buy/pay for their water supply, surveyed during the March-June 2020 COVID-19 lockdown under a presidential directive suspending all water disconnections for non-payment.",Households that do normally buy/pay for their water supply (reference category).,"Odds ratio (multivariate binary logistic regression, 95% CI), dependent variable = NOT willing to pay for water during the COVID-19 lockdown","OR=2.125 (95% CI 1.581-2.857, p<0.001) -- households that do not normally buy/pay for water have roughly double the odds of being unwilling to pay for water during the lockdown-era disconnection moratorium, relative to households with an existing formal payment relationship.",1.581,2.857,,"1,639 households (40 small towns, 4 regions of Uganda)",positive (lack of an existing formal payment relationship with the water utility is associated with higher odds of unwillingness to pay during the disconnection-moratorium period),"TRUE (multivariate binary logistic regression adjusting for region, gender of household head, water source type/location, and handwashing frequency)",OBSERVED,"extraction_database.csv S491; source Sempewo, Kisaakye, Mushomi, Tumutungire & Ekyalimpa 2021, Social Sciences & Humanities Open 4:100230, Table 5. This is the clearest formal-payment-relationship variable tied to the paper's central enforcement-suspension theme (Uganda's March 2020 presidential directive banning water disconnections for non-payment). Other significant Table 5 variables (region, water source location, handwashing frequency, female-headed household) are not the review's focal legal/administrative-mechanism variable and are not recorded here per CODEBOOK.md S12's one-prespecified-effect-per-study default.",FALSE,"ANALYSIS_PLAN.md §2 -- re-examined 2026-09-28 (see S434's note for the batch context). The study setting is a genuine legal/administrative mechanism (a presidential directive suspending water disconnections for non-payment during COVID-19), but the exposure actually tested is a household-level payment-history characteristic (normally pays vs. does not normally pay for water) -- the moratorium itself applies equally to both groups and is not the exposure-comparator being estimated. As operationalized, this is a household behavioral/payment-relationship variable, not a legal-recognition, bureaucratic-assistance, or administrative-barrier exposure difference across the sample. synthesis_family is left blank as a reasoned non-fit; single study for this exposure-comparator regardless. A future researcher re-mining this source for a directly moratorium-vs-no-moratorium comparison (e.g. against a pre-2020 baseline) might find a genuine Family-C-eligible estimate here that this extraction did not capture."
S526,economic_access,C,"Utility ownership/governance type: investor-owned (private) water utility with rates set by a state Public Utilities Commission via a quasi-judicial cost-of-service process, vs. local-government-owned utility with rates set by elected officials (city councils, county commissioners, special district boards) -- an institutional-discretion mechanism governing water tariff structure.","Local-government-owned water utility (reference category), n=1,055 of 1,189 utilities.","OLS regression coefficient (robust standard errors), unit price ratio (UPR) at 30,000 gallons monthly","Private/investor-owned ownership associated with a -0.167 decrease in UPR (more regressive pricing) relative to government ownership (p<0.001), Model A. Separately, a one-unit increase in the mean-to-median income-inequality ratio is associated with a 0.310 increase in UPR (more progressive pricing) for the pooled sample (p=0.005); the Private x Inequality interaction (Model B) was -0.209 (p=0.387, not statistically significant).",,,,1183,negative (private ownership associated with less progressive/more regressive water pricing),"adjusted (log population, log median income, water scarcity, groundwater source, purchased-water source, % Hispanic, % Black)",OBSERVED,"extraction_database.csv S526; source Switzer & Teodoro 2025, Policy Studies Journal 53(2):365-387, Table 4 (Model A/Model B, UPR at 30,000 gallons monthly, p.378).",FALSE,"ANALYSIS_PLAN.md S2 -- single study defining this exact ownership-type/inequality exposure and UPR-based progressivity outcome; no other Family C study yet shares a convertible estimand or this operationalization of institutional pricing discretion, so pooling is not yet possible or meaningful."
S539,economic_access,C,"Investor-owned (private) community water utility, with rates set via state Public Utility Commission cost-of-service regulation and, in some states, ""fair value"" legislation and Distribution System Improvement Charge surcharges favorable to private capital recovery.","Government-owned or cooperative-owned community water utility (reference category), n=442 of 500 utilities.",OLS regression coefficient,"Private ownership associated with a $144.04 higher annual household water bill (std. coeff 0.35, p<0.01) and a 1.55 percentage-point higher share of lowest-quintile household income spent on water (std. coeff 0.26, p<0.01). Separately, state regulation favorable to private providers (NJ/PA fair-value legislation and DSIC surcharges) associated with an additional $88.64 higher annual bill (p<0.01), with no significant effect on the affordability-share outcome.",,,,500,positive (private ownership and pro-private regulation associated with higher price and lower affordability),"adjusted (PUC regulation of public utilities, favorable private regulation, age of infrastructure, groundwater source, severe drought, Gini, poverty rate, percent minority, population density, population growth, service population)",OBSERVED,"extraction_database.csv S539; source Zhang, Gonzalez Rivas, Grant & Warner 2022, Water Policy 24(3):500-516, Table 2 (OLS regression results, annual water bill and percent-of-income models).",FALSE,"ANALYSIS_PLAN.md S2 -- single study defining this exact private-vs-public-ownership/regulatory-favorability exposure and dollar-bill/income-share outcome operationalization; no other Family C study yet shares a convertible estimand, so pooling is not yet possible or meaningful."
S589,economic_access,A,"Formal household connection to the municipal piped water network in Machala, Ecuador (a city with 90% water coverage).","Unconnected households (the poorest, uncovered segment of the population) served instead by private water tankers.",descriptive group comparison (unadjusted; monthly consumption volume and water expenditure as a percentage of household income),Connected households consumed ~15 m3/month at ~US$1.20/month (0.4% of monthly family income); unconnected households consumed only ~4-5 m3/month at ~US$29.00/month (9.0% of monthly family income) -- roughly 22-24x higher effective per-unit water cost and ~3x lower consumption for unconnected households.,,,,not reported in source (illustrative city-level comparison),negative (lack of a formal water connection associated with lower consumption and a dramatically higher cost share of income),unadjusted,OBSERVED,"extraction_database.csv S589; source World Bank/IDB 2004, Report No. 28911-EC, Box 3.2 (underlying household data originally from Yepes, Gomez and Carvajal 2002; Sotomayor 2004). Illustrative case comparison, not a formal regression estimate; no sample size, CI, or significance test reported in the source.",FALSE,"ANALYSIS_PLAN.md S2 -- single illustrative case comparison (not a study-level regression/RCT estimate, no CI/sample size reported); conceptually shares Family A's exposure-comparator (formal connection vs. no connection) with S084 and others, but its descriptive city-case nature and lack of any statistical uncertainty measure makes it non-comparable/non-poolable with the other Family A studies at this time."
S590,primary_connection,C,"Degree to which a Prussian city's local franchise/voting-rights system concentrated political power among the wealthiest taxpayers (the tax-weighted 'Three Class System', in force in the Rhineland and Westphalia) versus a more equal, tax-based franchise (Hannover and Holstein), 1880-1887.","Cities under the more equal-franchise systems of Hannover and Holstein, and within-province variation in the skewness of the local income/tax distribution (SKEW variable).","Logit regression coefficient and predicted-probability responsiveness, with counterfactual provincial coefficient-swap simulations","SKEW (income/tax-payment skew) coefficient 0.457 in the Three-Class-System provinces (responsiveness 0.175); likelihood-ratio test rejects the null that franchise structure did not matter (test statistic -30.0, 3 df, significant at all conventional levels). Counterfactual: imposing Hannover's (equal-franchise) coefficients on Westphalian towns lowers their average predicted probability of building a waterworks by about one-third; imposing Holstein's coefficients reduces it to zero; conversely, imposing Rhineland's (Three-Class-System) coefficients on non-building towns in Hannover/Holstein substantially raises predicted probability.",,,,"244 cities (50 building, 194 not building waterworks during 1880-1887)",positive (greater concentration of local political power among wealthy taxpayers/property owners associated with a higher probability of a city investing in waterworks infrastructure),"adjusted (instrumented cost per capita; controls for community ability to pay, cholera mortality, population density, and industrial/steel employment)",OBSERVED,"extraction_database.csv S590; source Brown 1989, Urban Studies 26:2-12, Tables 3-4. One of the strongest quasi-experimental designs for a legal-institutional exposure in the corpus, exploiting genuine cross-province variation in 19th-century Prussian municipal franchise law.",FALSE,"ANALYSIS_PLAN.md S2 -- single historical quasi-experimental study using a franchise-concentration exposure and a waterworks-construction-probability outcome; no other Family C study in the corpus shares this specific historical/legal operationalization (19th-century municipal voting-rights structure), so pooling is not yet possible or meaningful."
S593,primary_connection,C,"Administrative district legal/institutional classification (si, urban-type, coded 1) versus gun (rural-type, coded 0) among South Korean local governments, 2010/2016/2021, alongside municipal fiscal autonomy (degree of financial independence, i.e. own-source revenue share of general accounting revenue) and local tax burden per person (log).","Gun (rural-type) administrative districts as the reference category for the si/gun coefficient; lower financial independence and lower local tax burden per person as the implicit comparison for the fiscal coefficients, within the same 152-local-government sample.","Tobit regression coefficient on a Coulter distributional-inequity coefficient (0-100, censored dependent variable)","Administrative district unit (si=1): significant NEGATIVE coefficient (improves equity) in 2021 on average unit price (-0.9174, p<0.01), cost-recovery rate (-0.9064, p<0.05), revenue-water ratio (-0.8489, p<0.05), water-supply rate (-0.8566, p<0.01), and number of employees (-1.1569, p<0.01); not significant for customer satisfaction. Degree of financial independence: significant POSITIVE coefficient (worsens equity) on all 6 variables at p<0.01 in all 3 years (e.g. average unit price 2021: 0.1353). Local tax burden per person (log): significant NEGATIVE coefficient (improves equity) on all 6 variables at p<0.01 in all 3 years (e.g. average unit price 2021: -1.9115). Coefficients were consistent in sign and significance pattern across 2010, 2016, and 2021, and robust to an ordinary-multiple-regression sensitivity check.",,,"0.3006-0.6 depending on variable/year (see extraction_database.csv S593, Tables 9-14)","152 local governments per year (2010, 2016, 2021); 18 Tobit models total (6 outcome variables x 3 years)",mixed: administrative si classification and local tax burden per person are associated with GREATER equity (lower inequity coefficient); municipal fiscal autonomy (financial independence) is associated with LESS equity (higher inequity coefficient),"adjusted (controls for mayoral re-election, private-consignment status, local-public-enterprise status)",OBSERVED,"extraction_database.csv S593; source Ko 2024, J. Korea Water Resources Assoc. 57(6):393-407, Tables 9-14. A clean institutional/fiscal-governance exposure (administrative district classification, municipal fiscal autonomy) tested by Tobit regression against a directly measured, multi-year distributional-equity outcome across 152 local governments and 6 water-service variables, with consistent, replicated significance across all 3 study years.",FALSE,"ANALYSIS_PLAN.md S2 -- single quantitative study using a South Korean administrative-district/fiscal-autonomy exposure and a Coulter inequity-coefficient outcome; no other Family C study in the corpus shares this specific institutional/fiscal operationalization (administrative district classification and municipal fiscal autonomy), so pooling is not yet possible or meaningful."
S606,service_coverage,C,"Share of a Chinese prefectural city's population who are temporary residents without official permanent household registration (hukou) -- a legal/administrative status ascribed at birth that determines eligibility for place-specific public services -- measured across 290 cities, 2008-2014.","Within-city variation over time and across-city variation in the share of hukou-registered (permanent) vs. unregistered (temporary) resident population, analyzed via city and year fixed effects (panel comparison, not a discrete treatment/control group).","Panel fixed-effects regression coefficient (city and year fixed effects, clustered standard errors)","A one-percentage-point increase in the share of hukou-unregistered temporary residents is associated with a reduction of 0.00164 (10,000 m3/day) per 10,000 persons in wastewater treatment capacity (p<0.01) and 0.0897 tons/day per 10,000 persons in solid waste treatment capacity (p<0.01); also significant negative associations with quantity of wastewater treated (p<0.1) and quantity of solid waste treated (p<0.1). No significant association with public green space provision. For an average city of ~1.5 million residents, results imply a need for an additional 2,460 m3/day wastewater treatment capacity and 13.455 tons/day solid waste treatment capacity per 1-percentage-point increase in temporary-resident share merely to maintain constant per-capita service levels.",,,0.000529 (wastewater treatment capacity); 0.0268 (solid waste treatment capacity),"290 cities; 1,577-1,769 city-year observations across 5 outcome models (2008-2014)",negative (higher hukou-unregistered temporary-resident share associated with lower per-capita pollution-treatment infrastructure provision),"adjusted (population density, GRP per capita, education enrollment, unemployment rate, government spending per capita; city and year fixed effects)",OBSERVED,"extraction_database.csv S606; source Zhou & Liang 2021, J. Environmental Policy & Planning 23(6):781-795, Table 3. A clean legal/administrative-status exposure (hukou household registration) tested via panel fixed-effects regression against a directly measured, population-relevant infrastructure-provision outcome across 290 cities and 7 years, with consistent significant results and multiple robustness checks (lagged and cross-sectional change models in the appendix).",FALSE,"ANALYSIS_PLAN.md S2 -- single quantitative study using a China-specific hukou household-registration exposure and a wastewater/solid-waste treatment-capacity outcome; no other Family C study in the corpus shares this specific institutional/legal operationalization (household-registration-based service exclusion), so pooling is not yet possible or meaningful."
S631,service_coverage,C,"Creation of a new local government (kabupaten/kota) via pemekaran -- the legal/administrative splitting of an existing district jurisdiction into smaller administrative units -- in Indonesia's post-2001 decentralization era, exploiting the plausibly exogenous timing of district-splitting decisions as the identifying exposure.","Original (non-split) parent districts, and separately, sibling split-off districts, all within the same national panel of 336 kabupaten/kota, 2001-2014.",Generalized difference-in-differences regression coefficient (static model) and two-step dynamic panel GMM regression coefficient with district-clustered standard errors,"New-district creation reduces household access to protected water and sanitation by approximately 1% in year 2 relative to original districts (static DiD model) and by approximately 1.35 percentage points in the second year of operation (dynamic GMM model), implying a long-run reduction of approximately 1.75% (beta/(1-gamma) = -1.35/(1-0.23)), p=.023. No significant contemporaneous or lagged effect relative to split-off (sibling) districts, and no significant effect on school enrollment in either comparison. Falsification tests using first and second leads of the new-district dummy show no significant pre-trend, supporting the parallel-trends assumption.",,,,"336 districts (98 groups for split-vs-new comparison); 2,714 district-year observations (infrastructure equation, original-vs-new comparison)","negative (local government proliferation associated with LOWER household water/sanitation access, relative to original non-split districts)","adjusted (total local government spending per capita, population size, percentage of households with electricity access, percentage of population in poverty, Gini coefficient of personal consumption, personal consumption per capita; district and year fixed effects, district-specific time trends; dynamic model additionally instruments the lagged dependent variable via two-step difference-GMM)",OBSERVED,"extraction_database.csv S631; source Lewis 2017, Journal of Urban Affairs 39(8):1047-1065, Tables 4-5. A clean legal/administrative-jurisdictional-restructuring exposure (local government proliferation via pemekaran) tested by a well-identified quasi-experimental panel design (generalized DiD plus dynamic GMM, parallel-trends falsification test) against a directly measured, nationally-representative household water/sanitation access-percentage outcome (BPS/SUSENAS), with a statistically significant long-run point estimate.",FALSE,"ANALYSIS_PLAN.md S2 -- single quantitative study using an Indonesia-specific administrative-jurisdiction-splitting exposure and a household water/sanitation access-percentage outcome; no other Family C study in the corpus shares this specific institutional/legal operationalization (local government proliferation/pemekaran), so pooling is not yet possible or meaningful."
S636,service_coverage,,"Participation in Indonesia's Water Hibah (WH) intergovernmental performance-grant program -- a fiscal/administrative mechanism under which a kabupaten/kota (local government) makes an equity investment in its PDAM (local water enterprise), which the PDAM uses to establish household water connections for the poor, triggering a Ministry of Finance transfer (Rp 2 million per connection for the first 1,000, Rp 3 million thereafter) once connections are verified operational.","Matched control kabupaten/kota not participating in the Water Hibah program in 2010-2011, drawn via one-to-one nearest-neighbour propensity-score matching from a pool of 65 local governments subsequently added to the program in 2013.","Propensity-score-matched treatment/control OLS regression and hurdle-model regression (probit selection equation plus conditional linear regression, bootstrapped standard errors, endogenous-transfer instrumentation)","WH program participation increases per capita PDAM equity investment by Rp 739 in constant 2000 terms (Rp 2,141 in 2010-11 terms), coefficient 739.1, z=3.20, p<0.05. WH-financed investment per capita is a significant positive determinant of new household water connections per 1,000 persons: coefficient 0.0003 (t=6.16, investment treated as exogenous) / 0.0004 (t=1.71, investment treated as endogenous), both significant at conventional levels. Estimated marginal cost of a WH-financed connection is Rp 2.5-2.9 million versus Rp 6.9-8.2 million for a connection financed from other local-government revenue sources -- a statistically significant difference in cost-efficiency. The WH program-participation dummy itself is not significant once WH-financed investment is separately specified, indicating the grant's effect on connections operates through the financed-investment channel rather than participation per se.",,,,"35 treatment + 35 control kabupaten/kota (34 after common-support trimming); 105 pooled local-government-year observations, 2010-2011","positive (Water Hibah program participation and grant-financed investment associated with HIGHER household water connections, relative to non-participating matched local governments)","adjusted (log of other revenues per capita, log population, percentage of population urban, percentage of population poor, lagged percentage of population with access to water, log gross regional domestic product per capita; propensity-score-matched treatment/control sample; on/off-Java and year instruments for the endogenous WH-transfer specification)",OBSERVED,"extraction_database.csv S636; source Lewis 2014, Bulletin of Indonesian Economic Studies 50(3):415-433, Tables 5-10. A clean fiscal/administrative-grant exposure (Water Hibah performance-grant program and grant-financed PDAM equity investment) tested by a well-identified quasi-experimental design (one-to-one nearest-neighbour propensity-score matching with documented bias-reduction statistics, endogenous-transfer instrumentation) against a directly measured household-level water-connection outcome, with statistically significant coefficients and an explicit cost-efficiency comparison.",FALSE,"ANALYSIS_PLAN.md S2 -- single quantitative study using an Indonesia-specific intergovernmental fiscal-transfer/performance-grant exposure and a household water-connection outcome; the exposure (a fiscal grant conditioning PDAM equity investment) does not cleanly match PROJECT_SPEC.md S8's Family A (legal recognition/tenure/eligibility), Family B (bureaucratic assistance/procedural simplification), or Family C (legal/administrative barriers) definitions, and no other quantitative study in the corpus shares this specific fiscal-grant operationalization, so pooling is not yet possible or meaningful."
S649,formal_connection,,"Per-capita federal intergovernmental transfers (Aportaciones Federales, 2000-2005) received by a Mexican municipality, operating under the constitutionally assigned (Article 115) municipal responsibility for water-service provision -- with indigenous population share as the key predictor of lower transfer receipt.","Cross-municipal variation across 2,342-2,372 Mexican municipalities, comparing municipalities by indigenous population share and by level of per-capita federal transfers received, controlling for population density, income, migration, and prior (2000) coverage.",Generalized linear model (logit-link) and OLS regression coefficients,"Indigenous population share: -0.0310 (piped-water-coverage GLM model, p=0.014); indigenous population share on per-capita federal transfers received: -0.003 (transfers OLS model, Table 4, p=0.005); federal transfers per capita on piped-water coverage: 0.5713 (GLM model including transfers, Table 5, p=0.019; indigenous share -0.0305, p=0.017, in that model)",,,"0.0126 (indigenous coefficient, coverage model); 0.001 (indigenous coefficient, transfers model); 0.2437 (transfers coefficient, coverage model)","2,372 municipalities (coverage model); 2,342 municipalities (transfers and combined models)","negative (higher indigenous population share associated with LOWER per-capita federal transfers and, independently, lower piped-water coverage; transfers positively associated with piped-water coverage)","adjusted (population density, per-capita income, migration share, prior 2000 piped-water coverage, spatial lag, state fixed effects; transfers model additionally adjusts for vote share for incumbent president)",OBSERVED,"extraction_database.csv S649; source Gonzalez Rivas 2012, Development in Practice 22(1):31-43, Tables 3-5. A clean institutional/fiscal-transfer exposure (federal intergovernmental transfers under Mexico's constitutionally assigned municipal water-governance system) tested by a national three-model regression design (coverage model, transfers-mechanism model, combined model) against a directly measured piped-water-coverage outcome across 2,342-2,372 municipalities, with statistically significant coefficients confirming the proposed fiscal-transfer mechanism. Full-text correction 2026-10-04: the -0.003 coefficient is the indigenous-share effect in the transfers model (Table 4), not an effect of transfers; wording corrected, numbers unchanged.",FALSE,"ANALYSIS_PLAN.md S2 -- single quantitative study using a Mexico-specific municipal fiscal-transfer exposure and a piped-water-coverage outcome; the fiscal-grant/transfer-allocation exposure does not cleanly map onto the Family A/B/C legal-recognition, administrative-assistance, or administrative-barrier definitions, so no synthesis_family is assigned and no other study in the corpus shares this specific institutional/fiscal operationalization, so pooling is not yet possible or meaningful."
S749,affordability,C,"Private (vs. public) ownership of a Brazilian water and sanitation business corporation -- a governance-structure/institutional variable -- tested alongside presence/type of economic regulatory agency (local vs. regional vs. unregulated) and regulatory regime (rate-of-return, price-cap/revenue-cap, vs. municipally-negotiated tariff).","Publicly-owned and mixed-capital Brazilian water/sanitation corporations within the same unbalanced panel, 51 business corporations (22 private, remainder public/mixed-capital), 2005-2012.",Unbalanced panel GLS regression coefficient,"Private-ownership (Priv) coefficient +0.3456 R$/m3 on the water-tariff-level model (Lwt), significant in the overall and unregulated clusters; not significant within the regulated-only cluster. Local/regional regulatory-agency coefficients negative but not significant (H2 rejected). Rate-of-return and price-cap/revenue-cap regulatory-regime coefficients not significant relative to municipally-negotiated tariffs (H3 rejected).",,,,"351 observations (51 corporations, unbalanced panel 2005-2012)","positive (private ownership associated with HIGHER water tariffs, i.e. lower affordability, relative to public/mixed-capital ownership; overall and unregulated clusters only)","adjusted (OPEX, capital expenditure (depreciation and return components), government investment subsidies, tariff-block structure, water-quality/service-quality indicators, sewage treatment, average water consumption, GDP per capita, regional fixed effects)",OBSERVED,"extraction_database.csv S749; source Barbosa & Brusca 2015, Utilities Policy 34, Section 5.1 and Table 5. A clean institutional/governance-structure exposure (private vs. public ownership, and separately regulatory-agency/regime type) tested by a national unbalanced-panel regression across 51 Brazilian water/sanitation corporations against a directly measured tariff-level (affordability) outcome, with a statistically significant ownership coefficient.",FALSE,"ANALYSIS_PLAN.md S2 decision tree -- re-examined 2026-09-28 as part of the Phase 11 corpus-level family judgment: this study's exposure (private vs. public/mixed-capital utility ownership) and outcome (a tariff/price-level measure) are the same KIND of comparison already recorded under Family C for S526 (private ownership vs. unit-price-ratio progressivity, US) and S539 (private ownership vs. annual household bill/income-share, US) -- leaving this row's synthesis_family blank while S526/S539 carry 'C' for the same ownership-vs-price pairing was an inconsistency, not a principled distinction, so it is corrected to Family C here. Still not pooled: the three studies' price outcomes are measured on non-identical metrics (R$/m3 tariff level here vs. a dimensionless unit-price ratio for S526 vs. a dollar bill amount/income share for S539), so this remains a structured-synthesis (SWiM) candidate grouping, not a poolable estimand -- see 06_outputs/supplementary/phase11_quantitative_feasibility_judgment.md."
S765,water_access,A,"Household acquisition of a legal land title under Peru's PETT (Proyecto Especial de Titulacion de Tierras) rural land-titling program, modeled via modified difference-in-differences interaction (program timing x no-prior-title status) -- i.e. legal recognition/tenure security as the institutional mechanism.","Households in PETT program areas without prior title, compared across pre/post program-rollout timing (modified DiD design exploiting phased program implementation).","modified difference-in-differences regression coefficient (program x no-prior-title interaction term), OLS with region fixed effects and household-characteristic controls","Improved water source access: 0.059 (SE 0.027), significant at 5% level (p<0.05); i.e. a 5.9 percentage-point increase in improved-water-source access attributable to PETT land title acquisition.",,,0.027,3182,positive (statistically significant),"adjusted (region fixed effects, household-characteristic controls)",OBSERVED,"extraction_database.csv S765; source Meeks 2018, World Development, Table 5 (modified DiD, program x no prior title interaction, improved water source column). Genuine quasi-experimental regression-based estimate directly isolating land title/tenure security (a legal recognition mechanism) as the exposure, exploiting phased PETT program rollout timing for identification.",FALSE,"ANALYSIS_PLAN.md S2 decision tree -- single study defining this exact exposure-comparator (PETT land title acquisition via phased-rollout modified DiD); no other Family A study yet shares this specific operationalization of legal tenure recognition, so pooling is not yet possible or meaningful (too few independent studies in this family, per PROJECT_SPEC.md S8 Family A guidance)."
S780,service_coverage,A,"Official ethnic-minority-autonomous-county legal status under Chinese administrative law (Autonomous County designation), tested as a covariate alongside percentage minority population.","Non-autonomous counties in Guizhou Province, controlling for economic, demographic, and geographic factors.","OLS regression coefficient (robust standard errors), county-level (n=61)","Autonomous County legal-status coefficient on number of drinking-water project beneficiaries: -41,810.91 (SE 25,959.55), not statistically significant (no asterisks reported at p<0.1, p<0.05, or p<0.01 thresholds).",,,25959.55,61,null (no statistically significant effect at conventional thresholds),"adjusted (economic, demographic, geographic controls)",OBSERVED,"extraction_database.csv S780; source Pizzi 2020, Asian Survey, Table 2 (Model 2, full model). Null result recorded faithfully -- formal autonomous-county legal status is not a statistically significant driver of drinking-water project beneficiaries once percentage minority population is controlled for; the paper argues bureaucratic implementation ease (correlated with ethnicity, not formal legal status) is the operative mechanism.",FALSE,"ANALYSIS_PLAN.md S2 decision tree -- single study defining this exact exposure-comparator (Chinese ethnic-minority-autonomous-county legal designation); no other Family A study yet shares this specific operationalization of legal recognition/status, so pooling is not yet possible or meaningful (too few independent studies in this family, per PROJECT_SPEC.md S8 Family A guidance)."
S795,water_access,,"Household residence in a city where the water utility was privatized (La Paz, El Alto), modeled via probit difference-in-differences interaction (post-privatization period x privatized-city dummy) -- i.e. water-utility ownership/regulatory-structure change as the institutional mechanism.",Households in comparison cities where the utility was not privatized: cooperative-managed Santa Cruz de la Sierra and publicly-managed Cochabamba.,"probit difference-in-differences regression coefficient (interaction term), controlling for household wealth and city fixed effects","Effect (privatization x post-period) coefficient on household piped-water-access probability, 1996-2005: 0.077 (SE 0.016), p<0.01 and 0.075 (SE 0.015), p<0.01 across two model specifications -- both statistically significant. The shorter-run 1996-2001 effect was not significant (0.025, SE 0.025).",,,0.016,"household panel, 4 cities, 1996/2001/2005 (Instituto Nacional de Estadistica de Bolivia surveys)","positive (statistically significant, 1996-2005 period); not significant in the shorter 1996-2001 period","adjusted (household wealth proxies: electricity, rooms, wall material; city fixed effects)",OBSERVED,"extraction_database.csv S795; source Hailu, Osorio & Tsukada 2012, World Development, Table 12 (regression results, 1996-2005 columns). Genuine quasi-experimental probit DiD estimate directly isolating water-utility privatization (an ownership/regulatory-structure legal-institutional mechanism) as the exposure, exploiting the differential timing/location of privatization across four Bolivian cities for identification.",FALSE,"ANALYSIS_PLAN.md S2 decision tree -- single study defining this exact exposure-comparator (water-utility privatization via DiD across 4 Bolivian cities); no other study yet shares this specific operationalization of ownership/regulatory-structure change, so pooling is not yet possible or meaningful (too few independent studies in this family, per PROJECT_SPEC.md S8 guidance). Consistent with the S749 Barbosa & Brusca precedent, synthesis_family is left blank as this ownership/regulatory-structure exposure does not cleanly map to Family A/B/C."
S869,service_coverage,,"Municipality engaged in a formal intermunicipal cooperation consortium (program contract) for water/sewage service delivery, pursuant to Brazil's 1988 Constitution decentralisation framework and 2007/2020 federal sanitation legal framework -- coded as a binary cooperation variable.",Municipalities providing water/sewage services as stand-alone (non-cooperating) local government units.,"Bootstrapped multivariate general linear model regression coefficient (F-Wald test, robust standard errors, stratified bootstrap sampling by State), municipality-year panel","Cooperation coefficient on water-service coverage (log): not statistically significant, p=.494 (F-statistic .468) in the bootstrapping regression (Table 3), and p=.240 (B=.064) in the parameter-estimation model (Table 4). Cooperation coefficient on sewage-service coverage (log): statistically significant, p=.026 (F-statistic 4.938) in the bootstrapping regression, and p=.007 (B=.466) in the parameter-estimation model. Cooperating municipalities had lower mean overall service coverage (M=41.58) than non-cooperating municipalities (M=59.45).",,,,"1157-1159 municipality-year panel observations (2013-2020), Brazil",null for water coverage (not significant); positive and significant for sewage coverage,"adjusted (asset specificity: water/sewage investment; contract management complexity; population, area, density; year/financial-crisis fixed effects)",OBSERVED,"extraction_database.csv S869; source Silvestre, Marques, Dollery & Correia 2022, Utilities Policy, Tables 3-4. Panel regression isolating a specific documented legal/institutional mechanism (formal intermunicipal consortium cooperation contracts under Brazil's sanitation legal framework) with water- and sewage-service coverage as directly-measured water/sanitation-access outcomes -- distinguished from the S837 Houston precedent (excluded there because the outcome was capital investment/debt, not a water-access measure).",FALSE,"ANALYSIS_PLAN.md S2 decision tree -- single study defining this exact exposure-comparator (Brazilian intermunicipal sanitation-consortium cooperation via panel GLM); no other study yet shares this specific operationalization of institutional cooperation arrangements, so pooling is not yet possible or meaningful (too few independent studies in this family, per PROJECT_SPEC.md S8 guidance). Consistent with the S749/S795 precedent, synthesis_family is left blank as this institutional-cooperation-arrangement exposure does not cleanly map to Family A/B/C."
S879,water_access,C,"Randomized assignment to systematic contract enforcement (transparent, credible service-disconnection notices for nonpayment, per the terms of the property owner's utility connection-loan contract), Nairobi informal settlements.",Disconnection-eligible control compounds exempted from enforcement (ad hoc/no systematic disconnection).,"Randomized controlled trial, intent-to-treat regression estimates with robust standard errors, 9-month follow-up survey plus 5 years of daily administrative billing panel data","Payment likelihood within one month increased by 30 percentage points from an 11-percentage-point control base (p<0.001); total payments increased by US$8.80 from a US$5.02 base (p<0.001). Water-access outcomes at 9-month endline: piped water/sanitation connection rates statistically indistinguishable between treatment and control (most of 96 disconnected compounds reconnected after partial payment); main water source = piped water 4.4 percentage points higher in treatment, not significant (p=0.243); monthly water spending Control US$6.62 vs Treatment US$6.86 (p=0.803); weekly water-collection time Control 118 min vs Treatment 100 min (p=0.388) -- a precisely estimated null effect of contract enforcement on actual household water access.",,,,field experiment across Nairobi informal-settlement compounds with utility connection loans; 96 disconnected compounds in enforcement arm; 5-year daily billing panel (2014-2018) plus 9-month post-intervention survey,"positive and significant for payment compliance; null (no significant effect) for water access, connection rates, spending and collection time",adjusted (randomized design with baseline balance checks; robust standard errors),OBSERVED,"extraction_database.csv S879; source Coville, Galiani, Gertler & Yoshida 2025, Review of Economics and Statistics (NBER WP 27569), Tables 4-7. Randomized controlled trial directly isolating a specific contractual/legal enforcement mechanism (disconnection-for-nonpayment) with directly measured household water-access outcomes -- a genuine Family C (legal/administrative barriers and access inequality) estimate with a precisely estimated null result on access despite a strong effect on payment compliance.",FALSE,"ANALYSIS_PLAN.md S2 decision tree -- single study defining this exact exposure-comparator (RCT of utility contract-disconnection enforcement on household water access, Nairobi); no other Family C study yet shares this specific operationalization, so pooling is not yet possible or meaningful (too few independent studies in this family, per PROJECT_SPEC.md S8 guidance)."
S882,water_access,A,"Household formal connection status to the municipal water utility (Baguio Water District, BWD): own household metered connection, requiring an upfront PHP 10,000-14,000 (US$234-327) connection fee plus installation cost.",Households with no BWD connection (referent category); a shared/other BWD connection category also modeled.,"Multiple regression (linear log-transformed and logistic models), randomly sampled household survey, N=396",Own household BWD connection vs. none: +27.2% increase in reported liters-per-capita-per-day consumption; +0.35 SD in perceived-cleanliness PCA score; 2.16x odds of reporting extreme ease of water access; 2.76x odds of reporting affordable water expenses (all coefficients statistically significant at conventional thresholds per reported asterisks). Shared/other BWD connection vs. none: -20.8% decrease in consumption but 2.71x odds of affordability.,,,,"396 households, Pinget, Baguio City, Philippines",positive and significant across all four water-security outcomes for own household connection,"adjusted (household size as control variable; financial, physical, and social resource covariates)",OBSERVED,"extraction_database.csv S882; source Mason 2014, Journal of the Society for Social Work and Research, multiple regression results described in text (consumption, cleanliness, ease, affordability models). Household survey regression directly isolating a documented institutional/fee-based formal-connection mechanism (Family A: legal recognition/formal connection) with four directly measured water-access outcomes, all showing statistically significant positive effects for having one's own utility connection.",FALSE,"ANALYSIS_PLAN.md S2 decision tree -- while this is a genuine Family A (formal connection/legal recognition) exposure-outcome pairing, its specific operationalization (household survey regression of BWD metered-connection status on water consumption/cleanliness/ease/affordability in a single Philippine community) does not share an exposure-comparator-outcome combination with other Family A studies already in this table closely enough for meaningful pooling at this stage (too few independent studies with this exact operationalization, per PROJECT_SPEC.md S8 guidance)."
S920,water_access,A,Rural municipality implements a small-scale water supply system through a community-based water user association (WUA) -- a participatory institutional/legal management model -- versus,Rural municipality implements a small-scale water supply system through non-participatory local government management (the referent/control project type).,"Difference-in-differences estimator combined with kernel propensity-score matching, Brazilian census panel (2000, 2010) plus national water and sanitation survey","Municipalities with WUA-managed projects realized piped-water access-rate increases of approximately 6 percentage points above the national average trend (statistically significant, robust to specification changes and matching-balance checks). Rural piped-water access rose from a 15-16% baseline (2000) to 33.4% in WUA-served areas versus 24.9% in local-government-served areas by 2010. Heterogeneity analysis: in local-government-project municipalities with independently higher accountability (local media presence, political competition, or pre-implementation citizen mobilization), access-rate gains matched WUA-area gains, indicating participatory accountability -- not project type per se -- is the underlying mechanism.",,,,"national municipality-level panel, Brazil (2000-2010 census plus national water/sanitation survey)",positive and significant (WUA/participatory management increases piped-water access rates),"adjusted (kernel propensity-score matching on determinants of project-type choice, informed by semi-structured expert interviews; robustness checks confirm no structural treatment/control differences)",OBSERVED,"extraction_database.csv S920; source Barde 2017, World Development. Difference-in-differences with kernel matching directly isolating a specific institutional/legal management-model mechanism (community-based water user association vs. non-participatory local government management) with piped-water access rate as the directly measured water-access outcome -- a genuine Family A (legal recognition/formal connection) estimate at national administrative-panel scale.",FALSE,"ANALYSIS_PLAN.md S2 decision tree -- single study defining this exact exposure-comparator (Brazilian WUA vs. local-government rural water-project management model via DiD/kernel matching); no other Family A study yet shares this specific operationalization, so pooling is not yet possible or meaningful (too few independent studies in this family, per PROJECT_SPEC.md S8 guidance)."
S930,sanitation_access,A,"Municipality governed by usos y costumbres -- traditional indigenous customary-law participatory governance given full legal standing by Oaxaca's 1995 constitutional reform -- vs. municipality governed by political-party representative democracy, both retaining the same formal municipal institutions and fiscal relationships with the state/federal government.","Party-governed municipalities in Oaxaca, Mexico (n=146 control, over common support after kernel-density propensity-score matching on municipal characteristics and long-term settlement patterns).","kernel-density propensity-score matching, average treatment effect on the treated (ATT), bootstrapped SE (B=1000)","Sewerage access ATT = 0.086 (level, 1995-2005, p<0.01), and 9.05 percentage-point ATT in rate of change (1995-2005, p<0.01); smaller but still positive effect for 2000-10. Piped-water-access ATT was small and not statistically significant across all periods examined (e.g. 1990-2010 level ATT = 0.027, p=0.595).",,,"0.034 (sewerage ATT, level, 1995-2005)",418 treated / 146 control municipalities over common support,positive (usos y costumbres associated with greater sewerage-access gains),adjusted (matched on municipal characteristics and settlement patterns),OBSERVED,"extraction_database.csv S930; source Diaz-Cayeros, Magaloni & Ruiz-Euler 2014, World Development, Table 4. The water-specific ATT itself was not statistically significant; this effect_sizes entry is based on the sewerage/sanitation-access outcome, which was significant and directly isolates the 1995 legal-reform mechanism (usos y costumbres legal recognition) via matching.",FALSE,"ANALYSIS_PLAN.md S2 decision tree -- single study defining this exact exposure-comparator (indigenous customary-governance legal recognition vs. party governance, Oaxaca Mexico); no other Family A study yet shares this operationalization, so pooling is not yet possible or meaningful (too few independent studies in this family, per PROJECT_SPEC.md S8 Family A guidance)."
S947,water_access,C,"Higher institutional/regulatory governance quality (World Bank Worldwide Governance Indicators 'regulation quality' index) at the national level, in the presence of natural-resource-rent dependence, across 44 African countries, 1995-2017.","Countries/country-years with lower regulation-quality index scores, within the same 44-country dynamic panel.",two-step System Generalized Method of Moments (GMM) dynamic panel regression coefficient,"Regulation quality has a positive, statistically significant direct effect on access to drinking water for the total population (coefficient = 0.0121, p<0.01) and significantly reduces the urban-rural water-access gap (coefficient = -0.0511, p<0.01); broadly consistent significant effects are found for sanitation access. Separately, democratic institutional quality is shown to mitigate the negative resource-curse effect of natural-resource-rent dependence on water/sanitation access.",,,"0.00346 (regulation quality, water access total, Table 2 col. 2); 0.0147 (urban-rural gap, Table 2 col. 5)","570-741 country-year observations, 43 African countries",positive (higher institutional/regulatory quality associated with greater water/sanitation access and smaller urban-rural gap),"adjusted (GDP per capita, trade openness, FDI, urban population share, lagged dependent variable)",OBSERVED,"extraction_database.csv S947; source Tadadjeu, Njangang, Ningaye & Nourou 2020, Resources Policy, Table 2. Family C (institutional/legal barriers and access inequality): a rigorous dynamic-panel GMM regression directly isolating the effect of institutional/regulatory governance quality on water/sanitation access and the urban-rural access gap, controlling for GDP, trade openness, FDI, and urbanization.",FALSE,"ANALYSIS_PLAN.md S2 decision tree -- single study defining this exact exposure-comparator (national regulation-quality index vs. water/sanitation access across a 44-country African panel); no other Family C study yet shares this operationalization, so pooling is not yet possible or meaningful (too few independent studies in this family, per PROJECT_SPEC.md S8 Family C guidance)."
S969,water_access,A,"Longer duration of the colonial era (years under effective European colonial control, YRSCOL) in a given African country, 2008 cross-section, 43 countries.","Countries/cities with a shorter duration of colonial-era governance, within the same 43-country cross-national sample.",Ordinary Least Squares (OLS) multiple regression coefficient,"Colonial duration (YRSCOL) has a positive, statistically significant effect on the composite urban water-and-sanitation access index (b=0.322, t=4.500, p<0.000); colonizer identity (British=1) is positively but not significantly associated (b=2.420, t=0.649). Model: ACCESS = 41.956 + 0.322*YRSCOL + 2.420*COLONIZER. A supporting bivariate chi-square test finds 87.5% of long-colonial-duration countries have 'high' urban water access versus 48.1% of short-duration countries (Chi-square=6.659, p=0.010, Phi=0.394); a parallel significant relationship holds for sanitation access.",,,"0.071 (YRSCOL coefficient, Table 3)",43 African countries (2008 cross-sectional data),positive (longer colonial-era governance duration associated with greater contemporary urban water/sanitation access),"adjusted (colonizer identity [British=1] included as a covariate in the OLS model alongside colonial-era duration; no other confounders controlled -- derived from this row's own effect_estimate equation, ACCESS = 41.956 + 0.322*YRSCOL + 2.420*COLONIZER, since extraction_database.csv's own adjusted_or_unadjusted/covariates fields were left blank for this study)",OBSERVED,"extraction_database.csv S969; source Njoh & Akiwumi 2011, Cities, Table 3. Family A (legal recognition/institutional-management-model and access): a cross-national OLS regression directly isolating the effect of a historical-institutional/legal-administrative variable (colonial governance duration, as a proxy for accumulated institutional and infrastructural investment) on a quantified water/sanitation access index, Adj. R2=0.34, F=11.545 p<0.000.",FALSE,"ANALYSIS_PLAN.md S2 decision tree -- single study defining this exact exposure-comparator (colonial-era governance duration vs. urban water/sanitation access index across a 43-country African cross-section); no other Family A study yet shares this operationalization, so pooling is not yet possible or meaningful (too few independent studies in this family with this exposure)."
S1020,water_access,A,"Household residence in a treatment micro-watershed subject to a government watershed-development intervention (Rajiv Gandhi Mission for Watershed Development), rural Madhya Pradesh, India, evaluated via nearest-neighbor propensity score matching (n=470 matched households).","Households in matched control (non-treatment) watersheds within the same study region, matched on observable household/land/income characteristics.","Propensity-score-matched average treatment effect on the treated (ATT), minutes/day change in domestic water collection time (dry season, March-July)","Full matched sample: +17.37 min/day increase (SE 2.46). By social group: SC/ST +18.32 (SE 3.02), Other +16.19 (SE 4.04). By income quartile: bottom +12.83 (SE 4.50), 2nd +17.14 (SE 4.54), 3rd +8.57** (SE 5.09), top +31.03* (SE 5.28). By prior water-collection-time quartile: lowest +62.65* (SE 5.37), 2nd +35.36* (SE 4.40), 3rd +15.57 (SE 3.31), highest +31.13* (SE 3.16).",,,2.46 (full sample); see effect_estimate for subgroup SEs,470 matched households,"negative (watershed-development intervention associated with increased, i.e. worsened, domestic water collection time on average)","adjusted (propensity score matched: land quartile, income quartile, social group [SC/ST vs. other], prior water-collection-time quartile)",OBSERVED,"extraction_database.csv S1020; source Hope 2007, World Development, Table 8. Family A (legal recognition/institutional-management-model and access): a propensity-score-matched quasi-experimental estimate directly isolating a government institutional mechanism's (watershed-development programme) effect on a household water-access outcome (domestic water collection time), with heterogeneous effects by income and social group.",FALSE,"ANALYSIS_PLAN.md S2 decision tree -- single study defining this exact exposure-comparator (government watershed-development programme vs. domestic water collection time, PSM design in one Indian microwatershed); no other Family A study yet shares this operationalization, so pooling is not yet possible or meaningful (too few independent studies in this family with this exposure)."
S1032,water_access,C,"Household contact with the Ahmedabad Municipal Corporation (amc_com) or with an NGO (ngo_com) to seek redress for infrastructure/service problems within the Ahmedabad Slum Networking Project (SNP), a municipal-NGO-community co-production partnership, India.","SNP participant households that did not contact the municipal corporation or an NGO for redress, within the same logistic regression sample (n=277).",Logistic regression odds ratio (respondent complains about water quality/quantity),Municipal corporation contact (amc_com): OR = 0.60* (SE 0.14). NGO contact (ngo_com): OR = 0.56* (SE 0.13). Area wealth (areawealth): OR = 0.07** (SE 0.06). Distance from central municipal offices (distance): OR = 1.44* (SE 0.21).,,,0.14 (amc_com); 0.13 (ngo_com); 0.06 (areawealth); 0.21 (distance),277 (water-complaint model),negative (institutional redress-seeking contact associated with reduced odds of water complaints),"adjusted (area wealth, distance from central municipal offices, project density, community-meeting attendance, gender, language, redress-seeking contact type)",OBSERVED,"extraction_database.csv S1032; source Russ & Takahashi 2013, Urban Studies, Table 6. Family C (institutional/legal barriers and access inequality): a logistic-regression estimate directly isolating institutional/administrative redress-seeking mechanisms' (municipal-corporation contact, NGO contact) effect on a water-service-complaint outcome within a specific slum-upgrading infrastructure programme.",FALSE,"ANALYSIS_PLAN.md S2 decision tree -- single study defining this exact exposure-comparator (institutional redress-seeking contact vs. water-complaint odds within one Indian slum-networking programme); no other Family C study yet shares this operationalization, so pooling is not yet possible or meaningful (too few independent studies in this family with this exposure)."
S1038,affordability,C,"Residential customers of a municipally-owned water utility subject to local-only economic regulation (regulated by city council/water commission, not by a state public utility commission), United States, 1965 AWWA survey data.",Residential customers of a municipally-owned water utility subject to state public utility commission economic regulation (in the five U.S. states that regulated municipal water rate structures at the state level).,"Monopoly welfare loss as percent of residential customer's annual water bill (two-sample mean difference, t-test)","Model 1 (unweighted average): locally-regulated 9.6% (SE 0.583, n=88) vs. state-regulated 5.2% (SE 0.818, n=27); difference -4.6 percentage points, t=-4.58 (p<0.01, one-tailed). Model 2 (weighted average): locally-regulated 10.39% (SE 0.786) vs. state-regulated 6.15% (SE 1.35); difference -4.24 percentage points, t=-2.71 (p<0.01, one-tailed).",,,"0.583 (Model 1, locally-regulated); 0.818 (Model 1, state-regulated); 0.786 (Model 2, locally-regulated); 1.35 (Model 2, state-regulated)",88 (locally-regulated); 27 (state-regulated),"negative (state-level economic regulation associated with lower excess pricing / lower monopoly welfare loss, i.e., improved affordability, relative to local-only regulation)","adjusted (long-run marginal cost [estimated via total variable cost and fixed cost regressions], price elasticity of demand [Foster & Beattie regional coefficients])",OBSERVED,"extraction_database.csv S1038; source Bruggink 1985, American Journal of Economics and Sociology, Table 2. Family C (institutional/legal barriers and access inequality): an econometrically-derived welfare-loss estimate directly isolates a regulatory/institutional mechanism's (state vs. local economic regulation of municipal water utilities) effect on a water-affordability outcome (excess residential pricing above long-run marginal cost).",FALSE,"ANALYSIS_PLAN.md S2 decision tree -- single study defining this exact exposure-comparator (state vs. local economic regulation and monopoly welfare loss among U.S. municipal water utilities, 1965 cross-section); no other Family C study yet shares this operationalization, so pooling is not yet possible or meaningful (too few independent studies in this family with this exposure)."
S1042,water_access,A,"Rural municipality (Dnipropetrowskyy or Ternopilskyy region, Ukraine) with an established community-based organization (CBO) and/or higher levels of non-electoral resident participation (town hall meeting attendance, peer pressure).",Rural municipality within the same survey sample without an established CBO and/or with lower levels of non-electoral participation.,Marginal effect on probability of good water-supply system quality (SUR and ordered Probit with instrumental variables),Town hall meeting participation (unit increase): +29 percentage points probability of good water-supply situation. Peer pressure: +14 percentage points. Established CBO (dummy): approximately +25 percentage points probability of good water-supply system.,,,,"7.2% of municipalities randomly sampled across two Ukrainian regions (Dnipropetrowskyy, Ternopilskyy)",positive (participation and CBO establishment associated with improved water-supply-system quality),"adjusted (school quality, healthcare, streets maintenance, waste management as competing public-goods outcomes; municipality controls)",OBSERVED,"extraction_database.csv S1042; source Kvartiuk 2016, Voluntas, Tables 3-4. Family A (legal recognition/institutional-management-model and access): regression-based estimates (SUR, ordered Probit with IVs) directly isolating institutional/participatory mechanisms' (CBO establishment, non-electoral participation) effect on a water-supply-quality access outcome.",FALSE,"ANALYSIS_PLAN.md S2 decision tree -- single study defining this exact exposure-comparator (CBO establishment/non-electoral participation and water-supply-system quality in rural Ukrainian municipalities); no other Family A study yet shares this operationalization, so pooling is not yet possible or meaningful (too few independent studies in this family with this exposure)."
S1057,water_access,A,"Household-level participation in community-based water-service design and local decision-making, and resulting community design satisfaction, in government demand-responsive rural water programs (Sri Lanka; Karnataka and Maharashtra, India).","Households/communities within the same programs with lower levels of design participation, local decision-making, and community design satisfaction.",OLS coefficient on log household water-collection time-saving (Huber-adjusted standard errors); multivariate probit marginal effects on community design satisfaction,"Community design satisfaction -> log household water-collection time-saving: Sri Lanka 1.63 (SE 0.95, p<.10); Karnataka 2.92 (SE 0.95, p<.01); Maharashtra 1.06 (SE 0.38, p<.01). Design participation and local decision-making both significantly increase community design satisfaction across all three sites (p<.01 to p<.05).",,,0.95 (Sri Lanka); 0.95 (Karnataka); 0.38 (Maharashtra),288 households/18 communities (Sri Lanka); 188 households/12 communities (Karnataka); 249 households/20 communities (Maharashtra),positive (higher design participation and community design satisfaction associated with greater household water-collection time-savings),"adjusted (hygiene class, household size, household assets [Table 3]; local initiation, design participation, local decision-making, community fixed effects [Table 4])",OBSERVED,"extraction_database.csv S1057; source Isham & Kahkonen 2001, World Bank working paper, Tables 3-4. Family A (legal recognition/institutional-management-model and access): OLS/probit/IV estimates directly isolating an institutional/participatory mechanism's (community design participation) effect on a water-access-relevant outcome (household water-collection time-savings) across three independent sites.",FALSE,"ANALYSIS_PLAN.md S2 decision tree -- three site-specific coefficients from a single study, not independent studies; heterogeneous outcome scaling (log time-saving) not directly comparable to other Family A studies' effect measures, so pooling is not yet possible or meaningful."
S1062,service_coverage,C,"Water-utility operation-and-maintenance (O&M) cost-recovery ratio (a financial/regulatory institutional-policy mechanism), and its square, across Sub-Saharan African water utilities.",Utility-years within the same panel with lower cost-recovery ratios.,"Panel regression coefficient (pooled OLS, fixed effects, random effects) on annual change in water-supply coverage (%)","O&M cost-recovery ratio (cr): positive, significant coefficient on coverage change across all specifications. Squared term (cr^2): negative, significant coefficient of comparable magnitude -- curvilinear (inverted-U) relationship; coverage gains from cost recovery diminish and reverse beyond a threshold level. Exact numeric coefficient/SE values in source Table 4 were not cleanly extractable from PDF-to-text conversion (table structure garbled); direction and significance are drawn from the paper's own prose description of its regression results (Section 4).",,,not cleanly extractable from source PDF conversion,"225 observations, 22 Sub-Saharan African countries, 1995-2009","positive up to a threshold, then negative (curvilinear/inverted-U)","adjusted (controls: initial coverage, public expenditure, Non-Revenue Water, ODA, regional dummies)",OBSERVED,"extraction_database.csv S1062; source Marson & Savin 2015, World Development, Section 4 (Regression Results) and Table 4. Family C (administrative/legal barriers and access inequality): panel-regression estimates directly isolating a financial/regulatory institutional mechanism's (utility cost-recovery policy) effect on a water-access outcome (coverage change), significant across pooled OLS, fixed-effects, and random-effects specifications.",FALSE,"ANALYSIS_PLAN.md S2 decision tree -- single study defining this exact exposure-outcome pairing (utility cost-recovery ratio and water-coverage change across SSA utilities), with precise numeric coefficients not cleanly extractable from the source PDF; pooling is not yet possible or meaningful."
S1102,water_access,B,"Household-level capital-cost contribution and meeting attendance (participatory/administrative engagement) in community-based rural drinking-water project governance, 45 villages, India.","Households within the same villages that did not contribute to capital costs / did not attend project meetings, matched via propensity score on wealth, literacy, household and village size.",Propensity-score-matched treatment-control mean difference (t-statistic),"Capital cost contribution -> water improvements index: treatment 0.364, control -0.676, difference 1.04 (t=4.26). Capital cost contribution -> household satisfaction: treatment 0.813, control 0.458, difference 0.355 (t=8.54). Meeting attendance -> water improvements index: treatment 0.497, control -0.252, difference 0.749 (t=3.46). Meeting attendance -> satisfaction: treatment 0.790, control 0.685, difference 0.105 (t=4.16). Water improvements index is a composite of change in distance to source, collection time, reliability, quality, pressure, adequacy, and perceived access.",,,,"45 villages (Uttar Pradesh Hills, North Karnataka, South Karnataka), household-level data",positive (participation and capital-cost contribution associated with improved water-access outcomes and satisfaction),"adjusted (propensity score matching: wealth, literacy, household size, village size)",OBSERVED,"extraction_database.csv S1102; source Prokopy 2009, Journal of Development Studies, Table 4. Family B (administrative assistance/access): propensity-score-matched quasi-experimental estimates directly isolating a participatory/administrative institutional mechanism's (capital-cost contribution, meeting attendance) effect on a composite water-access outcome index, with no evidence of elite capture across income groups.",FALSE,"ANALYSIS_PLAN.md S2 decision tree -- single study defining this exact exposure-outcome pairing (household participation/contribution and a composite water-improvements index in Indian rural water projects); no other Family B study yet shares this operationalization, so pooling is not yet possible or meaningful (too few independent studies in this family with this exposure)."
S1121,water_access,A,"Local government adoption of a water-adequacy screening policy (an administrative-review growth-control mechanism requiring demonstration of long-term water supply before residential development approval, under California SB 901/610/221), 289 jurisdictions, 1994-2003.","Jurisdictions/periods without a water-adequacy screening policy in place, and, separately, the presence vs. absence of price-based water connection impact fees within the same jurisdictions.",Fixed-effects/random-effects panel regression coefficient (semi-elasticity),"Water adequacy rule coefficient -0.31** to -0.53** (FE models; semi-elasticity -0.26 to -0.41) and -0.18* to -0.29** (RE models; implied reduction 16%-25%). Overall, adoption of a water-adequacy screening policy reduces new residential permitting by approximately 16%-41% depending on sample/specification. Water connection impact fees (price-based mechanism) show no statistically significant effect on housing growth in any specification.",,,"0.10-0.21 (water adequacy rule coefficient, across specifications)","289 jurisdictions (Full Sample), 1994-2003 panel (2,890 observations)",negative (water-adequacy screening reduces new residential water-connection permitting),"adjusted (fixed-effects and random-effects panel regression, controlling for MSA price growth, prime rate, pre-1990 housing stock, other growth controls)",OBSERVED,"extraction_database.csv S1121; source Hanak 2008, Land Economics, Tables 2-4. Family A (legal recognition/institutional-management-model and access): fixed-effects/random-effects panel-regression estimates directly isolating an administrative/legal institutional mechanism's (water-adequacy screening review) effect on new-housing/water-connection access, controlling for MSA price growth, prime rate, pre-1990 housing stock, and other growth controls; robustness checked via Hausman and Granger-causality tests.",FALSE,"ANALYSIS_PLAN.md S2 decision tree -- single study defining this exact exposure-outcome pairing (water-adequacy administrative screening policy and new-residential-permitting growth in US jurisdictions); no other Family A study yet shares this operationalization, so pooling is not yet possible or meaningful."
S1122,water_access,A,"Legal/administrative zoning status of residence (zoned vs. non-zoned/spontaneous-settlement land-allocation status) and residence status (owner vs. renter), Ouagadougou, Burkina Faso.",Zoned-periphery residents (reference category) vs. non-zoned-periphery (informal-settlement) residents; owner/co-owner residents (reference) vs. renting/co-renting residents; interaction of tenure status by zone.,"Cox proportional-hazards regression, hazard ratios",Zone of residence (zoned periphery = reference): non-zoned periphery hazard ratio = 0.14*** for first access to piped water (formal connection explicitly described as 'not possible in non-zoned areas'); downtown hazard ratio = 3.12***. Residence status (owner/co-owner = reference): renting/co-renting hazard ratio = 2.56***-2.94**. Interaction terms: renting * non-zoned periphery hazard ratio = 0.00***; other's-residence * non-zoned periphery hazard ratio = 0.00***. Access disparity: 48% of households had piped water access in the city centre vs. 22% in zoned peripheral areas (2000 data).,,,,"residential life-history person-time data, Ouagadougou",negative (non-zoned/informal legal status sharply reduces hazard of gaining piped water access; effect compounded for renters),"adjusted (Cox regression with residence status, zone of residence, migration origin, gender, education, employment type as covariates)",OBSERVED,"extraction_database.csv S1122; source Dos Santos & LeGrand 2013, Urban Studies, Tables 2-4. Family A (legal recognition/institutional-management-model and access): Cox proportional-hazards event-history estimates directly isolating a legal/administrative zoning-status mechanism's effect on first access to piped water, adjusted for migration origin, gender, education, and employment type.",FALSE,"ANALYSIS_PLAN.md S2 decision tree -- single study defining this exact exposure-outcome pairing (zoned/non-zoned legal settlement status and piped-water-access hazard in Ouagadougou); no other Family A study yet shares this operationalization, so pooling is not yet possible or meaningful."
S1136,sanitation_access,C,"Political capture of village sanitation infrastructure: residing in the Gram Panchayat head's village, or on a road where a politician resides, vs. other village roads; road inhabited predominantly by Scheduled Castes/Tribes vs. upper-caste road; 5,276 villages/wards, 10,408 roads, 4 South Indian states.","Roads/villages without these political-capture or caste characteristics, within the same block/village (fixed effects).","Linear probability model coefficients, village/block fixed effects","GP head's village: road paved 0.053***, has drain 0.037**, moderately clean 0.028*, no garbage 0.060***. Politician road: has drain 0.078***, paved 0.055***, moderately clean 0.052*. SC/ST road (vs. upper-caste road): paved -0.051**, no garbage -0.032*. Oligarchic village structure and upper-caste land-ownership share show no significant infrastructure disadvantage/advantage across most outcomes.",,,clustered at colony level,"5,276 villages/wards; 10,408 roads (South India)",positive (political proximity increases sanitation-infrastructure provision; SC/ST residence decreases it),"adjusted (village/block fixed effects, caste, road-length, institution controls)",OBSERVED,"extraction_database.csv S1136; source Ban, Das Gupta & Rao 2010, Journal of Development Studies, Tables 5-6. Family C (administrative/legal barriers/access inequality): linear-probability-model estimates with village- and block-level fixed effects directly isolating political capture of a constitutionally mandated local-government sanitation function as a mechanism producing differential sanitation-infrastructure access.",FALSE,"ANALYSIS_PLAN.md S2 decision tree -- single study defining this exact exposure-outcome pairing (political capture of Gram Panchayat sanitation infrastructure and road-level sanitation outcomes in South India); no other Family C study yet shares this operationalization, so pooling is not yet possible or meaningful."
S1140,service_coverage,B,"Village communities' self-organized network capital in applying for Rural Water Supply and Sanitation Program (RWSSP) infrastructure funding, Nepal: (1) number of organizational partners, (2) indirect bridging reach to other communities via partners, (3) subgroup cohesion among partners.","Communities with fewer partners, less indirect reach, and lower partner cohesion, holding other covariates at their means.","Logistic regression, log odds / predicted probability","Number of partners: log odds 0.55*** (SE 0.10); predicted funding-success probability rises from 0.02 (1 partner) to 0.38 (7 partners, mean) to 0.99 (16 partners, maximum). Indirect reach: probability rises from 0.02 (0 reach) to 0.044 (12, mean) to 0.31 (38, maximum). Subgroup cohesion: probability rises from 0.43 (0, minimum) to 0.51 (16, average) to 0.86 (100, maximum). Remote communities significantly less likely to be funded.",,,"0.10 (number of partners); Hubert-White robust, clustered (UCINET hierarchical clustering, 37 clusters)","RWSSP applicant communities, Nepal","positive (greater network capital -- partners, reach, cohesion -- increases probability of securing water/sanitation infrastructure funding)","adjusted (controls for project size, remoteness, time savings, social inclusion, regional dummies)",OBSERVED,"extraction_database.csv S1140; source Shrestha 2013, Journal of Public Administration Research and Theory, Table 3 and Figure 2. Family B (administrative assistance/access): logistic-regression estimates with robust clustered standard errors directly isolating a network-capital/bureaucratic-assistance institutional mechanism's effect on communities' success in securing water/sanitation infrastructure program funding.",FALSE,"ANALYSIS_PLAN.md S2 decision tree -- single study defining this exact exposure-outcome pairing (self-organized network capital and RWSSP funding-application success in Nepal); no other Family B study yet shares this operationalization, so pooling is not yet possible or meaningful."
S1143,service_coverage,C,Detroit Sanitation Division's administrative service-delivery rules: the explicit 'weight rule' (routes/resources allocated proportional to garbage tonnage generated per census tract) and its supplementary 'center-city' equity rule (additional resources allocated to the inner city beyond the weight rule alone).,"Census tracts differing in neighborhood social well-being (distance from CBD / housing age) and racial composition (percent black), holding garbage generated per person constant.",OLS regression / Pearson correlation coefficients,"Weight-rule fidelity: resource allocation (routes-per-1000-persons) correlates r=.842 with garbage collected per person (man-hours-per-1000-persons: r=.699). Garbage generated per person is itself significantly higher in neighborhoods farther from the CBD (higher social well-being) and with higher white population share (Table 6). With weight-rule effect controlled (Table 7), distance from CBD is significantly negatively related to resource allocation -- more sanitation resources go to inner-city (less-well-off) tracts than the weight rule alone would produce -- while percent black is not independently significant, indicating the explicit equity supplement operates by geography/well-being rather than race per se, producing an overall U-shaped distributional curve by neighborhood well-being.",,,,"420 Detroit census tracts, July/October 1973","mixed (weight rule alone favors better-off/lower-density neighborhoods; supplementary center-city equity rule reverses this for the innermost tracts, producing a U-shaped net distribution)","adjusted (OLS regressions control for demographic covariates: housing age/distance from CBD, percent black)",OBSERVED,"extraction_database.csv S1143; source Jones, Greenberg, Kaufman & Drew 1978, Journal of Politics, Tables 6 and 7. Family C (administrative/legal barriers and access inequality): OLS-regression estimates directly isolating explicit administrative service-delivery rules' effect on differential sanitation-resource distribution across neighborhoods.",FALSE,"ANALYSIS_PLAN.md S2 decision tree -- single study defining this exact exposure-outcome pairing (Detroit sanitation service-delivery-rule resource allocation); no other Family C study yet shares this operationalization, so pooling is not yet possible or meaningful."
S1144,sanitation_access,B,"Social-proximity trust in NGOs/CBOs (survey-measured trust indicator, factor-analyzed) among urban poor households in Kampala informal settlements, as a predictor of accessing NGO- or CBO-supplied sanitation services.","Households with lower social-proximity trust in the respective NGO/CBO, holding spatial-proximity, perception, and socio-economic covariates constant.","Logit regression, coefficients and marginal effects (robust standard errors)","NGO sanitation-access model (n=192): trust coefficient 7.014 (robust SE 1.352, p<0.01), marginal effect 1.010 -- the largest marginal effect of any included variable. CBO sanitation-access model (n=189): trust coefficient 9.029 (robust SE 1.706, p<0.01), marginal effect 0.173, again the largest marginal effect among included variables. Model fit: NGO model pseudo R2=0.4381; CBO model pseudo R2=0.2631 (both Wald chi2 p<0.001).",,,"1.352 (NGO model); 1.706 (CBO model), robust standard errors","192 households (NGO model), 189 households (CBO model), Kampala slums",positive (higher social-proximity trust in NGO/CBO increases probability of accessing that organization's sanitation services),"adjusted (controls for age, gender, competence, attitude, education, income, spatial-proximity distance measures)",OBSERVED,"extraction_database.csv S1144; source Tukahirwa 2011 (Wageningen thesis / Tukahirwa, Mol & Oosterveer 2011, Habitat International), Table 3.6. Family B (administrative assistance/access): logit-regression estimates with robust standard errors directly isolating a social-network/trust-based administrative-assistance mechanism's effect on differential urban-poor access to NGO/CBO-supplied sanitation services.",FALSE,"ANALYSIS_PLAN.md S2 decision tree -- single study defining this exact exposure-outcome pairing (social-proximity trust and NGO/CBO sanitation-service access in Kampala); no other Family B study yet shares this operationalization, so pooling is not yet possible or meaningful."
S1146,water_access,C,"Regional incidence of utilities-sector corruption (Afrobarometer round 7, multi-country Africa sample), measured as the share of households in a region reporting corruption experiences with utilities officials.","Households in regions with lower/zero reported utilities-sector corruption incidence, holding piped-water-system presence, urban/rural location, gender, and country fixed effects constant.","Probit / ordered probit regression, marginal effects (region-clustered standard errors, country fixed effects)","Regional utilities corruption has a statistically significant negative marginal effect on the likelihood a household reports access to enough clean water (Table 2), robust to controlling for individual bribery experience and confirmed in an ordered-probit specification (Table 3, N=44,778). A household in the most-corrupt sampled area is approximately 10% less likely to report adequate water access than one in the cleanest area; a one-standard-deviation increase in the corruption measure is associated with an approximate 0.5% drop in reported access likelihood.",,,clustered by region (Tables 2-4),"N = 44,778 (Table 3, ordered probit)",negative (higher regional utilities-sector corruption reduces likelihood of reported adequate household water access),"adjusted (controls for piped-water-system presence, urban location, gender, individual bribery experience, country fixed effects)",OBSERVED,"extraction_database.csv S1146; source Breen & Gillanders 2024, Governance, Tables 2, 3 and 4. Family C (administrative/legal barriers and access inequality): probit/ordered-probit regression estimates with country fixed effects and region-clustered standard errors directly isolating a corruption-based administrative-barrier mechanism's effect on differential household water access.",FALSE,"ANALYSIS_PLAN.md S2 decision tree -- single study defining this exact exposure-outcome pairing (regional utilities-sector corruption incidence and household water-access likelihood, multi-country Africa); no other Family C study yet shares this operationalization, so pooling is not yet possible or meaningful."
S1162,water_access,C,"Local-government administrative category (municipality, or town panchayat and other categories) versus municipal corporation, for urban local governments in India.","Urban local governments classified as a municipal corporation (the reference category, generally larger cities with greater revenue-raising and administrative capacity).","Multilevel linear regression coefficient (percentage-point difference in household water-coverage growth, 2001-2011)","Municipality vs. municipal corporation: -4.062 percentage points (SE 1.254, p<0.01). Town panchayat and other vs. municipal corporation: -4.034 percentage points (SE 1.540, p<0.01). Small city vs. metropolitan (large) city, in the alternate city-size-category model specification: -5.122 percentage points (SE 2.011, p<0.05); small town vs. metropolitan city: -5.432 percentage points (SE 2.209, p<0.05).",,,1.254 (municipality); 1.540 (town panchayat); 2.011 (small city); 2.209 (small town),"3,547 cities/towns nested within 21 states, India, 2001-2011",negative (lower local-government administrative capacity/category is associated with significantly lower growth in household water-supply coverage),"adjusted (multilevel linear regression, controlling for population, population growth, initial coverage, density, distance to metro, intergovernmental aid, state income, urbanization, decentralization index)",OBSERVED,"extraction_database.csv S1162; source Subramanyam 2020, Water Policy 22(3):468-482, Table 4. Family C (administrative/legal barriers and access inequality): multilevel-regression estimates directly isolating local-government administrative-category effects on differential household water-coverage growth across Indian cities.",FALSE,"ANALYSIS_PLAN.md S2 decision tree -- single study defining this exact exposure-outcome pairing (Indian local-government administrative category and household water-coverage growth); no other Family C study yet shares this operationalization, so pooling is not yet possible or meaningful."
S1163,water_access,B,"Rural school has externally-funded, supported, or implemented WaSH (water, sanitation, and hygiene) programs in the last year, across 14 low- and middle-income countries.","Rural schools without externally-funded/supported/implemented WaSH programs in the last year, holding school enrollment size, pre-primary status, water accessibility to youngest children, water-source sharing with the community, PTA presence, number of water points, and country constant.",Odds ratio (multilevel mixed-effects logistic regression),1.4,1.1,1.7,,"2,677 schools, 13 countries","positive (external WaSH-program funding/support is associated with significantly higher odds of the school having at least a basic, continuously-available on-premises water service)",adjusted (multilevel mixed-effects logistic regression),OBSERVED,"extraction_database.csv S1163; source Cronk, Guo, Fleming & Bartram 2021, Science of the Total Environment 761:144226, Table 3 (p=0.021). Family B (administrative assistance/access): multilevel logistic-regression estimate directly isolating an external institutional-assistance mechanism's (WaSH program funding/support) effect on school-level water-service access. Full-text check 2026-10-04: adjusted OR 1.4 (95% CI 1.1, 1.7), p = 0.021 confirmed in the adjusted-model table; CI filled from it. The recorded sample (2,677 schools, 13 countries) was not found in the text, which reports 2,690 schools surveyed and 2,722 contacted, 14 countries in the title/methods and 13 in a map caption; the analytic n of the adjusted model was not located.",FALSE,"ANALYSIS_PLAN.md S2 decision tree -- single study defining this exact exposure-outcome pairing (external WaSH-program funding and rural-school water-service access, 14 LMICs); no other Family B study yet shares this operationalization, so pooling is not yet possible or meaningful."
S348,service_coverage,C,"Ghanaian local government district classified as 'badly_managed' -- a governance-quality cluster identified via fuzzy c-means clustering on district characteristics (population size, density, poverty, and percentage of annual action plan implemented) -- distinguished from the separate 'rural_poor' cluster because 'badly_managed' districts are not economically poor, isolating governance/institutional quality from socio-economic context as the exposure.","Other Ghanaian local government district cluster types identified in the same classification ('big_wealthy_urban', 'middling', 'small'), within the same national cross-section of Ghanaian local government districts, 2021 secondary data.",Hierarchical multivariate regression coefficient on cluster-membership dummy variables (fuzzy c-means clustering + regression design),"Table 2 (OLS hierarchical regression on fuzzy-cluster membership scores; each model uses a different cluster as the reference; N = 261 districts; no SE/CI reported, stars only). badly_managed districts versus big_wealthy_urban: sanitation -0.663**, safe drinking water -0.846**, electricity -1.054**. badly_managed versus rural_poor: sanitation +0.097, water +0.038 (both n.s.), electricity +0.401 (p<.10). badly_managed versus middling: sanitation +0.107 (n.s.), water -0.646**, electricity -0.707**; versus small: sanitation -0.130 (n.s.), water -0.645**, electricity -0.359 (n.s.). rural_poor versus big_wealthy_urban: sanitation -0.760**, water -0.884**, electricity -1.455**. big_wealthy_urban is significantly better than every other cluster for sanitation and electricity, but for water only against rural_poor and badly_managed (vs middling +0.200 and vs small +0.201, n.s.). Adjusted R2 0.145 (sanitation), 0.129 (water), 0.249 (electricity).",,,,"261 Ghanaian local government districts, 2021 secondary data","negative (weak local-governance quality, independent of economic poverty, associated with substantially reduced water/sanitation/electricity access)","adjusted (political-party alignment with national government, local government form [municipal/metropolitan/standard], expenditure per capita, local government age)",OBSERVED,"extraction_database.csv S348; source Andrews, Beynon & Baafi 2025, Local Government Studies 51(1):178-201. Added 2026-09-28 as part of a re-mining pass across the 187 quantitative-synthesis-eligible studies that had an extracted effect_estimate but no effect_sizes.csv row -- see 06_outputs/supplementary/effect_sizes_remining_2026-09-28.md for the full audit. S348 was the only one of 4 regression-family candidates from that pass that genuinely met the same bar as this file's other 61 rows; the other 3 (S006, S696, S1025) had already been deliberately excluded with sound reasoning recorded in their own extraction_note, not newly evaluated here. Full-text check 2026-10-04: coefficients taken from Table 2 of the author's accepted manuscript (enrich_s348_coefficients_2026-10-04.py); the original row's qualitative claims ('badly_managed' almost as weak as 'rural_poor', especially for drinking water; big_wealthy_urban significantly better for sanitation and electricity and for water in some comparisons) were confirmed. Whether the published version differs from the accepted manuscript was not checked.",FALSE,"ANALYSIS_PLAN.md S2 -- single study for this district-governance-cluster exposure-comparator; no other Family C study shares this operationalization (a governance-quality classification derived from clustering, rather than a directly measured institutional variable), so pooling is not yet possible or meaningful. The source reports coefficients with significance stars only (no SE or CI), and the contrast depends on which cluster is the reference category."
